PUBCHEM_CID,MolWt,LogP,NumHDonors,NumHAcceptors,TPSA,NumRotatableBonds,NumAromaticRings,NumAromaticCarbocycles,NumAromaticHeterocycles,NumSaturatedRings,NumHeteroatoms,RingCount,HeavyAtomCount,NumAliphaticRings,NumAliphaticCarbocycles,NumAliphaticHeterocycles,NumValenceElectrons,NumSpiroAtoms,NumHeterocycles,NumAmideBonds,Label
118045470,414.4690000000001,2.589700000000001,3.0,7.0,118.95,6.0,4.0,2.0,2.0,0.0,8.0,4.0,31.0,0.0,0.0,0.0,156.0,0.0,2.0,1.0,1
3243776,424.52200000000033,3.7970000000000033,0.0,5.0,59.08000000000001,2.0,2.0,2.0,0.0,2.0,7.0,5.0,30.0,3.0,0.0,3.0,156.0,1.0,3.0,2.0,0
651263,329.40700000000004,2.11684,1.0,5.0,100.63,2.0,1.0,1.0,0.0,0.0,5.0,3.0,25.0,2.0,1.0,1.0,124.0,0.0,1.0,0.0,0
4646,228.251,2.0292,1.0,3.0,55.12,4.0,2.0,1.0,1.0,0.0,4.0,2.0,17.0,0.0,0.0,0.0,86.0,0.0,1.0,0.0,0
2873224,402.8090000000002,4.012320000000002,1.0,5.0,73.59,4.0,3.0,2.0,1.0,0.0,8.0,4.0,28.0,1.0,0.0,1.0,144.0,0.0,2.0,1.0,0
648106,367.4560000000001,2.03964,2.0,9.0,120.09,6.0,2.0,0.0,2.0,0.0,10.0,2.0,24.0,0.0,0.0,0.0,128.0,0.0,2.0,1.0,0
3240209,364.4230000000001,2.33002,0.0,7.0,79.12,5.0,2.0,1.0,1.0,0.0,8.0,2.0,25.0,0.0,0.0,0.0,134.0,0.0,1.0,1.0,0
1157494,361.4010000000001,3.7913400000000026,1.0,5.0,69.17,3.0,4.0,2.0,2.0,0.0,6.0,4.0,27.0,0.0,0.0,0.0,136.0,0.0,2.0,1.0,0
92044928,442.4830000000002,3.4158000000000017,3.0,7.0,122.64,6.0,5.0,2.0,3.0,0.0,10.0,5.0,33.0,0.0,0.0,0.0,166.0,0.0,3.0,2.0,1
6605182,332.496,3.3870400000000025,1.0,6.0,58.870000000000005,10.0,2.0,0.0,2.0,0.0,6.0,2.0,24.0,0.0,0.0,0.0,134.0,0.0,2.0,0.0,0
3247362,463.5810000000001,6.006900000000005,2.0,3.0,71.09,7.0,4.0,3.0,1.0,1.0,5.0,5.0,35.0,1.0,1.0,0.0,176.0,0.0,1.0,2.0,0
92044832,402.45800000000014,3.837520000000002,3.0,5.0,104.82,6.0,4.0,1.0,3.0,0.0,8.0,4.0,30.0,0.0,0.0,0.0,152.0,0.0,3.0,2.0,1
270517,208.16899999999995,0.6114999999999999,1.0,4.0,72.83,3.0,1.0,1.0,0.0,0.0,5.0,2.0,15.0,1.0,0.0,1.0,78.0,0.0,1.0,0.0,0
2156314,499.47400000000016,4.913020000000003,2.0,7.0,105.81,5.0,5.0,2.0,3.0,0.0,12.0,5.0,35.0,0.0,0.0,0.0,178.0,0.0,3.0,1.0,0
750199,255.277,2.0262,1.0,5.0,81.03999999999999,2.0,2.0,1.0,1.0,0.0,5.0,2.0,19.0,0.0,0.0,0.0,96.0,0.0,1.0,0.0,0
650680,317.322,1.8223000000000005,0.0,5.0,80.75,2.0,2.0,2.0,0.0,0.0,7.0,3.0,22.0,1.0,0.0,1.0,112.0,0.0,1.0,1.0,0
5309792,336.16800000000006,3.386340000000001,1.0,5.0,55.11,2.0,3.0,1.0,2.0,0.0,7.0,3.0,20.0,0.0,0.0,0.0,102.0,0.0,2.0,0.0,0
4223812,246.31,1.381,0.0,2.0,40.620000000000005,2.0,1.0,1.0,0.0,1.0,4.0,2.0,18.0,1.0,0.0,1.0,96.0,0.0,1.0,2.0,0
5123397,307.3690000000001,1.8355,1.0,2.0,52.650000000000006,3.0,1.0,1.0,0.0,1.0,6.0,2.0,22.0,1.0,0.0,1.0,120.0,0.0,1.0,3.0,0
715023,312.778,2.6855,1.0,4.0,68.28999999999999,5.0,2.0,1.0,1.0,0.0,7.0,2.0,20.0,0.0,0.0,0.0,106.0,0.0,1.0,0.0,0
3242113,335.36300000000006,4.064620000000002,2.0,5.0,87.72000000000001,4.0,3.0,2.0,1.0,0.0,6.0,3.0,25.0,0.0,0.0,0.0,126.0,0.0,1.0,1.0,0
3237178,388.4010000000001,1.7134,3.0,5.0,125.56,6.0,3.0,2.0,1.0,0.0,9.0,3.0,27.0,0.0,0.0,0.0,140.0,0.0,1.0,0.0,0
6604770,295.42600000000004,3.674700000000003,1.0,2.0,23.47,5.0,2.0,2.0,0.0,1.0,2.0,3.0,22.0,1.0,0.0,1.0,116.0,0.0,1.0,0.0,0
2998118,295.386,2.740920000000001,0.0,3.0,36.44,2.0,2.0,1.0,1.0,1.0,4.0,3.0,22.0,1.0,0.0,1.0,114.0,0.0,2.0,1.0,0
3247185,551.6870000000006,4.700500000000004,0.0,5.0,71.85000000000001,7.0,3.0,2.0,1.0,3.0,7.0,7.0,41.0,4.0,2.0,2.0,212.0,0.0,3.0,2.0,0
612424,217.319,1.24079,2.0,5.0,60.05,2.0,1.0,0.0,1.0,0.0,6.0,1.0,13.0,0.0,0.0,0.0,72.0,0.0,1.0,1.0,0
1073006,353.831,1.6718999999999993,1.0,4.0,79.37,6.0,2.0,1.0,1.0,0.0,8.0,2.0,23.0,0.0,0.0,0.0,122.0,0.0,1.0,1.0,0
834797,226.279,2.0541,1.0,2.0,41.99,4.0,2.0,1.0,1.0,0.0,3.0,2.0,17.0,0.0,0.0,0.0,86.0,0.0,1.0,1.0,0
3242245,420.4910000000003,2.1214,1.0,8.0,106.79,8.0,2.0,1.0,1.0,1.0,10.0,3.0,29.0,1.0,0.0,1.0,156.0,0.0,2.0,2.0,0
135426534,302.33700000000005,3.0600200000000006,1.0,4.0,63.05,2.0,4.0,2.0,2.0,0.0,5.0,4.0,23.0,0.0,0.0,0.0,112.0,0.0,2.0,0.0,0
145995664,431.5040000000001,3.159600000000001,1.0,9.0,106.13,5.0,4.0,0.0,4.0,0.0,10.0,5.0,32.0,1.0,0.0,1.0,164.0,0.0,5.0,1.0,1
801509,305.7170000000001,3.329600000000002,1.0,4.0,56.790000000000006,3.0,2.0,2.0,0.0,0.0,6.0,3.0,21.0,1.0,0.0,1.0,108.0,0.0,1.0,1.0,0
652921,363.3770000000001,2.7215000000000007,1.0,7.0,94.92000000000002,6.0,4.0,2.0,2.0,0.0,8.0,4.0,27.0,0.0,0.0,0.0,136.0,0.0,2.0,0.0,0
5771523,216.708,2.894800000000001,1.0,1.0,37.3,2.0,0.0,0.0,0.0,2.0,3.0,2.0,14.0,2.0,2.0,0.0,80.0,0.0,0.0,0.0,0
651703,256.2179999999999,-1.3325999999999998,1.0,8.0,120.78,3.0,1.0,0.0,1.0,1.0,9.0,2.0,18.0,1.0,0.0,1.0,98.0,0.0,2.0,1.0,0
2970927,348.4680000000002,2.0903,0.0,4.0,49.85000000000001,2.0,1.0,0.0,1.0,2.0,6.0,4.0,24.0,3.0,1.0,2.0,130.0,0.0,3.0,2.0,0
3244440,366.3290000000001,1.9007,1.0,7.0,95.86,3.0,3.0,2.0,1.0,0.0,8.0,4.0,27.0,1.0,0.0,1.0,136.0,0.0,2.0,1.0,0
987473,405.4580000000001,2.7611000000000008,2.0,8.0,106.5,6.0,4.0,2.0,2.0,0.0,8.0,4.0,30.0,0.0,0.0,0.0,154.0,0.0,2.0,0.0,0
751267,259.353,2.2781,1.0,3.0,46.92,3.0,2.0,1.0,1.0,0.0,4.0,2.0,19.0,0.0,0.0,0.0,102.0,0.0,1.0,1.0,0
2842706,263.381,2.658840000000001,1.0,3.0,32.7,4.0,1.0,1.0,0.0,1.0,3.0,2.0,19.0,1.0,0.0,1.0,106.0,0.0,1.0,0.0,0
1089138,395.3620000000001,4.200700000000002,1.0,6.0,85.09,5.0,3.0,1.0,2.0,0.0,10.0,3.0,27.0,0.0,0.0,0.0,140.0,0.0,2.0,1.0,0
5307283,404.53200000000027,3.5681400000000023,1.0,5.0,89.27,6.0,2.0,1.0,1.0,1.0,7.0,3.0,28.0,1.0,1.0,0.0,152.0,0.0,1.0,1.0,0
145995634,468.5210000000003,3.7463000000000015,1.0,10.0,104.28000000000002,7.0,5.0,1.0,4.0,0.0,10.0,6.0,35.0,1.0,0.0,1.0,176.0,0.0,5.0,0.0,1
742385,218.256,1.74378,1.0,4.0,76.11000000000001,0.0,0.0,0.0,0.0,0.0,4.0,2.0,16.0,2.0,1.0,1.0,84.0,0.0,1.0,0.0,0
224792,249.291,2.4201,1.0,4.0,59.42,4.0,2.0,1.0,1.0,0.0,5.0,2.0,17.0,0.0,0.0,0.0,88.0,0.0,1.0,0.0,0
2950878,404.26400000000007,2.7822400000000007,2.0,4.0,86.28999999999999,5.0,2.0,1.0,1.0,0.0,7.0,3.0,25.0,1.0,0.0,1.0,130.0,0.0,2.0,1.0,0
973540,318.20400000000006,2.4471000000000007,2.0,3.0,53.60000000000001,4.0,1.0,1.0,0.0,1.0,7.0,2.0,20.0,1.0,0.0,1.0,110.0,0.0,1.0,2.0,0
672043,331.39700000000005,2.4096,1.0,6.0,88.15,7.0,2.0,0.0,2.0,0.0,7.0,2.0,23.0,0.0,0.0,0.0,120.0,0.0,2.0,1.0,0
648905,389.4960000000002,2.9368000000000016,0.0,4.0,43.86000000000001,4.0,2.0,2.0,0.0,2.0,7.0,4.0,27.0,2.0,0.0,2.0,144.0,0.0,2.0,0.0,0
3240472,320.43300000000005,3.223340000000002,0.0,4.0,51.540000000000006,4.0,1.0,0.0,1.0,1.0,5.0,2.0,23.0,1.0,1.0,0.0,128.0,0.0,1.0,1.0,0
71529035,508.5290000000003,3.7604000000000015,2.0,8.0,103.19,7.0,4.0,2.0,2.0,1.0,11.0,5.0,37.0,1.0,0.0,1.0,192.0,0.0,3.0,1.0,1
2832202,155.197,0.4127999999999998,1.0,2.0,40.54,1.0,0.0,0.0,0.0,3.0,3.0,3.0,11.0,3.0,0.0,3.0,62.0,0.0,3.0,0.0,0
5414920,205.301,3.5945000000000027,1.0,2.0,32.59,4.0,1.0,1.0,0.0,0.0,2.0,1.0,15.0,0.0,0.0,0.0,82.0,0.0,0.0,0.0,0
3240042,400.378,2.8998000000000013,3.0,5.0,89.87000000000002,3.0,2.0,1.0,1.0,1.0,10.0,3.0,27.0,1.0,0.0,1.0,144.0,0.0,2.0,2.0,0
660010,280.372,0.1840800000000011,1.0,5.0,68.6,6.0,0.0,0.0,0.0,1.0,6.0,1.0,20.0,1.0,0.0,1.0,112.0,0.0,1.0,1.0,0
3239917,327.35900000000004,2.4863,1.0,4.0,56.15,6.0,3.0,2.0,1.0,0.0,6.0,3.0,24.0,0.0,0.0,0.0,124.0,0.0,1.0,1.0,0
3236201,386.4260000000003,0.8624999999999996,1.0,8.0,116.84,10.0,2.0,1.0,1.0,0.0,10.0,2.0,26.0,0.0,0.0,0.0,144.0,0.0,1.0,0.0,0
1932841,463.5420000000004,0.9588000000000008,0.0,10.0,90.54,6.0,4.0,1.0,3.0,2.0,10.0,6.0,34.0,2.0,0.0,2.0,178.0,0.0,5.0,0.0,0
5742472,328.4010000000001,1.6966199999999998,1.0,8.0,110.48,5.0,2.0,1.0,1.0,0.0,8.0,2.0,23.0,0.0,0.0,0.0,118.0,0.0,1.0,0.0,0
2859088,332.447,3.862120000000002,0.0,2.0,23.550000000000004,2.0,2.0,2.0,0.0,2.0,3.0,5.0,25.0,3.0,1.0,2.0,128.0,0.0,2.0,1.0,0
2249320,218.576,2.4015000000000004,2.0,1.0,57.53,2.0,1.0,1.0,0.0,0.0,5.0,1.0,13.0,0.0,0.0,0.0,70.0,0.0,0.0,0.0,0
666038,278.319,2.38846,0.0,6.0,60.900000000000006,1.0,4.0,0.0,4.0,0.0,6.0,4.0,21.0,0.0,0.0,0.0,104.0,0.0,4.0,0.0,0
5308475,252.277,1.6593,1.0,4.0,59.290000000000006,3.0,3.0,0.0,3.0,0.0,5.0,3.0,19.0,0.0,0.0,0.0,94.0,0.0,3.0,1.0,0
5308485,380.4440000000001,3.369100000000002,0.0,5.0,60.77,7.0,3.0,2.0,1.0,0.0,6.0,3.0,28.0,0.0,0.0,0.0,146.0,0.0,1.0,1.0,0
16746083,356.81700000000006,3.1249,3.0,7.0,95.85,7.0,3.0,1.0,2.0,0.0,8.0,3.0,25.0,0.0,0.0,0.0,128.0,0.0,2.0,0.0,1
2940253,357.78100000000006,3.1567000000000016,0.0,3.0,46.61,2.0,1.0,1.0,0.0,1.0,9.0,2.0,22.0,1.0,0.0,1.0,124.0,0.0,1.0,0.0,0
661303,335.2450000000002,3.584920000000002,1.0,2.0,36.1,2.0,2.0,1.0,1.0,1.0,4.0,3.0,20.0,1.0,0.0,1.0,106.0,0.0,2.0,0.0,0
3234013,472.4330000000004,5.037000000000004,0.0,4.0,49.330000000000005,2.0,2.0,1.0,1.0,2.0,11.0,4.0,33.0,2.0,0.0,2.0,178.0,1.0,3.0,1.0,0
882150,248.326,3.019700000000001,2.0,2.0,58.2,5.0,1.0,1.0,0.0,0.0,4.0,1.0,18.0,0.0,0.0,0.0,98.0,0.0,0.0,2.0,0
658068,252.316,2.667700000000001,1.0,4.0,54.37,4.0,2.0,0.0,2.0,0.0,5.0,2.0,16.0,0.0,0.0,0.0,82.0,0.0,2.0,0.0,0
3234262,345.40600000000006,3.683100000000002,2.0,5.0,75.72,6.0,4.0,2.0,2.0,0.0,6.0,4.0,26.0,0.0,0.0,0.0,130.0,0.0,2.0,0.0,0
658619,310.7370000000001,3.809000000000002,2.0,4.0,76.66000000000001,6.0,1.0,1.0,0.0,0.0,7.0,1.0,21.0,0.0,0.0,0.0,112.0,0.0,0.0,2.0,0
655079,446.57600000000025,5.436860000000005,1.0,6.0,72.95000000000002,8.0,4.0,2.0,2.0,0.0,7.0,4.0,32.0,0.0,0.0,0.0,164.0,0.0,2.0,1.0,0
2882495,400.4820000000001,3.291900000000002,1.0,4.0,65.54,5.0,3.0,2.0,1.0,1.0,6.0,4.0,30.0,1.0,0.0,1.0,152.0,0.0,2.0,2.0,0
5309970,389.4110000000001,3.053700000000001,1.0,6.0,74.49000000000001,2.0,4.0,2.0,2.0,0.0,7.0,5.0,29.0,1.0,0.0,1.0,146.0,0.0,3.0,1.0,0
76070653,342.35900000000004,1.8707000000000005,3.0,6.0,114.05,6.0,3.0,0.0,3.0,0.0,9.0,3.0,25.0,0.0,0.0,0.0,130.0,0.0,3.0,2.0,1
2997648,279.723,2.945500000000001,2.0,2.0,66.39999999999999,3.0,1.0,1.0,0.0,0.0,5.0,2.0,19.0,1.0,1.0,0.0,100.0,0.0,0.0,1.0,0
704291,301.37100000000004,1.7413,0.0,4.0,53.510000000000005,2.0,2.0,0.0,2.0,1.0,6.0,3.0,21.0,1.0,0.0,1.0,108.0,0.0,3.0,2.0,0
645896,422.4890000000002,2.25662,1.0,8.0,93.88,5.0,3.0,1.0,2.0,1.0,9.0,5.0,31.0,2.0,0.0,2.0,162.0,0.0,4.0,1.0,0
5308289,326.35200000000003,2.731920000000001,2.0,4.0,76.66,4.0,2.0,2.0,0.0,0.0,6.0,3.0,24.0,1.0,0.0,1.0,124.0,0.0,1.0,2.0,0
3234969,366.4250000000002,0.9952,0.0,8.0,76.38000000000001,4.0,3.0,1.0,2.0,1.0,8.0,4.0,27.0,1.0,0.0,1.0,140.0,0.0,3.0,0.0,0
5538639,438.38800000000015,3.970800000000003,2.0,9.0,136.41000000000005,5.0,4.0,2.0,2.0,0.0,9.0,4.0,32.0,0.0,0.0,0.0,164.0,0.0,2.0,0.0,0
16758626,766.7530000000002,2.1918999999999995,2.0,16.0,223.08999999999995,10.0,2.0,2.0,0.0,4.0,17.0,6.0,55.0,4.0,2.0,2.0,294.0,0.0,2.0,2.0,0
2219283,393.42500000000007,2.3803,1.0,9.0,99.0,6.0,3.0,1.0,2.0,0.0,11.0,3.0,26.0,0.0,0.0,0.0,134.0,0.0,2.0,1.0,0
2392415,276.386,4.193440000000002,0.0,5.0,38.92,3.0,3.0,1.0,2.0,0.0,5.0,3.0,18.0,0.0,0.0,0.0,92.0,0.0,2.0,0.0,0
2362535,458.5360000000003,1.7576199999999995,0.0,6.0,93.21999999999998,5.0,2.0,2.0,0.0,1.0,9.0,4.0,32.0,2.0,0.0,2.0,170.0,0.0,2.0,1.0,0
3247158,506.5300000000003,2.224899999999999,0.0,6.0,101.06,7.0,2.0,2.0,0.0,1.0,9.0,4.0,37.0,2.0,1.0,1.0,192.0,0.0,1.0,2.0,0
117876565,544.5620000000004,4.693540000000005,1.0,8.0,106.26,5.0,5.0,2.0,3.0,1.0,11.0,6.0,40.0,1.0,0.0,1.0,204.0,0.0,4.0,1.0,1
3244568,370.254,3.8903200000000018,1.0,5.0,55.63,2.0,3.0,2.0,1.0,0.0,6.0,4.0,23.0,1.0,0.0,1.0,116.0,0.0,2.0,0.0,0
2950978,404.5360000000002,1.1814,1.0,6.0,86.95000000000002,5.0,1.0,0.0,1.0,3.0,8.0,4.0,28.0,3.0,0.0,3.0,152.0,0.0,4.0,3.0,0
2941446,358.4380000000003,3.1422000000000017,2.0,3.0,86.71,4.0,1.0,1.0,0.0,2.0,6.0,3.0,26.0,2.0,1.0,1.0,140.0,0.0,1.0,2.0,0
3233798,343.456,2.4559000000000006,0.0,6.0,62.220000000000006,2.0,2.0,0.0,2.0,2.0,7.0,4.0,24.0,2.0,0.0,2.0,126.0,1.0,4.0,1.0,0
231656,346.43300000000005,6.408200000000004,0.0,2.0,9.86,2.0,6.0,4.0,2.0,0.0,2.0,6.0,27.0,0.0,0.0,0.0,128.0,0.0,2.0,0.0,0
118374035,386.3680000000001,0.8895999999999997,4.0,8.0,151.35000000000002,6.0,3.0,0.0,3.0,0.0,11.0,3.0,28.0,0.0,0.0,0.0,146.0,0.0,3.0,2.0,1
656292,322.43,1.8969,1.0,3.0,66.48,3.0,1.0,1.0,0.0,2.0,6.0,3.0,22.0,2.0,0.0,2.0,120.0,0.0,2.0,1.0,0
3784,371.3930000000001,2.5822000000000003,1.0,8.0,103.55,4.0,2.0,1.0,1.0,0.0,8.0,3.0,27.0,1.0,0.0,1.0,142.0,0.0,2.0,0.0,0
54684665,292.3350000000001,0.8680999999999995,3.0,4.0,91.42,3.0,1.0,0.0,1.0,1.0,6.0,3.0,21.0,2.0,1.0,1.0,114.0,0.0,2.0,1.0,0
1994425,336.3950000000001,2.3807,0.0,6.0,61.3,3.0,4.0,1.0,3.0,0.0,6.0,4.0,25.0,0.0,0.0,0.0,128.0,0.0,3.0,0.0,0
2190927,284.33399999999995,3.7002000000000015,1.0,3.0,32.34,5.0,2.0,2.0,0.0,0.0,4.0,2.0,21.0,0.0,0.0,0.0,108.0,0.0,0.0,0.0,0
990951,424.48200000000014,2.836500000000002,2.0,5.0,108.47,6.0,3.0,2.0,1.0,0.0,9.0,3.0,30.0,0.0,0.0,0.0,154.0,0.0,1.0,2.0,0
972830,278.32,-0.9629199999999988,1.0,8.0,101.28,5.0,1.0,0.0,1.0,0.0,9.0,1.0,20.0,0.0,0.0,0.0,108.0,0.0,1.0,1.0,0
682559,342.3950000000001,2.549300000000001,1.0,5.0,60.03,6.0,2.0,2.0,0.0,1.0,6.0,3.0,25.0,1.0,0.0,1.0,132.0,0.0,1.0,1.0,0
5307136,363.87000000000006,3.7215000000000025,1.0,5.0,56.15,6.0,3.0,1.0,2.0,0.0,7.0,3.0,24.0,0.0,0.0,0.0,126.0,0.0,2.0,1.0,0
664848,244.319,3.796420000000002,0.0,4.0,38.92,2.0,3.0,1.0,2.0,0.0,4.0,3.0,17.0,0.0,0.0,0.0,86.0,0.0,2.0,0.0,0
665666,441.4470000000002,2.709100000000001,0.0,8.0,110.98,3.0,4.0,1.0,3.0,0.0,9.0,5.0,33.0,1.0,0.0,1.0,164.0,0.0,4.0,1.0,0
118046227,434.47100000000006,2.5368000000000004,4.0,5.0,117.34,6.0,3.0,2.0,1.0,1.0,8.0,4.0,32.0,1.0,0.0,1.0,164.0,0.0,2.0,2.0,1
73504798,338.4150000000001,3.580820000000002,4.0,4.0,94.73,5.0,3.0,1.0,2.0,0.0,7.0,3.0,25.0,0.0,0.0,0.0,130.0,0.0,2.0,2.0,1
2998898,390.5560000000001,1.6780999999999997,2.0,8.0,101.04999999999998,6.0,1.0,0.0,1.0,2.0,10.0,3.0,24.0,2.0,1.0,1.0,134.0,0.0,2.0,1.0,0
2341965,245.234,1.5944,1.0,3.0,74.68,2.0,1.0,1.0,0.0,0.0,5.0,2.0,18.0,1.0,0.0,1.0,92.0,0.0,1.0,2.0,0
2999853,379.51,4.664300000000003,1.0,5.0,48.99,3.0,4.0,1.0,3.0,0.0,6.0,5.0,26.0,1.0,0.0,1.0,130.0,0.0,4.0,0.0,0
2519,194.194,-1.0293,0.0,6.0,61.82,0.0,2.0,0.0,2.0,0.0,6.0,2.0,14.0,0.0,0.0,0.0,74.0,0.0,2.0,0.0,0
888345,247.38199999999995,3.5582400000000023,0.0,2.0,12.47,4.0,1.0,1.0,0.0,1.0,2.0,2.0,18.0,1.0,0.0,1.0,100.0,0.0,1.0,0.0,0
3232861,374.4040000000001,1.89668,0.0,8.0,96.93,3.0,3.0,1.0,2.0,2.0,8.0,5.0,28.0,2.0,1.0,1.0,140.0,0.0,3.0,0.0,0
696845,204.258,1.95584,0.0,5.0,43.08,0.0,3.0,0.0,3.0,0.0,5.0,3.0,14.0,0.0,0.0,0.0,70.0,0.0,3.0,0.0,0
368305,283.283,1.3499,3.0,5.0,78.78999999999999,1.0,2.0,2.0,0.0,0.0,5.0,4.0,21.0,2.0,1.0,1.0,106.0,0.0,1.0,0.0,0
2997809,482.5330000000004,2.063,0.0,7.0,94.61,7.0,2.0,2.0,0.0,1.0,9.0,4.0,35.0,2.0,0.0,2.0,186.0,0.0,2.0,2.0,0
5461321,405.4780000000002,4.655000000000005,2.0,2.0,49.33,8.0,3.0,3.0,0.0,1.0,4.0,4.0,29.0,1.0,1.0,0.0,150.0,0.0,0.0,0.0,0
660064,416.6520000000001,2.0325999999999995,1.0,7.0,90.92,3.0,3.0,1.0,2.0,0.0,11.0,3.0,26.0,0.0,0.0,0.0,136.0,0.0,2.0,1.0,0
7098,211.308,3.7131000000000025,0.0,1.0,3.24,4.0,2.0,2.0,0.0,0.0,1.0,2.0,16.0,0.0,0.0,0.0,82.0,0.0,0.0,0.0,0
2999864,342.43900000000025,3.3919000000000024,1.0,4.0,54.71,8.0,2.0,1.0,1.0,1.0,5.0,3.0,25.0,1.0,0.0,1.0,134.0,0.0,2.0,1.0,0
3246741,277.288,0.8665999999999998,2.0,9.0,120.96,6.0,2.0,0.0,2.0,0.0,9.0,2.0,20.0,0.0,0.0,0.0,106.0,0.0,2.0,0.0,0
662806,424.48200000000014,4.227220000000003,1.0,8.0,95.32,8.0,4.0,1.0,3.0,0.0,9.0,4.0,30.0,0.0,0.0,0.0,154.0,0.0,3.0,1.0,0
3240372,324.38000000000005,4.541120000000004,3.0,4.0,78.37,5.0,3.0,2.0,1.0,0.0,5.0,3.0,24.0,0.0,0.0,0.0,124.0,0.0,1.0,0.0,0
649928,461.52200000000016,3.178240000000001,1.0,7.0,102.49,9.0,4.0,2.0,2.0,0.0,9.0,4.0,34.0,0.0,0.0,0.0,176.0,0.0,2.0,2.0,0
1000754,473.59500000000025,3.1839400000000024,0.0,5.0,87.22999999999999,6.0,2.0,2.0,0.0,1.0,9.0,3.0,33.0,1.0,0.0,1.0,178.0,0.0,1.0,2.0,0
1007663,434.45200000000017,2.36932,0.0,9.0,97.35000000000002,5.0,4.0,2.0,2.0,0.0,9.0,4.0,32.0,0.0,0.0,0.0,164.0,0.0,2.0,0.0,0
2983558,375.4940000000001,2.133239999999999,2.0,5.0,70.67,4.0,1.0,1.0,0.0,1.0,7.0,3.0,26.0,2.0,0.0,2.0,140.0,0.0,2.0,2.0,0
6604873,239.274,2.947680000000001,2.0,3.0,64.25,3.0,2.0,2.0,0.0,0.0,3.0,2.0,18.0,0.0,0.0,0.0,90.0,0.0,0.0,0.0,0
2199885,267.785,3.5040000000000013,0.0,4.0,30.71,6.0,2.0,1.0,1.0,0.0,5.0,2.0,17.0,0.0,0.0,0.0,90.0,0.0,1.0,0.0,0
3232864,375.47600000000006,2.866680000000001,0.0,5.0,73.12,3.0,2.0,1.0,1.0,2.0,6.0,4.0,28.0,2.0,0.0,2.0,144.0,1.0,3.0,1.0,0
645408,398.4880000000002,3.4330000000000016,1.0,7.0,86.11,5.0,3.0,1.0,2.0,0.0,8.0,4.0,28.0,1.0,1.0,0.0,146.0,0.0,2.0,1.0,0
91769,381.545,5.163200000000005,1.0,5.0,37.39,8.0,3.0,2.0,1.0,1.0,5.0,4.0,27.0,1.0,0.0,1.0,142.0,0.0,2.0,0.0,0
2225645,245.234,2.53852,2.0,3.0,79.54,3.0,2.0,1.0,1.0,0.0,5.0,2.0,18.0,0.0,0.0,0.0,92.0,0.0,1.0,1.0,0
156679133,610.5090000000002,3.699700000000002,3.0,8.0,125.91,9.0,3.0,2.0,1.0,1.0,11.0,5.0,40.0,2.0,0.0,2.0,210.0,0.0,3.0,2.0,1
3245133,431.9680000000001,2.0976000000000004,1.0,6.0,70.47,9.0,2.0,1.0,1.0,1.0,8.0,3.0,30.0,1.0,0.0,1.0,162.0,0.0,2.0,1.0,0
5459750,365.4330000000001,2.7060000000000013,1.0,4.0,71.53,5.0,2.0,1.0,1.0,0.0,6.0,3.0,27.0,1.0,0.0,1.0,140.0,0.0,2.0,2.0,0
651017,474.56800000000027,2.192799999999999,1.0,11.0,113.04000000000002,7.0,4.0,1.0,3.0,0.0,12.0,4.0,32.0,0.0,0.0,0.0,168.0,0.0,3.0,1.0,0
6604304,133.194,1.5012,1.0,1.0,26.02,1.0,1.0,1.0,0.0,1.0,1.0,2.0,10.0,1.0,1.0,0.0,52.0,0.0,0.0,0.0,0
2126963,474.5350000000003,3.6374400000000016,0.0,8.0,108.17,10.0,3.0,2.0,1.0,0.0,10.0,3.0,33.0,0.0,0.0,0.0,176.0,0.0,1.0,0.0,0
2778792,251.307,2.0526,1.0,4.0,55.4,3.0,1.0,1.0,0.0,0.0,5.0,2.0,17.0,1.0,0.0,1.0,90.0,0.0,1.0,1.0,0
934640,271.316,2.633800000000001,1.0,3.0,47.56,5.0,2.0,2.0,0.0,0.0,4.0,2.0,20.0,0.0,0.0,0.0,104.0,0.0,0.0,1.0,0
3240171,315.379,4.059720000000001,1.0,6.0,68.02000000000001,2.0,4.0,1.0,3.0,0.0,7.0,4.0,21.0,0.0,0.0,0.0,104.0,0.0,3.0,1.0,0
16758415,449.6430000000003,5.086780000000005,0.0,6.0,53.85,7.0,2.0,0.0,2.0,0.0,6.0,4.0,33.0,2.0,0.0,2.0,178.0,0.0,4.0,0.0,0
3232859,293.286,1.89248,0.0,7.0,93.69,4.0,3.0,1.0,2.0,0.0,7.0,3.0,22.0,0.0,0.0,0.0,108.0,0.0,2.0,0.0,0
16758954,240.255,0.3368,2.0,5.0,75.99000000000001,3.0,0.0,0.0,0.0,0.0,5.0,2.0,17.0,2.0,1.0,1.0,94.0,0.0,1.0,0.0,0
4459009,313.40099999999995,1.8495,1.0,3.0,54.34,6.0,2.0,1.0,1.0,1.0,5.0,3.0,23.0,1.0,0.0,1.0,122.0,0.0,2.0,2.0,0
658955,352.4590000000002,4.708700000000004,0.0,3.0,40.620000000000005,0.0,2.0,2.0,0.0,1.0,5.0,4.0,25.0,2.0,0.0,2.0,128.0,0.0,2.0,2.0,0
3233026,374.513,5.0320000000000045,1.0,5.0,41.05,6.0,4.0,2.0,2.0,0.0,5.0,4.0,27.0,0.0,0.0,0.0,136.0,0.0,2.0,0.0,0
2953635,408.3290000000002,4.151200000000002,1.0,4.0,44.81,5.0,2.0,2.0,0.0,1.0,7.0,3.0,27.0,1.0,0.0,1.0,144.0,0.0,1.0,1.0,0
3238187,316.4670000000001,1.7429999999999997,1.0,3.0,66.48,4.0,0.0,0.0,0.0,2.0,6.0,2.0,21.0,2.0,1.0,1.0,122.0,0.0,1.0,1.0,0
652446,268.272,1.4942999999999995,2.0,4.0,79.28999999999999,3.0,2.0,1.0,1.0,0.0,5.0,3.0,20.0,1.0,0.0,1.0,100.0,0.0,2.0,1.0,0
887859,295.389,2.4153,1.0,6.0,64.11000000000001,6.0,2.0,1.0,1.0,0.0,7.0,2.0,19.0,0.0,0.0,0.0,100.0,0.0,1.0,1.0,0
3232751,350.462,4.173500000000003,0.0,3.0,32.78,3.0,2.0,2.0,0.0,2.0,4.0,4.0,26.0,2.0,0.0,2.0,136.0,1.0,2.0,1.0,0
1844826,334.40500000000014,0.7774999999999992,1.0,8.0,85.17,5.0,2.0,1.0,1.0,1.0,9.0,3.0,23.0,1.0,0.0,1.0,122.0,0.0,2.0,1.0,0
654290,344.374,4.177620000000004,0.0,6.0,73.93,4.0,4.0,1.0,3.0,0.0,6.0,4.0,26.0,0.0,0.0,0.0,128.0,0.0,3.0,0.0,0
1510815,386.41900000000015,3.0153200000000018,1.0,9.0,115.71,5.0,4.0,2.0,2.0,0.0,9.0,4.0,29.0,0.0,0.0,0.0,144.0,0.0,2.0,0.0,0
135417050,267.284,3.406100000000002,1.0,4.0,62.8,3.0,2.0,1.0,1.0,0.0,4.0,3.0,20.0,1.0,1.0,0.0,100.0,0.0,1.0,0.0,0
5344000,290.36300000000006,3.0258400000000014,1.0,5.0,71.78,2.0,1.0,0.0,1.0,0.0,5.0,2.0,21.0,1.0,1.0,0.0,114.0,0.0,1.0,0.0,0
3234379,373.41600000000005,2.917300000000001,0.0,7.0,73.14000000000001,4.0,4.0,2.0,2.0,0.0,7.0,4.0,28.0,0.0,0.0,0.0,140.0,0.0,2.0,0.0,0
646713,284.348,1.9594,0.0,7.0,69.38,4.0,3.0,0.0,3.0,0.0,7.0,3.0,20.0,0.0,0.0,0.0,100.0,0.0,3.0,0.0,0
648186,427.5120000000002,2.733600000000001,1.0,8.0,83.19999999999999,6.0,4.0,2.0,2.0,1.0,8.0,5.0,32.0,1.0,0.0,1.0,162.0,0.0,3.0,0.0,0
2980376,445.5850000000002,2.815340000000001,0.0,5.0,70.16,6.0,2.0,2.0,0.0,1.0,8.0,3.0,31.0,1.0,0.0,1.0,168.0,0.0,1.0,1.0,0
652372,455.5400000000002,3.343300000000002,2.0,9.0,107.37,10.0,3.0,2.0,1.0,0.0,10.0,3.0,32.0,0.0,0.0,0.0,168.0,0.0,1.0,1.0,0
5390012,490.5410000000003,2.28838,3.0,7.0,139.6,4.0,2.0,1.0,1.0,2.0,10.0,6.0,35.0,4.0,1.0,3.0,178.0,1.0,4.0,3.0,0
1258040,350.2340000000002,1.7870199999999998,0.0,4.0,55.84,3.0,1.0,1.0,0.0,1.0,7.0,2.0,19.0,1.0,0.0,1.0,106.0,0.0,1.0,0.0,0
2953291,348.83400000000006,2.31732,2.0,4.0,73.80000000000001,2.0,1.0,1.0,0.0,1.0,7.0,3.0,24.0,2.0,0.0,2.0,128.0,0.0,2.0,2.0,0
36339,244.294,2.669100000000001,0.0,4.0,44.12,4.0,2.0,1.0,1.0,0.0,4.0,2.0,18.0,0.0,0.0,0.0,94.0,0.0,1.0,0.0,0
657886,454.41400000000016,1.2214999999999985,2.0,9.0,128.44000000000003,7.0,4.0,2.0,2.0,0.0,11.0,4.0,33.0,0.0,0.0,0.0,170.0,0.0,2.0,0.0,0
155083,336.4320000000001,2.3655,3.0,5.0,87.66,10.0,1.0,1.0,0.0,0.0,6.0,1.0,24.0,0.0,0.0,0.0,134.0,0.0,0.0,1.0,0
1088156,392.45500000000015,3.5675000000000026,0.0,5.0,62.99,5.0,3.0,2.0,1.0,1.0,6.0,4.0,29.0,1.0,0.0,1.0,150.0,0.0,2.0,1.0,0
135415463,383.4080000000001,1.3639999999999992,3.0,6.0,120.33,7.0,3.0,1.0,2.0,0.0,9.0,3.0,28.0,0.0,0.0,0.0,146.0,0.0,2.0,3.0,0
649963,253.30499999999995,2.715280000000001,0.0,4.0,49.15,2.0,2.0,1.0,1.0,1.0,4.0,3.0,19.0,1.0,0.0,1.0,96.0,0.0,2.0,0.0,0
16758912,530.5770000000002,3.0176000000000016,1.0,8.0,113.45,6.0,2.0,2.0,0.0,1.0,9.0,5.0,39.0,3.0,0.0,3.0,202.0,0.0,3.0,1.0,0
1225055,428.30800000000016,2.3760000000000003,1.0,5.0,82.86,4.0,2.0,1.0,1.0,1.0,9.0,3.0,25.0,1.0,0.0,1.0,134.0,0.0,2.0,1.0,0
2369039,205.217,0.1346799999999994,1.0,4.0,78.65,0.0,1.0,0.0,1.0,0.0,5.0,2.0,15.0,1.0,0.0,1.0,78.0,0.0,2.0,0.0,0
752838,237.332,1.7082099999999998,1.0,5.0,51.43,4.0,2.0,0.0,2.0,0.0,6.0,2.0,16.0,0.0,0.0,0.0,86.0,0.0,2.0,0.0,0
674994,321.46700000000004,3.3915000000000024,0.0,3.0,37.38,4.0,2.0,1.0,1.0,1.0,5.0,3.0,21.0,1.0,0.0,1.0,112.0,0.0,2.0,0.0,0
3239246,365.4370000000002,2.29322,0.0,6.0,73.02000000000001,3.0,3.0,1.0,2.0,1.0,7.0,4.0,27.0,1.0,0.0,1.0,140.0,0.0,3.0,1.0,0
768661,257.289,2.878400000000002,1.0,3.0,59.3,2.0,2.0,1.0,1.0,0.0,4.0,3.0,19.0,1.0,1.0,0.0,98.0,0.0,1.0,0.0,0
975504,259.334,3.460040000000001,1.0,4.0,54.71,3.0,3.0,1.0,2.0,0.0,5.0,3.0,18.0,0.0,0.0,0.0,92.0,0.0,2.0,0.0,0
649792,494.5020000000001,3.9005000000000014,1.0,7.0,106.15,7.0,4.0,2.0,2.0,0.0,11.0,4.0,36.0,0.0,0.0,0.0,186.0,0.0,2.0,2.0,0
3234583,318.4360000000001,3.4098000000000024,0.0,2.0,23.55,3.0,1.0,1.0,0.0,2.0,4.0,3.0,23.0,2.0,0.0,2.0,126.0,1.0,2.0,1.0,0
3237125,446.5950000000002,4.057900000000004,1.0,5.0,57.7,9.0,3.0,2.0,1.0,1.0,6.0,4.0,33.0,1.0,0.0,1.0,174.0,0.0,2.0,1.0,0
650570,430.4870000000002,3.125020000000002,0.0,6.0,66.63,4.0,4.0,2.0,2.0,1.0,8.0,5.0,32.0,1.0,0.0,1.0,162.0,0.0,3.0,1.0,0
4668146,391.4710000000001,4.641520000000003,1.0,4.0,63.69,7.0,3.0,2.0,1.0,0.0,6.0,3.0,29.0,0.0,0.0,0.0,150.0,0.0,1.0,2.0,0
3241136,355.48200000000026,1.951999999999999,1.0,3.0,52.650000000000006,5.0,1.0,1.0,0.0,2.0,5.0,4.0,26.0,3.0,1.0,2.0,140.0,0.0,2.0,2.0,0
3240897,228.295,2.743640000000001,1.0,2.0,34.03,3.0,2.0,1.0,1.0,0.0,3.0,2.0,17.0,0.0,0.0,0.0,88.0,0.0,1.0,1.0,0
2085220,336.3510000000001,2.0346,2.0,5.0,93.21,5.0,3.0,2.0,1.0,0.0,7.0,3.0,25.0,0.0,0.0,0.0,126.0,0.0,1.0,3.0,0
3233091,327.731,2.5458800000000004,0.0,7.0,93.69,4.0,3.0,1.0,2.0,0.0,8.0,3.0,23.0,0.0,0.0,0.0,114.0,0.0,2.0,0.0,0
2360945,317.3450000000001,2.7898400000000008,2.0,5.0,93.46,5.0,2.0,0.0,2.0,0.0,7.0,2.0,23.0,0.0,0.0,0.0,122.0,0.0,2.0,2.0,0
3239703,376.42600000000033,4.090900000000003,0.0,4.0,32.260000000000005,2.0,2.0,1.0,1.0,1.0,7.0,4.0,27.0,2.0,1.0,1.0,144.0,0.0,2.0,0.0,0
652664,377.4660000000001,2.0824,2.0,7.0,83.92,6.0,2.0,1.0,1.0,1.0,8.0,3.0,26.0,1.0,0.0,1.0,140.0,0.0,2.0,1.0,0
1321502,387.4650000000001,1.2638999999999991,1.0,8.0,90.92000000000002,5.0,3.0,1.0,2.0,0.0,9.0,3.0,27.0,0.0,0.0,0.0,142.0,0.0,2.0,1.0,0
645704,408.54900000000026,2.878400000000001,1.0,7.0,84.42,8.0,2.0,0.0,2.0,1.0,9.0,3.0,27.0,1.0,1.0,0.0,146.0,0.0,2.0,2.0,0
2999368,290.146,2.5612000000000004,1.0,3.0,55.400000000000006,4.0,1.0,1.0,0.0,0.0,6.0,1.0,18.0,0.0,0.0,0.0,98.0,0.0,0.0,1.0,0
652973,274.305,2.72032,0.0,7.0,77.84,4.0,3.0,0.0,3.0,0.0,7.0,3.0,19.0,0.0,0.0,0.0,96.0,0.0,3.0,0.0,0
2952147,246.31,1.7926999999999995,1.0,2.0,49.41,3.0,1.0,1.0,0.0,0.0,4.0,2.0,18.0,1.0,0.0,1.0,96.0,0.0,1.0,2.0,0
6604278,534.6460000000005,1.779199999999999,4.0,9.0,142.75,4.0,0.0,0.0,0.0,5.0,9.0,6.0,38.0,6.0,4.0,2.0,212.0,0.0,2.0,0.0,0
648641,312.358,1.97512,0.0,7.0,84.76,3.0,3.0,0.0,3.0,0.0,8.0,3.0,22.0,0.0,0.0,0.0,110.0,0.0,3.0,1.0,0
661803,438.5280000000003,2.7339,1.0,8.0,102.74,8.0,2.0,1.0,1.0,0.0,8.0,3.0,32.0,1.0,0.0,1.0,170.0,0.0,2.0,0.0,0
3238180,322.43,2.01684,2.0,3.0,79.03,6.0,2.0,1.0,1.0,0.0,6.0,2.0,22.0,0.0,0.0,0.0,120.0,0.0,1.0,0.0,0
3235055,394.5150000000001,4.572200000000004,0.0,4.0,42.010000000000005,4.0,2.0,2.0,0.0,2.0,5.0,4.0,29.0,2.0,0.0,2.0,154.0,1.0,2.0,1.0,0
5214839,365.47700000000015,2.6662,1.0,4.0,44.81,5.0,2.0,2.0,0.0,1.0,5.0,4.0,27.0,2.0,0.0,2.0,142.0,0.0,2.0,1.0,0
651247,260.274,1.6958,0.0,6.0,60.67,1.0,3.0,1.0,2.0,0.0,6.0,3.0,18.0,0.0,0.0,0.0,90.0,0.0,2.0,0.0,0
2998026,332.812,4.797500000000003,0.0,4.0,46.34,4.0,3.0,0.0,3.0,0.0,6.0,3.0,22.0,0.0,0.0,0.0,112.0,0.0,3.0,1.0,0
645101,426.47700000000026,1.1237999999999992,1.0,9.0,107.39,6.0,3.0,1.0,2.0,2.0,10.0,5.0,31.0,2.0,0.0,2.0,164.0,0.0,4.0,0.0,0
5309809,484.5780000000003,1.6593999999999984,1.0,7.0,110.48,5.0,3.0,2.0,1.0,1.0,10.0,4.0,34.0,1.0,0.0,1.0,180.0,0.0,2.0,1.0,0
649104,312.369,3.2703000000000024,0.0,5.0,45.510000000000005,7.0,3.0,2.0,1.0,0.0,5.0,3.0,23.0,0.0,0.0,0.0,120.0,0.0,1.0,0.0,0
3234324,395.47800000000007,4.376000000000004,1.0,2.0,52.650000000000006,2.0,2.0,2.0,0.0,2.0,6.0,4.0,29.0,2.0,0.0,2.0,152.0,1.0,2.0,3.0,0
5309837,298.37100000000004,2.71614,0.0,6.0,60.150000000000006,4.0,3.0,1.0,2.0,0.0,6.0,3.0,21.0,0.0,0.0,0.0,106.0,0.0,2.0,0.0,0
3242572,470.27900000000017,5.028600000000004,1.0,7.0,99.62,6.0,4.0,2.0,2.0,0.0,9.0,4.0,30.0,0.0,0.0,0.0,152.0,0.0,2.0,1.0,0
54684657,279.34000000000003,0.2985999999999991,4.0,4.0,94.22,5.0,1.0,0.0,1.0,0.0,6.0,2.0,20.0,1.0,1.0,0.0,110.0,0.0,1.0,1.0,0
1939573,375.40400000000005,1.3936,1.0,7.0,79.82000000000001,6.0,2.0,1.0,1.0,1.0,9.0,3.0,27.0,1.0,0.0,1.0,144.0,0.0,2.0,1.0,0
225067,328.3280000000001,0.1090999999999994,1.0,7.0,99.12,4.0,3.0,1.0,2.0,0.0,8.0,3.0,24.0,0.0,0.0,0.0,124.0,0.0,2.0,0.0,0
3242183,440.9750000000004,3.408900000000002,1.0,4.0,55.89000000000001,7.0,2.0,2.0,0.0,2.0,7.0,4.0,31.0,2.0,0.0,2.0,164.0,0.0,2.0,2.0,0
644536,267.3570000000001,3.892420000000002,1.0,4.0,29.85,1.0,3.0,1.0,2.0,0.0,4.0,4.0,19.0,1.0,0.0,1.0,94.0,0.0,3.0,0.0,0
2917801,250.298,1.4710999999999996,2.0,3.0,67.42999999999999,2.0,0.0,0.0,0.0,0.0,5.0,2.0,18.0,2.0,1.0,1.0,98.0,0.0,1.0,2.0,0
667282,334.44100000000026,2.6224000000000007,1.0,3.0,70.24000000000001,4.0,2.0,1.0,1.0,1.0,6.0,3.0,23.0,1.0,1.0,0.0,124.0,0.0,1.0,0.0,0
2559959,303.35100000000006,1.1082999999999998,1.0,8.0,94.28,5.0,3.0,1.0,2.0,0.0,9.0,3.0,21.0,0.0,0.0,0.0,108.0,0.0,2.0,0.0,0
3246737,170.16799999999998,-1.6344999999999992,2.0,4.0,95.41,4.0,0.0,0.0,0.0,0.0,5.0,0.0,12.0,0.0,0.0,0.0,66.0,0.0,0.0,1.0,0
665669,457.4460000000002,1.9455,0.0,9.0,120.21,4.0,4.0,1.0,3.0,0.0,10.0,5.0,34.0,1.0,0.0,1.0,170.0,0.0,4.0,1.0,0
3232683,403.4860000000001,3.503580000000002,1.0,4.0,89.33,2.0,2.0,1.0,1.0,2.0,7.0,4.0,30.0,2.0,0.0,2.0,154.0,1.0,3.0,3.0,0
3236311,349.41200000000015,2.09259,2.0,6.0,85.35000000000001,5.0,2.0,1.0,1.0,0.0,8.0,3.0,24.0,1.0,0.0,1.0,128.0,0.0,2.0,1.0,0
786671,243.287,3.224920000000002,0.0,4.0,43.1,1.0,3.0,1.0,2.0,0.0,4.0,3.0,17.0,0.0,0.0,0.0,84.0,0.0,2.0,0.0,0
2972136,366.42100000000016,2.5128000000000004,2.0,5.0,85.25,6.0,3.0,2.0,1.0,0.0,7.0,3.0,27.0,0.0,0.0,0.0,140.0,0.0,1.0,2.0,0
6881174,196.206,1.4474,1.0,4.0,71.8,3.0,1.0,0.0,1.0,0.0,5.0,1.0,14.0,0.0,0.0,0.0,76.0,0.0,1.0,0.0,0
802097,278.377,2.662200000000001,0.0,4.0,51.96,2.0,2.0,1.0,1.0,0.0,5.0,2.0,19.0,0.0,0.0,0.0,102.0,0.0,1.0,0.0,0
5307383,436.4860000000003,2.1764,0.0,7.0,106.36,6.0,2.0,1.0,1.0,1.0,10.0,3.0,30.0,1.0,0.0,1.0,162.0,0.0,2.0,2.0,0
2090020,276.339,3.2997000000000023,1.0,1.0,36.1,2.0,3.0,2.0,1.0,0.0,3.0,4.0,21.0,1.0,0.0,1.0,104.0,0.0,2.0,1.0,0
258237,304.39400000000006,0.2243000000000006,2.0,6.0,49.0,3.0,1.0,1.0,0.0,2.0,6.0,4.0,22.0,3.0,0.0,3.0,120.0,0.0,3.0,0.0,0
3238081,455.5740000000001,4.166700000000002,1.0,4.0,61.88000000000001,10.0,2.0,2.0,0.0,1.0,7.0,3.0,33.0,1.0,0.0,1.0,178.0,0.0,1.0,2.0,0
649678,250.302,0.4953199999999996,1.0,5.0,81.33999999999999,3.0,1.0,0.0,1.0,1.0,6.0,2.0,18.0,1.0,0.0,1.0,98.0,0.0,2.0,1.0,0
660688,430.4980000000004,0.3770000000000015,0.0,8.0,111.68,8.0,0.0,0.0,0.0,1.0,10.0,1.0,30.0,1.0,0.0,1.0,172.0,0.0,1.0,2.0,0
920039,303.4310000000001,2.780680000000001,0.0,5.0,49.150000000000006,2.0,1.0,0.0,1.0,1.0,5.0,3.0,21.0,2.0,1.0,1.0,112.0,0.0,2.0,0.0,0
650135,313.3860000000001,2.657140000000001,1.0,6.0,72.7,4.0,3.0,1.0,2.0,0.0,7.0,3.0,22.0,0.0,0.0,0.0,112.0,0.0,2.0,1.0,0
69448,247.297,4.092100000000002,1.0,1.0,29.1,2.0,3.0,3.0,0.0,0.0,2.0,3.0,19.0,0.0,0.0,0.0,92.0,0.0,0.0,1.0,0
118365074,391.4350000000001,3.094000000000001,3.0,6.0,109.75,6.0,4.0,1.0,3.0,0.0,9.0,4.0,29.0,0.0,0.0,0.0,148.0,0.0,3.0,2.0,1
662666,333.232,2.384100000000001,1.0,4.0,59.06,4.0,2.0,0.0,2.0,0.0,7.0,2.0,17.0,0.0,0.0,0.0,90.0,0.0,2.0,0.0,0
700205,292.264,3.3602000000000007,1.0,4.0,42.22,3.0,3.0,1.0,2.0,0.0,7.0,3.0,21.0,0.0,0.0,0.0,108.0,0.0,2.0,0.0,0
73506288,401.4740000000001,4.408700000000002,4.0,5.0,107.62,6.0,4.0,1.0,3.0,0.0,8.0,4.0,30.0,0.0,0.0,0.0,152.0,0.0,3.0,2.0,1
3245143,398.5250000000002,1.8143000000000005,1.0,5.0,84.94000000000001,9.0,1.0,1.0,0.0,1.0,8.0,2.0,27.0,1.0,0.0,1.0,152.0,0.0,1.0,1.0,0
3244052,390.23300000000006,3.4528000000000016,1.0,3.0,66.84,3.0,2.0,2.0,0.0,0.0,6.0,3.0,24.0,1.0,0.0,1.0,124.0,0.0,1.0,1.0,0
652603,463.54200000000014,1.503300000000001,2.0,8.0,114.26999999999998,8.0,3.0,2.0,1.0,1.0,10.0,4.0,34.0,1.0,0.0,1.0,178.0,0.0,2.0,2.0,0
2793589,377.4180000000002,1.904,1.0,5.0,93.14,5.0,2.0,2.0,0.0,0.0,8.0,3.0,26.0,1.0,0.0,1.0,138.0,0.0,1.0,0.0,0
92044783,367.36900000000014,1.55822,4.0,6.0,133.92000000000002,4.0,3.0,0.0,3.0,1.0,10.0,4.0,27.0,1.0,0.0,1.0,138.0,0.0,4.0,3.0,1
646360,306.3870000000001,2.4609000000000005,0.0,6.0,61.190000000000005,4.0,2.0,0.0,2.0,0.0,6.0,3.0,21.0,1.0,1.0,0.0,112.0,0.0,2.0,0.0,0
540540,343.36800000000017,1.1242,0.0,7.0,97.52,1.0,3.0,1.0,2.0,0.0,9.0,3.0,24.0,0.0,0.0,0.0,122.0,0.0,2.0,3.0,0
649336,449.9160000000001,4.2349200000000025,2.0,6.0,110.53000000000002,9.0,3.0,2.0,1.0,0.0,10.0,3.0,30.0,0.0,0.0,0.0,158.0,0.0,1.0,1.0,0
261502,208.177,-0.4056999999999999,1.0,6.0,89.35,2.0,2.0,0.0,2.0,0.0,7.0,2.0,15.0,0.0,0.0,0.0,78.0,0.0,2.0,0.0,0
3244820,361.4270000000001,0.6616999999999997,1.0,7.0,106.84,6.0,2.0,1.0,1.0,0.0,9.0,2.0,25.0,0.0,0.0,0.0,132.0,0.0,1.0,1.0,0
659744,231.255,1.6657,1.0,5.0,70.14,3.0,2.0,1.0,1.0,0.0,5.0,2.0,17.0,0.0,0.0,0.0,88.0,0.0,1.0,0.0,0
3238640,450.53500000000025,4.278700000000003,0.0,6.0,70.0,6.0,3.0,2.0,1.0,1.0,7.0,4.0,33.0,1.0,0.0,1.0,174.0,0.0,2.0,1.0,0
135449245,258.321,2.4563200000000007,1.0,3.0,54.98,4.0,2.0,1.0,1.0,0.0,4.0,2.0,19.0,0.0,0.0,0.0,100.0,0.0,1.0,0.0,0
2577,257.265,0.8136999999999999,2.0,4.0,83.96000000000001,5.0,1.0,0.0,1.0,0.0,7.0,1.0,18.0,0.0,0.0,0.0,100.0,0.0,1.0,1.0,0
666043,404.42600000000016,1.86262,1.0,8.0,109.33,4.0,3.0,0.0,3.0,0.0,8.0,4.0,30.0,1.0,0.0,1.0,152.0,0.0,4.0,0.0,0
3234266,374.4440000000001,4.296700000000002,2.0,5.0,72.06,7.0,4.0,2.0,2.0,0.0,6.0,4.0,28.0,0.0,0.0,0.0,142.0,0.0,2.0,0.0,0
12232,94.204,1.6274,0.0,2.0,0.0,1.0,0.0,0.0,0.0,0.0,2.0,0.0,4.0,0.0,0.0,0.0,26.0,0.0,0.0,0.0,0
3233361,284.319,2.9778400000000005,0.0,6.0,68.19,4.0,3.0,0.0,3.0,0.0,6.0,3.0,21.0,0.0,0.0,0.0,108.0,0.0,3.0,0.0,0
648435,289.35599999999994,2.853800000000001,0.0,5.0,46.61,5.0,2.0,1.0,1.0,0.0,5.0,2.0,20.0,0.0,0.0,0.0,104.0,0.0,1.0,0.0,0
4568719,252.314,1.9294,0.0,3.0,32.67,2.0,1.0,1.0,0.0,0.0,5.0,2.0,17.0,1.0,0.0,1.0,90.0,0.0,1.0,1.0,0
2998598,319.4300000000001,2.663420000000001,1.0,4.0,61.77,5.0,1.0,1.0,0.0,1.0,6.0,2.0,22.0,1.0,0.0,1.0,118.0,0.0,1.0,2.0,0
660555,175.18699999999998,1.0065,0.0,2.0,43.14,0.0,1.0,1.0,0.0,0.0,3.0,2.0,13.0,1.0,1.0,0.0,66.0,0.0,0.0,0.0,0
118054619,590.4250000000004,4.487600000000003,3.0,7.0,128.46,7.0,3.0,2.0,1.0,1.0,12.0,4.0,38.0,1.0,0.0,1.0,200.0,0.0,2.0,2.0,1
2930337,331.7990000000001,2.645600000000001,0.0,3.0,46.61,2.0,1.0,1.0,0.0,1.0,5.0,4.0,23.0,3.0,1.0,2.0,120.0,0.0,2.0,2.0,0
2836236,255.35799999999995,2.4282000000000004,2.0,2.0,66.4,2.0,0.0,0.0,0.0,1.0,4.0,1.0,18.0,1.0,1.0,0.0,104.0,0.0,0.0,1.0,0
2536033,336.471,3.1671000000000014,0.0,9.0,69.38,6.0,3.0,1.0,2.0,0.0,9.0,3.0,21.0,0.0,0.0,0.0,108.0,0.0,2.0,0.0,0
3235657,474.46900000000034,3.089620000000002,0.0,9.0,97.99,6.0,4.0,3.0,1.0,0.0,9.0,5.0,35.0,1.0,0.0,1.0,178.0,0.0,2.0,0.0,0
649045,319.38600000000025,3.099600000000001,0.0,7.0,78.11,5.0,2.0,0.0,2.0,1.0,7.0,3.0,22.0,1.0,1.0,0.0,116.0,0.0,2.0,0.0,0
1938468,321.793,1.9926999999999992,1.0,7.0,78.21000000000001,3.0,3.0,1.0,2.0,0.0,8.0,3.0,21.0,0.0,0.0,0.0,108.0,0.0,2.0,0.0,0
2723,156.61199999999997,2.662440000000001,1.0,1.0,20.23,0.0,1.0,1.0,0.0,0.0,2.0,1.0,10.0,0.0,0.0,0.0,54.0,0.0,0.0,0.0,0
2841644,358.44500000000005,4.784800000000003,3.0,4.0,69.81,1.0,3.0,2.0,1.0,0.0,5.0,5.0,27.0,2.0,1.0,1.0,136.0,0.0,2.0,0.0,0
2323738,362.8860000000002,3.6399000000000026,0.0,3.0,30.03000000000001,5.0,0.0,0.0,0.0,2.0,7.0,2.0,23.0,2.0,0.0,2.0,134.0,0.0,2.0,0.0,0
3642325,357.4140000000001,1.3759,3.0,7.0,115.29,7.0,2.0,1.0,1.0,0.0,8.0,3.0,26.0,1.0,0.0,1.0,138.0,0.0,2.0,1.0,0
667064,313.313,1.1126999999999998,2.0,5.0,96.95,4.0,3.0,1.0,2.0,0.0,7.0,3.0,23.0,0.0,0.0,0.0,118.0,0.0,2.0,0.0,0
663428,277.327,4.188380000000002,1.0,4.0,61.85,4.0,3.0,2.0,1.0,0.0,4.0,3.0,21.0,0.0,0.0,0.0,104.0,0.0,1.0,0.0,0
89536190,349.31600000000003,3.917300000000002,3.0,3.0,82.7,4.0,3.0,1.0,2.0,0.0,9.0,3.0,25.0,0.0,0.0,0.0,130.0,0.0,2.0,2.0,1
138374522,466.5890000000001,5.381820000000004,3.0,4.0,85.94,5.0,4.0,2.0,2.0,1.0,7.0,6.0,35.0,2.0,1.0,1.0,178.0,0.0,3.0,2.0,1
2157678,443.9120000000001,4.051820000000002,1.0,6.0,94.2,6.0,4.0,2.0,2.0,0.0,9.0,4.0,30.0,0.0,0.0,0.0,154.0,0.0,2.0,1.0,0
656343,346.456,3.328000000000002,0.0,7.0,69.9,6.0,2.0,0.0,2.0,1.0,7.0,3.0,24.0,1.0,1.0,0.0,128.0,0.0,2.0,0.0,0
3240829,377.4910000000001,2.6896000000000013,2.0,6.0,83.96000000000001,8.0,3.0,0.0,3.0,0.0,8.0,3.0,25.0,0.0,0.0,0.0,132.0,0.0,3.0,1.0,0
650464,369.5090000000002,4.245620000000004,2.0,2.0,61.440000000000005,5.0,1.0,1.0,0.0,1.0,5.0,3.0,27.0,2.0,1.0,1.0,146.0,0.0,1.0,3.0,0
650197,494.54800000000034,3.0218000000000007,2.0,7.0,105.36,8.0,3.0,2.0,1.0,1.0,10.0,5.0,36.0,2.0,0.0,2.0,190.0,0.0,3.0,2.0,0
648344,410.5430000000001,3.7261200000000025,1.0,5.0,67.23,7.0,3.0,2.0,1.0,0.0,7.0,3.0,29.0,0.0,0.0,0.0,152.0,0.0,1.0,2.0,0
655063,447.5600000000003,4.0287200000000025,1.0,5.0,74.91,5.0,3.0,1.0,2.0,0.0,7.0,5.0,32.0,2.0,1.0,1.0,164.0,0.0,3.0,2.0,0
3233813,299.761,4.026400000000002,0.0,4.0,42.16,4.0,3.0,1.0,2.0,0.0,5.0,3.0,21.0,0.0,0.0,0.0,106.0,0.0,2.0,0.0,0
2971015,303.314,1.7059,2.0,4.0,92.7,4.0,1.0,1.0,0.0,2.0,6.0,3.0,22.0,2.0,0.0,2.0,116.0,0.0,2.0,1.0,0
654580,369.473,1.1669400000000003,2.0,8.0,77.91000000000001,4.0,2.0,1.0,1.0,1.0,8.0,4.0,27.0,2.0,0.0,2.0,144.0,0.0,3.0,0.0,0
648064,408.5270000000002,4.370040000000004,1.0,6.0,71.26,6.0,3.0,2.0,1.0,0.0,7.0,4.0,29.0,1.0,0.0,1.0,150.0,0.0,2.0,1.0,0
3237550,258.25199999999995,1.8676,1.0,3.0,53.43,2.0,2.0,1.0,1.0,0.0,5.0,3.0,19.0,1.0,0.0,1.0,96.0,0.0,2.0,1.0,0
780136,338.32900000000006,3.256400000000002,0.0,3.0,36.690000000000005,3.0,2.0,1.0,1.0,1.0,7.0,3.0,24.0,1.0,0.0,1.0,128.0,0.0,2.0,1.0,0
2998996,358.39800000000014,1.2219999999999998,3.0,4.0,107.61,4.0,1.0,1.0,0.0,2.0,8.0,3.0,26.0,2.0,1.0,1.0,138.0,0.0,1.0,6.0,0
874518,208.242,2.2968200000000003,1.0,4.0,55.13,2.0,2.0,0.0,2.0,0.0,5.0,2.0,14.0,0.0,0.0,0.0,72.0,0.0,2.0,1.0,0
3234343,272.3920000000001,2.915500000000001,0.0,2.0,23.550000000000004,1.0,1.0,1.0,0.0,2.0,3.0,3.0,20.0,2.0,0.0,2.0,108.0,1.0,2.0,1.0,0
666412,253.261,2.807200000000001,0.0,5.0,61.040000000000006,3.0,3.0,1.0,2.0,0.0,5.0,3.0,19.0,0.0,0.0,0.0,94.0,0.0,2.0,0.0,0
648493,488.6390000000003,3.392000000000002,2.0,10.0,103.19,11.0,3.0,1.0,2.0,1.0,11.0,4.0,33.0,1.0,0.0,1.0,176.0,0.0,3.0,1.0,0
665205,329.736,2.9781000000000013,2.0,3.0,83.47,4.0,2.0,2.0,0.0,0.0,8.0,2.0,21.0,0.0,0.0,0.0,110.0,0.0,0.0,0.0,0
2236915,334.372,3.1195200000000014,0.0,5.0,61.190000000000005,4.0,3.0,2.0,1.0,0.0,7.0,3.0,23.0,0.0,0.0,0.0,120.0,0.0,1.0,0.0,0
659318,238.334,3.4716200000000024,0.0,2.0,17.82,2.0,2.0,1.0,1.0,0.0,2.0,3.0,18.0,1.0,1.0,0.0,92.0,0.0,1.0,0.0,0
828490,313.29200000000003,1.8189,1.0,6.0,81.92999999999999,5.0,3.0,2.0,1.0,0.0,8.0,3.0,23.0,0.0,0.0,0.0,116.0,0.0,1.0,1.0,0
648502,432.5310000000002,2.951560000000001,1.0,10.0,111.89,7.0,3.0,1.0,2.0,0.0,11.0,3.0,29.0,0.0,0.0,0.0,152.0,0.0,2.0,1.0,0
5309087,405.5200000000002,2.07142,0.0,6.0,75.88000000000001,7.0,2.0,1.0,1.0,1.0,8.0,3.0,28.0,1.0,0.0,1.0,152.0,0.0,2.0,1.0,0
121416496,337.3870000000001,1.4648199999999996,3.0,6.0,96.76,4.0,3.0,0.0,3.0,1.0,8.0,4.0,25.0,1.0,0.0,1.0,128.0,0.0,4.0,2.0,1
3234874,332.407,3.4575000000000022,1.0,4.0,58.120000000000005,5.0,3.0,2.0,1.0,0.0,5.0,3.0,25.0,0.0,0.0,0.0,126.0,0.0,1.0,1.0,0
654841,383.29700000000014,2.0026,1.0,5.0,67.87,7.0,1.0,1.0,0.0,1.0,9.0,2.0,23.0,1.0,0.0,1.0,130.0,0.0,1.0,0.0,0
1352925,358.4410000000001,4.441300000000004,0.0,3.0,32.78,4.0,3.0,3.0,0.0,1.0,4.0,4.0,27.0,1.0,0.0,1.0,136.0,0.0,1.0,1.0,0
3235305,334.35400000000004,4.784340000000003,1.0,5.0,63.84,3.0,4.0,2.0,2.0,0.0,6.0,4.0,25.0,0.0,0.0,0.0,124.0,0.0,2.0,0.0,0
129078131,598.5350000000002,5.089800000000004,3.0,8.0,121.37,9.0,3.0,1.0,2.0,1.0,12.0,5.0,41.0,2.0,0.0,2.0,216.0,0.0,4.0,2.0,1
2999354,454.50800000000027,1.7366,0.0,8.0,111.46,6.0,3.0,2.0,1.0,1.0,10.0,4.0,32.0,1.0,0.0,1.0,166.0,0.0,2.0,1.0,0
649626,376.5450000000002,3.6560000000000015,3.0,2.0,73.47,3.0,0.0,0.0,0.0,4.0,6.0,4.0,27.0,4.0,2.0,2.0,152.0,0.0,2.0,4.0,0
654757,361.50800000000015,1.6490000000000002,3.0,5.0,110.51999999999998,9.0,0.0,0.0,0.0,0.0,8.0,0.0,24.0,0.0,0.0,0.0,140.0,0.0,0.0,3.0,0
1263223,332.3810000000001,2.513000000000001,2.0,4.0,92.34,5.0,2.0,2.0,0.0,0.0,7.0,2.0,23.0,0.0,0.0,0.0,120.0,0.0,0.0,1.0,0
3241229,325.408,3.711140000000002,2.0,2.0,66.4,3.0,1.0,1.0,0.0,1.0,4.0,3.0,24.0,2.0,2.0,0.0,126.0,0.0,0.0,1.0,0
3233765,296.334,2.4589600000000003,1.0,7.0,89.62,4.0,3.0,0.0,3.0,0.0,7.0,3.0,22.0,0.0,0.0,0.0,112.0,0.0,3.0,0.0,0
783207,258.40900000000005,3.3916400000000024,0.0,2.0,6.48,3.0,1.0,1.0,0.0,1.0,2.0,2.0,19.0,1.0,0.0,1.0,104.0,0.0,1.0,0.0,0
3245395,366.5080000000001,3.367720000000003,1.0,6.0,64.36,9.0,2.0,1.0,1.0,0.0,7.0,2.0,24.0,0.0,0.0,0.0,130.0,0.0,1.0,1.0,0
4313322,323.35200000000003,2.2722000000000007,1.0,3.0,65.79,3.0,2.0,1.0,1.0,0.0,6.0,4.0,24.0,2.0,0.0,2.0,122.0,0.0,3.0,3.0,0
2948509,305.378,2.892940000000001,1.0,4.0,71.53,3.0,1.0,0.0,1.0,1.0,6.0,2.0,22.0,1.0,0.0,1.0,120.0,0.0,2.0,2.0,0
3237829,313.401,3.4022400000000017,2.0,4.0,66.89,3.0,2.0,1.0,1.0,1.0,5.0,3.0,23.0,1.0,1.0,0.0,122.0,0.0,1.0,0.0,0
661387,253.349,3.035880000000001,0.0,3.0,31.96,2.0,2.0,1.0,1.0,1.0,3.0,3.0,19.0,1.0,0.0,1.0,98.0,0.0,2.0,0.0,0
6604051,247.342,2.1737,2.0,3.0,68.01,3.0,1.0,0.0,1.0,1.0,4.0,2.0,18.0,1.0,1.0,0.0,98.0,0.0,1.0,1.0,0
651892,495.5870000000002,4.717920000000004,1.0,8.0,105.73,8.0,5.0,1.0,4.0,1.0,9.0,6.0,37.0,1.0,1.0,0.0,188.0,0.0,4.0,0.0,0
663616,290.413,2.770700000000001,0.0,4.0,23.550000000000004,2.0,1.0,1.0,0.0,1.0,5.0,3.0,19.0,2.0,0.0,2.0,98.0,0.0,2.0,1.0,0
3238961,491.57300000000026,4.146540000000003,2.0,8.0,111.28,9.0,4.0,2.0,2.0,0.0,10.0,4.0,35.0,0.0,0.0,0.0,180.0,0.0,2.0,2.0,0
3237742,371.234,4.376300000000003,0.0,3.0,46.34,4.0,3.0,2.0,1.0,0.0,5.0,3.0,23.0,0.0,0.0,0.0,116.0,0.0,1.0,1.0,0
1251844,359.41100000000006,1.5394999999999996,1.0,7.0,99.0,7.0,3.0,2.0,1.0,0.0,9.0,3.0,25.0,0.0,0.0,0.0,130.0,0.0,1.0,0.0,0
813457,261.247,1.83272,0.0,3.0,38.13,2.0,1.0,0.0,1.0,1.0,7.0,2.0,18.0,1.0,0.0,1.0,100.0,0.0,2.0,1.0,0
659168,360.3910000000002,2.604000000000001,0.0,7.0,85.78,4.0,3.0,1.0,2.0,1.0,8.0,4.0,25.0,1.0,0.0,1.0,130.0,0.0,3.0,0.0,0
135411363,184.264,1.58042,1.0,3.0,45.75,3.0,1.0,0.0,1.0,0.0,4.0,1.0,12.0,0.0,0.0,0.0,66.0,0.0,1.0,0.0,0
623308,272.30400000000003,1.7854,1.0,4.0,60.45,6.0,2.0,1.0,1.0,0.0,5.0,2.0,20.0,0.0,0.0,0.0,104.0,0.0,1.0,1.0,0
135485450,822.9050000000003,3.1355200000000005,5.0,15.0,236.81,3.0,1.0,1.0,0.0,2.0,16.0,7.0,59.0,6.0,2.0,4.0,320.0,0.0,4.0,1.0,0
650616,499.5450000000003,1.94022,2.0,7.0,127.18000000000002,10.0,3.0,2.0,1.0,0.0,11.0,4.0,35.0,1.0,0.0,1.0,184.0,0.0,2.0,2.0,0
2961835,343.66,2.2741,2.0,4.0,75.63,4.0,1.0,1.0,0.0,0.0,10.0,1.0,22.0,0.0,0.0,0.0,122.0,0.0,0.0,1.0,0
945564,322.412,4.422100000000003,2.0,4.0,62.83,5.0,3.0,1.0,2.0,0.0,5.0,4.0,24.0,1.0,1.0,0.0,124.0,0.0,2.0,0.0,1
270475,268.29400000000004,1.1726,0.0,6.0,78.26,3.0,2.0,1.0,1.0,0.0,7.0,2.0,18.0,0.0,0.0,0.0,96.0,0.0,1.0,0.0,0
16758157,288.475,5.113900000000005,1.0,1.0,20.23,2.0,0.0,0.0,0.0,1.0,1.0,3.0,21.0,3.0,3.0,0.0,118.0,0.0,0.0,0.0,0
655220,374.4160000000002,3.5229000000000017,0.0,5.0,50.50000000000001,3.0,3.0,1.0,2.0,1.0,8.0,4.0,26.0,1.0,0.0,1.0,134.0,0.0,3.0,1.0,0
654557,353.3420000000001,1.81812,1.0,10.0,120.33,5.0,4.0,1.0,3.0,0.0,10.0,4.0,26.0,0.0,0.0,0.0,132.0,0.0,3.0,0.0,0
652669,487.60000000000025,4.558700000000004,1.0,5.0,75.02000000000001,8.0,3.0,2.0,1.0,2.0,7.0,5.0,36.0,2.0,1.0,1.0,188.0,0.0,2.0,2.0,0
6710684,528.5980000000005,5.407600000000005,3.0,8.0,147.42999999999998,16.0,2.0,2.0,0.0,0.0,9.0,2.0,38.0,0.0,0.0,0.0,206.0,0.0,0.0,0.0,0
877106,223.2570000000001,0.6707999999999998,0.0,5.0,64.85,2.0,2.0,1.0,1.0,0.0,6.0,2.0,15.0,0.0,0.0,0.0,78.0,0.0,1.0,0.0,0
3240261,428.51000000000016,3.322720000000002,2.0,5.0,97.64,9.0,3.0,2.0,1.0,0.0,8.0,3.0,30.0,0.0,0.0,0.0,158.0,0.0,1.0,1.0,0
5307650,416.5470000000002,2.6210400000000007,2.0,4.0,95.16,4.0,2.0,1.0,1.0,1.0,8.0,4.0,29.0,2.0,1.0,1.0,156.0,0.0,2.0,1.0,0
2960269,315.402,2.058,2.0,5.0,75.6,7.0,3.0,1.0,2.0,0.0,7.0,3.0,22.0,0.0,0.0,0.0,114.0,0.0,2.0,1.0,0
5308539,369.4750000000001,2.927100000000001,0.0,8.0,65.6,5.0,4.0,1.0,3.0,0.0,8.0,4.0,25.0,0.0,0.0,0.0,126.0,0.0,3.0,0.0,0
654180,310.33500000000004,-0.4345000000000001,0.0,9.0,88.12,3.0,2.0,0.0,2.0,0.0,9.0,3.0,21.0,1.0,0.0,1.0,112.0,0.0,3.0,0.0,0
5309205,398.4840000000001,3.1896400000000016,1.0,5.0,89.27,7.0,3.0,2.0,1.0,0.0,7.0,3.0,28.0,0.0,0.0,0.0,146.0,0.0,1.0,1.0,0
663454,419.4370000000001,4.500000000000004,0.0,8.0,88.73000000000002,7.0,4.0,2.0,2.0,0.0,8.0,4.0,31.0,0.0,0.0,0.0,158.0,0.0,2.0,0.0,0
646268,453.54600000000016,4.390820000000003,1.0,6.0,80.12,5.0,4.0,2.0,2.0,1.0,7.0,5.0,34.0,1.0,0.0,1.0,172.0,0.0,3.0,1.0,0
663453,314.34900000000005,0.4606999999999996,1.0,8.0,86.74000000000001,4.0,3.0,0.0,3.0,0.0,8.0,3.0,23.0,0.0,0.0,0.0,120.0,0.0,3.0,0.0,0
665968,218.21200000000005,1.7538,1.0,4.0,76.22,4.0,2.0,1.0,1.0,0.0,5.0,2.0,16.0,0.0,0.0,0.0,82.0,0.0,1.0,0.0,0
2983260,406.2980000000001,2.421500000000001,0.0,5.0,72.91,5.0,1.0,1.0,0.0,1.0,8.0,2.0,23.0,1.0,0.0,1.0,128.0,0.0,1.0,0.0,0
644557,328.45600000000013,3.1391000000000018,1.0,3.0,41.57000000000001,6.0,1.0,1.0,0.0,1.0,4.0,3.0,24.0,2.0,1.0,1.0,130.0,0.0,1.0,1.0,0
3245551,419.54700000000025,2.7303200000000007,1.0,7.0,76.83,10.0,2.0,1.0,1.0,1.0,8.0,3.0,29.0,1.0,0.0,1.0,158.0,0.0,2.0,1.0,0
2053505,377.3960000000002,4.328300000000003,1.0,5.0,69.93,5.0,3.0,2.0,1.0,0.0,6.0,5.0,28.0,2.0,1.0,1.0,142.0,0.0,2.0,1.0,0
1013698,362.4550000000002,2.2482200000000008,1.0,5.0,84.3,5.0,2.0,1.0,1.0,1.0,8.0,3.0,25.0,1.0,0.0,1.0,134.0,0.0,2.0,1.0,0
3244047,408.47700000000015,3.712520000000002,1.0,5.0,71.26,6.0,3.0,1.0,2.0,1.0,7.0,4.0,30.0,1.0,0.0,1.0,156.0,0.0,3.0,1.0,0
2712193,274.27600000000007,1.6222,1.0,5.0,81.28,4.0,2.0,1.0,1.0,0.0,6.0,2.0,20.0,0.0,0.0,0.0,104.0,0.0,1.0,0.0,0
667204,424.5010000000003,2.4741,1.0,7.0,77.85,8.0,3.0,2.0,1.0,1.0,8.0,4.0,31.0,1.0,0.0,1.0,164.0,0.0,2.0,1.0,0
2369069,346.47700000000003,4.037100000000003,0.0,5.0,36.690000000000005,3.0,1.0,0.0,1.0,1.0,6.0,3.0,23.0,2.0,0.0,2.0,120.0,0.0,3.0,0.0,0
2953497,428.27500000000015,5.602600000000003,1.0,5.0,77.25,5.0,4.0,2.0,2.0,0.0,8.0,4.0,29.0,0.0,0.0,0.0,146.0,0.0,2.0,1.0,0
646834,295.36,2.831100000000001,0.0,6.0,57.53,5.0,2.0,0.0,2.0,0.0,6.0,2.0,20.0,0.0,0.0,0.0,108.0,0.0,2.0,0.0,0
5308641,339.3260000000001,4.016580000000002,1.0,6.0,80.31,6.0,3.0,2.0,1.0,0.0,7.0,3.0,25.0,0.0,0.0,0.0,126.0,0.0,1.0,0.0,0
685191,233.286,3.510600000000002,1.0,2.0,29.1,2.0,1.0,1.0,0.0,0.0,3.0,2.0,17.0,1.0,1.0,0.0,90.0,0.0,0.0,0.0,0
2180086,265.309,1.7683000000000002,1.0,4.0,64.63,7.0,1.0,1.0,0.0,0.0,5.0,1.0,19.0,0.0,0.0,0.0,104.0,0.0,0.0,1.0,0
787512,297.31000000000006,2.6472000000000007,1.0,4.0,64.63000000000001,3.0,2.0,2.0,0.0,0.0,5.0,3.0,22.0,1.0,0.0,1.0,112.0,0.0,1.0,1.0,0
983834,350.8710000000001,2.943100000000001,0.0,3.0,40.620000000000005,3.0,2.0,2.0,0.0,1.0,6.0,3.0,23.0,1.0,0.0,1.0,122.0,0.0,1.0,0.0,0
661967,302.33700000000005,3.896900000000002,1.0,5.0,63.84,4.0,4.0,1.0,3.0,0.0,5.0,4.0,23.0,0.0,0.0,0.0,112.0,0.0,3.0,0.0,0
2970366,270.28799999999995,2.3013000000000003,1.0,4.0,60.45,3.0,2.0,1.0,1.0,0.0,5.0,3.0,20.0,1.0,0.0,1.0,102.0,0.0,2.0,1.0,0
611858,362.4580000000001,3.5187000000000017,1.0,5.0,59.81,6.0,4.0,2.0,2.0,0.0,6.0,4.0,26.0,0.0,0.0,0.0,130.0,0.0,2.0,1.0,0
135449216,239.231,1.25717,2.0,7.0,109.3,5.0,1.0,0.0,1.0,0.0,7.0,1.0,17.0,0.0,0.0,0.0,92.0,0.0,1.0,0.0,0
647305,194.237,3.025500000000001,0.0,2.0,17.82,1.0,3.0,2.0,1.0,0.0,2.0,3.0,15.0,0.0,0.0,0.0,72.0,0.0,1.0,0.0,0
666588,414.4170000000001,3.647600000000002,1.0,6.0,92.87,4.0,4.0,2.0,2.0,0.0,7.0,5.0,31.0,1.0,0.0,1.0,154.0,0.0,3.0,1.0,0
2954797,243.263,-0.9205999999999984,2.0,4.0,87.74000000000001,3.0,0.0,0.0,0.0,1.0,7.0,1.0,17.0,1.0,0.0,1.0,96.0,0.0,1.0,3.0,0
10825,291.328,2.3267000000000007,2.0,3.0,83.47,5.0,2.0,2.0,0.0,0.0,6.0,2.0,20.0,0.0,0.0,0.0,104.0,0.0,0.0,0.0,0
1565331,281.783,3.5115000000000025,0.0,2.0,29.54,5.0,1.0,1.0,0.0,1.0,4.0,2.0,19.0,1.0,0.0,1.0,104.0,0.0,1.0,1.0,0
234404,360.59200000000016,6.313300000000005,0.0,4.0,16.130000000000003,5.0,2.0,1.0,1.0,2.0,4.0,4.0,24.0,2.0,2.0,0.0,130.0,0.0,1.0,0.0,0
5310821,224.263,2.890100000000001,1.0,3.0,41.99,4.0,2.0,1.0,1.0,0.0,3.0,2.0,17.0,0.0,0.0,0.0,84.0,0.0,1.0,0.0,0
5310650,295.766,3.3716000000000017,1.0,3.0,55.4,6.0,1.0,1.0,0.0,0.0,5.0,1.0,20.0,0.0,0.0,0.0,108.0,0.0,0.0,1.0,0
650839,355.46700000000004,2.4461000000000004,1.0,6.0,63.05,5.0,3.0,1.0,2.0,1.0,7.0,4.0,25.0,1.0,0.0,1.0,130.0,0.0,3.0,1.0,0
2028808,333.38000000000005,2.6458000000000004,0.0,8.0,73.79,3.0,5.0,2.0,3.0,0.0,8.0,5.0,24.0,0.0,0.0,0.0,116.0,0.0,3.0,0.0,0
118365253,425.367,2.728200000000001,4.0,6.0,121.39,8.0,3.0,1.0,2.0,0.0,12.0,3.0,30.0,0.0,0.0,0.0,160.0,0.0,2.0,2.0,1
2109912,361.448,3.8221000000000025,1.0,8.0,77.25,7.0,3.0,1.0,2.0,0.0,8.0,3.0,24.0,0.0,0.0,0.0,124.0,0.0,2.0,0.0,0
665411,450.5390000000002,3.5040000000000022,2.0,6.0,86.9,8.0,3.0,2.0,1.0,1.0,8.0,4.0,33.0,1.0,0.0,1.0,174.0,0.0,2.0,1.0,0
3156778,356.4220000000001,3.110240000000002,1.0,6.0,65.74000000000001,7.0,3.0,2.0,1.0,0.0,6.0,3.0,26.0,0.0,0.0,0.0,138.0,0.0,1.0,0.0,0
659734,265.36,3.713280000000003,0.0,3.0,30.71,2.0,3.0,1.0,2.0,0.0,3.0,3.0,20.0,0.0,0.0,0.0,102.0,0.0,2.0,0.0,0
99926,254.285,2.564700000000001,0.0,3.0,43.370000000000005,4.0,1.0,1.0,0.0,0.0,3.0,2.0,19.0,1.0,1.0,0.0,96.0,0.0,0.0,0.0,0
3232968,366.32700000000006,3.129500000000001,0.0,6.0,69.9,3.0,4.0,2.0,2.0,0.0,8.0,4.0,27.0,0.0,0.0,0.0,134.0,0.0,2.0,0.0,0
670633,219.23999999999995,1.7387,0.0,3.0,46.61,3.0,1.0,1.0,0.0,1.0,4.0,2.0,16.0,1.0,0.0,1.0,84.0,0.0,1.0,2.0,0
1298184,390.39200000000017,3.151600000000001,2.0,7.0,104.35000000000002,7.0,2.0,2.0,0.0,0.0,9.0,2.0,28.0,0.0,0.0,0.0,150.0,0.0,0.0,2.0,0
3235458,262.272,3.075500000000001,0.0,5.0,56.74,2.0,4.0,1.0,3.0,0.0,5.0,4.0,20.0,0.0,0.0,0.0,96.0,0.0,3.0,0.0,0
255024,311.384,5.214300000000003,1.0,1.0,29.1,2.0,3.0,3.0,0.0,0.0,2.0,4.0,24.0,1.0,1.0,0.0,116.0,0.0,0.0,1.0,0
121416518,441.5390000000002,3.733320000000002,2.0,6.0,87.97000000000001,4.0,4.0,1.0,3.0,1.0,8.0,5.0,33.0,1.0,0.0,1.0,168.0,0.0,4.0,2.0,1
3237912,342.826,3.858400000000003,0.0,3.0,32.78,3.0,2.0,2.0,0.0,2.0,5.0,4.0,24.0,2.0,0.0,2.0,124.0,0.0,2.0,1.0,0
5309907,417.9140000000001,4.221900000000003,1.0,4.0,68.54,8.0,3.0,2.0,1.0,0.0,7.0,3.0,28.0,0.0,0.0,0.0,146.0,0.0,1.0,1.0,0
771469,298.36100000000005,3.212600000000002,1.0,2.0,32.34,4.0,2.0,2.0,0.0,0.0,4.0,3.0,22.0,1.0,0.0,1.0,114.0,0.0,1.0,1.0,0
2964527,350.41800000000006,3.8663000000000034,0.0,4.0,55.45,4.0,3.0,1.0,2.0,1.0,5.0,4.0,26.0,1.0,0.0,1.0,134.0,0.0,3.0,1.0,0
135406068,299.392,2.4647,2.0,5.0,86.96000000000001,6.0,0.0,0.0,0.0,0.0,6.0,1.0,20.0,1.0,1.0,0.0,112.0,0.0,0.0,0.0,0
2310813,252.273,2.7925000000000013,0.0,4.0,44.120000000000005,2.0,3.0,2.0,1.0,0.0,4.0,3.0,19.0,0.0,0.0,0.0,94.0,0.0,1.0,0.0,0
662208,442.51200000000017,3.607000000000002,1.0,7.0,92.45000000000002,11.0,2.0,1.0,1.0,0.0,8.0,3.0,32.0,1.0,0.0,1.0,172.0,0.0,2.0,1.0,0
2970168,448.4230000000002,1.6762999999999997,3.0,5.0,124.68,5.0,1.0,1.0,0.0,2.0,13.0,3.0,30.0,2.0,1.0,1.0,164.0,0.0,1.0,4.0,0
2133145,294.307,1.6876,2.0,5.0,93.73000000000002,6.0,1.0,1.0,0.0,0.0,7.0,1.0,21.0,0.0,0.0,0.0,114.0,0.0,0.0,2.0,0
2290868,302.37000000000006,3.859300000000003,0.0,4.0,48.67,6.0,2.0,1.0,1.0,0.0,4.0,3.0,22.0,1.0,1.0,0.0,118.0,0.0,1.0,0.0,0
688591,227.735,2.7615000000000007,2.0,2.0,32.26,3.0,1.0,1.0,0.0,0.0,3.0,1.0,15.0,0.0,0.0,0.0,84.0,0.0,0.0,0.0,0
1974879,387.8710000000002,4.874240000000003,1.0,6.0,55.11,4.0,4.0,2.0,2.0,0.0,8.0,4.0,26.0,0.0,0.0,0.0,132.0,0.0,2.0,0.0,0
9543187,152.237,2.401700000000001,0.0,1.0,17.07,0.0,0.0,0.0,0.0,2.0,1.0,2.0,11.0,2.0,2.0,0.0,62.0,0.0,0.0,0.0,0
3246218,311.298,-2.157999999999999,5.0,10.0,145.78000000000003,5.0,2.0,0.0,2.0,1.0,10.0,3.0,22.0,1.0,0.0,1.0,120.0,0.0,3.0,0.0,0
2968088,335.285,2.5912000000000006,1.0,3.0,62.3,3.0,2.0,1.0,1.0,1.0,8.0,3.0,24.0,1.0,0.0,1.0,124.0,0.0,2.0,3.0,0
736185,256.301,3.482220000000003,1.0,3.0,46.53,4.0,2.0,2.0,0.0,0.0,3.0,2.0,19.0,0.0,0.0,0.0,98.0,0.0,0.0,0.0,0
2433268,347.754,2.541900000000001,1.0,5.0,73.86000000000001,5.0,2.0,2.0,0.0,0.0,7.0,3.0,24.0,1.0,0.0,1.0,124.0,0.0,1.0,1.0,0
16757768,414.49800000000016,3.941300000000002,0.0,6.0,78.9,3.0,1.0,1.0,0.0,2.0,6.0,4.0,30.0,3.0,3.0,0.0,162.0,0.0,0.0,0.0,0
3245288,380.4000000000001,2.3752000000000004,2.0,5.0,89.79,5.0,3.0,2.0,1.0,0.0,7.0,4.0,28.0,1.0,0.0,1.0,144.0,0.0,2.0,1.0,0
3235821,321.38400000000007,2.7777400000000005,2.0,5.0,85.83,4.0,3.0,2.0,1.0,0.0,6.0,3.0,24.0,0.0,0.0,0.0,122.0,0.0,1.0,1.0,0
118365190,373.3880000000001,3.004900000000002,3.0,5.0,101.16,7.0,3.0,1.0,2.0,0.0,9.0,3.0,27.0,0.0,0.0,0.0,142.0,0.0,2.0,2.0,1
666707,369.4500000000001,3.076420000000001,0.0,8.0,82.79,6.0,3.0,1.0,2.0,0.0,8.0,3.0,26.0,0.0,0.0,0.0,134.0,0.0,2.0,0.0,0
2998638,413.47800000000007,3.1938400000000016,0.0,7.0,80.46,3.0,3.0,1.0,2.0,1.0,9.0,4.0,29.0,1.0,0.0,1.0,150.0,0.0,3.0,2.0,0
92044734,412.45700000000016,3.6061400000000017,3.0,6.0,112.89,4.0,5.0,0.0,5.0,0.0,9.0,5.0,31.0,0.0,0.0,0.0,154.0,0.0,5.0,2.0,1
2386361,403.744,3.3430000000000017,1.0,6.0,90.41,6.0,2.0,0.0,2.0,0.0,11.0,2.0,27.0,0.0,0.0,0.0,144.0,0.0,2.0,1.0,0
16758263,393.4800000000002,2.2572,0.0,6.0,82.14000000000001,1.0,0.0,0.0,0.0,1.0,7.0,2.0,28.0,2.0,0.0,2.0,156.0,0.0,2.0,1.0,0
3243194,274.3670000000001,0.6488,1.0,4.0,66.48,4.0,1.0,0.0,1.0,1.0,7.0,2.0,17.0,1.0,0.0,1.0,94.0,0.0,2.0,1.0,0
1081773,414.5270000000002,2.6808000000000005,0.0,4.0,66.92,4.0,2.0,2.0,0.0,1.0,7.0,4.0,29.0,2.0,0.0,2.0,154.0,0.0,2.0,1.0,0
54678166,307.3090000000001,1.9105,2.0,5.0,84.22,2.0,3.0,1.0,2.0,0.0,6.0,4.0,23.0,1.0,0.0,1.0,114.0,0.0,3.0,1.0,0
2913082,347.37400000000014,2.4005,1.0,6.0,69.16,2.0,4.0,2.0,2.0,0.0,6.0,4.0,26.0,0.0,0.0,0.0,130.0,0.0,2.0,0.0,0
687025,228.29500000000004,2.28302,1.0,2.0,38.97,4.0,2.0,1.0,1.0,0.0,3.0,2.0,17.0,0.0,0.0,0.0,88.0,0.0,1.0,0.0,0
5309903,423.4940000000001,3.2292000000000014,1.0,5.0,96.44,5.0,3.0,2.0,1.0,1.0,8.0,4.0,30.0,1.0,0.0,1.0,154.0,0.0,2.0,1.0,0
651282,239.319,0.8026999999999997,1.0,2.0,52.650000000000006,1.0,0.0,0.0,0.0,2.0,5.0,2.0,17.0,2.0,0.0,2.0,96.0,0.0,2.0,3.0,0
2355897,394.518,2.964500000000002,0.0,5.0,66.92,6.0,2.0,1.0,1.0,1.0,8.0,3.0,26.0,1.0,0.0,1.0,140.0,0.0,2.0,1.0,0
644409,390.4690000000001,0.5891999999999997,1.0,7.0,110.08,6.0,2.0,1.0,1.0,2.0,10.0,4.0,27.0,2.0,1.0,1.0,144.0,0.0,2.0,1.0,0
3243734,369.425,0.4982,1.0,7.0,85.15,5.0,3.0,1.0,2.0,1.0,8.0,4.0,27.0,1.0,0.0,1.0,142.0,0.0,3.0,0.0,0
2883927,329.253,3.380700000000002,2.0,4.0,67.14999999999999,2.0,2.0,1.0,1.0,0.0,9.0,3.0,23.0,1.0,0.0,1.0,122.0,0.0,2.0,0.0,0
3237939,346.3860000000001,4.858740000000004,1.0,4.0,64.36,3.0,4.0,2.0,2.0,0.0,5.0,4.0,26.0,0.0,0.0,0.0,130.0,0.0,2.0,1.0,0
2100977,175.235,1.3635,1.0,3.0,37.28,2.0,1.0,0.0,1.0,0.0,3.0,2.0,13.0,1.0,0.0,1.0,68.0,0.0,2.0,0.0,0
3245692,290.33000000000004,2.3271,1.0,6.0,68.0,4.0,4.0,2.0,2.0,0.0,6.0,4.0,22.0,0.0,0.0,0.0,108.0,0.0,2.0,0.0,0
5309059,303.793,2.731700000000001,1.0,3.0,46.92,4.0,2.0,1.0,1.0,0.0,5.0,3.0,21.0,1.0,1.0,0.0,110.0,0.0,1.0,1.0,0
663830,288.39500000000004,2.24264,1.0,4.0,53.92,1.0,2.0,0.0,2.0,1.0,5.0,3.0,21.0,1.0,0.0,1.0,114.0,0.0,3.0,0.0,0
3246329,472.44600000000025,2.0127000000000006,4.0,6.0,141.36,4.0,0.0,0.0,0.0,3.0,10.0,4.0,32.0,4.0,4.0,0.0,178.0,0.0,0.0,0.0,0
652923,220.228,0.5147000000000002,1.0,3.0,70.5,3.0,1.0,0.0,1.0,1.0,5.0,2.0,16.0,1.0,0.0,1.0,84.0,0.0,2.0,1.0,0
778626,186.258,2.587040000000001,0.0,2.0,9.86,0.0,2.0,0.0,2.0,0.0,2.0,3.0,14.0,1.0,0.0,1.0,72.0,0.0,3.0,0.0,0
3243421,338.4070000000001,3.1579400000000017,1.0,3.0,58.64,5.0,2.0,2.0,0.0,0.0,5.0,3.0,25.0,1.0,0.0,1.0,130.0,0.0,1.0,2.0,0
2918953,203.28500000000005,2.663900000000001,1.0,1.0,29.1,3.0,1.0,1.0,0.0,1.0,2.0,2.0,15.0,1.0,1.0,0.0,80.0,0.0,0.0,1.0,0
647321,278.396,1.9301,1.0,4.0,33.730000000000004,6.0,1.0,1.0,0.0,1.0,4.0,2.0,20.0,1.0,0.0,1.0,112.0,0.0,1.0,0.0,0
654743,418.4130000000001,2.832700000000001,2.0,8.0,124.17,7.0,4.0,2.0,2.0,0.0,10.0,4.0,31.0,0.0,0.0,0.0,156.0,0.0,2.0,2.0,0
1917188,410.52200000000016,2.4189000000000016,2.0,7.0,98.3,8.0,3.0,1.0,2.0,1.0,8.0,4.0,30.0,1.0,0.0,1.0,160.0,0.0,3.0,1.0,0
650500,262.378,3.3023000000000016,1.0,3.0,34.03,2.0,2.0,0.0,2.0,1.0,4.0,3.0,18.0,1.0,1.0,0.0,96.0,0.0,2.0,1.0,0
2997968,320.4180000000002,2.6405200000000004,0.0,7.0,62.06,5.0,2.0,1.0,1.0,1.0,7.0,3.0,22.0,1.0,0.0,1.0,118.0,0.0,2.0,0.0,0
714029,303.74900000000014,3.3788800000000023,0.0,5.0,62.29,4.0,2.0,1.0,1.0,1.0,6.0,3.0,21.0,1.0,0.0,1.0,108.0,0.0,2.0,0.0,0
92044914,441.41300000000007,5.406200000000004,3.0,4.0,91.93,5.0,4.0,2.0,2.0,0.0,10.0,4.0,32.0,0.0,0.0,0.0,164.0,0.0,2.0,2.0,1
3235611,326.3960000000002,2.679400000000001,1.0,3.0,66.48,6.0,1.0,1.0,0.0,0.0,5.0,3.0,24.0,2.0,1.0,1.0,126.0,0.0,1.0,3.0,0
3000199,413.52200000000016,2.654040000000001,0.0,8.0,83.82,8.0,3.0,0.0,3.0,0.0,8.0,3.0,30.0,0.0,0.0,0.0,162.0,0.0,3.0,0.0,0
653063,424.45300000000026,2.8652000000000006,1.0,6.0,90.09000000000002,7.0,3.0,2.0,1.0,0.0,8.0,4.0,31.0,1.0,0.0,1.0,162.0,0.0,2.0,1.0,0
989979,366.446,4.138920000000003,0.0,7.0,61.540000000000006,6.0,4.0,2.0,2.0,0.0,7.0,4.0,26.0,0.0,0.0,0.0,132.0,0.0,2.0,0.0,0
5287792,292.338,2.8627200000000013,1.0,4.0,52.9,1.0,2.0,2.0,0.0,1.0,4.0,4.0,22.0,2.0,0.0,2.0,110.0,0.0,2.0,0.0,0
653280,265.32,2.66502,1.0,5.0,55.11,2.0,3.0,1.0,2.0,0.0,5.0,4.0,20.0,1.0,1.0,0.0,100.0,0.0,2.0,0.0,0
1316627,363.4460000000001,3.6044800000000015,1.0,6.0,83.6,5.0,3.0,2.0,1.0,0.0,7.0,3.0,26.0,0.0,0.0,0.0,130.0,0.0,1.0,1.0,0
3241241,355.3980000000001,1.0849000000000002,0.0,8.0,74.29,5.0,3.0,1.0,2.0,0.0,8.0,4.0,26.0,1.0,0.0,1.0,136.0,0.0,3.0,0.0,0
3238997,308.337,2.6285000000000007,1.0,4.0,64.24000000000001,6.0,3.0,1.0,2.0,0.0,5.0,3.0,23.0,0.0,0.0,0.0,116.0,0.0,2.0,1.0,0
2312372,297.3180000000001,0.6393000000000002,1.0,7.0,81.81,3.0,3.0,1.0,2.0,0.0,7.0,3.0,22.0,0.0,0.0,0.0,112.0,0.0,2.0,0.0,0
619281,404.5070000000001,3.6278200000000025,0.0,4.0,57.690000000000005,6.0,2.0,2.0,0.0,1.0,7.0,3.0,28.0,1.0,0.0,1.0,150.0,0.0,1.0,0.0,0
667241,364.8040000000002,3.626000000000003,2.0,4.0,61.8,5.0,2.0,2.0,0.0,1.0,7.0,3.0,25.0,1.0,0.0,1.0,132.0,0.0,1.0,0.0,0
666345,386.45200000000006,1.9958,2.0,6.0,114.18,6.0,2.0,1.0,1.0,1.0,8.0,3.0,28.0,1.0,1.0,0.0,150.0,0.0,1.0,1.0,0
612407,261.25199999999995,2.29164,1.0,3.0,59.3,2.0,2.0,1.0,1.0,0.0,5.0,2.0,19.0,0.0,0.0,0.0,98.0,0.0,1.0,0.0,0
3247275,424.5410000000001,4.079000000000002,2.0,4.0,76.66000000000001,10.0,2.0,2.0,0.0,1.0,6.0,3.0,31.0,1.0,1.0,0.0,166.0,0.0,0.0,2.0,0
1583639,249.291,0.9836,2.0,4.0,66.4,3.0,2.0,1.0,1.0,0.0,5.0,2.0,17.0,0.0,0.0,0.0,88.0,0.0,1.0,1.0,0
3298053,414.41700000000014,3.9550000000000014,0.0,6.0,81.87,4.0,4.0,2.0,2.0,0.0,7.0,5.0,31.0,1.0,0.0,1.0,154.0,0.0,3.0,1.0,0
2582372,240.3909999999999,2.4148,1.0,2.0,32.34,7.0,0.0,0.0,0.0,1.0,3.0,1.0,17.0,1.0,1.0,0.0,100.0,0.0,0.0,1.0,0
121416627,365.4410000000001,2.515320000000001,3.0,6.0,110.75,3.0,3.0,0.0,3.0,1.0,8.0,4.0,27.0,1.0,1.0,0.0,140.0,0.0,3.0,2.0,1
3244049,432.26300000000015,4.100000000000002,3.0,4.0,94.81,4.0,3.0,2.0,1.0,0.0,9.0,4.0,29.0,1.0,0.0,1.0,148.0,0.0,2.0,3.0,0
3235944,238.312,1.1002999999999996,1.0,3.0,49.41,3.0,1.0,0.0,1.0,1.0,5.0,2.0,16.0,1.0,0.0,1.0,86.0,0.0,2.0,2.0,0
2089447,401.4440000000001,2.408920000000001,0.0,7.0,102.6,7.0,3.0,2.0,1.0,0.0,9.0,3.0,28.0,0.0,0.0,0.0,146.0,0.0,1.0,0.0,0
535511,204.237,0.5095999999999996,0.0,6.0,59.21,1.0,2.0,0.0,2.0,1.0,6.0,3.0,15.0,1.0,0.0,1.0,78.0,0.0,3.0,0.0,0
2997539,434.5140000000002,1.4538000000000004,1.0,6.0,94.17,9.0,2.0,2.0,0.0,1.0,9.0,3.0,30.0,1.0,0.0,1.0,162.0,0.0,1.0,1.0,0
2801982,329.8310000000002,5.365220000000003,1.0,4.0,48.19,4.0,2.0,2.0,0.0,1.0,5.0,3.0,23.0,1.0,0.0,1.0,120.0,0.0,1.0,0.0,1
297272,169.268,1.2432,1.0,2.0,23.47,1.0,0.0,0.0,0.0,2.0,2.0,2.0,12.0,2.0,0.0,2.0,70.0,0.0,2.0,0.0,0
1021175,362.451,2.4856000000000007,1.0,4.0,75.71000000000001,8.0,2.0,2.0,0.0,0.0,7.0,2.0,25.0,0.0,0.0,0.0,134.0,0.0,0.0,1.0,0
121416733,449.4860000000003,3.951200000000002,3.0,6.0,101.3,8.0,4.0,2.0,2.0,0.0,9.0,4.0,33.0,0.0,0.0,0.0,170.0,0.0,2.0,2.0,1
2095823,350.4220000000002,4.604020000000003,1.0,5.0,72.95000000000002,4.0,3.0,1.0,2.0,1.0,6.0,4.0,26.0,1.0,1.0,0.0,134.0,0.0,2.0,1.0,0
654031,393.4870000000003,2.3802000000000003,0.0,5.0,62.62,2.0,2.0,1.0,1.0,1.0,6.0,4.0,29.0,2.0,1.0,1.0,152.0,0.0,2.0,1.0,0
2997811,315.373,2.9049000000000014,0.0,5.0,68.46000000000001,4.0,2.0,1.0,1.0,1.0,6.0,3.0,23.0,1.0,0.0,1.0,122.0,0.0,2.0,1.0,0
652693,300.38000000000005,1.06204,3.0,6.0,87.66,7.0,1.0,0.0,1.0,0.0,7.0,1.0,20.0,0.0,0.0,0.0,112.0,0.0,1.0,1.0,0
652199,387.56800000000027,4.053460000000003,1.0,3.0,52.650000000000006,8.0,1.0,1.0,0.0,1.0,5.0,2.0,28.0,1.0,1.0,0.0,156.0,0.0,0.0,2.0,0
5742458,405.4760000000003,1.6518,1.0,7.0,130.56,6.0,1.0,1.0,0.0,1.0,9.0,2.0,28.0,1.0,0.0,1.0,150.0,0.0,1.0,0.0,0
655864,408.5270000000003,4.002900000000003,0.0,6.0,62.470000000000006,3.0,3.0,0.0,3.0,2.0,7.0,6.0,29.0,3.0,2.0,1.0,150.0,0.0,4.0,1.0,0
718035,322.4549999999999,3.539200000000003,1.0,4.0,49.41,4.0,2.0,1.0,1.0,1.0,6.0,3.0,21.0,1.0,0.0,1.0,112.0,0.0,2.0,0.0,0
121416591,440.55100000000016,5.046920000000004,2.0,5.0,84.73,5.0,4.0,1.0,3.0,1.0,7.0,5.0,33.0,1.0,1.0,0.0,168.0,0.0,3.0,2.0,1
802154,258.302,3.0936200000000014,1.0,4.0,55.120000000000005,2.0,3.0,1.0,2.0,0.0,5.0,3.0,18.0,0.0,0.0,0.0,90.0,0.0,2.0,0.0,0
3237658,414.4170000000002,4.974520000000003,2.0,5.0,89.80000000000001,4.0,4.0,3.0,1.0,0.0,7.0,5.0,31.0,1.0,0.0,1.0,154.0,0.0,2.0,2.0,0
2999400,488.6350000000003,3.4353000000000025,1.0,7.0,93.53000000000002,10.0,3.0,2.0,1.0,1.0,10.0,4.0,33.0,1.0,1.0,0.0,176.0,0.0,1.0,1.0,0
3243994,340.46700000000004,3.4480200000000023,0.0,2.0,40.620000000000005,3.0,1.0,1.0,0.0,3.0,4.0,4.0,25.0,3.0,2.0,1.0,134.0,0.0,1.0,2.0,0
2891337,233.267,1.4488,0.0,3.0,38.77,1.0,1.0,1.0,0.0,1.0,4.0,3.0,17.0,2.0,0.0,2.0,90.0,0.0,2.0,1.0,0
653920,247.302,1.842,1.0,4.0,63.05,3.0,2.0,1.0,1.0,0.0,6.0,2.0,18.0,0.0,0.0,0.0,96.0,0.0,1.0,2.0,0
71555535,408.46500000000015,4.803220000000003,3.0,4.0,95.59,4.0,5.0,2.0,3.0,0.0,7.0,5.0,31.0,0.0,0.0,0.0,152.0,0.0,3.0,2.0,1
2998683,439.53700000000026,3.9430000000000014,1.0,7.0,82.45000000000002,6.0,3.0,2.0,1.0,0.0,8.0,4.0,31.0,1.0,0.0,1.0,162.0,0.0,2.0,1.0,0
16758495,456.5910000000002,2.632000000000001,1.0,9.0,97.89,9.0,2.0,0.0,2.0,1.0,9.0,4.0,33.0,2.0,0.0,2.0,180.0,0.0,4.0,0.0,0
6605183,364.49700000000007,3.5395400000000024,1.0,6.0,58.870000000000005,6.0,3.0,1.0,2.0,1.0,6.0,4.0,27.0,1.0,0.0,1.0,142.0,0.0,3.0,0.0,0
73506498,340.38700000000006,2.2448,5.0,5.0,114.96,6.0,3.0,1.0,2.0,0.0,8.0,3.0,25.0,0.0,0.0,0.0,130.0,0.0,2.0,2.0,1
3234624,397.5190000000002,3.8184400000000025,0.0,5.0,58.81,4.0,2.0,1.0,1.0,2.0,6.0,4.0,29.0,2.0,0.0,2.0,156.0,1.0,3.0,1.0,0
649976,340.40400000000005,3.574020000000002,0.0,4.0,57.690000000000005,3.0,2.0,2.0,0.0,1.0,6.0,3.0,24.0,1.0,0.0,1.0,122.0,0.0,1.0,3.0,0
444041,1134.987000000001,-15.230600000000033,21.0,35.0,554.0500000000003,7.0,0.0,0.0,0.0,21.0,35.0,21.0,77.0,21.0,0.0,21.0,448.0,0.0,21.0,0.0,0
665606,406.4820000000002,3.456340000000002,0.0,6.0,55.150000000000006,4.0,3.0,2.0,1.0,1.0,6.0,5.0,30.0,2.0,0.0,2.0,156.0,0.0,3.0,0.0,0
3243195,489.5980000000003,0.7379600000000023,2.0,6.0,126.64999999999998,4.0,2.0,1.0,1.0,2.0,11.0,4.0,34.0,2.0,0.0,2.0,184.0,0.0,3.0,1.0,0
145995647,454.49400000000014,3.3907000000000007,1.0,10.0,104.28,6.0,5.0,1.0,4.0,0.0,10.0,6.0,34.0,1.0,0.0,1.0,170.0,0.0,5.0,0.0,1
68072,168.14799999999997,1.1044199999999995,3.0,3.0,77.76,1.0,1.0,1.0,0.0,0.0,4.0,1.0,12.0,0.0,0.0,0.0,64.0,0.0,0.0,0.0,0
3233733,399.4260000000001,3.307500000000002,0.0,7.0,63.91,4.0,4.0,1.0,3.0,0.0,9.0,4.0,28.0,0.0,0.0,0.0,142.0,0.0,3.0,0.0,0
3239980,407.47400000000016,2.951640000000001,0.0,6.0,80.56,3.0,3.0,1.0,2.0,1.0,8.0,4.0,30.0,1.0,0.0,1.0,156.0,0.0,3.0,2.0,0
2998037,412.5360000000002,3.782300000000003,0.0,5.0,57.690000000000005,5.0,2.0,2.0,0.0,0.0,7.0,4.0,28.0,2.0,0.0,2.0,144.0,0.0,2.0,0.0,0
665464,335.41400000000016,1.88632,1.0,8.0,97.73000000000002,4.0,2.0,0.0,2.0,0.0,9.0,3.0,22.0,1.0,1.0,0.0,114.0,0.0,2.0,1.0,0
3238383,431.5580000000002,2.7756000000000007,1.0,5.0,88.48,4.0,2.0,1.0,1.0,2.0,8.0,4.0,30.0,2.0,1.0,1.0,162.0,0.0,2.0,1.0,0
3235550,424.5550000000002,2.776600000000001,0.0,9.0,67.15,4.0,4.0,0.0,4.0,1.0,9.0,5.0,29.0,1.0,0.0,1.0,148.0,0.0,5.0,0.0,0
2866904,194.278,2.1519,2.0,1.0,41.13,1.0,0.0,0.0,0.0,1.0,3.0,2.0,14.0,2.0,1.0,1.0,78.0,0.0,1.0,2.0,0
657530,224.308,0.20068,2.0,4.0,82.15,7.0,0.0,0.0,0.0,0.0,5.0,0.0,16.0,0.0,0.0,0.0,90.0,0.0,0.0,1.0,0
3245082,452.53600000000034,2.799190000000001,2.0,6.0,96.43,7.0,3.0,2.0,1.0,1.0,9.0,4.0,32.0,1.0,0.0,1.0,166.0,0.0,2.0,2.0,0
646994,470.5470000000004,2.9776200000000017,1.0,6.0,97.93000000000002,6.0,3.0,2.0,1.0,1.0,9.0,5.0,33.0,2.0,0.0,2.0,174.0,0.0,3.0,0.0,0
3239501,488.5920000000003,2.3869,1.0,8.0,88.39000000000001,8.0,4.0,2.0,2.0,1.0,9.0,5.0,36.0,1.0,0.0,1.0,188.0,0.0,3.0,0.0,0
332058,353.4500000000001,5.623500000000004,0.0,4.0,38.67,3.0,5.0,4.0,1.0,0.0,4.0,5.0,26.0,0.0,0.0,0.0,124.0,0.0,1.0,0.0,0
2216933,325.4370000000001,3.112280000000002,0.0,5.0,49.150000000000006,5.0,2.0,1.0,1.0,0.0,5.0,3.0,23.0,1.0,0.0,1.0,118.0,0.0,2.0,0.0,0
327470,306.362,2.5044000000000004,1.0,4.0,67.87,3.0,1.0,1.0,0.0,1.0,6.0,2.0,22.0,1.0,0.0,1.0,120.0,0.0,1.0,2.0,0
3000006,396.48700000000025,3.2154000000000016,0.0,5.0,51.24000000000001,6.0,2.0,2.0,0.0,2.0,6.0,4.0,29.0,2.0,0.0,2.0,154.0,0.0,2.0,1.0,0
2221530,275.30400000000003,1.6346999999999998,0.0,4.0,55.84,5.0,1.0,1.0,0.0,1.0,5.0,3.0,20.0,2.0,1.0,1.0,106.0,0.0,1.0,2.0,0
2320418,377.4060000000002,2.7211000000000007,0.0,6.0,50.44,3.0,2.0,1.0,1.0,1.0,8.0,4.0,25.0,2.0,0.0,2.0,132.0,0.0,3.0,0.0,0
648187,381.415,1.5620999999999996,1.0,7.0,79.18,5.0,3.0,2.0,1.0,1.0,9.0,4.0,28.0,1.0,0.0,1.0,144.0,0.0,2.0,1.0,0
1093460,332.38100000000003,1.6524999999999996,1.0,5.0,81.31,5.0,3.0,2.0,1.0,0.0,7.0,3.0,23.0,0.0,0.0,0.0,120.0,0.0,1.0,0.0,0
1309069,424.45300000000026,4.335700000000003,0.0,7.0,66.49000000000001,5.0,4.0,2.0,2.0,0.0,8.0,5.0,30.0,1.0,0.0,1.0,152.0,0.0,3.0,0.0,0
2904952,224.348,0.6407999999999998,1.0,3.0,26.71,2.0,0.0,0.0,0.0,4.0,3.0,4.0,16.0,4.0,0.0,4.0,92.0,0.0,4.0,0.0,0
651905,292.42300000000006,1.7442000000000002,0.0,4.0,32.78,1.0,0.0,0.0,0.0,5.0,4.0,5.0,21.0,5.0,0.0,5.0,118.0,0.0,5.0,0.0,0
2357239,255.277,2.0148,2.0,3.0,70.92,4.0,3.0,1.0,2.0,0.0,5.0,3.0,19.0,0.0,0.0,0.0,96.0,0.0,2.0,1.0,0
118365120,399.45100000000014,2.6168000000000013,4.0,6.0,121.39,8.0,3.0,1.0,2.0,0.0,9.0,3.0,29.0,0.0,0.0,0.0,154.0,0.0,2.0,2.0,1
664769,361.266,5.131300000000002,1.0,3.0,47.56,4.0,2.0,2.0,0.0,0.0,9.0,2.0,25.0,0.0,0.0,0.0,134.0,0.0,0.0,1.0,0
3241030,368.48100000000017,2.210919999999999,1.0,5.0,67.23,7.0,2.0,1.0,1.0,1.0,6.0,3.0,27.0,1.0,0.0,1.0,144.0,0.0,2.0,1.0,0
5309069,316.38200000000006,2.2103,0.0,6.0,53.23,5.0,3.0,1.0,2.0,0.0,6.0,3.0,22.0,0.0,0.0,0.0,114.0,0.0,2.0,0.0,0
183782,352.9060000000001,4.405800000000004,1.0,4.0,55.56,8.0,1.0,1.0,0.0,1.0,5.0,2.0,24.0,1.0,0.0,1.0,134.0,0.0,1.0,0.0,0
3243690,312.391,0.8729200000000001,2.0,4.0,92.34,6.0,1.0,1.0,0.0,0.0,7.0,1.0,21.0,0.0,0.0,0.0,116.0,0.0,0.0,2.0,0
2929660,331.4560000000001,3.6735000000000015,0.0,3.0,38.77,4.0,1.0,1.0,0.0,2.0,4.0,3.0,24.0,2.0,1.0,1.0,132.0,0.0,1.0,1.0,1
3244805,419.4030000000001,3.143800000000001,1.0,4.0,61.88,3.0,2.0,2.0,0.0,1.0,9.0,4.0,30.0,2.0,0.0,2.0,158.0,0.0,2.0,2.0,0
3241772,353.37800000000016,1.8807,1.0,6.0,82.45,5.0,3.0,1.0,2.0,0.0,7.0,3.0,26.0,0.0,0.0,0.0,134.0,0.0,2.0,1.0,0
3236207,412.53400000000016,1.601900000000001,2.0,5.0,83.44,8.0,2.0,1.0,1.0,1.0,7.0,3.0,30.0,1.0,0.0,1.0,162.0,0.0,2.0,2.0,0
667168,485.5440000000003,2.1150999999999995,0.0,7.0,95.3,2.0,3.0,1.0,2.0,2.0,9.0,6.0,36.0,3.0,0.0,3.0,184.0,1.0,5.0,4.0,0
2540975,323.3490000000001,1.5557999999999994,1.0,7.0,99.64,6.0,1.0,0.0,1.0,1.0,8.0,2.0,23.0,1.0,1.0,0.0,126.0,0.0,1.0,1.0,0
5308800,269.279,2.4034000000000004,1.0,3.0,46.400000000000006,3.0,3.0,1.0,2.0,0.0,5.0,3.0,20.0,0.0,0.0,0.0,100.0,0.0,2.0,1.0,0
6806,556.863,3.157000000000001,2.0,2.0,66.4,2.0,1.0,1.0,0.0,0.0,7.0,1.0,16.0,0.0,0.0,0.0,86.0,0.0,0.0,1.0,0
8559,250.29399999999995,2.8202000000000016,0.0,4.0,52.60000000000001,6.0,1.0,1.0,0.0,0.0,4.0,1.0,18.0,0.0,0.0,0.0,98.0,0.0,0.0,0.0,0
934666,326.4620000000001,1.9288,0.0,4.0,49.85000000000001,3.0,1.0,1.0,0.0,1.0,6.0,2.0,22.0,1.0,0.0,1.0,124.0,0.0,1.0,0.0,0
3246239,242.326,1.6978,2.0,4.0,49.84,5.0,2.0,0.0,2.0,0.0,4.0,2.0,18.0,0.0,0.0,0.0,94.0,0.0,2.0,0.0,0
2997803,260.38700000000006,3.829200000000003,0.0,4.0,17.3,4.0,3.0,1.0,2.0,0.0,4.0,3.0,17.0,0.0,0.0,0.0,86.0,0.0,2.0,0.0,0
3241921,209.201,1.345,1.0,4.0,76.49000000000001,3.0,1.0,0.0,1.0,0.0,5.0,1.0,15.0,0.0,0.0,0.0,80.0,0.0,1.0,0.0,0
2998069,359.37500000000017,0.3931999999999993,0.0,6.0,89.97999999999999,6.0,1.0,1.0,0.0,1.0,9.0,2.0,24.0,1.0,0.0,1.0,132.0,0.0,1.0,1.0,0
6603875,303.187,3.220200000000002,1.0,1.0,12.03,4.0,1.0,1.0,0.0,0.0,2.0,1.0,14.0,0.0,0.0,0.0,78.0,0.0,0.0,0.0,0
669410,290.75000000000006,2.8954000000000013,0.0,3.0,36.690000000000005,2.0,2.0,1.0,1.0,1.0,5.0,3.0,20.0,1.0,0.0,1.0,104.0,0.0,2.0,1.0,0
3240645,381.51700000000034,2.4445999999999994,2.0,4.0,87.74000000000001,6.0,0.0,0.0,0.0,2.0,7.0,2.0,27.0,2.0,1.0,1.0,154.0,0.0,1.0,3.0,0
1116274,398.5030000000002,3.845100000000003,0.0,5.0,51.24000000000001,8.0,2.0,2.0,0.0,1.0,6.0,3.0,29.0,1.0,0.0,1.0,156.0,0.0,1.0,1.0,0
646473,498.5430000000003,3.703840000000002,1.0,9.0,111.3,8.0,5.0,2.0,3.0,0.0,10.0,6.0,37.0,1.0,0.0,1.0,188.0,0.0,4.0,0.0,0
60198658,440.3310000000001,2.6430000000000016,3.0,6.0,99.61,7.0,2.0,1.0,1.0,0.0,10.0,3.0,29.0,1.0,0.0,1.0,156.0,0.0,2.0,2.0,1
3238431,348.40200000000004,2.896700000000001,0.0,4.0,51.54,3.0,3.0,2.0,1.0,0.0,5.0,4.0,26.0,1.0,0.0,1.0,132.0,0.0,2.0,1.0,0
135449491,467.5300000000001,2.6399,2.0,8.0,108.79999999999998,8.0,4.0,2.0,2.0,0.0,11.0,4.0,33.0,0.0,0.0,0.0,170.0,0.0,2.0,1.0,0
2999725,305.378,1.8827199999999995,1.0,5.0,81.17999999999999,4.0,1.0,0.0,1.0,1.0,6.0,2.0,22.0,1.0,1.0,0.0,120.0,0.0,1.0,1.0,0
786395,209.205,0.3914799999999998,0.0,6.0,71.52,2.0,1.0,0.0,1.0,1.0,6.0,2.0,15.0,1.0,0.0,1.0,80.0,0.0,2.0,0.0,0
1190351,390.53000000000026,2.7337000000000016,0.0,4.0,57.690000000000005,3.0,2.0,1.0,1.0,1.0,7.0,4.0,26.0,2.0,0.0,2.0,138.0,0.0,3.0,1.0,0
651756,337.31000000000006,3.392800000000001,1.0,5.0,81.01,3.0,4.0,2.0,2.0,0.0,7.0,4.0,25.0,0.0,0.0,0.0,124.0,0.0,2.0,0.0,0
243723,410.4220000000002,3.7135000000000025,1.0,7.0,83.45000000000002,2.0,2.0,2.0,0.0,0.0,7.0,5.0,30.0,3.0,0.0,3.0,156.0,0.0,3.0,0.0,0
1345954,355.5070000000001,3.964620000000004,0.0,4.0,35.91,1.0,1.0,1.0,0.0,2.0,5.0,4.0,25.0,3.0,1.0,2.0,132.0,0.0,2.0,1.0,0
118045371,526.0120000000003,4.144000000000002,4.0,6.0,130.23000000000002,7.0,3.0,2.0,1.0,1.0,10.0,4.0,37.0,1.0,1.0,0.0,194.0,0.0,1.0,2.0,1
1082995,350.396,1.5019999999999996,1.0,6.0,94.59,8.0,2.0,1.0,1.0,0.0,8.0,2.0,24.0,0.0,0.0,0.0,128.0,0.0,1.0,0.0,0
2237518,466.59200000000016,4.401440000000004,2.0,9.0,105.82000000000002,7.0,4.0,2.0,2.0,0.0,10.0,4.0,32.0,0.0,0.0,0.0,164.0,0.0,2.0,1.0,0
11972590,360.4500000000002,1.5576,3.0,5.0,94.83,2.0,0.0,0.0,0.0,3.0,5.0,4.0,26.0,4.0,4.0,0.0,142.0,0.0,0.0,0.0,0
3244401,286.26200000000006,3.003700000000001,1.0,4.0,68.27000000000001,4.0,3.0,1.0,2.0,0.0,6.0,3.0,21.0,0.0,0.0,0.0,106.0,0.0,2.0,1.0,0
665509,370.4590000000001,4.125700000000002,1.0,7.0,80.91000000000001,5.0,4.0,1.0,3.0,0.0,8.0,4.0,25.0,0.0,0.0,0.0,126.0,0.0,3.0,1.0,0
714396,337.3350000000001,1.8064,1.0,6.0,82.45,3.0,3.0,2.0,1.0,0.0,7.0,4.0,25.0,1.0,0.0,1.0,126.0,0.0,2.0,1.0,0
145995624,453.51000000000016,3.423800000000001,2.0,10.0,107.08,6.0,5.0,1.0,4.0,0.0,10.0,6.0,34.0,1.0,0.0,1.0,170.0,0.0,5.0,0.0,1
3247074,588.7080000000004,4.733800000000005,0.0,6.0,84.74000000000001,7.0,4.0,2.0,2.0,2.0,8.0,7.0,44.0,3.0,1.0,2.0,224.0,0.0,4.0,2.0,0
752651,297.449,3.109790000000001,2.0,5.0,60.05,4.0,1.0,0.0,1.0,1.0,6.0,2.0,19.0,1.0,1.0,0.0,104.0,0.0,1.0,1.0,0
3237429,267.281,1.3557,2.0,4.0,84.86,6.0,1.0,1.0,0.0,0.0,6.0,1.0,19.0,0.0,0.0,0.0,104.0,0.0,0.0,1.0,0
650408,334.40400000000005,4.042720000000003,1.0,5.0,59.81,3.0,4.0,2.0,2.0,0.0,6.0,4.0,24.0,0.0,0.0,0.0,118.0,0.0,2.0,1.0,0
2927276,285.343,4.196500000000003,1.0,4.0,51.47,2.0,2.0,1.0,1.0,0.0,4.0,3.0,21.0,1.0,0.0,1.0,110.0,0.0,2.0,0.0,0
3243593,392.3560000000001,4.221100000000003,0.0,5.0,45.400000000000006,3.0,3.0,1.0,2.0,1.0,9.0,4.0,28.0,1.0,0.0,1.0,146.0,0.0,3.0,0.0,0
1245238,345.3510000000001,3.1937200000000017,1.0,6.0,94.84,6.0,2.0,1.0,1.0,0.0,7.0,2.0,25.0,0.0,0.0,0.0,132.0,0.0,1.0,1.0,0
3236412,389.4990000000001,4.669500000000004,1.0,4.0,52.650000000000006,3.0,2.0,2.0,0.0,0.0,5.0,4.0,29.0,2.0,1.0,1.0,150.0,0.0,1.0,1.0,0
118365372,381.436,3.3984000000000023,3.0,5.0,101.16,5.0,3.0,1.0,2.0,1.0,8.0,4.0,28.0,1.0,0.0,1.0,146.0,0.0,3.0,2.0,1
645189,463.60700000000026,3.685800000000002,0.0,7.0,63.49,5.0,3.0,2.0,1.0,1.0,8.0,5.0,33.0,2.0,0.0,2.0,172.0,0.0,3.0,1.0,0
9223,118.13499999999996,2.4328000000000003,0.0,1.0,13.14,0.0,2.0,1.0,1.0,0.0,1.0,2.0,9.0,0.0,0.0,0.0,44.0,0.0,1.0,0.0,0
2950562,267.369,1.9246,1.0,3.0,55.4,5.0,0.0,0.0,0.0,2.0,4.0,2.0,19.0,2.0,2.0,0.0,108.0,0.0,0.0,1.0,0
608335,235.718,2.7838400000000005,1.0,3.0,43.84,2.0,2.0,1.0,1.0,0.0,4.0,2.0,16.0,0.0,0.0,0.0,84.0,0.0,1.0,0.0,0
16758151,309.271,-3.871799999999999,7.0,8.0,176.77999999999997,5.0,0.0,0.0,0.0,1.0,10.0,1.0,21.0,1.0,0.0,1.0,122.0,0.0,1.0,1.0,0
5308209,457.6030000000002,4.131500000000004,0.0,6.0,55.95,8.0,4.0,2.0,2.0,0.0,7.0,5.0,33.0,1.0,0.0,1.0,168.0,0.0,3.0,1.0,1
135449221,256.261,2.12862,2.0,4.0,74.83,2.0,3.0,1.0,2.0,0.0,5.0,3.0,19.0,0.0,0.0,0.0,96.0,0.0,2.0,0.0,0
2849161,280.32699999999994,2.576480000000001,1.0,4.0,76.11000000000001,2.0,1.0,1.0,0.0,0.0,4.0,3.0,21.0,2.0,1.0,1.0,106.0,0.0,1.0,0.0,0
688507,256.349,3.1517000000000017,2.0,2.0,55.120000000000005,4.0,2.0,2.0,0.0,0.0,3.0,2.0,19.0,0.0,0.0,0.0,100.0,0.0,0.0,1.0,0
2221525,234.211,0.2407000000000001,0.0,5.0,76.57,3.0,1.0,0.0,1.0,0.0,6.0,2.0,17.0,1.0,0.0,1.0,88.0,0.0,2.0,2.0,0
970755,257.293,1.1695,0.0,4.0,55.2,1.0,2.0,1.0,1.0,1.0,5.0,3.0,19.0,1.0,0.0,1.0,98.0,0.0,2.0,1.0,0
3242098,426.9080000000002,2.7271,1.0,7.0,87.39,7.0,3.0,1.0,2.0,1.0,9.0,4.0,30.0,1.0,0.0,1.0,156.0,0.0,3.0,1.0,0
2125675,344.374,3.457300000000002,1.0,5.0,72.95,5.0,4.0,2.0,2.0,0.0,6.0,4.0,26.0,0.0,0.0,0.0,128.0,0.0,2.0,1.0,0
2977485,238.331,0.6234000000000002,1.0,3.0,41.57,3.0,0.0,0.0,0.0,3.0,4.0,3.0,17.0,3.0,2.0,1.0,96.0,0.0,1.0,1.0,0
2969946,318.22099999999995,2.0656,2.0,3.0,58.95,5.0,1.0,0.0,1.0,0.0,11.0,1.0,21.0,0.0,0.0,0.0,120.0,0.0,1.0,2.0,0
1160921,351.362,2.46542,1.0,6.0,74.49000000000001,3.0,3.0,2.0,1.0,0.0,7.0,4.0,26.0,1.0,0.0,1.0,132.0,0.0,2.0,1.0,0
806905,324.4240000000001,3.921140000000003,1.0,3.0,41.57,5.0,2.0,2.0,0.0,1.0,4.0,3.0,24.0,1.0,0.0,1.0,126.0,0.0,1.0,1.0,0
2998461,331.7990000000002,4.043600000000003,0.0,3.0,50.52,3.0,2.0,1.0,1.0,1.0,5.0,3.0,23.0,1.0,1.0,0.0,120.0,0.0,1.0,1.0,0
3237957,430.8880000000003,3.5874000000000024,1.0,6.0,69.26,4.0,2.0,2.0,0.0,2.0,8.0,5.0,30.0,3.0,0.0,3.0,158.0,1.0,3.0,1.0,0
12641355,260.377,4.304200000000003,0.0,2.0,26.3,3.0,1.0,1.0,0.0,1.0,2.0,2.0,19.0,1.0,1.0,0.0,104.0,0.0,0.0,0.0,0
7127,178.23099999999997,2.432300000000001,0.0,2.0,18.46,4.0,1.0,1.0,0.0,0.0,2.0,1.0,13.0,0.0,0.0,0.0,70.0,0.0,0.0,0.0,0
662305,353.451,3.00654,2.0,6.0,85.83,5.0,3.0,2.0,1.0,0.0,7.0,3.0,25.0,0.0,0.0,0.0,128.0,0.0,1.0,1.0,0
2104654,297.719,2.1295,1.0,5.0,76.23,4.0,2.0,0.0,2.0,0.0,7.0,2.0,19.0,0.0,0.0,0.0,98.0,0.0,2.0,0.0,0
11972602,507.6240000000004,1.3499000000000023,1.0,9.0,95.92000000000002,5.0,0.0,0.0,0.0,7.0,9.0,7.0,36.0,7.0,5.0,2.0,202.0,3.0,2.0,0.0,0
648537,223.301,1.6578999999999997,2.0,5.0,58.04,4.0,2.0,0.0,2.0,0.0,5.0,2.0,15.0,0.0,0.0,0.0,80.0,0.0,2.0,0.0,0
1523405,382.4410000000001,3.6293000000000015,1.0,4.0,75.71000000000001,5.0,3.0,3.0,0.0,0.0,7.0,4.0,27.0,1.0,0.0,1.0,138.0,0.0,1.0,1.0,0
645655,449.6050000000003,3.894300000000002,0.0,7.0,53.74000000000001,6.0,4.0,2.0,2.0,1.0,8.0,5.0,31.0,1.0,0.0,1.0,158.0,0.0,3.0,1.0,0
135441479,346.1410000000001,-0.8950000000000005,4.0,8.0,139.28,2.0,2.0,0.0,2.0,1.0,10.0,3.0,20.0,1.0,0.0,1.0,108.0,0.0,3.0,0.0,0
5307760,456.5240000000003,0.4425999999999996,0.0,7.0,101.69,4.0,3.0,2.0,1.0,0.0,10.0,4.0,32.0,1.0,0.0,1.0,168.0,0.0,2.0,1.0,0
3234863,283.37200000000007,1.6586999999999996,1.0,3.0,61.88,1.0,0.0,0.0,0.0,2.0,6.0,2.0,20.0,2.0,0.0,2.0,114.0,1.0,2.0,3.0,0
3236832,439.5780000000004,1.8052000000000008,1.0,5.0,88.18,8.0,1.0,1.0,0.0,2.0,9.0,3.0,30.0,2.0,0.0,2.0,168.0,0.0,2.0,1.0,0
3244435,344.392,3.3503000000000016,1.0,6.0,73.59,6.0,3.0,1.0,2.0,0.0,7.0,3.0,24.0,0.0,0.0,0.0,124.0,0.0,2.0,1.0,0
2999424,444.4870000000002,4.913120000000004,1.0,7.0,90.66,5.0,3.0,2.0,1.0,0.0,7.0,5.0,33.0,2.0,1.0,1.0,168.0,0.0,2.0,0.0,0
646992,358.4670000000001,2.798700000000001,1.0,5.0,75.19,5.0,2.0,1.0,1.0,1.0,7.0,3.0,25.0,1.0,1.0,0.0,132.0,0.0,1.0,2.0,0
2200072,317.34800000000007,4.383620000000002,2.0,3.0,70.92,3.0,4.0,2.0,2.0,0.0,5.0,4.0,24.0,0.0,0.0,0.0,118.0,0.0,2.0,1.0,0
3239071,486.5470000000002,4.557700000000004,1.0,4.0,65.12,3.0,3.0,3.0,0.0,2.0,8.0,6.0,36.0,3.0,0.0,3.0,184.0,0.0,3.0,3.0,0
6605110,426.5680000000003,4.899720000000004,1.0,6.0,58.870000000000005,7.0,4.0,2.0,2.0,1.0,6.0,5.0,32.0,1.0,0.0,1.0,164.0,0.0,3.0,0.0,0
2999971,414.9110000000003,2.3401000000000005,1.0,5.0,92.78,6.0,1.0,1.0,0.0,2.0,9.0,3.0,27.0,2.0,1.0,1.0,148.0,0.0,1.0,1.0,0
135449259,287.31500000000005,3.3188000000000013,1.0,5.0,68.12,2.0,1.0,1.0,0.0,0.0,5.0,3.0,21.0,2.0,1.0,1.0,110.0,0.0,1.0,0.0,0
3540827,343.21000000000004,4.103620000000003,1.0,4.0,64.36,4.0,2.0,1.0,1.0,0.0,7.0,2.0,22.0,0.0,0.0,0.0,118.0,0.0,1.0,1.0,0
651467,361.369,1.5879999999999996,1.0,9.0,116.3,5.0,4.0,2.0,2.0,0.0,10.0,4.0,27.0,0.0,0.0,0.0,134.0,0.0,2.0,1.0,0
654996,466.53400000000033,3.435520000000002,0.0,6.0,77.54000000000002,7.0,2.0,2.0,0.0,1.0,8.0,5.0,34.0,3.0,0.0,3.0,180.0,0.0,3.0,2.0,0
2080316,493.71900000000016,2.0106999999999995,2.0,7.0,131.77999999999997,7.0,2.0,1.0,1.0,0.0,12.0,2.0,28.0,0.0,0.0,0.0,150.0,0.0,1.0,2.0,0
2999918,266.32200000000006,1.8912,1.0,4.0,58.64,2.0,1.0,0.0,1.0,0.0,6.0,2.0,18.0,1.0,0.0,1.0,96.0,0.0,2.0,2.0,0
3062646,211.154,-0.2537000000000004,4.0,3.0,120.85,6.0,0.0,0.0,0.0,0.0,7.0,0.0,13.0,0.0,0.0,0.0,78.0,0.0,0.0,0.0,0
7949,121.183,1.88564,1.0,1.0,26.02,0.0,1.0,1.0,0.0,0.0,1.0,1.0,9.0,0.0,0.0,0.0,48.0,0.0,0.0,0.0,0
665476,393.4910000000003,2.4878,0.0,7.0,65.06,3.0,3.0,1.0,2.0,1.0,7.0,5.0,29.0,2.0,1.0,1.0,152.0,0.0,3.0,0.0,0
665809,276.369,2.33252,1.0,6.0,71.75,1.0,2.0,0.0,2.0,0.0,7.0,3.0,19.0,1.0,0.0,1.0,100.0,0.0,3.0,0.0,0
89525829,287.367,3.147000000000001,3.0,3.0,82.7,5.0,2.0,0.0,2.0,1.0,6.0,3.0,21.0,1.0,1.0,0.0,112.0,0.0,2.0,2.0,1
667175,371.87200000000007,3.102220000000001,1.0,6.0,54.69,5.0,3.0,1.0,2.0,1.0,7.0,4.0,26.0,1.0,0.0,1.0,136.0,0.0,3.0,0.0,0
54685919,277.3,2.0123,1.0,4.0,89.67,2.0,1.0,1.0,0.0,0.0,6.0,2.0,20.0,1.0,0.0,1.0,108.0,0.0,1.0,0.0,0
10313,137.13799999999998,0.8056000000000003,2.0,2.0,49.33,1.0,1.0,1.0,0.0,0.0,3.0,1.0,10.0,0.0,0.0,0.0,52.0,0.0,0.0,1.0,0
772165,336.39500000000004,2.5006000000000004,2.0,4.0,70.25,4.0,3.0,2.0,1.0,1.0,6.0,4.0,25.0,1.0,0.0,1.0,128.0,0.0,2.0,1.0,0
3235975,453.52400000000034,2.31179,1.0,8.0,92.69,5.0,3.0,1.0,2.0,1.0,10.0,5.0,32.0,2.0,0.0,2.0,166.0,0.0,4.0,1.0,0
717866,349.14000000000004,3.545700000000002,0.0,6.0,78.36,3.0,3.0,1.0,2.0,0.0,7.0,3.0,21.0,0.0,0.0,0.0,106.0,0.0,2.0,0.0,0
1576577,327.434,4.115100000000003,0.0,6.0,39.42,5.0,4.0,2.0,2.0,0.0,6.0,4.0,22.0,0.0,0.0,0.0,110.0,0.0,2.0,0.0,0
652362,397.38300000000015,2.3243,0.0,7.0,99.21,7.0,2.0,2.0,0.0,1.0,8.0,3.0,29.0,1.0,0.0,1.0,150.0,0.0,1.0,1.0,0
118272007,347.325,3.442000000000001,3.0,4.0,91.93,5.0,3.0,1.0,2.0,0.0,9.0,3.0,25.0,0.0,0.0,0.0,130.0,0.0,2.0,2.0,1
653975,349.43800000000005,2.801800000000001,1.0,6.0,65.59,5.0,3.0,1.0,2.0,1.0,6.0,4.0,26.0,1.0,0.0,1.0,134.0,0.0,3.0,0.0,0
3813465,374.44100000000014,1.3908,2.0,7.0,99.92,8.0,2.0,1.0,1.0,0.0,8.0,2.0,27.0,0.0,0.0,0.0,146.0,0.0,1.0,0.0,0
651464,418.5190000000002,2.850820000000001,2.0,6.0,104.54,9.0,2.0,0.0,2.0,1.0,9.0,3.0,29.0,1.0,1.0,0.0,156.0,0.0,2.0,3.0,0
2493079,424.5110000000001,2.815900000000001,0.0,10.0,86.56,5.0,5.0,1.0,4.0,0.0,10.0,5.0,29.0,0.0,0.0,0.0,146.0,0.0,4.0,0.0,0
647038,207.251,-0.0804,1.0,4.0,72.47,2.0,0.0,0.0,0.0,1.0,6.0,1.0,13.0,1.0,0.0,1.0,76.0,0.0,1.0,1.0,0
644744,466.5420000000005,2.757200000000001,1.0,9.0,107.39000000000004,7.0,3.0,1.0,2.0,2.0,10.0,6.0,34.0,3.0,1.0,2.0,180.0,0.0,4.0,0.0,0
656379,332.406,3.786800000000002,1.0,6.0,68.28999999999999,4.0,3.0,1.0,2.0,0.0,7.0,3.0,22.0,0.0,0.0,0.0,112.0,0.0,2.0,1.0,0
51040,310.393,4.448400000000004,0.0,3.0,43.370000000000005,5.0,2.0,2.0,0.0,0.0,3.0,2.0,23.0,0.0,0.0,0.0,120.0,0.0,0.0,0.0,0
3232816,338.47300000000007,1.9427,0.0,4.0,49.85,4.0,1.0,1.0,0.0,2.0,6.0,3.0,23.0,2.0,0.0,2.0,128.0,1.0,2.0,0.0,0
72616,369.4170000000002,2.845800000000001,0.0,6.0,57.23,2.0,2.0,2.0,0.0,0.0,6.0,4.0,27.0,2.0,0.0,2.0,142.0,0.0,2.0,0.0,0
655829,378.47600000000006,3.799400000000002,3.0,3.0,73.47,6.0,2.0,2.0,0.0,0.0,6.0,3.0,28.0,1.0,0.0,1.0,146.0,0.0,1.0,3.0,0
691684,289.45100000000014,3.2146000000000017,1.0,5.0,45.23,3.0,1.0,0.0,1.0,1.0,7.0,2.0,17.0,1.0,0.0,1.0,94.0,0.0,2.0,2.0,0
651749,482.5370000000003,2.494300000000001,3.0,7.0,118.23,8.0,2.0,2.0,0.0,1.0,10.0,4.0,35.0,2.0,0.0,2.0,186.0,0.0,2.0,3.0,0
3243260,439.5700000000002,3.3957400000000018,1.0,9.0,90.52,7.0,4.0,1.0,3.0,0.0,10.0,4.0,30.0,0.0,0.0,0.0,154.0,0.0,3.0,1.0,0
1124527,378.3290000000002,3.790200000000002,0.0,4.0,50.50000000000001,2.0,3.0,1.0,2.0,1.0,9.0,4.0,27.0,1.0,0.0,1.0,140.0,0.0,3.0,1.0,0
3243655,432.6110000000004,3.4270000000000023,0.0,7.0,42.010000000000005,7.0,2.0,1.0,1.0,2.0,7.0,4.0,29.0,2.0,0.0,2.0,156.0,0.0,3.0,0.0,0
2203738,330.13400000000007,2.3407,3.0,3.0,103.7,6.0,1.0,1.0,0.0,0.0,7.0,1.0,19.0,0.0,0.0,0.0,102.0,0.0,0.0,1.0,0
5461618,436.5080000000003,4.415300000000003,2.0,4.0,95.94,10.0,2.0,2.0,0.0,0.0,7.0,3.0,32.0,1.0,0.0,1.0,168.0,0.0,1.0,2.0,0
952079,342.30300000000005,2.919700000000001,0.0,7.0,95.95,5.0,3.0,1.0,2.0,0.0,7.0,3.0,25.0,0.0,0.0,0.0,128.0,0.0,2.0,0.0,0
2818359,358.367,5.787080000000004,0.0,4.0,51.75,4.0,2.0,2.0,0.0,0.0,7.0,3.0,26.0,1.0,0.0,1.0,134.0,0.0,1.0,0.0,1
3235140,351.41000000000025,1.3452999999999995,0.0,7.0,73.14,4.0,3.0,1.0,2.0,1.0,7.0,4.0,26.0,1.0,0.0,1.0,134.0,0.0,3.0,0.0,0
11949149,363.4100000000001,-0.4667999999999996,4.0,7.0,110.46,4.0,1.0,1.0,0.0,2.0,7.0,3.0,26.0,2.0,1.0,1.0,142.0,0.0,1.0,0.0,0
5307597,353.4030000000001,3.7848200000000016,1.0,6.0,77.13000000000001,3.0,4.0,1.0,3.0,0.0,7.0,4.0,25.0,0.0,0.0,0.0,126.0,0.0,3.0,1.0,0
3244092,292.404,2.6751000000000005,1.0,3.0,49.41,5.0,1.0,1.0,0.0,0.0,5.0,2.0,20.0,1.0,0.0,1.0,108.0,0.0,1.0,2.0,0
990927,359.8560000000001,2.852720000000001,1.0,4.0,80.31,4.0,2.0,2.0,0.0,0.0,8.0,2.0,22.0,0.0,0.0,0.0,118.0,0.0,0.0,0.0,0
667349,328.347,2.748500000000001,1.0,6.0,61.2,7.0,3.0,2.0,1.0,0.0,7.0,3.0,24.0,0.0,0.0,0.0,124.0,0.0,1.0,0.0,0
617210,238.294,2.7165600000000003,0.0,4.0,43.08,1.0,3.0,1.0,2.0,0.0,4.0,3.0,18.0,0.0,0.0,0.0,90.0,0.0,2.0,0.0,0
1839930,345.243,3.368920000000001,2.0,4.0,63.25,4.0,1.0,0.0,1.0,0.0,11.0,1.0,23.0,0.0,0.0,0.0,130.0,0.0,1.0,1.0,0
118381022,398.4420000000001,3.206400000000001,3.0,5.0,95.17,6.0,3.0,1.0,2.0,1.0,9.0,4.0,29.0,1.0,0.0,1.0,152.0,0.0,3.0,2.0,1
3236284,457.5960000000002,2.913420000000001,2.0,4.0,95.58,8.0,2.0,2.0,0.0,0.0,8.0,3.0,32.0,1.0,0.0,1.0,172.0,0.0,1.0,2.0,0
663421,404.4950000000002,3.816900000000002,0.0,6.0,62.470000000000006,4.0,4.0,2.0,2.0,1.0,7.0,5.0,29.0,1.0,0.0,1.0,146.0,0.0,3.0,1.0,0
598854,355.42300000000006,2.82342,2.0,7.0,95.06,6.0,3.0,2.0,1.0,0.0,8.0,3.0,25.0,0.0,0.0,0.0,128.0,0.0,1.0,1.0,0
6603712,385.5050000000002,1.2025000000000012,4.0,5.0,118.97,11.0,0.0,0.0,0.0,1.0,8.0,1.0,27.0,1.0,0.0,1.0,156.0,0.0,1.0,3.0,0
3234015,332.338,3.040900000000001,0.0,5.0,60.67,3.0,4.0,2.0,2.0,0.0,6.0,4.0,25.0,0.0,0.0,0.0,122.0,0.0,2.0,0.0,0
801424,245.33,2.5861,1.0,5.0,55.63,0.0,1.0,0.0,1.0,1.0,5.0,4.0,18.0,3.0,2.0,1.0,96.0,1.0,2.0,0.0,0
76071810,355.3980000000001,2.865800000000002,3.0,5.0,101.16,7.0,3.0,1.0,2.0,0.0,8.0,3.0,26.0,0.0,0.0,0.0,136.0,0.0,2.0,2.0,1
896859,243.284,1.2348,1.0,4.0,72.47,4.0,1.0,1.0,0.0,0.0,6.0,1.0,16.0,0.0,0.0,0.0,88.0,0.0,0.0,0.0,0
3236062,431.58300000000014,2.715600000000001,1.0,7.0,73.22,7.0,2.0,1.0,1.0,1.0,8.0,4.0,29.0,2.0,0.0,2.0,154.0,0.0,3.0,1.0,0
517858,259.7,2.82972,1.0,5.0,55.11,2.0,3.0,1.0,2.0,0.0,6.0,3.0,18.0,0.0,0.0,0.0,90.0,0.0,2.0,0.0,0
1259263,339.3590000000001,1.86522,2.0,8.0,108.92,5.0,3.0,1.0,2.0,0.0,9.0,3.0,25.0,0.0,0.0,0.0,128.0,0.0,2.0,0.0,0
894128,255.31700000000004,3.3583000000000016,1.0,2.0,42.23,6.0,2.0,1.0,1.0,0.0,3.0,2.0,19.0,0.0,0.0,0.0,98.0,0.0,1.0,0.0,0
3235794,449.46300000000025,2.1381,1.0,8.0,104.7,8.0,4.0,2.0,2.0,0.0,9.0,4.0,33.0,0.0,0.0,0.0,170.0,0.0,2.0,1.0,0
2304338,406.4160000000002,1.5911999999999993,1.0,7.0,103.40000000000002,5.0,2.0,2.0,0.0,0.0,10.0,4.0,28.0,2.0,0.0,2.0,148.0,0.0,2.0,1.0,0
3234958,381.4360000000001,2.2553,1.0,5.0,87.66000000000001,3.0,2.0,1.0,1.0,2.0,8.0,4.0,28.0,2.0,0.0,2.0,146.0,1.0,3.0,3.0,0
3246769,337.33500000000004,2.6632000000000007,0.0,7.0,83.31000000000002,5.0,3.0,1.0,2.0,0.0,7.0,3.0,25.0,0.0,0.0,0.0,126.0,0.0,2.0,0.0,0
3238585,391.49300000000017,3.4007400000000017,2.0,5.0,101.3,5.0,2.0,1.0,1.0,1.0,8.0,3.0,27.0,1.0,1.0,0.0,146.0,0.0,1.0,1.0,0
4199,298.39000000000004,2.19612,1.0,5.0,50.28,5.0,2.0,1.0,1.0,1.0,5.0,3.0,22.0,1.0,0.0,1.0,116.0,0.0,2.0,0.0,0
16757958,484.58900000000034,4.726900000000004,1.0,7.0,95.20000000000002,4.0,1.0,0.0,1.0,2.0,7.0,5.0,35.0,4.0,3.0,1.0,190.0,0.0,2.0,0.0,0
2998046,428.4600000000002,2.758300000000002,0.0,5.0,80.06000000000002,5.0,2.0,1.0,1.0,2.0,8.0,4.0,31.0,2.0,1.0,1.0,164.0,0.0,2.0,2.0,0
391237,335.4500000000002,4.117400000000004,1.0,5.0,55.4,4.0,2.0,0.0,2.0,0.0,6.0,3.0,22.0,1.0,1.0,0.0,116.0,0.0,2.0,1.0,0
651765,447.5380000000001,1.9646,2.0,6.0,108.72,10.0,3.0,1.0,2.0,0.0,10.0,3.0,30.0,0.0,0.0,0.0,158.0,0.0,2.0,2.0,0
3154616,327.38,1.9202,0.0,4.0,55.84,4.0,1.0,1.0,0.0,2.0,5.0,4.0,24.0,3.0,0.0,3.0,126.0,1.0,3.0,1.0,0
826927,282.387,4.045800000000003,0.0,2.0,33.2,3.0,2.0,1.0,1.0,0.0,3.0,2.0,21.0,0.0,0.0,0.0,110.0,0.0,1.0,1.0,0
1247097,200.201,1.1238999999999997,1.0,4.0,67.77000000000001,2.0,2.0,0.0,2.0,0.0,5.0,2.0,15.0,0.0,0.0,0.0,74.0,0.0,2.0,1.0,0
652829,284.319,1.056099999999999,1.0,5.0,72.68,4.0,3.0,1.0,2.0,0.0,6.0,3.0,21.0,0.0,0.0,0.0,108.0,0.0,2.0,0.0,0
76072170,329.33500000000004,2.988300000000001,3.0,4.0,91.93,4.0,3.0,1.0,2.0,0.0,8.0,3.0,24.0,0.0,0.0,0.0,124.0,0.0,2.0,2.0,1
2078054,364.35400000000016,0.7600999999999996,1.0,7.0,111.24,7.0,1.0,1.0,0.0,1.0,9.0,2.0,26.0,1.0,0.0,1.0,140.0,0.0,1.0,3.0,0
646278,440.55400000000014,3.9685000000000015,2.0,9.0,105.82000000000002,7.0,4.0,2.0,2.0,0.0,10.0,4.0,30.0,0.0,0.0,0.0,154.0,0.0,2.0,1.0,0
587511,254.29,1.6501,0.0,6.0,52.830000000000005,4.0,2.0,1.0,1.0,0.0,7.0,2.0,17.0,0.0,0.0,0.0,90.0,0.0,1.0,0.0,0
2925029,322.36400000000003,2.2620000000000005,2.0,4.0,83.63000000000001,5.0,2.0,2.0,0.0,0.0,5.0,3.0,24.0,1.0,0.0,1.0,122.0,0.0,1.0,1.0,0
334142,210.2,1.37796,2.0,5.0,100.65,2.0,2.0,1.0,1.0,0.0,6.0,2.0,16.0,0.0,0.0,0.0,76.0,0.0,1.0,0.0,0
2956221,435.4800000000001,3.051140000000001,2.0,6.0,104.75,7.0,3.0,2.0,1.0,0.0,8.0,4.0,32.0,1.0,0.0,1.0,166.0,0.0,2.0,1.0,0
2947828,404.4880000000001,1.9637,1.0,5.0,84.94,7.0,2.0,2.0,0.0,1.0,8.0,3.0,28.0,1.0,0.0,1.0,150.0,0.0,1.0,1.0,0
92044769,427.2950000000001,4.956820000000002,3.0,4.0,95.59,4.0,4.0,1.0,3.0,0.0,9.0,4.0,29.0,0.0,0.0,0.0,146.0,0.0,3.0,2.0,1
737908,325.3640000000001,3.611220000000002,1.0,4.0,64.63000000000001,4.0,2.0,2.0,0.0,0.0,5.0,3.0,24.0,1.0,0.0,1.0,124.0,0.0,1.0,1.0,0
2226678,405.67600000000016,2.782000000000001,0.0,4.0,59.08,4.0,1.0,1.0,0.0,1.0,8.0,2.0,23.0,1.0,0.0,1.0,126.0,0.0,1.0,2.0,0
2997988,410.5860000000001,3.081100000000002,0.0,5.0,57.690000000000005,3.0,2.0,0.0,2.0,1.0,8.0,4.0,26.0,2.0,1.0,1.0,140.0,0.0,3.0,1.0,0
713179,295.341,2.2193000000000005,1.0,5.0,72.47,3.0,2.0,1.0,1.0,0.0,7.0,3.0,19.0,1.0,0.0,1.0,98.0,0.0,2.0,0.0,0
781543,328.34900000000005,2.7338000000000005,2.0,4.0,96.36,4.0,3.0,2.0,1.0,0.0,7.0,3.0,23.0,0.0,0.0,0.0,116.0,0.0,1.0,0.0,0
879553,235.327,1.9064,1.0,2.0,46.17,3.0,0.0,0.0,0.0,4.0,3.0,4.0,17.0,4.0,4.0,0.0,94.0,0.0,0.0,1.0,0
3235491,343.3370000000001,2.5326000000000004,0.0,6.0,63.91,3.0,3.0,1.0,2.0,1.0,8.0,4.0,25.0,1.0,1.0,0.0,128.0,0.0,2.0,0.0,0
2001334,373.8840000000001,3.6734000000000018,1.0,4.0,58.8,5.0,2.0,2.0,0.0,1.0,6.0,3.0,26.0,1.0,0.0,1.0,138.0,0.0,1.0,1.0,0
2997815,397.46,1.4724199999999998,1.0,6.0,97.19,4.0,3.0,2.0,1.0,0.0,9.0,4.0,28.0,1.0,0.0,1.0,144.0,0.0,2.0,1.0,0
16757937,804.8389999999999,3.076600000000003,1.0,17.0,234.54,14.0,1.0,0.0,1.0,3.0,17.0,4.0,57.0,3.0,2.0,1.0,314.0,0.0,2.0,0.0,0
3245717,458.5360000000002,3.3313200000000016,2.0,6.0,106.87,10.0,3.0,2.0,1.0,0.0,9.0,3.0,32.0,0.0,0.0,0.0,170.0,0.0,1.0,1.0,0
1402962,350.37800000000004,1.6946999999999997,2.0,6.0,100.34,5.0,3.0,1.0,2.0,0.0,7.0,3.0,26.0,0.0,0.0,0.0,132.0,0.0,2.0,0.0,0
3245391,444.58200000000016,2.759320000000001,1.0,6.0,92.26,6.0,3.0,2.0,1.0,1.0,9.0,4.0,30.0,1.0,0.0,1.0,158.0,0.0,2.0,1.0,0
2952328,433.5550000000001,2.7319400000000007,1.0,8.0,82.96999999999998,6.0,2.0,0.0,2.0,1.0,9.0,4.0,29.0,2.0,0.0,2.0,154.0,0.0,4.0,1.0,0
6518267,548.6360000000003,4.671220000000004,1.0,8.0,110.8,11.0,3.0,2.0,1.0,1.0,9.0,4.0,40.0,1.0,0.0,1.0,212.0,0.0,2.0,1.0,0
935556,326.377,3.650900000000002,1.0,5.0,76.22,6.0,3.0,2.0,1.0,0.0,6.0,3.0,23.0,0.0,0.0,0.0,116.0,0.0,1.0,0.0,0
656089,237.324,1.9058,2.0,3.0,49.33,3.0,1.0,1.0,0.0,1.0,4.0,2.0,16.0,1.0,0.0,1.0,86.0,0.0,1.0,0.0,0
2959837,495.5800000000004,2.1172000000000004,1.0,7.0,94.65999999999998,9.0,2.0,2.0,0.0,2.0,10.0,4.0,36.0,2.0,0.0,2.0,192.0,0.0,2.0,4.0,0
3236861,328.39700000000005,3.2079400000000016,1.0,6.0,72.95,5.0,3.0,1.0,2.0,0.0,7.0,3.0,23.0,0.0,0.0,0.0,118.0,0.0,2.0,1.0,0
3240898,306.362,2.0603,1.0,4.0,75.71000000000001,7.0,1.0,1.0,0.0,0.0,6.0,1.0,22.0,0.0,0.0,0.0,120.0,0.0,0.0,2.0,0
2207694,340.37900000000013,3.796300000000002,2.0,4.0,76.66000000000001,6.0,2.0,2.0,0.0,0.0,6.0,3.0,25.0,1.0,0.0,1.0,130.0,0.0,1.0,2.0,0
5309277,328.37200000000007,1.12892,1.0,6.0,80.36999999999999,5.0,3.0,1.0,2.0,0.0,7.0,3.0,24.0,0.0,0.0,0.0,126.0,0.0,2.0,1.0,0
1262969,367.40300000000025,3.614720000000002,0.0,5.0,46.84,2.0,3.0,1.0,2.0,1.0,7.0,5.0,27.0,2.0,1.0,1.0,138.0,0.0,3.0,0.0,0
122172687,468.9200000000002,3.467900000000002,3.0,7.0,104.96,7.0,4.0,2.0,2.0,0.0,10.0,4.0,33.0,0.0,0.0,0.0,170.0,0.0,2.0,1.0,1
2105816,405.50100000000015,2.3529,1.0,6.0,88.07,5.0,2.0,2.0,0.0,0.0,9.0,3.0,27.0,1.0,0.0,1.0,142.0,0.0,1.0,1.0,0
2997603,274.32000000000005,1.853,0.0,4.0,55.45,2.0,2.0,1.0,1.0,1.0,5.0,3.0,20.0,1.0,0.0,1.0,106.0,0.0,2.0,1.0,0
2168233,394.109,3.9418200000000017,2.0,2.0,49.33,3.0,1.0,1.0,0.0,0.0,10.0,1.0,22.0,0.0,0.0,0.0,124.0,0.0,0.0,1.0,0
665686,430.3570000000002,5.740700000000005,0.0,6.0,68.46000000000001,4.0,2.0,1.0,1.0,1.0,9.0,3.0,27.0,1.0,0.0,1.0,146.0,0.0,2.0,1.0,0
6389,137.368,2.2836,0.0,0.0,0.0,0.0,0.0,0.0,0.0,0.0,4.0,0.0,5.0,0.0,0.0,0.0,32.0,0.0,0.0,0.0,0
2214213,422.53500000000025,4.950900000000003,1.0,6.0,67.35000000000001,3.0,4.0,1.0,3.0,1.0,8.0,5.0,29.0,1.0,0.0,1.0,146.0,0.0,4.0,2.0,0
888560,296.4200000000001,4.874600000000003,0.0,4.0,17.82,3.0,4.0,1.0,3.0,0.0,4.0,4.0,20.0,0.0,0.0,0.0,98.0,0.0,3.0,0.0,0
458785,300.40500000000003,1.3825,1.0,4.0,66.48,3.0,1.0,1.0,0.0,1.0,7.0,2.0,19.0,1.0,0.0,1.0,104.0,0.0,1.0,1.0,0
3239626,320.43600000000004,3.8294000000000032,1.0,3.0,28.4,8.0,3.0,2.0,1.0,0.0,3.0,3.0,24.0,0.0,0.0,0.0,124.0,0.0,1.0,0.0,0
646142,328.4090000000001,1.7047,0.0,3.0,57.690000000000005,4.0,1.0,1.0,0.0,1.0,7.0,2.0,22.0,1.0,0.0,1.0,122.0,0.0,1.0,1.0,0
662728,412.47500000000014,2.5749000000000004,2.0,8.0,111.03,7.0,3.0,1.0,2.0,0.0,10.0,3.0,29.0,0.0,0.0,0.0,150.0,0.0,2.0,2.0,0
118395355,513.5300000000003,3.069400000000001,5.0,7.0,159.36,7.0,3.0,1.0,2.0,1.0,13.0,4.0,37.0,1.0,0.0,1.0,196.0,0.0,3.0,4.0,1
3241243,348.23300000000006,3.8982000000000014,0.0,3.0,36.440000000000005,2.0,2.0,1.0,1.0,2.0,6.0,4.0,23.0,2.0,0.0,2.0,118.0,0.0,3.0,1.0,0
651634,331.4410000000001,2.6845000000000008,1.0,5.0,54.46,5.0,2.0,1.0,1.0,1.0,6.0,3.0,23.0,1.0,0.0,1.0,122.0,0.0,2.0,1.0,0
3243491,389.4150000000001,1.8865,0.0,7.0,84.46999999999998,3.0,4.0,1.0,3.0,1.0,8.0,5.0,29.0,1.0,0.0,1.0,146.0,0.0,4.0,1.0,0
3240289,311.35900000000004,2.469920000000001,1.0,4.0,87.82000000000001,5.0,2.0,1.0,1.0,0.0,7.0,2.0,21.0,0.0,0.0,0.0,114.0,0.0,1.0,0.0,0
648371,372.4020000000001,3.8629000000000016,2.0,6.0,89.8,6.0,3.0,1.0,2.0,0.0,8.0,3.0,26.0,0.0,0.0,0.0,134.0,0.0,2.0,2.0,0
736879,240.517,2.3552,1.0,2.0,33.120000000000005,2.0,1.0,0.0,1.0,0.0,5.0,1.0,13.0,0.0,0.0,0.0,72.0,0.0,1.0,0.0,0
16757956,510.6270000000004,5.712100000000007,0.0,7.0,92.04,3.0,1.0,0.0,1.0,2.0,7.0,5.0,37.0,4.0,3.0,1.0,200.0,0.0,2.0,0.0,0
3246164,266.388,3.6994000000000025,0.0,2.0,16.130000000000003,5.0,2.0,1.0,1.0,1.0,2.0,3.0,20.0,1.0,0.0,1.0,104.0,0.0,2.0,0.0,0
16758714,531.5620000000004,0.9835000000000004,3.0,10.0,164.05999999999997,8.0,1.0,1.0,0.0,3.0,12.0,4.0,38.0,3.0,2.0,1.0,206.0,0.0,1.0,3.0,0
651286,448.5730000000002,5.410740000000005,0.0,8.0,81.77,8.0,4.0,2.0,2.0,0.0,8.0,4.0,31.0,0.0,0.0,0.0,156.0,0.0,2.0,0.0,0
974979,240.26600000000005,1.7256399999999998,1.0,4.0,63.57,1.0,3.0,1.0,2.0,0.0,5.0,3.0,18.0,0.0,0.0,0.0,90.0,0.0,2.0,0.0,0
880829,341.48,4.162210000000004,0.0,5.0,38.13,4.0,2.0,1.0,1.0,1.0,5.0,3.0,24.0,1.0,0.0,1.0,126.0,0.0,2.0,0.0,0
648917,286.35600000000005,2.9884200000000014,0.0,5.0,62.98,3.0,2.0,1.0,1.0,0.0,5.0,2.0,20.0,0.0,0.0,0.0,102.0,0.0,1.0,0.0,0
3240409,369.4460000000001,3.374100000000002,0.0,6.0,58.81,4.0,3.0,1.0,2.0,1.0,7.0,4.0,26.0,1.0,0.0,1.0,134.0,0.0,3.0,1.0,0
2998225,441.5130000000002,3.062620000000001,2.0,8.0,111.28,10.0,3.0,1.0,2.0,0.0,10.0,3.0,31.0,0.0,0.0,0.0,162.0,0.0,2.0,3.0,0
118365191,425.4890000000003,3.1877000000000018,5.0,6.0,132.39,6.0,3.0,1.0,2.0,1.0,9.0,4.0,31.0,1.0,1.0,0.0,164.0,0.0,2.0,2.0,1
653201,401.4440000000002,2.9307000000000007,0.0,9.0,88.61,8.0,3.0,1.0,2.0,0.0,9.0,4.0,28.0,1.0,0.0,1.0,146.0,0.0,3.0,0.0,0
3243838,362.4330000000001,3.7251400000000015,2.0,3.0,70.13,2.0,3.0,2.0,1.0,0.0,6.0,4.0,27.0,1.0,0.0,1.0,138.0,0.0,2.0,2.0,0
662454,364.4930000000003,4.142900000000003,1.0,5.0,42.32,7.0,3.0,2.0,1.0,1.0,5.0,4.0,27.0,1.0,0.0,1.0,142.0,0.0,2.0,0.0,0
2102842,437.4770000000003,4.483340000000004,0.0,9.0,92.52,6.0,4.0,1.0,3.0,0.0,9.0,5.0,31.0,1.0,0.0,1.0,158.0,0.0,4.0,0.0,0
651187,418.4710000000002,2.3130000000000006,0.0,8.0,94.5,6.0,1.0,1.0,0.0,1.0,9.0,3.0,29.0,2.0,0.0,2.0,154.0,0.0,2.0,1.0,0
5280567,176.171,1.80702,1.0,3.0,50.44,0.0,2.0,1.0,1.0,0.0,3.0,2.0,13.0,0.0,0.0,0.0,66.0,0.0,1.0,0.0,0
658494,281.337,0.9232199999999996,1.0,3.0,99.64,7.0,1.0,1.0,0.0,0.0,7.0,1.0,19.0,0.0,0.0,0.0,102.0,0.0,0.0,0.0,0
135471493,225.277,0.5019,2.0,6.0,89.07,3.0,2.0,0.0,2.0,0.0,7.0,2.0,15.0,0.0,0.0,0.0,80.0,0.0,2.0,0.0,0
5308522,475.9830000000002,3.632600000000001,1.0,9.0,91.04,7.0,4.0,2.0,2.0,0.0,11.0,4.0,31.0,0.0,0.0,0.0,160.0,0.0,2.0,1.0,0
3243959,308.447,1.9349,1.0,4.0,41.57000000000001,4.0,1.0,0.0,1.0,1.0,5.0,3.0,21.0,2.0,1.0,1.0,116.0,0.0,2.0,1.0,0
72892,340.42600000000004,0.9434,2.0,4.0,92.34,7.0,2.0,2.0,0.0,0.0,8.0,2.0,22.0,0.0,0.0,0.0,118.0,0.0,0.0,0.0,0
2532858,324.427,3.199520000000001,1.0,6.0,60.45,6.0,2.0,1.0,1.0,0.0,7.0,2.0,21.0,0.0,0.0,0.0,112.0,0.0,1.0,1.0,0
598513,212.205,-0.2720999999999999,2.0,4.0,92.34,4.0,0.0,0.0,0.0,1.0,6.0,1.0,15.0,1.0,0.0,1.0,82.0,0.0,1.0,4.0,0
2098213,412.4710000000002,1.5417,0.0,6.0,92.7,5.0,3.0,2.0,1.0,1.0,9.0,4.0,29.0,1.0,0.0,1.0,150.0,0.0,2.0,1.0,0
870743,167.23300000000003,2.0229,1.0,2.0,29.1,0.0,1.0,0.0,1.0,0.0,3.0,2.0,11.0,1.0,0.0,1.0,58.0,0.0,2.0,1.0,0
609250,233.274,2.4830000000000005,0.0,3.0,30.71,1.0,3.0,2.0,1.0,0.0,3.0,3.0,18.0,0.0,0.0,0.0,86.0,0.0,1.0,0.0,0
71555763,376.3950000000001,3.789120000000002,3.0,4.0,95.59,4.0,4.0,1.0,3.0,0.0,8.0,4.0,28.0,0.0,0.0,0.0,140.0,0.0,3.0,2.0,1
859398,335.40800000000024,2.3424000000000005,1.0,6.0,72.7,5.0,2.0,1.0,1.0,1.0,8.0,3.0,23.0,1.0,1.0,0.0,122.0,0.0,1.0,1.0,0
829926,283.30600000000004,3.2733000000000008,2.0,2.0,57.78,4.0,3.0,2.0,1.0,0.0,5.0,3.0,21.0,0.0,0.0,0.0,106.0,0.0,1.0,1.0,0
5914219,235.283,2.573500000000001,1.0,4.0,58.89,5.0,1.0,1.0,0.0,0.0,4.0,1.0,17.0,0.0,0.0,0.0,92.0,0.0,0.0,0.0,0
934965,237.26299999999995,-1.0752999999999986,0.0,7.0,63.49,1.0,1.0,0.0,1.0,1.0,7.0,3.0,17.0,2.0,0.0,2.0,92.0,0.0,3.0,0.0,0
2958791,366.314,3.836100000000002,1.0,2.0,49.41,3.0,2.0,2.0,0.0,1.0,8.0,3.0,26.0,1.0,0.0,1.0,136.0,0.0,1.0,2.0,0
3244922,364.405,1.1712999999999991,1.0,5.0,84.30000000000001,6.0,3.0,2.0,1.0,0.0,7.0,3.0,27.0,0.0,0.0,0.0,138.0,0.0,1.0,2.0,0
647990,322.38000000000005,2.4294,1.0,4.0,58.64,6.0,1.0,1.0,0.0,1.0,6.0,2.0,23.0,1.0,0.0,1.0,126.0,0.0,1.0,1.0,0
3243742,416.51800000000014,3.264000000000002,1.0,5.0,77.10000000000001,7.0,1.0,1.0,0.0,2.0,7.0,4.0,30.0,3.0,1.0,2.0,164.0,0.0,2.0,2.0,0
2997718,449.6170000000005,3.150400000000001,1.0,5.0,78.95,5.0,1.0,1.0,0.0,3.0,8.0,4.0,31.0,3.0,1.0,2.0,172.0,0.0,2.0,1.0,0
655173,423.3720000000002,4.214900000000002,1.0,7.0,86.48,5.0,3.0,1.0,2.0,0.0,11.0,4.0,29.0,1.0,0.0,1.0,150.0,0.0,3.0,1.0,0
2268269,285.771,2.48834,1.0,3.0,47.56,7.0,1.0,1.0,0.0,0.0,5.0,1.0,19.0,0.0,0.0,0.0,106.0,0.0,0.0,1.0,0
3242247,468.5790000000004,3.6714800000000025,1.0,6.0,95.75,5.0,3.0,2.0,1.0,1.0,9.0,4.0,33.0,1.0,0.0,1.0,174.0,0.0,2.0,1.0,0
3241696,433.5780000000002,2.1516200000000003,2.0,5.0,98.4,9.0,2.0,1.0,1.0,1.0,9.0,3.0,30.0,1.0,0.0,1.0,164.0,0.0,2.0,1.0,0
3237652,421.49400000000014,2.08772,1.0,5.0,78.95000000000002,6.0,2.0,2.0,0.0,1.0,9.0,3.0,29.0,1.0,0.0,1.0,156.0,0.0,1.0,1.0,0
2971209,257.35799999999995,3.2684000000000024,0.0,2.0,20.31,2.0,2.0,1.0,1.0,0.0,3.0,3.0,18.0,1.0,0.0,1.0,92.0,0.0,2.0,1.0,0
3398600,345.3990000000001,2.7397,2.0,6.0,100.59,5.0,2.0,0.0,2.0,1.0,7.0,3.0,25.0,1.0,1.0,0.0,134.0,0.0,2.0,0.0,0
648163,416.4780000000002,2.11436,2.0,6.0,113.77,10.0,2.0,1.0,1.0,0.0,9.0,2.0,30.0,0.0,0.0,0.0,162.0,0.0,1.0,3.0,0
665110,290.3260000000001,3.6923400000000015,0.0,5.0,56.74,2.0,4.0,1.0,3.0,0.0,5.0,4.0,22.0,0.0,0.0,0.0,108.0,0.0,3.0,0.0,0
92044920,399.4260000000001,3.589000000000002,3.0,5.0,109.0,8.0,3.0,1.0,2.0,0.0,9.0,3.0,29.0,0.0,0.0,0.0,152.0,0.0,2.0,2.0,1
135429050,337.37900000000013,3.101100000000001,1.0,4.0,79.2,4.0,3.0,1.0,2.0,1.0,6.0,4.0,25.0,1.0,1.0,0.0,128.0,0.0,2.0,1.0,0
3233722,350.5280000000001,3.2093000000000025,0.0,3.0,40.620000000000005,4.0,1.0,1.0,0.0,2.0,5.0,3.0,24.0,2.0,0.0,2.0,134.0,1.0,2.0,0.0,0
6407399,452.55800000000016,4.641240000000004,0.0,5.0,58.56,5.0,4.0,3.0,1.0,1.0,6.0,5.0,34.0,1.0,0.0,1.0,172.0,0.0,2.0,1.0,1
977261,346.4410000000001,2.547300000000001,1.0,8.0,85.59,6.0,3.0,0.0,3.0,0.0,9.0,3.0,23.0,0.0,0.0,0.0,118.0,0.0,3.0,1.0,0
118365294,381.4360000000002,3.134400000000001,4.0,5.0,112.16,6.0,3.0,1.0,2.0,1.0,8.0,4.0,28.0,1.0,1.0,0.0,146.0,0.0,2.0,2.0,1
92044877,441.4950000000002,4.020800000000003,3.0,6.0,109.75,6.0,5.0,2.0,3.0,0.0,9.0,5.0,33.0,0.0,0.0,0.0,166.0,0.0,3.0,2.0,1
3241641,362.266,4.141400000000002,0.0,3.0,26.3,3.0,0.0,0.0,0.0,1.0,10.0,3.0,23.0,3.0,2.0,1.0,128.0,0.0,1.0,0.0,0
655155,351.4070000000001,-1.2372999999999974,1.0,8.0,100.14,5.0,1.0,0.0,1.0,1.0,9.0,2.0,25.0,1.0,0.0,1.0,138.0,0.0,2.0,1.0,0
2788373,313.309,2.2517000000000005,1.0,5.0,73.86,3.0,2.0,2.0,0.0,0.0,6.0,3.0,23.0,1.0,0.0,1.0,118.0,0.0,1.0,1.0,0
3241327,479.58000000000015,1.8565,2.0,8.0,119.64,10.0,3.0,2.0,1.0,0.0,11.0,3.0,32.0,0.0,0.0,0.0,172.0,0.0,1.0,1.0,0
16758455,310.35,-0.238400000000001,2.0,6.0,99.43,2.0,0.0,0.0,0.0,3.0,7.0,3.0,22.0,3.0,2.0,1.0,122.0,0.0,1.0,2.0,0
3247104,688.8000000000001,6.162200000000007,1.0,6.0,96.87,9.0,5.0,3.0,2.0,2.0,10.0,8.0,51.0,3.0,1.0,2.0,262.0,0.0,4.0,2.0,0
3234907,340.386,4.3978800000000025,0.0,5.0,65.95,4.0,4.0,2.0,2.0,0.0,5.0,4.0,26.0,0.0,0.0,0.0,126.0,0.0,2.0,0.0,0
655302,372.8600000000002,2.598420000000001,0.0,7.0,63.220000000000006,5.0,3.0,1.0,2.0,1.0,8.0,4.0,26.0,1.0,0.0,1.0,136.0,0.0,3.0,0.0,0
2838111,342.40500000000003,3.7858000000000014,0.0,2.0,23.550000000000004,5.0,1.0,1.0,0.0,1.0,6.0,2.0,24.0,1.0,0.0,1.0,134.0,0.0,1.0,1.0,0
5664087,170.175,1.5060999999999996,1.0,3.0,54.46,0.0,3.0,1.0,2.0,0.0,4.0,3.0,13.0,0.0,0.0,0.0,62.0,0.0,2.0,0.0,0
2999924,401.4630000000001,1.2998000000000005,2.0,6.0,106.5,5.0,1.0,0.0,1.0,4.0,8.0,5.0,29.0,4.0,4.0,0.0,156.0,0.0,1.0,3.0,0
5308396,373.9090000000001,4.827300000000005,0.0,4.0,38.13,2.0,3.0,1.0,2.0,1.0,6.0,4.0,25.0,1.0,0.0,1.0,130.0,0.0,3.0,1.0,0
1291756,406.8290000000001,4.712900000000004,1.0,6.0,90.14,5.0,4.0,2.0,2.0,0.0,8.0,4.0,29.0,0.0,0.0,0.0,144.0,0.0,2.0,1.0,0
653029,307.353,3.563100000000002,1.0,5.0,48.31,5.0,3.0,2.0,1.0,0.0,5.0,4.0,23.0,1.0,0.0,1.0,116.0,0.0,2.0,0.0,0
2275401,218.212,0.96792,1.0,3.0,66.48,1.0,1.0,1.0,0.0,1.0,5.0,2.0,16.0,1.0,0.0,1.0,82.0,0.0,1.0,4.0,0
647568,335.43600000000004,4.121500000000003,0.0,6.0,56.49,4.0,4.0,2.0,2.0,0.0,6.0,4.0,24.0,0.0,0.0,0.0,120.0,0.0,2.0,0.0,0
6359532,336.438,2.2158000000000007,0.0,4.0,58.97,3.0,2.0,1.0,1.0,1.0,7.0,3.0,22.0,1.0,0.0,1.0,116.0,0.0,2.0,0.0,0
889054,299.779,2.894800000000002,0.0,3.0,50.52,5.0,2.0,1.0,1.0,0.0,6.0,2.0,19.0,0.0,0.0,0.0,102.0,0.0,1.0,0.0,0
2997627,498.56100000000026,1.661699999999999,1.0,7.0,136.88,8.0,2.0,2.0,0.0,1.0,11.0,3.0,35.0,1.0,0.0,1.0,184.0,0.0,1.0,2.0,0
2102674,424.45700000000016,3.6111200000000014,1.0,7.0,90.02,6.0,4.0,2.0,2.0,0.0,9.0,4.0,30.0,0.0,0.0,0.0,152.0,0.0,2.0,1.0,0
135450656,435.50500000000017,3.3228000000000018,1.0,5.0,92.36,7.0,4.0,3.0,1.0,0.0,8.0,4.0,31.0,0.0,0.0,0.0,158.0,0.0,1.0,0.0,0
5308792,365.437,2.2798,2.0,6.0,95.06,8.0,3.0,2.0,1.0,0.0,7.0,3.0,27.0,0.0,0.0,0.0,140.0,0.0,1.0,1.0,0
2999643,343.3830000000001,1.6391999999999998,1.0,4.0,86.78999999999999,5.0,1.0,1.0,0.0,1.0,7.0,3.0,25.0,2.0,0.0,2.0,132.0,0.0,2.0,5.0,0
3239344,459.5020000000002,4.362320000000003,1.0,7.0,91.68,7.0,4.0,2.0,2.0,0.0,8.0,4.0,34.0,0.0,0.0,0.0,174.0,0.0,2.0,1.0,0
621830,278.396,2.956300000000001,2.0,3.0,54.27,4.0,1.0,0.0,1.0,1.0,4.0,2.0,20.0,1.0,0.0,1.0,112.0,0.0,2.0,1.0,0
2976031,476.45500000000015,3.839000000000003,0.0,7.0,86.03,5.0,3.0,1.0,2.0,1.0,11.0,4.0,34.0,1.0,0.0,1.0,180.0,0.0,3.0,1.0,1
2964175,420.3910000000001,4.075000000000002,2.0,6.0,81.32000000000001,5.0,3.0,1.0,2.0,0.0,10.0,4.0,30.0,1.0,0.0,1.0,158.0,0.0,3.0,1.0,0
3232865,374.4880000000001,3.471680000000002,0.0,4.0,60.23,3.0,2.0,1.0,1.0,2.0,5.0,4.0,28.0,2.0,0.0,2.0,144.0,1.0,3.0,1.0,0
6860072,359.4330000000001,3.8108400000000016,0.0,6.0,57.23,6.0,4.0,2.0,2.0,0.0,6.0,4.0,27.0,0.0,0.0,0.0,136.0,0.0,2.0,0.0,0
2884971,363.3910000000001,1.2796,1.0,6.0,93.14,6.0,2.0,2.0,0.0,0.0,8.0,3.0,25.0,1.0,0.0,1.0,132.0,0.0,1.0,1.0,0
2999079,263.2489999999999,1.1172999999999995,1.0,5.0,81.70000000000002,3.0,1.0,1.0,0.0,1.0,6.0,2.0,19.0,1.0,0.0,1.0,100.0,0.0,1.0,1.0,0
3234757,289.37900000000013,2.530400000000001,0.0,4.0,45.67,1.0,1.0,0.0,1.0,2.0,5.0,3.0,21.0,2.0,0.0,2.0,114.0,1.0,3.0,1.0,0
974815,331.445,2.3905000000000003,2.0,6.0,85.83000000000001,5.0,2.0,1.0,1.0,1.0,7.0,3.0,23.0,1.0,1.0,0.0,122.0,0.0,1.0,1.0,0
14985,430.7170000000003,8.840260000000002,1.0,2.0,29.46,12.0,1.0,1.0,0.0,0.0,2.0,2.0,31.0,1.0,0.0,1.0,178.0,0.0,1.0,0.0,0
701241,319.3610000000001,2.1453000000000007,1.0,4.0,71.11,2.0,1.0,1.0,0.0,2.0,7.0,3.0,23.0,2.0,0.0,2.0,124.0,0.0,2.0,3.0,0
3245774,392.5650000000002,2.919500000000001,0.0,3.0,57.690000000000005,6.0,1.0,1.0,0.0,2.0,6.0,3.0,27.0,2.0,0.0,2.0,150.0,0.0,2.0,1.0,0
648047,337.4270000000002,3.1854400000000016,0.0,5.0,63.39,3.0,3.0,1.0,2.0,1.0,6.0,4.0,25.0,1.0,1.0,0.0,130.0,0.0,2.0,1.0,0
651999,470.5700000000003,2.4758,2.0,6.0,96.13,6.0,2.0,1.0,1.0,2.0,9.0,5.0,34.0,3.0,1.0,2.0,184.0,0.0,3.0,2.0,0
657474,345.3950000000002,2.393700000000001,1.0,5.0,81.7,4.0,1.0,1.0,0.0,3.0,6.0,4.0,25.0,3.0,3.0,0.0,134.0,0.0,0.0,1.0,0
644422,359.45500000000027,1.492,0.0,7.0,73.14,4.0,2.0,1.0,1.0,1.0,8.0,4.0,25.0,2.0,1.0,1.0,132.0,0.0,2.0,1.0,0
2560737,311.38500000000016,3.0153000000000016,1.0,4.0,64.11,6.0,2.0,1.0,1.0,0.0,5.0,3.0,23.0,1.0,1.0,0.0,120.0,0.0,1.0,1.0,0
740481,302.13100000000003,3.5611000000000024,0.0,4.0,51.81,2.0,3.0,1.0,2.0,0.0,5.0,3.0,18.0,0.0,0.0,0.0,88.0,0.0,2.0,0.0,0
2224351,336.43800000000005,3.1677000000000017,2.0,4.0,75.27000000000001,5.0,2.0,2.0,0.0,0.0,7.0,2.0,22.0,0.0,0.0,0.0,116.0,0.0,0.0,1.0,0
145995659,494.55900000000014,3.969800000000002,1.0,9.0,102.47,6.0,5.0,1.0,4.0,0.0,10.0,6.0,37.0,1.0,0.0,1.0,186.0,0.0,5.0,1.0,1
121416681,366.4250000000001,2.812920000000001,2.0,6.0,93.96,4.0,3.0,0.0,3.0,1.0,8.0,4.0,27.0,1.0,1.0,0.0,140.0,0.0,3.0,2.0,1
5307764,331.3720000000001,0.9048999999999996,2.0,4.0,87.73999999999998,6.0,1.0,1.0,0.0,1.0,7.0,3.0,24.0,2.0,0.0,2.0,128.0,0.0,2.0,3.0,0
688437,300.8330000000001,3.6768000000000014,0.0,2.0,6.48,3.0,2.0,2.0,0.0,1.0,3.0,3.0,21.0,1.0,0.0,1.0,110.0,0.0,1.0,0.0,0
667256,444.5110000000003,0.9315000000000008,0.0,9.0,77.53,7.0,3.0,1.0,2.0,1.0,10.0,4.0,32.0,1.0,0.0,1.0,172.0,0.0,3.0,0.0,0
818460,310.44100000000003,3.837800000000003,1.0,3.0,26.71,4.0,2.0,2.0,0.0,1.0,3.0,3.0,23.0,1.0,0.0,1.0,122.0,0.0,1.0,0.0,0
3242923,321.76,3.357300000000002,1.0,4.0,68.53999999999999,6.0,2.0,1.0,1.0,0.0,6.0,2.0,22.0,0.0,0.0,0.0,116.0,0.0,1.0,1.0,0
3243606,345.374,2.2053,1.0,4.0,65.79,5.0,2.0,1.0,1.0,1.0,7.0,3.0,25.0,1.0,0.0,1.0,132.0,0.0,2.0,2.0,0
2867228,289.389,3.295820000000001,2.0,7.0,76.72,3.0,3.0,0.0,3.0,0.0,7.0,3.0,19.0,0.0,0.0,0.0,96.0,0.0,3.0,0.0,0
973141,263.278,1.5083999999999995,1.0,6.0,77.10000000000001,4.0,2.0,1.0,1.0,0.0,7.0,3.0,18.0,1.0,0.0,1.0,92.0,0.0,2.0,0.0,0
653049,350.46500000000003,2.7137,1.0,5.0,72.63000000000001,4.0,2.0,2.0,0.0,1.0,7.0,3.0,23.0,1.0,0.0,1.0,122.0,0.0,1.0,0.0,0
645518,255.281,1.8181,1.0,6.0,68.25,3.0,3.0,0.0,3.0,0.0,6.0,4.0,19.0,1.0,1.0,0.0,96.0,0.0,3.0,0.0,0
6604803,309.391,1.1853,3.0,5.0,90.79,3.0,1.0,1.0,0.0,0.0,7.0,3.0,21.0,2.0,1.0,1.0,114.0,0.0,1.0,0.0,0
3242136,263.249,0.7074999999999998,1.0,4.0,76.07000000000001,2.0,1.0,1.0,0.0,1.0,6.0,3.0,19.0,2.0,0.0,2.0,100.0,1.0,2.0,1.0,0
888955,278.40600000000006,2.597700000000001,0.0,6.0,33.43000000000001,4.0,3.0,1.0,2.0,0.0,6.0,3.0,18.0,0.0,0.0,0.0,94.0,0.0,2.0,0.0,0
3246177,177.269,0.7543,1.0,3.0,40.54,5.0,0.0,0.0,0.0,0.0,4.0,0.0,11.0,0.0,0.0,0.0,66.0,0.0,0.0,0.0,0
3239912,379.41600000000005,3.793020000000002,1.0,6.0,94.32,7.0,3.0,2.0,1.0,0.0,7.0,3.0,28.0,0.0,0.0,0.0,144.0,0.0,1.0,1.0,0
1262329,364.4230000000002,0.9142,3.0,5.0,106.94,8.0,2.0,2.0,0.0,0.0,8.0,2.0,25.0,0.0,0.0,0.0,134.0,0.0,0.0,1.0,0
647716,361.4930000000001,3.884220000000002,0.0,5.0,46.84,3.0,3.0,2.0,1.0,0.0,5.0,4.0,27.0,1.0,0.0,1.0,140.0,0.0,2.0,0.0,0
6294,320.04600000000005,5.929000000000002,0.0,0.0,0.0,3.0,2.0,2.0,0.0,0.0,4.0,2.0,18.0,0.0,0.0,0.0,94.0,0.0,0.0,0.0,0
646660,407.4780000000002,1.8813999999999995,1.0,8.0,88.41000000000001,6.0,3.0,2.0,1.0,1.0,9.0,4.0,30.0,1.0,0.0,1.0,156.0,0.0,2.0,1.0,0
135449546,292.34200000000004,2.928040000000001,1.0,4.0,63.04,3.0,3.0,1.0,2.0,0.0,5.0,3.0,22.0,0.0,0.0,0.0,110.0,0.0,2.0,0.0,0
3000089,300.322,0.51108,2.0,8.0,123.31,2.0,2.0,0.0,2.0,1.0,8.0,3.0,22.0,1.0,0.0,1.0,114.0,0.0,3.0,0.0,0
1367,134.14199999999997,0.1450999999999994,1.0,4.0,56.73,0.0,2.0,1.0,1.0,0.0,4.0,2.0,10.0,0.0,0.0,0.0,50.0,0.0,1.0,0.0,0
645183,290.348,1.5994,0.0,6.0,68.21000000000001,3.0,2.0,0.0,2.0,1.0,7.0,3.0,20.0,1.0,0.0,1.0,104.0,0.0,3.0,1.0,0
851316,281.37700000000007,1.8629000000000004,0.0,3.0,54.45,3.0,1.0,1.0,0.0,1.0,5.0,2.0,19.0,1.0,0.0,1.0,104.0,0.0,1.0,1.0,0
653179,288.3470000000001,2.806420000000001,1.0,4.0,64.36,7.0,2.0,1.0,1.0,0.0,5.0,2.0,21.0,0.0,0.0,0.0,112.0,0.0,1.0,1.0,0
3240709,274.32,2.7360000000000007,1.0,4.0,64.36,5.0,2.0,1.0,1.0,0.0,5.0,2.0,20.0,0.0,0.0,0.0,106.0,0.0,1.0,1.0,0
135426150,361.8730000000002,2.574600000000001,2.0,5.0,64.92999999999999,5.0,1.0,1.0,0.0,1.0,6.0,3.0,25.0,2.0,1.0,1.0,134.0,0.0,1.0,0.0,0
3233418,429.4800000000003,3.7847000000000017,1.0,8.0,91.16,6.0,4.0,2.0,2.0,1.0,8.0,5.0,32.0,1.0,0.0,1.0,162.0,0.0,3.0,0.0,0
2972240,420.49400000000014,2.7578200000000006,1.0,6.0,76.34,2.0,3.0,2.0,1.0,1.0,8.0,5.0,30.0,2.0,0.0,2.0,152.0,1.0,3.0,2.0,0
135403571,305.3590000000001,0.8739999999999999,1.0,5.0,75.29,3.0,2.0,1.0,1.0,1.0,7.0,3.0,21.0,1.0,0.0,1.0,110.0,0.0,2.0,1.0,0
4618046,349.3390000000001,1.96062,1.0,6.0,97.47,3.0,3.0,1.0,2.0,0.0,8.0,3.0,24.0,0.0,0.0,0.0,124.0,0.0,2.0,0.0,0
3241228,342.23600000000005,1.8981,2.0,4.0,83.47,5.0,1.0,0.0,1.0,0.0,8.0,1.0,17.0,0.0,0.0,0.0,96.0,0.0,1.0,0.0,0
1137490,393.2370000000002,2.728800000000001,0.0,5.0,55.150000000000006,3.0,2.0,1.0,1.0,1.0,7.0,4.0,24.0,2.0,0.0,2.0,126.0,0.0,3.0,1.0,0
11949195,518.7040000000003,8.437300000000004,0.0,2.0,16.130000000000003,6.0,5.0,4.0,1.0,4.0,2.0,9.0,40.0,4.0,3.0,1.0,196.0,1.0,2.0,0.0,0
6604710,143.10600000000002,-1.7159000000000004,3.0,5.0,117.78000000000002,2.0,1.0,0.0,1.0,0.0,7.0,1.0,10.0,0.0,0.0,0.0,54.0,0.0,1.0,0.0,0
13,181.449,3.6468000000000007,0.0,0.0,0.0,0.0,1.0,1.0,0.0,0.0,3.0,1.0,9.0,0.0,0.0,0.0,48.0,0.0,0.0,0.0,0
3239323,440.58500000000026,1.515700000000001,1.0,5.0,72.96,8.0,1.0,1.0,0.0,2.0,9.0,3.0,30.0,2.0,0.0,2.0,168.0,0.0,2.0,1.0,0
865286,309.41600000000017,2.902700000000001,0.0,6.0,59.23,4.0,2.0,0.0,2.0,1.0,7.0,3.0,20.0,1.0,0.0,1.0,106.0,0.0,3.0,1.0,0
715139,278.26800000000003,1.0827999999999998,2.0,6.0,98.36,5.0,2.0,1.0,1.0,0.0,8.0,2.0,20.0,0.0,0.0,0.0,106.0,0.0,1.0,1.0,0
2158975,488.5660000000002,3.8168000000000015,1.0,8.0,123.86,11.0,3.0,2.0,1.0,0.0,11.0,3.0,34.0,0.0,0.0,0.0,182.0,0.0,1.0,1.0,0
651693,484.5120000000002,3.556300000000003,1.0,7.0,114.63,9.0,4.0,2.0,2.0,0.0,9.0,4.0,36.0,0.0,0.0,0.0,182.0,0.0,2.0,2.0,0
3243597,327.45300000000003,4.388900000000003,1.0,4.0,46.92,6.0,3.0,1.0,2.0,0.0,5.0,3.0,23.0,0.0,0.0,0.0,120.0,0.0,2.0,1.0,0
646482,354.4060000000001,2.542300000000001,1.0,5.0,60.03,4.0,2.0,2.0,0.0,1.0,6.0,4.0,26.0,2.0,0.0,2.0,136.0,0.0,2.0,1.0,0
92044852,312.333,1.4421199999999998,4.0,5.0,115.82,4.0,3.0,0.0,3.0,0.0,8.0,3.0,23.0,0.0,0.0,0.0,118.0,0.0,3.0,2.0,1
1308992,433.8960000000002,0.7704999999999995,0.0,8.0,91.24,6.0,3.0,1.0,2.0,0.0,10.0,3.0,30.0,0.0,0.0,0.0,160.0,0.0,2.0,1.0,0
656143,233.231,0.4709999999999999,1.0,6.0,81.92999999999999,3.0,2.0,1.0,1.0,0.0,7.0,2.0,17.0,0.0,0.0,0.0,88.0,0.0,1.0,1.0,0
708278,347.3670000000001,3.1374200000000023,0.0,6.0,78.21,3.0,2.0,1.0,1.0,1.0,7.0,3.0,25.0,1.0,0.0,1.0,134.0,0.0,2.0,1.0,0
962431,266.344,3.193740000000002,1.0,3.0,38.05,3.0,3.0,2.0,1.0,0.0,3.0,3.0,20.0,0.0,0.0,0.0,102.0,0.0,1.0,0.0,0
2999938,439.5340000000003,2.2212999999999994,3.0,7.0,126.74,9.0,1.0,0.0,1.0,1.0,10.0,2.0,30.0,1.0,1.0,0.0,166.0,0.0,1.0,4.0,0
5459601,555.6750000000003,6.004300000000006,2.0,6.0,106.62,10.0,3.0,2.0,1.0,1.0,8.0,4.0,41.0,1.0,1.0,0.0,214.0,0.0,1.0,2.0,0
135415526,299.399,3.256190000000002,2.0,4.0,60.21,4.0,2.0,1.0,1.0,0.0,5.0,3.0,21.0,1.0,0.0,1.0,108.0,0.0,2.0,0.0,0
657786,241.29,3.261340000000001,2.0,2.0,49.33,2.0,2.0,2.0,0.0,0.0,3.0,2.0,18.0,0.0,0.0,0.0,92.0,0.0,0.0,1.0,0
647860,296.3310000000001,0.24428,0.0,9.0,96.63,9.0,1.0,0.0,1.0,0.0,9.0,1.0,21.0,0.0,0.0,0.0,116.0,0.0,1.0,0.0,0
666544,312.39400000000006,3.6155000000000017,1.0,4.0,51.1,3.0,3.0,1.0,2.0,0.0,5.0,3.0,22.0,0.0,0.0,0.0,112.0,0.0,2.0,1.0,0
2094369,291.332,0.7071999999999998,1.0,5.0,78.04,4.0,2.0,0.0,2.0,0.0,7.0,2.0,20.0,0.0,0.0,0.0,104.0,0.0,2.0,2.0,0
3670604,242.34,1.3327,1.0,3.0,46.53,7.0,1.0,1.0,0.0,0.0,4.0,1.0,16.0,0.0,0.0,0.0,90.0,0.0,0.0,0.0,0
648660,343.3790000000001,1.7111999999999996,0.0,5.0,65.07,4.0,1.0,1.0,0.0,2.0,6.0,4.0,25.0,3.0,0.0,3.0,132.0,1.0,3.0,1.0,0
3234914,315.35800000000006,1.7008,1.0,6.0,89.77,4.0,3.0,1.0,2.0,0.0,8.0,3.0,22.0,0.0,0.0,0.0,112.0,0.0,2.0,0.0,0
660278,442.4970000000002,2.5126800000000005,2.0,9.0,130.41000000000005,8.0,1.0,0.0,1.0,0.0,10.0,2.0,31.0,1.0,0.0,1.0,162.0,0.0,2.0,2.0,0
650681,314.3890000000001,2.21924,1.0,5.0,71.26,4.0,2.0,0.0,2.0,1.0,6.0,3.0,23.0,1.0,0.0,1.0,122.0,0.0,3.0,1.0,0
654217,322.4120000000001,3.051520000000001,2.0,4.0,77.81,5.0,2.0,1.0,1.0,1.0,5.0,3.0,24.0,1.0,1.0,0.0,124.0,0.0,1.0,1.0,0
649716,247.319,2.937900000000001,1.0,3.0,38.33,4.0,2.0,1.0,1.0,0.0,4.0,2.0,17.0,0.0,0.0,0.0,88.0,0.0,1.0,1.0,0
1281347,350.4150000000001,2.3452,0.0,4.0,49.85000000000001,4.0,2.0,2.0,0.0,1.0,7.0,3.0,24.0,1.0,0.0,1.0,128.0,0.0,1.0,0.0,0
645481,336.40200000000004,0.9204199999999998,1.0,9.0,98.46,4.0,3.0,0.0,3.0,0.0,10.0,3.0,22.0,0.0,0.0,0.0,114.0,0.0,3.0,0.0,0
645140,446.5730000000002,3.8355400000000026,0.0,6.0,66.4,4.0,3.0,1.0,2.0,2.0,9.0,5.0,30.0,2.0,1.0,1.0,158.0,0.0,3.0,0.0,0
2887552,286.327,3.300340000000001,0.0,4.0,56.51,2.0,2.0,1.0,1.0,1.0,4.0,3.0,21.0,1.0,1.0,0.0,110.0,0.0,1.0,0.0,0
2999314,289.3830000000001,1.3941999999999988,1.0,5.0,72.7,4.0,1.0,0.0,1.0,4.0,6.0,5.0,21.0,4.0,4.0,0.0,114.0,0.0,1.0,1.0,0
2319923,319.2350000000001,2.0493,1.0,5.0,66.02000000000001,3.0,1.0,1.0,0.0,1.0,9.0,3.0,22.0,2.0,0.0,2.0,120.0,0.0,2.0,1.0,0
2819082,249.36,3.330480000000001,0.0,4.0,40.86,4.0,1.0,1.0,0.0,0.0,4.0,1.0,16.0,0.0,0.0,0.0,82.0,0.0,0.0,0.0,1
2999615,428.46300000000025,-0.1348999999999987,2.0,8.0,131.47,7.0,1.0,1.0,0.0,2.0,11.0,3.0,29.0,2.0,0.0,2.0,160.0,0.0,2.0,1.0,0
970117,280.28700000000003,1.5808,1.0,5.0,76.88,2.0,3.0,1.0,2.0,0.0,6.0,3.0,21.0,0.0,0.0,0.0,104.0,0.0,2.0,1.0,0
6604404,261.252,2.346,1.0,3.0,59.3,1.0,2.0,1.0,1.0,0.0,5.0,3.0,19.0,1.0,0.0,1.0,98.0,0.0,2.0,0.0,0
3233775,366.349,4.299700000000003,1.0,2.0,15.27,2.0,1.0,1.0,0.0,2.0,8.0,3.0,25.0,2.0,0.0,2.0,140.0,1.0,2.0,0.0,0
2192973,384.4570000000002,3.216400000000002,2.0,4.0,92.34,6.0,2.0,2.0,0.0,2.0,7.0,4.0,27.0,2.0,2.0,0.0,140.0,0.0,0.0,2.0,0
5389846,391.86300000000017,1.2749999999999997,1.0,9.0,91.67000000000002,7.0,3.0,0.0,3.0,0.0,10.0,3.0,27.0,0.0,0.0,0.0,144.0,0.0,3.0,0.0,0
6603973,616.8360000000001,5.752900000000006,3.0,8.0,130.36,15.0,0.0,0.0,0.0,2.0,8.0,4.0,44.0,4.0,4.0,0.0,248.0,0.0,0.0,0.0,0
2889735,281.377,2.3259000000000007,1.0,4.0,47.56,5.0,1.0,1.0,0.0,1.0,5.0,2.0,19.0,1.0,0.0,1.0,104.0,0.0,1.0,1.0,0
658155,301.21399999999994,3.312100000000001,1.0,1.0,29.1,3.0,2.0,2.0,0.0,0.0,7.0,2.0,21.0,0.0,0.0,0.0,110.0,0.0,0.0,1.0,0
889170,334.47000000000014,2.23809,1.0,6.0,54.5,2.0,2.0,1.0,1.0,1.0,7.0,3.0,22.0,1.0,0.0,1.0,116.0,0.0,2.0,1.0,0
654348,354.4280000000002,1.7528999999999992,1.0,5.0,92.78,7.0,1.0,1.0,0.0,1.0,8.0,2.0,24.0,1.0,0.0,1.0,132.0,0.0,1.0,1.0,0
2236117,389.45200000000006,3.783420000000003,0.0,5.0,76.30000000000001,6.0,3.0,2.0,1.0,0.0,8.0,3.0,27.0,0.0,0.0,0.0,142.0,0.0,1.0,0.0,0
2623396,388.5120000000004,4.303900000000003,0.0,5.0,51.02,5.0,2.0,1.0,1.0,2.0,7.0,4.0,27.0,2.0,1.0,1.0,144.0,0.0,2.0,1.0,0
2998977,337.4080000000001,3.0711200000000014,1.0,6.0,64.22,4.0,4.0,1.0,3.0,0.0,7.0,4.0,24.0,0.0,0.0,0.0,120.0,0.0,3.0,1.0,0
2998459,332.42900000000003,1.96302,1.0,6.0,69.03999999999999,6.0,2.0,1.0,1.0,1.0,7.0,3.0,23.0,1.0,0.0,1.0,122.0,0.0,2.0,1.0,0
3243126,381.4320000000001,2.0093,0.0,6.0,65.7,1.0,3.0,1.0,2.0,2.0,7.0,5.0,28.0,2.0,0.0,2.0,146.0,1.0,4.0,1.0,0
654039,184.155,-0.0136000000000006,2.0,5.0,97.12,2.0,1.0,0.0,1.0,0.0,7.0,1.0,13.0,0.0,0.0,0.0,70.0,0.0,1.0,2.0,0
308963,329.35200000000003,3.998800000000003,3.0,4.0,95.86,3.0,2.0,2.0,0.0,0.0,6.0,2.0,24.0,0.0,0.0,0.0,126.0,0.0,0.0,1.0,0
650069,477.59000000000015,3.0680000000000014,1.0,7.0,89.35000000000001,11.0,4.0,2.0,2.0,0.0,9.0,4.0,34.0,0.0,0.0,0.0,176.0,0.0,2.0,2.0,0
347384,235.286,2.712500000000001,1.0,1.0,43.09,3.0,2.0,2.0,0.0,0.0,2.0,3.0,18.0,1.0,1.0,0.0,88.0,0.0,0.0,1.0,0
3162370,305.761,2.959200000000002,1.0,3.0,55.4,2.0,1.0,1.0,0.0,0.0,5.0,3.0,21.0,2.0,1.0,1.0,110.0,0.0,1.0,1.0,0
2937278,440.4960000000002,3.433900000000002,1.0,6.0,86.33000000000001,9.0,2.0,2.0,0.0,0.0,8.0,3.0,32.0,1.0,0.0,1.0,170.0,0.0,1.0,2.0,0
2131669,395.4840000000001,3.4300000000000024,2.0,5.0,83.68999999999998,8.0,3.0,2.0,1.0,0.0,7.0,3.0,28.0,0.0,0.0,0.0,144.0,0.0,1.0,1.0,0
5308723,325.36800000000005,1.6138000000000003,1.0,4.0,71.53,6.0,2.0,1.0,1.0,0.0,6.0,3.0,24.0,1.0,0.0,1.0,124.0,0.0,2.0,2.0,0
1510322,267.332,1.7222,1.0,4.0,45.23,3.0,2.0,1.0,1.0,1.0,4.0,3.0,20.0,1.0,0.0,1.0,102.0,0.0,2.0,0.0,0
3241773,391.57800000000026,1.7099000000000009,1.0,4.0,78.95,11.0,0.0,0.0,0.0,1.0,8.0,1.0,26.0,1.0,0.0,1.0,154.0,0.0,1.0,1.0,0
3242217,469.5450000000002,3.8136000000000014,1.0,5.0,78.01,3.0,3.0,2.0,1.0,2.0,8.0,6.0,35.0,3.0,0.0,3.0,178.0,0.0,4.0,3.0,0
2999464,479.6100000000003,3.8332000000000015,1.0,9.0,103.39,11.0,4.0,1.0,3.0,0.0,10.0,4.0,34.0,0.0,0.0,0.0,178.0,0.0,3.0,0.0,0
3238599,453.58700000000033,2.963800000000001,1.0,8.0,90.92,5.0,2.0,0.0,2.0,5.0,8.0,7.0,33.0,5.0,5.0,0.0,178.0,0.0,2.0,0.0,0
3432298,337.42300000000006,2.3216,1.0,3.0,62.3,6.0,2.0,1.0,1.0,1.0,5.0,3.0,25.0,1.0,0.0,1.0,130.0,0.0,2.0,2.0,0
9587707,217.27599999999995,1.43748,0.0,4.0,57.21,2.0,1.0,0.0,1.0,1.0,5.0,2.0,16.0,1.0,0.0,1.0,84.0,0.0,2.0,0.0,0
661179,305.3370000000001,2.1811,0.0,5.0,48.93,1.0,4.0,2.0,2.0,0.0,5.0,4.0,23.0,0.0,0.0,0.0,114.0,0.0,2.0,0.0,0
652439,388.53700000000026,3.5360200000000024,0.0,6.0,60.25,7.0,2.0,1.0,1.0,1.0,7.0,3.0,27.0,1.0,0.0,1.0,146.0,0.0,2.0,1.0,0
2328314,385.54300000000006,4.546500000000003,0.0,8.0,56.49,7.0,4.0,2.0,2.0,0.0,8.0,4.0,25.0,0.0,0.0,0.0,126.0,0.0,2.0,0.0,0
3238085,331.41600000000005,1.8770000000000004,2.0,4.0,74.57,8.0,2.0,1.0,1.0,0.0,6.0,2.0,24.0,0.0,0.0,0.0,130.0,0.0,1.0,1.0,0
1072238,384.42300000000006,3.2119000000000018,0.0,3.0,40.620000000000005,4.0,2.0,2.0,0.0,1.0,8.0,3.0,26.0,1.0,0.0,1.0,140.0,0.0,1.0,0.0,0
3233453,279.4090000000001,1.9775000000000005,0.0,4.0,36.440000000000005,2.0,1.0,0.0,1.0,2.0,5.0,3.0,19.0,2.0,0.0,2.0,104.0,1.0,3.0,1.0,0
644890,421.54900000000026,2.738900000000001,0.0,8.0,72.20000000000002,6.0,3.0,1.0,2.0,1.0,8.0,4.0,31.0,1.0,0.0,1.0,164.0,0.0,3.0,0.0,0
645846,402.5490000000003,3.7210800000000015,1.0,8.0,96.49,5.0,2.0,0.0,2.0,1.0,9.0,4.0,27.0,2.0,2.0,0.0,142.0,0.0,2.0,1.0,0
790878,262.261,2.8432200000000014,0.0,5.0,65.74000000000001,3.0,2.0,1.0,1.0,0.0,5.0,2.0,19.0,0.0,0.0,0.0,100.0,0.0,1.0,0.0,0
11447821,240.29899999999992,1.4258,1.0,4.0,55.760000000000005,2.0,0.0,0.0,0.0,1.0,4.0,2.0,17.0,2.0,1.0,1.0,96.0,0.0,1.0,0.0,0
3243007,361.4880000000001,3.8029000000000015,2.0,5.0,62.32000000000001,2.0,2.0,1.0,1.0,2.0,6.0,5.0,24.0,3.0,2.0,1.0,126.0,0.0,2.0,0.0,0
3232721,503.48700000000014,5.847440000000006,0.0,4.0,49.580000000000005,3.0,2.0,1.0,1.0,2.0,11.0,4.0,35.0,2.0,0.0,2.0,192.0,1.0,3.0,1.0,0
2968259,308.2219999999999,2.3479,2.0,2.0,50.36,3.0,0.0,0.0,0.0,1.0,10.0,1.0,20.0,1.0,0.0,1.0,118.0,0.0,1.0,2.0,0
2978907,423.49400000000014,4.017940000000002,2.0,6.0,93.46,5.0,3.0,2.0,1.0,0.0,8.0,4.0,30.0,1.0,0.0,1.0,154.0,0.0,2.0,2.0,0
869146,326.3960000000001,2.779700000000001,1.0,4.0,50.8,5.0,2.0,2.0,0.0,1.0,5.0,3.0,24.0,1.0,0.0,1.0,126.0,0.0,1.0,1.0,0
676284,284.182,3.3900900000000016,1.0,3.0,33.61,2.0,2.0,1.0,1.0,0.0,5.0,2.0,15.0,0.0,0.0,0.0,78.0,0.0,1.0,0.0,0
3787293,244.338,3.440820000000002,0.0,3.0,27.05,7.0,2.0,1.0,1.0,0.0,3.0,2.0,18.0,0.0,0.0,0.0,96.0,0.0,1.0,0.0,0
2239896,404.4960000000001,1.3210999999999995,2.0,9.0,109.34,10.0,2.0,1.0,1.0,0.0,10.0,2.0,28.0,0.0,0.0,0.0,150.0,0.0,1.0,1.0,0
351531,196.202,1.5487,1.0,3.0,55.760000000000005,5.0,1.0,1.0,0.0,0.0,4.0,1.0,14.0,0.0,0.0,0.0,76.0,0.0,0.0,0.0,0
866512,302.34100000000007,2.8226000000000013,1.0,6.0,68.52000000000001,4.0,4.0,1.0,3.0,0.0,6.0,4.0,23.0,0.0,0.0,0.0,112.0,0.0,3.0,0.0,0
3236551,472.5490000000002,2.3473999999999995,1.0,8.0,93.76,7.0,4.0,2.0,2.0,1.0,9.0,5.0,35.0,1.0,0.0,1.0,180.0,0.0,3.0,1.0,0
973958,340.40100000000007,1.1937999999999995,0.0,5.0,76.15,4.0,1.0,1.0,0.0,1.0,8.0,3.0,23.0,2.0,0.0,2.0,126.0,0.0,2.0,1.0,0
3240312,454.5270000000002,3.292320000000003,1.0,5.0,82.61,5.0,3.0,2.0,1.0,1.0,9.0,4.0,32.0,1.0,0.0,1.0,166.0,0.0,2.0,1.0,0
16134261,1664.9219999999996,0.7739000000000107,17.0,31.0,562.7399999999999,12.0,5.0,0.0,5.0,0.0,42.0,10.0,114.0,5.0,1.0,4.0,606.0,0.0,9.0,11.0,0
3247349,345.42,2.5153000000000008,1.0,4.0,72.47,6.0,2.0,2.0,0.0,1.0,6.0,3.0,24.0,1.0,1.0,0.0,126.0,0.0,0.0,0.0,0
2243562,270.332,3.3253200000000014,2.0,2.0,50.36,4.0,2.0,2.0,0.0,0.0,4.0,2.0,20.0,0.0,0.0,0.0,104.0,0.0,0.0,2.0,0
744090,277.27,3.560700000000001,1.0,3.0,38.33,5.0,2.0,2.0,0.0,0.0,5.0,2.0,20.0,0.0,0.0,0.0,104.0,0.0,0.0,0.0,0
3794663,370.3310000000001,1.2306999999999997,2.0,6.0,90.69,5.0,2.0,1.0,1.0,0.0,10.0,2.0,26.0,0.0,0.0,0.0,140.0,0.0,1.0,0.0,0
2998336,263.274,1.7686,0.0,6.0,65.49000000000001,2.0,2.0,1.0,1.0,1.0,6.0,3.0,18.0,1.0,0.0,1.0,92.0,0.0,2.0,0.0,0
652628,286.356,4.463200000000001,2.0,4.0,50.36,2.0,2.0,2.0,0.0,0.0,5.0,3.0,20.0,1.0,0.0,1.0,102.0,0.0,1.0,1.0,0
898151,285.321,2.03652,2.0,5.0,92.7,6.0,1.0,0.0,1.0,0.0,7.0,1.0,19.0,0.0,0.0,0.0,104.0,0.0,1.0,1.0,0
118381018,356.4050000000001,3.8000000000000016,4.0,4.0,94.73,5.0,3.0,1.0,2.0,0.0,8.0,3.0,26.0,0.0,0.0,0.0,136.0,0.0,2.0,2.0,1
736392,313.36100000000005,1.8393,1.0,5.0,70.59,3.0,2.0,1.0,1.0,1.0,7.0,3.0,23.0,1.0,0.0,1.0,120.0,0.0,2.0,2.0,0
876327,334.7340000000001,3.9655200000000015,1.0,4.0,68.27000000000001,4.0,3.0,1.0,2.0,0.0,7.0,3.0,23.0,0.0,0.0,0.0,118.0,0.0,2.0,1.0,0
2422597,377.4290000000001,3.2070000000000016,0.0,8.0,82.79,6.0,4.0,2.0,2.0,0.0,8.0,4.0,27.0,0.0,0.0,0.0,134.0,0.0,2.0,0.0,0
89536037,339.39900000000006,3.3771000000000013,3.0,4.0,91.93,6.0,3.0,1.0,2.0,0.0,7.0,3.0,25.0,0.0,0.0,0.0,130.0,0.0,2.0,2.0,1
653284,329.44400000000024,3.379400000000002,2.0,2.0,61.440000000000005,3.0,1.0,1.0,0.0,2.0,5.0,3.0,24.0,2.0,1.0,1.0,130.0,0.0,1.0,3.0,0
651841,381.4760000000001,3.189300000000001,2.0,3.0,70.67,6.0,2.0,2.0,0.0,1.0,6.0,3.0,28.0,1.0,0.0,1.0,148.0,0.0,1.0,3.0,0
3236566,394.4710000000001,4.013720000000004,0.0,5.0,60.77000000000001,6.0,3.0,2.0,1.0,0.0,6.0,3.0,29.0,0.0,0.0,0.0,152.0,0.0,1.0,1.0,0
3232931,330.432,2.1277,1.0,3.0,65.54,2.0,1.0,0.0,1.0,2.0,6.0,3.0,24.0,2.0,0.0,2.0,130.0,1.0,3.0,3.0,0
16758970,305.3300000000001,1.9961,1.0,5.0,81.69999999999999,4.0,1.0,1.0,0.0,1.0,6.0,2.0,22.0,1.0,1.0,0.0,118.0,0.0,0.0,1.0,0
3244934,361.40100000000007,3.947200000000002,1.0,5.0,69.29,6.0,4.0,2.0,2.0,0.0,6.0,4.0,27.0,0.0,0.0,0.0,136.0,0.0,2.0,1.0,0
699972,294.328,2.4554,0.0,6.0,61.830000000000005,4.0,2.0,1.0,1.0,0.0,6.0,2.0,20.0,0.0,0.0,0.0,106.0,0.0,1.0,0.0,0
2999166,413.5430000000002,2.1118,0.0,4.0,60.93000000000001,4.0,2.0,2.0,0.0,1.0,7.0,4.0,29.0,2.0,0.0,2.0,154.0,0.0,2.0,1.0,0
658118,436.2910000000002,2.5094000000000003,1.0,8.0,98.71,5.0,4.0,1.0,3.0,0.0,10.0,4.0,26.0,0.0,0.0,0.0,134.0,0.0,3.0,0.0,1
2998794,400.3310000000001,3.546000000000002,1.0,4.0,52.65,4.0,2.0,2.0,0.0,1.0,8.0,3.0,25.0,1.0,0.0,1.0,134.0,0.0,1.0,0.0,0
3239368,339.3950000000001,1.7551,1.0,4.0,71.53,6.0,2.0,1.0,1.0,1.0,6.0,3.0,25.0,1.0,0.0,1.0,130.0,0.0,2.0,2.0,0
658413,322.43300000000005,1.8453,0.0,9.0,78.38000000000001,6.0,1.0,0.0,1.0,0.0,9.0,1.0,19.0,0.0,0.0,0.0,106.0,0.0,1.0,0.0,0
3242656,487.3970000000001,3.321200000000002,1.0,6.0,84.94,4.0,2.0,1.0,1.0,1.0,10.0,4.0,28.0,2.0,0.0,2.0,150.0,0.0,3.0,1.0,0
135415469,186.17,1.6693,1.0,3.0,58.89,0.0,3.0,1.0,2.0,0.0,4.0,3.0,14.0,0.0,0.0,0.0,68.0,0.0,2.0,0.0,0
1407194,440.2750000000001,3.700040000000001,2.0,6.0,114.44,5.0,3.0,1.0,2.0,0.0,10.0,3.0,26.0,0.0,0.0,0.0,136.0,0.0,2.0,1.0,0
3239595,469.9940000000004,4.436700000000004,0.0,5.0,66.65,4.0,3.0,1.0,2.0,1.0,8.0,5.0,32.0,2.0,1.0,1.0,166.0,0.0,3.0,2.0,0
2960828,463.53400000000033,3.689420000000002,3.0,5.0,107.97,6.0,2.0,2.0,0.0,1.0,8.0,4.0,34.0,2.0,1.0,1.0,178.0,0.0,1.0,2.0,0
977848,336.4130000000001,2.704620000000001,0.0,6.0,78.26000000000002,3.0,2.0,1.0,1.0,0.0,7.0,2.0,23.0,0.0,0.0,0.0,124.0,0.0,1.0,0.0,0
3235744,360.3660000000001,1.0027999999999997,4.0,6.0,117.12000000000002,7.0,2.0,2.0,0.0,0.0,8.0,2.0,26.0,0.0,0.0,0.0,138.0,0.0,0.0,2.0,0
651834,499.5860000000004,1.886,1.0,6.0,113.09,10.0,2.0,2.0,0.0,1.0,12.0,3.0,33.0,1.0,0.0,1.0,180.0,0.0,1.0,1.0,0
3235044,348.41000000000014,1.95138,0.0,7.0,87.7,6.0,3.0,1.0,2.0,0.0,7.0,3.0,26.0,0.0,0.0,0.0,132.0,0.0,2.0,0.0,0
651107,266.304,1.96772,1.0,4.0,59.290000000000006,3.0,3.0,0.0,3.0,0.0,5.0,3.0,20.0,0.0,0.0,0.0,100.0,0.0,3.0,1.0,0
648925,454.5710000000002,3.2394000000000007,2.0,5.0,86.9,6.0,2.0,1.0,1.0,2.0,8.0,5.0,33.0,3.0,1.0,2.0,178.0,0.0,3.0,2.0,0
667015,412.5370000000004,4.215620000000004,0.0,5.0,49.330000000000005,4.0,3.0,2.0,1.0,1.0,5.0,5.0,31.0,2.0,1.0,1.0,158.0,0.0,2.0,0.0,0
2947059,313.35300000000007,1.7084,0.0,4.0,55.84,3.0,1.0,1.0,0.0,2.0,5.0,4.0,23.0,3.0,0.0,3.0,120.0,1.0,3.0,1.0,0
254792,246.649,3.706400000000001,0.0,3.0,43.35,1.0,3.0,1.0,2.0,0.0,4.0,3.0,17.0,0.0,0.0,0.0,84.0,0.0,2.0,0.0,0
135538518,362.4620000000001,3.532210000000002,2.0,6.0,83.24000000000001,4.0,4.0,1.0,3.0,0.0,7.0,4.0,26.0,0.0,0.0,0.0,130.0,0.0,3.0,0.0,0
3236901,382.53000000000026,1.886539999999999,1.0,5.0,84.30000000000001,4.0,1.0,0.0,1.0,2.0,8.0,3.0,26.0,2.0,1.0,1.0,146.0,0.0,2.0,1.0,0
3236187,397.5220000000002,2.8199400000000017,1.0,7.0,88.07000000000001,6.0,1.0,0.0,1.0,1.0,9.0,2.0,26.0,1.0,0.0,1.0,142.0,0.0,2.0,2.0,0
935206,333.81900000000013,3.3272000000000013,1.0,4.0,48.72,4.0,2.0,1.0,1.0,1.0,6.0,3.0,23.0,1.0,0.0,1.0,122.0,0.0,2.0,1.0,0
945142,307.357,3.291260000000002,1.0,6.0,80.66000000000001,3.0,3.0,1.0,2.0,0.0,6.0,3.0,23.0,0.0,0.0,0.0,116.0,0.0,2.0,0.0,0
895015,253.301,3.2661000000000016,1.0,2.0,46.17,4.0,2.0,2.0,0.0,0.0,3.0,2.0,19.0,0.0,0.0,0.0,96.0,0.0,0.0,1.0,0
653069,241.26900000000003,3.085500000000001,1.0,3.0,29.33,3.0,3.0,1.0,2.0,0.0,4.0,3.0,18.0,0.0,0.0,0.0,90.0,0.0,2.0,0.0,0
135416181,264.306,1.6686,1.0,6.0,64.35,3.0,2.0,1.0,1.0,0.0,6.0,2.0,18.0,0.0,0.0,0.0,94.0,0.0,1.0,0.0,0
4330530,236.355,3.339400000000002,0.0,2.0,26.3,0.0,0.0,0.0,0.0,3.0,2.0,3.0,17.0,3.0,1.0,2.0,96.0,0.0,2.0,0.0,0
3238543,422.5250000000003,3.5282000000000027,0.0,5.0,62.99,3.0,2.0,1.0,1.0,5.0,6.0,7.0,31.0,5.0,4.0,1.0,164.0,0.0,2.0,1.0,0
5309275,479.5620000000002,3.5000800000000023,0.0,7.0,101.54,5.0,4.0,2.0,2.0,0.0,10.0,5.0,34.0,1.0,0.0,1.0,176.0,0.0,3.0,1.0,0
669507,268.36,3.3091000000000017,1.0,2.0,41.99,3.0,2.0,1.0,1.0,0.0,3.0,2.0,20.0,0.0,0.0,0.0,104.0,0.0,1.0,1.0,0
3236174,497.57700000000034,2.4577,1.0,9.0,110.03,9.0,3.0,2.0,1.0,1.0,11.0,4.0,35.0,1.0,0.0,1.0,184.0,0.0,2.0,2.0,0
666753,375.4320000000002,3.937820000000003,1.0,7.0,85.96000000000001,3.0,4.0,0.0,4.0,0.0,7.0,5.0,28.0,1.0,0.0,1.0,142.0,0.0,5.0,0.0,1
135415530,345.3620000000001,2.6241000000000003,2.0,6.0,96.16,4.0,4.0,2.0,2.0,0.0,7.0,4.0,26.0,0.0,0.0,0.0,128.0,0.0,2.0,0.0,0
650772,358.3060000000001,1.69792,0.0,9.0,113.65,4.0,3.0,0.0,3.0,0.0,9.0,3.0,26.0,0.0,0.0,0.0,134.0,0.0,3.0,0.0,0
745091,293.21599999999995,1.8662,0.0,4.0,38.77,2.0,1.0,1.0,0.0,1.0,8.0,2.0,20.0,1.0,0.0,1.0,110.0,0.0,1.0,0.0,0
8407,214.224,3.338400000000001,1.0,3.0,55.17,3.0,2.0,2.0,0.0,0.0,4.0,2.0,16.0,0.0,0.0,0.0,80.0,0.0,0.0,0.0,1
651556,351.40600000000023,1.8051,1.0,3.0,73.48,2.0,2.0,1.0,1.0,2.0,6.0,5.0,26.0,3.0,1.0,2.0,134.0,0.0,3.0,3.0,0
3234559,343.4560000000001,2.4559000000000006,0.0,6.0,62.220000000000006,2.0,2.0,0.0,2.0,2.0,7.0,4.0,24.0,2.0,0.0,2.0,126.0,1.0,4.0,1.0,0
662281,321.26200000000006,3.4952000000000023,0.0,2.0,6.48,1.0,1.0,1.0,0.0,4.0,3.0,5.0,19.0,4.0,0.0,4.0,102.0,0.0,4.0,0.0,0
2927621,368.4990000000001,2.6887000000000008,1.0,4.0,75.71000000000001,6.0,1.0,1.0,0.0,1.0,7.0,2.0,25.0,1.0,1.0,0.0,140.0,0.0,0.0,1.0,0
3603231,422.5290000000003,5.0213000000000045,1.0,6.0,83.36000000000001,8.0,2.0,2.0,0.0,1.0,7.0,3.0,31.0,1.0,1.0,0.0,164.0,0.0,0.0,1.0,1
16758658,506.5520000000004,0.4615999999999995,3.0,10.0,151.26000000000002,9.0,1.0,0.0,1.0,4.0,11.0,5.0,36.0,4.0,2.0,2.0,198.0,0.0,3.0,2.0,0
3246423,370.35700000000014,3.373000000000002,4.0,6.0,128.2,2.0,1.0,1.0,0.0,1.0,7.0,4.0,27.0,3.0,2.0,1.0,140.0,0.0,1.0,0.0,0
3243979,373.4560000000001,3.654320000000003,0.0,4.0,55.2,3.0,3.0,1.0,2.0,0.0,5.0,4.0,28.0,1.0,0.0,1.0,142.0,0.0,3.0,1.0,0
666274,434.4700000000002,3.1712000000000016,2.0,7.0,115.95000000000002,8.0,3.0,2.0,1.0,0.0,10.0,3.0,30.0,0.0,0.0,0.0,160.0,0.0,1.0,0.0,0
663913,286.37500000000006,2.921100000000001,1.0,2.0,53.17,4.0,2.0,1.0,1.0,0.0,4.0,2.0,21.0,0.0,0.0,0.0,112.0,0.0,1.0,1.0,0
2099919,382.5070000000001,2.826320000000001,1.0,4.0,83.55000000000001,7.0,2.0,2.0,0.0,0.0,8.0,2.0,25.0,0.0,0.0,0.0,136.0,0.0,0.0,0.0,0
655989,295.338,3.8136000000000014,1.0,3.0,55.37,6.0,3.0,1.0,2.0,0.0,4.0,3.0,22.0,0.0,0.0,0.0,112.0,0.0,2.0,0.0,0
3243769,419.5220000000002,2.9160000000000013,1.0,6.0,93.63,12.0,2.0,1.0,1.0,0.0,8.0,2.0,30.0,0.0,0.0,0.0,166.0,0.0,1.0,1.0,0
665463,342.4200000000001,2.944400000000001,1.0,4.0,62.55,3.0,2.0,1.0,1.0,1.0,6.0,4.0,24.0,2.0,0.0,2.0,124.0,0.0,3.0,2.0,0
2336432,300.33500000000004,3.8424200000000015,0.0,5.0,56.510000000000005,4.0,3.0,1.0,2.0,0.0,5.0,3.0,21.0,0.0,0.0,0.0,106.0,0.0,2.0,0.0,0
2997954,311.337,3.536700000000001,1.0,4.0,64.63000000000001,7.0,2.0,2.0,0.0,0.0,5.0,2.0,23.0,0.0,0.0,0.0,118.0,0.0,0.0,1.0,0
660270,432.4980000000003,2.50948,1.0,8.0,114.72000000000004,9.0,1.0,1.0,0.0,0.0,9.0,2.0,30.0,1.0,0.0,1.0,160.0,0.0,1.0,1.0,0
660203,237.324,2.1721,1.0,3.0,32.7,2.0,1.0,1.0,0.0,1.0,4.0,2.0,16.0,1.0,0.0,1.0,86.0,0.0,1.0,0.0,0
9568676,391.4710000000001,3.5392800000000024,0.0,5.0,74.91999999999999,3.0,1.0,1.0,0.0,1.0,6.0,4.0,29.0,3.0,1.0,2.0,150.0,0.0,2.0,0.0,0
135415452,167.193,1.1534000000000002,1.0,5.0,69.27,1.0,1.0,0.0,1.0,0.0,5.0,1.0,11.0,0.0,0.0,0.0,56.0,0.0,1.0,0.0,0
121418098,413.4850000000001,3.0010200000000014,3.0,6.0,96.76,4.0,4.0,1.0,3.0,1.0,8.0,5.0,31.0,1.0,0.0,1.0,156.0,0.0,4.0,2.0,1
1252775,373.4780000000001,2.2651000000000003,1.0,4.0,69.72,5.0,2.0,2.0,0.0,1.0,7.0,3.0,26.0,1.0,0.0,1.0,138.0,0.0,1.0,1.0,0
3236938,298.317,3.265820000000001,1.0,3.0,50.69,3.0,2.0,2.0,0.0,0.0,5.0,3.0,22.0,1.0,0.0,1.0,112.0,0.0,1.0,1.0,0
2565381,398.3750000000002,3.9467000000000025,0.0,9.0,96.3,5.0,4.0,2.0,2.0,0.0,10.0,5.0,28.0,1.0,0.0,1.0,140.0,0.0,3.0,0.0,0
3235026,346.4340000000001,3.765920000000002,1.0,4.0,58.120000000000005,5.0,3.0,2.0,1.0,0.0,5.0,3.0,26.0,0.0,0.0,0.0,132.0,0.0,1.0,1.0,0
653982,394.8620000000002,3.957320000000002,1.0,6.0,93.93,2.0,2.0,1.0,1.0,0.0,7.0,4.0,28.0,2.0,1.0,1.0,142.0,0.0,2.0,0.0,0
2222450,487.6100000000003,5.182680000000003,2.0,8.0,103.83,6.0,4.0,2.0,2.0,0.0,9.0,5.0,34.0,1.0,1.0,0.0,170.0,0.0,2.0,1.0,0
655190,406.50800000000015,2.2913,1.0,7.0,93.65,8.0,2.0,1.0,1.0,0.0,9.0,2.0,28.0,0.0,0.0,0.0,152.0,0.0,1.0,2.0,0
2219259,487.5070000000001,5.429520000000004,1.0,7.0,85.84,8.0,4.0,1.0,3.0,0.0,11.0,4.0,34.0,0.0,0.0,0.0,176.0,0.0,3.0,1.0,0
83609,123.155,0.9917399999999998,1.0,1.0,32.86,0.0,1.0,0.0,1.0,0.0,2.0,1.0,9.0,0.0,0.0,0.0,48.0,0.0,1.0,0.0,0
5789,242.231,-1.5142799999999992,3.0,6.0,104.54999999999998,2.0,1.0,0.0,1.0,1.0,7.0,2.0,17.0,1.0,0.0,1.0,94.0,0.0,2.0,0.0,0
893621,313.32800000000003,3.9527000000000014,1.0,3.0,55.37,6.0,3.0,1.0,2.0,0.0,5.0,3.0,23.0,0.0,0.0,0.0,118.0,0.0,2.0,0.0,0
2999775,329.41400000000004,2.0554,1.0,9.0,86.92,4.0,4.0,0.0,4.0,0.0,9.0,4.0,22.0,0.0,0.0,0.0,110.0,0.0,4.0,0.0,0
658149,292.42499999999995,4.540700000000004,0.0,4.0,34.14,4.0,2.0,0.0,2.0,0.0,4.0,2.0,19.0,0.0,0.0,0.0,100.0,0.0,2.0,0.0,0
3839220,250.729,3.395700000000001,0.0,3.0,27.05,6.0,2.0,1.0,1.0,0.0,4.0,2.0,17.0,0.0,0.0,0.0,90.0,0.0,1.0,0.0,0
804612,249.697,3.6179000000000014,1.0,3.0,42.24,5.0,2.0,1.0,1.0,0.0,4.0,2.0,17.0,0.0,0.0,0.0,88.0,0.0,1.0,0.0,0
118046053,522.9870000000001,4.490500000000004,2.0,6.0,89.07000000000001,5.0,4.0,2.0,2.0,1.0,10.0,5.0,37.0,1.0,0.0,1.0,190.0,0.0,3.0,1.0,1
870729,186.21400000000003,2.2854,1.0,3.0,37.52,2.0,2.0,1.0,1.0,0.0,3.0,2.0,14.0,0.0,0.0,0.0,70.0,0.0,1.0,0.0,0
2211956,249.22,3.003800000000001,2.0,2.0,54.02,2.0,2.0,1.0,1.0,0.0,6.0,2.0,18.0,0.0,0.0,0.0,92.0,0.0,1.0,2.0,0
89535993,418.4320000000001,4.112720000000001,3.0,5.0,104.82,3.0,4.0,1.0,3.0,0.0,9.0,5.0,31.0,1.0,0.0,1.0,156.0,0.0,4.0,2.0,1
2355446,363.3730000000001,3.3728200000000017,1.0,6.0,90.41,6.0,3.0,2.0,1.0,0.0,7.0,3.0,27.0,0.0,0.0,0.0,136.0,0.0,1.0,1.0,0
2997458,268.272,2.2844,1.0,4.0,60.45,1.0,2.0,1.0,1.0,0.0,5.0,4.0,20.0,2.0,0.0,2.0,100.0,0.0,3.0,1.0,0
1868,202.257,1.8222,2.0,2.0,37.05,1.0,2.0,1.0,1.0,0.0,3.0,3.0,15.0,1.0,0.0,1.0,78.0,0.0,2.0,0.0,0
11948999,588.7050000000002,4.9096000000000055,0.0,7.0,108.82,9.0,1.0,1.0,0.0,3.0,10.0,6.0,43.0,5.0,2.0,3.0,228.0,0.0,3.0,4.0,0
736116,273.311,2.927100000000001,1.0,2.0,45.23,4.0,2.0,1.0,1.0,0.0,5.0,2.0,20.0,0.0,0.0,0.0,104.0,0.0,1.0,2.0,0
649572,370.4530000000001,3.129100000000001,1.0,6.0,76.58000000000001,7.0,2.0,1.0,1.0,1.0,7.0,3.0,27.0,1.0,0.0,1.0,144.0,0.0,2.0,1.0,0
154586840,700.848,4.452670000000004,3.0,9.0,183.39,9.0,4.0,2.0,2.0,2.0,13.0,7.0,52.0,3.0,0.0,3.0,268.0,1.0,5.0,2.0,1
9550014,401.422,3.5016000000000025,1.0,6.0,92.62,5.0,3.0,2.0,1.0,1.0,7.0,4.0,30.0,1.0,0.0,1.0,150.0,0.0,2.0,1.0,1
645055,461.52200000000016,3.178240000000001,1.0,7.0,102.49,9.0,4.0,2.0,2.0,0.0,9.0,4.0,34.0,0.0,0.0,0.0,176.0,0.0,2.0,2.0,0
3238728,273.292,1.6199,2.0,5.0,84.34,5.0,2.0,1.0,1.0,0.0,6.0,2.0,20.0,0.0,0.0,0.0,104.0,0.0,1.0,1.0,0
6302446,254.344,1.3634,2.0,6.0,83.13999999999999,6.0,2.0,0.0,2.0,0.0,8.0,2.0,16.0,0.0,0.0,0.0,84.0,0.0,2.0,0.0,0
651558,437.5540000000001,3.9994000000000014,1.0,9.0,98.48,8.0,4.0,1.0,3.0,0.0,10.0,4.0,30.0,0.0,0.0,0.0,152.0,0.0,3.0,1.0,0
660681,256.37499999999994,1.46938,2.0,4.0,77.28,3.0,0.0,0.0,0.0,0.0,6.0,0.0,17.0,0.0,0.0,0.0,96.0,0.0,0.0,1.0,0
3235871,428.9160000000005,3.0229000000000017,0.0,5.0,60.77000000000001,3.0,2.0,1.0,1.0,2.0,7.0,5.0,30.0,3.0,1.0,2.0,158.0,1.0,3.0,1.0,0
2915884,367.3570000000001,2.1058000000000003,0.0,6.0,89.97999999999999,6.0,2.0,2.0,0.0,0.0,7.0,3.0,27.0,1.0,0.0,1.0,138.0,0.0,1.0,2.0,0
3244866,373.81500000000005,3.8206000000000016,1.0,4.0,68.02,7.0,3.0,2.0,1.0,0.0,7.0,3.0,26.0,0.0,0.0,0.0,134.0,0.0,1.0,1.0,0
2312275,296.374,3.5665000000000013,2.0,3.0,66.91,4.0,2.0,1.0,1.0,0.0,5.0,2.0,22.0,0.0,0.0,0.0,114.0,0.0,1.0,2.0,0
122362919,338.37100000000004,2.7990000000000004,4.0,4.0,111.8,4.0,3.0,1.0,2.0,0.0,8.0,3.0,25.0,0.0,0.0,0.0,128.0,0.0,2.0,3.0,1
663635,266.32500000000005,3.6151000000000018,0.0,4.0,38.92,3.0,3.0,2.0,1.0,0.0,4.0,3.0,19.0,0.0,0.0,0.0,92.0,0.0,1.0,0.0,0
118365042,435.431,3.209600000000002,4.0,6.0,121.39,9.0,3.0,1.0,2.0,0.0,11.0,3.0,31.0,0.0,0.0,0.0,166.0,0.0,2.0,2.0,1
10900,96.94400000000002,1.9352,0.0,0.0,0.0,0.0,0.0,0.0,0.0,0.0,2.0,0.0,4.0,0.0,0.0,0.0,24.0,0.0,0.0,0.0,0
5309481,405.5200000000001,2.3342,1.0,5.0,88.48,5.0,2.0,1.0,1.0,1.0,8.0,3.0,28.0,1.0,1.0,0.0,152.0,0.0,1.0,1.0,0
3243657,425.48900000000026,2.1862999999999992,1.0,7.0,98.46,4.0,3.0,1.0,2.0,1.0,9.0,4.0,31.0,1.0,0.0,1.0,164.0,0.0,3.0,2.0,0
2213917,273.36100000000005,2.5853600000000005,1.0,5.0,82.83,1.0,1.0,1.0,0.0,0.0,5.0,2.0,19.0,1.0,0.0,1.0,98.0,0.0,1.0,0.0,0
746501,248.32900000000004,3.4030000000000014,2.0,1.0,27.82,1.0,3.0,2.0,1.0,0.0,2.0,4.0,19.0,1.0,0.0,1.0,94.0,0.0,2.0,0.0,0
753611,216.269,2.16122,0.0,5.0,43.08,1.0,3.0,0.0,3.0,0.0,5.0,3.0,15.0,0.0,0.0,0.0,74.0,0.0,3.0,0.0,0
5461354,428.532,5.167600000000005,2.0,3.0,67.43,8.0,3.0,3.0,0.0,1.0,5.0,4.0,32.0,1.0,1.0,0.0,164.0,0.0,0.0,2.0,0
652539,313.357,2.937000000000001,2.0,4.0,80.32000000000001,5.0,2.0,1.0,1.0,0.0,6.0,2.0,23.0,0.0,0.0,0.0,120.0,0.0,1.0,2.0,0
2537291,294.314,1.2905999999999995,2.0,4.0,87.74000000000001,4.0,3.0,1.0,2.0,0.0,6.0,3.0,22.0,0.0,0.0,0.0,110.0,0.0,2.0,1.0,0
3835002,385.39900000000017,1.3296999999999994,2.0,7.0,105.27,8.0,3.0,1.0,2.0,0.0,9.0,3.0,28.0,0.0,0.0,0.0,146.0,0.0,2.0,0.0,0
2998637,397.4560000000001,3.262500000000002,0.0,8.0,75.47,7.0,3.0,2.0,1.0,1.0,8.0,4.0,28.0,1.0,0.0,1.0,144.0,0.0,2.0,0.0,0
892542,277.331,2.7329000000000008,2.0,5.0,76.72,4.0,3.0,2.0,1.0,0.0,5.0,3.0,21.0,0.0,0.0,0.0,104.0,0.0,1.0,0.0,0
3245118,353.46600000000007,4.141220000000003,1.0,4.0,58.370000000000005,8.0,3.0,1.0,2.0,0.0,5.0,3.0,26.0,0.0,0.0,0.0,138.0,0.0,2.0,1.0,0
3241510,400.52300000000014,1.4512000000000005,1.0,6.0,66.81,9.0,2.0,1.0,1.0,1.0,7.0,3.0,29.0,1.0,0.0,1.0,158.0,0.0,2.0,1.0,0
5310695,253.301,3.5908000000000024,2.0,3.0,49.33,4.0,2.0,2.0,0.0,0.0,3.0,2.0,19.0,0.0,0.0,0.0,96.0,0.0,0.0,0.0,1
3234706,356.3360000000001,2.11138,0.0,7.0,87.7,4.0,3.0,1.0,2.0,0.0,9.0,3.0,26.0,0.0,0.0,0.0,132.0,0.0,2.0,0.0,0
3243090,445.5190000000002,4.530220000000004,1.0,5.0,80.75999999999999,6.0,3.0,2.0,1.0,1.0,7.0,4.0,33.0,1.0,0.0,1.0,170.0,0.0,2.0,2.0,0
6604756,275.436,4.235500000000004,0.0,2.0,12.47,6.0,1.0,1.0,0.0,0.0,2.0,2.0,20.0,1.0,1.0,0.0,112.0,0.0,0.0,0.0,0
3234809,420.8560000000002,4.642700000000003,0.0,7.0,79.13000000000001,5.0,4.0,2.0,2.0,1.0,8.0,5.0,30.0,1.0,1.0,0.0,150.0,0.0,2.0,0.0,0
652154,283.284,-1.1733,2.0,5.0,107.02,4.0,0.0,0.0,0.0,2.0,8.0,2.0,20.0,2.0,0.0,2.0,110.0,0.0,2.0,5.0,0
73504540,438.5320000000002,2.003199999999999,3.0,6.0,110.69,5.0,2.0,1.0,1.0,1.0,9.0,4.0,32.0,2.0,0.0,2.0,170.0,0.0,3.0,3.0,1
251549,246.291,1.4546,0.0,4.0,50.27,1.0,1.0,0.0,1.0,2.0,5.0,4.0,17.0,3.0,2.0,1.0,86.0,0.0,2.0,2.0,0
2999421,289.33500000000004,1.6981,2.0,3.0,82.27000000000001,3.0,1.0,0.0,1.0,2.0,6.0,3.0,21.0,2.0,1.0,1.0,112.0,1.0,2.0,3.0,0
662720,251.289,2.48072,2.0,3.0,71.77,1.0,3.0,2.0,1.0,0.0,4.0,3.0,19.0,0.0,0.0,0.0,94.0,0.0,1.0,0.0,0
646504,243.31,2.4470600000000005,1.0,3.0,46.92,3.0,2.0,1.0,1.0,0.0,4.0,2.0,18.0,0.0,0.0,0.0,94.0,0.0,1.0,1.0,0
12332,115.176,1.052,1.0,1.0,43.09,4.0,0.0,0.0,0.0,0.0,2.0,0.0,8.0,0.0,0.0,0.0,48.0,0.0,0.0,1.0,0
16758370,627.6870000000005,3.453000000000001,2.0,12.0,143.73000000000002,13.0,2.0,2.0,0.0,2.0,12.0,5.0,45.0,3.0,0.0,3.0,244.0,0.0,3.0,0.0,0
653147,270.33200000000005,3.792100000000002,1.0,3.0,58.89,5.0,3.0,1.0,2.0,0.0,4.0,3.0,20.0,0.0,0.0,0.0,104.0,0.0,2.0,0.0,0
663534,385.5140000000002,4.046700000000004,0.0,5.0,63.16,4.0,3.0,1.0,2.0,1.0,7.0,4.0,26.0,1.0,0.0,1.0,134.0,0.0,3.0,0.0,0
605837,282.372,2.47388,2.0,5.0,85.63,2.0,1.0,1.0,0.0,0.0,5.0,2.0,20.0,1.0,0.0,1.0,100.0,0.0,1.0,0.0,0
2930697,334.213,3.5215400000000026,0.0,2.0,37.38,1.0,1.0,1.0,0.0,1.0,4.0,3.0,20.0,2.0,1.0,1.0,104.0,0.0,1.0,2.0,0
3240550,304.343,2.20822,1.0,4.0,59.06,4.0,2.0,1.0,1.0,0.0,8.0,2.0,19.0,0.0,0.0,0.0,102.0,0.0,1.0,0.0,0
886017,208.217,0.3703999999999997,2.0,3.0,81.41999999999999,4.0,1.0,1.0,0.0,0.0,5.0,1.0,15.0,0.0,0.0,0.0,80.0,0.0,0.0,2.0,0
3237250,452.9420000000002,2.4283200000000003,1.0,5.0,74.64999999999999,5.0,3.0,2.0,1.0,1.0,8.0,4.0,32.0,1.0,0.0,1.0,166.0,0.0,2.0,2.0,0
2999210,350.3820000000001,1.35776,3.0,7.0,118.95,2.0,3.0,1.0,2.0,0.0,8.0,4.0,26.0,1.0,0.0,1.0,132.0,0.0,3.0,1.0,0
2998642,239.296,1.5654,1.0,4.0,47.56,3.0,1.0,1.0,0.0,1.0,5.0,2.0,16.0,1.0,0.0,1.0,86.0,0.0,1.0,1.0,0
2316278,484.4930000000002,4.475220000000004,0.0,8.0,87.41,8.0,3.0,2.0,1.0,0.0,10.0,4.0,34.0,1.0,0.0,1.0,180.0,0.0,2.0,0.0,0
753814,319.338,1.5765,1.0,5.0,81.7,3.0,2.0,2.0,0.0,0.0,7.0,3.0,22.0,1.0,0.0,1.0,114.0,0.0,1.0,1.0,0
5307642,279.384,1.6947999999999994,1.0,4.0,56.15,7.0,1.0,0.0,1.0,0.0,5.0,2.0,20.0,1.0,1.0,0.0,112.0,0.0,1.0,1.0,0
2932562,352.3900000000002,3.023740000000001,1.0,4.0,67.87,3.0,2.0,2.0,0.0,1.0,6.0,4.0,26.0,2.0,0.0,2.0,134.0,0.0,2.0,2.0,0
2999927,475.5050000000003,2.4314,1.0,9.0,109.38000000000002,7.0,4.0,2.0,2.0,0.0,10.0,5.0,35.0,1.0,0.0,1.0,180.0,0.0,3.0,1.0,0
1260077,204.229,1.7686999999999995,2.0,2.0,57.88,3.0,2.0,1.0,1.0,0.0,4.0,2.0,15.0,0.0,0.0,0.0,78.0,0.0,1.0,0.0,0
3236449,246.33500000000004,4.008940000000002,2.0,2.0,41.13,2.0,2.0,1.0,1.0,0.0,4.0,2.0,17.0,0.0,0.0,0.0,88.0,0.0,1.0,2.0,0
750580,300.35800000000006,4.476420000000003,0.0,4.0,38.92,4.0,3.0,2.0,1.0,0.0,5.0,3.0,21.0,0.0,0.0,0.0,106.0,0.0,1.0,0.0,0
652361,423.5130000000002,1.5540999999999987,2.0,4.0,87.74000000000001,6.0,1.0,1.0,0.0,2.0,7.0,4.0,31.0,3.0,0.0,3.0,164.0,1.0,3.0,3.0,0
3238070,403.5670000000002,4.743200000000004,1.0,4.0,54.040000000000006,6.0,1.0,1.0,0.0,2.0,6.0,3.0,29.0,2.0,1.0,1.0,162.0,0.0,1.0,2.0,0
3237374,467.5470000000003,2.2452,0.0,6.0,88.92,4.0,3.0,2.0,1.0,1.0,9.0,5.0,33.0,2.0,0.0,2.0,172.0,0.0,3.0,1.0,0
2998489,369.4720000000001,0.4787399999999999,0.0,8.0,97.53,4.0,2.0,0.0,2.0,1.0,10.0,3.0,24.0,1.0,0.0,1.0,130.0,0.0,3.0,1.0,0
121416555,386.45900000000006,4.180720000000002,2.0,5.0,84.73,4.0,4.0,1.0,3.0,0.0,7.0,4.0,29.0,0.0,0.0,0.0,146.0,0.0,3.0,2.0,1
3242762,345.3950000000001,2.7121000000000004,0.0,3.0,54.45,4.0,2.0,2.0,0.0,0.0,6.0,3.0,24.0,1.0,0.0,1.0,124.0,0.0,1.0,1.0,0
3235037,298.346,2.9599400000000013,1.0,6.0,73.07,5.0,3.0,1.0,2.0,0.0,6.0,3.0,22.0,0.0,0.0,0.0,114.0,0.0,2.0,0.0,0
652113,446.51100000000025,2.3172999999999995,1.0,8.0,98.15999999999998,7.0,4.0,2.0,2.0,0.0,9.0,5.0,33.0,1.0,0.0,1.0,170.0,0.0,3.0,0.0,0
3242214,415.4900000000001,3.925620000000003,0.0,6.0,63.91,4.0,3.0,1.0,2.0,1.0,8.0,4.0,29.0,1.0,0.0,1.0,152.0,0.0,3.0,1.0,0
651032,287.38800000000003,2.998200000000001,1.0,4.0,45.23,3.0,2.0,1.0,1.0,1.0,5.0,3.0,20.0,1.0,0.0,1.0,104.0,0.0,2.0,1.0,0
2998016,286.2830000000001,2.4615,0.0,5.0,73.58000000000001,2.0,2.0,1.0,1.0,1.0,5.0,3.0,21.0,1.0,1.0,0.0,108.0,0.0,1.0,0.0,0
2882558,404.5320000000002,2.4061000000000003,1.0,4.0,75.71000000000001,4.0,1.0,1.0,0.0,5.0,7.0,6.0,28.0,5.0,4.0,1.0,152.0,0.0,1.0,1.0,0
972468,249.29500000000004,1.79,1.0,5.0,64.11,4.0,2.0,1.0,1.0,0.0,6.0,2.0,17.0,0.0,0.0,0.0,88.0,0.0,1.0,1.0,0
2583924,378.4690000000001,2.8850000000000016,0.0,3.0,57.690000000000005,8.0,2.0,2.0,0.0,0.0,7.0,2.0,26.0,0.0,0.0,0.0,140.0,0.0,0.0,1.0,0
649769,493.6040000000002,3.703400000000003,1.0,7.0,88.18,9.0,2.0,2.0,0.0,2.0,8.0,4.0,36.0,2.0,0.0,2.0,192.0,0.0,2.0,2.0,0
1292700,361.4010000000001,4.269020000000003,1.0,5.0,69.28999999999999,6.0,4.0,2.0,2.0,0.0,6.0,4.0,27.0,0.0,0.0,0.0,136.0,0.0,2.0,1.0,0
135435963,318.4420000000001,3.774600000000002,1.0,5.0,55.120000000000005,6.0,2.0,1.0,1.0,0.0,5.0,2.0,22.0,0.0,0.0,0.0,118.0,0.0,1.0,0.0,0
718273,207.25799999999992,1.2583999999999995,1.0,4.0,58.64,0.0,2.0,0.0,2.0,0.0,5.0,3.0,14.0,1.0,1.0,0.0,72.0,0.0,2.0,0.0,0
645175,391.4450000000002,2.0962,1.0,6.0,85.30000000000001,4.0,2.0,2.0,0.0,1.0,8.0,4.0,27.0,2.0,0.0,2.0,144.0,0.0,2.0,0.0,0
135566737,418.884,4.590100000000003,3.0,3.0,82.79999999999998,5.0,4.0,2.0,2.0,0.0,7.0,5.0,30.0,1.0,0.0,1.0,150.0,0.0,3.0,1.0,1
646203,368.4770000000002,3.664600000000002,0.0,3.0,57.690000000000005,1.0,1.0,1.0,0.0,2.0,5.0,4.0,27.0,3.0,1.0,2.0,144.0,0.0,2.0,2.0,0
891940,247.685,2.9326800000000013,0.0,4.0,53.06,2.0,2.0,1.0,1.0,0.0,5.0,2.0,17.0,0.0,0.0,0.0,86.0,0.0,1.0,0.0,0
644559,263.3,3.620000000000002,1.0,4.0,61.85,3.0,3.0,1.0,2.0,0.0,4.0,3.0,20.0,0.0,0.0,0.0,98.0,0.0,2.0,0.0,0
651452,388.43100000000015,1.781989999999999,2.0,7.0,105.14,4.0,4.0,0.0,4.0,0.0,8.0,4.0,29.0,0.0,0.0,0.0,146.0,0.0,4.0,1.0,0
3242642,310.41900000000004,1.2828199999999998,1.0,3.0,66.48,4.0,1.0,1.0,0.0,1.0,6.0,2.0,21.0,1.0,0.0,1.0,116.0,0.0,1.0,1.0,0
3247099,677.7980000000002,5.256000000000006,1.0,8.0,110.54,10.0,4.0,3.0,1.0,2.0,10.0,7.0,50.0,3.0,1.0,2.0,260.0,0.0,3.0,2.0,0
3304200,355.48500000000007,1.8919000000000004,0.0,5.0,70.05000000000001,5.0,1.0,1.0,0.0,0.0,8.0,2.0,23.0,1.0,0.0,1.0,126.0,0.0,1.0,1.0,0
662384,410.49900000000014,4.107600000000003,0.0,8.0,70.76,6.0,3.0,2.0,1.0,0.0,8.0,4.0,29.0,1.0,0.0,1.0,150.0,0.0,2.0,0.0,0
3232973,301.3900000000001,2.552900000000001,1.0,2.0,52.650000000000006,1.0,1.0,1.0,0.0,2.0,5.0,3.0,22.0,2.0,0.0,2.0,118.0,1.0,2.0,3.0,0
2396,412.49300000000017,3.6415000000000015,2.0,4.0,70.13,6.0,4.0,2.0,2.0,0.0,6.0,5.0,31.0,1.0,0.0,1.0,156.0,0.0,3.0,2.0,1
5742469,422.4810000000002,2.3614,0.0,6.0,83.99000000000001,5.0,1.0,1.0,0.0,1.0,7.0,4.0,31.0,3.0,1.0,2.0,162.0,0.0,2.0,2.0,0
656275,418.50000000000017,3.3379200000000013,1.0,9.0,107.21,8.0,3.0,1.0,2.0,0.0,10.0,3.0,28.0,0.0,0.0,0.0,146.0,0.0,2.0,1.0,0
1616103,410.4300000000002,1.5162,2.0,8.0,118.8,8.0,3.0,1.0,2.0,0.0,9.0,3.0,30.0,0.0,0.0,0.0,156.0,0.0,2.0,0.0,0
3233261,380.3730000000001,5.322700000000004,1.0,4.0,50.7,4.0,4.0,2.0,2.0,0.0,7.0,4.0,28.0,0.0,0.0,0.0,140.0,0.0,2.0,0.0,0
3242105,374.4620000000001,1.3252999999999993,1.0,5.0,67.87,5.0,1.0,0.0,1.0,3.0,7.0,5.0,26.0,4.0,0.0,4.0,138.0,1.0,5.0,2.0,0
121418016,390.4220000000001,4.145720000000002,2.0,5.0,84.73,4.0,4.0,1.0,3.0,0.0,8.0,4.0,29.0,0.0,0.0,0.0,146.0,0.0,3.0,2.0,1
3233872,319.40500000000003,2.3257000000000003,1.0,3.0,65.79,2.0,1.0,0.0,1.0,2.0,6.0,3.0,23.0,2.0,0.0,2.0,126.0,1.0,3.0,3.0,0
3235249,476.9680000000003,3.3156000000000017,0.0,8.0,76.38000000000001,5.0,4.0,2.0,2.0,1.0,9.0,5.0,34.0,1.0,0.0,1.0,174.0,0.0,3.0,0.0,0
667333,380.40000000000015,2.6131400000000005,0.0,6.0,77.43,4.0,2.0,2.0,0.0,1.0,7.0,4.0,28.0,2.0,0.0,2.0,144.0,0.0,2.0,2.0,0
2713239,323.35200000000003,1.7215,1.0,5.0,73.22,5.0,3.0,2.0,1.0,0.0,6.0,3.0,24.0,0.0,0.0,0.0,122.0,0.0,1.0,1.0,0
650823,213.262,0.96402,1.0,5.0,64.11,2.0,1.0,0.0,1.0,1.0,6.0,2.0,14.0,1.0,0.0,1.0,76.0,0.0,2.0,1.0,0
663755,422.8690000000002,2.3205,2.0,6.0,103.97,5.0,2.0,1.0,1.0,1.0,10.0,3.0,29.0,1.0,0.0,1.0,156.0,0.0,2.0,2.0,0
644944,390.5340000000003,3.166980000000001,1.0,6.0,85.55999999999999,5.0,1.0,0.0,1.0,1.0,8.0,3.0,26.0,2.0,1.0,1.0,138.0,0.0,2.0,2.0,0
6604769,145.11400000000003,-1.1139,3.0,3.0,86.63,2.0,0.0,0.0,0.0,1.0,5.0,1.0,10.0,1.0,0.0,1.0,56.0,0.0,1.0,0.0,0
3588737,246.287,3.094100000000001,0.0,4.0,35.53,1.0,2.0,1.0,1.0,0.0,4.0,3.0,17.0,1.0,0.0,1.0,86.0,0.0,2.0,0.0,0
4463525,309.207,3.9262000000000032,1.0,3.0,35.83,1.0,1.0,1.0,0.0,1.0,4.0,3.0,18.0,2.0,1.0,1.0,96.0,0.0,1.0,0.0,0
3235067,380.4920000000001,3.0036000000000014,0.0,5.0,58.56,4.0,2.0,1.0,1.0,2.0,6.0,4.0,28.0,2.0,0.0,2.0,148.0,1.0,3.0,1.0,0
2124214,314.34100000000007,1.7852,0.0,5.0,62.99000000000001,4.0,2.0,1.0,1.0,1.0,6.0,3.0,23.0,1.0,0.0,1.0,120.0,0.0,2.0,1.0,0
89536059,394.3850000000001,3.928220000000002,3.0,4.0,95.59,4.0,4.0,1.0,3.0,0.0,9.0,4.0,29.0,0.0,0.0,0.0,146.0,0.0,3.0,2.0,1
650000,495.5800000000004,2.7236,1.0,8.0,107.81,11.0,3.0,2.0,1.0,1.0,10.0,4.0,36.0,1.0,1.0,0.0,192.0,0.0,1.0,2.0,0
4033962,400.3820000000003,2.0880999999999994,0.0,8.0,66.73,1.0,1.0,1.0,0.0,1.0,11.0,4.0,27.0,3.0,0.0,3.0,144.0,0.0,3.0,0.0,0
671261,253.348,2.45,0.0,4.0,29.54,3.0,1.0,1.0,0.0,1.0,5.0,2.0,16.0,1.0,0.0,1.0,84.0,0.0,1.0,0.0,0
2997936,235.32699999999988,2.767900000000001,2.0,3.0,45.400000000000006,1.0,1.0,0.0,1.0,2.0,3.0,3.0,17.0,2.0,1.0,1.0,94.0,1.0,2.0,0.0,0
5307319,457.5520000000002,4.140980000000003,1.0,6.0,101.74,8.0,3.0,2.0,1.0,0.0,9.0,3.0,32.0,0.0,0.0,0.0,170.0,0.0,1.0,1.0,0
325823,408.3500000000001,4.990000000000002,2.0,6.0,75.62,5.0,2.0,0.0,2.0,0.0,12.0,2.0,28.0,0.0,0.0,0.0,154.0,0.0,2.0,0.0,0
646287,436.56600000000014,4.441860000000003,1.0,8.0,85.59000000000002,6.0,4.0,1.0,3.0,0.0,9.0,4.0,30.0,0.0,0.0,0.0,152.0,0.0,3.0,1.0,0
3238569,443.5920000000003,3.781260000000003,1.0,6.0,89.35,5.0,2.0,0.0,2.0,1.0,8.0,3.0,32.0,1.0,0.0,1.0,176.0,0.0,3.0,2.0,0
3239603,296.39200000000005,2.2651000000000003,1.0,5.0,68.28999999999999,7.0,1.0,0.0,1.0,0.0,6.0,1.0,20.0,0.0,0.0,0.0,110.0,0.0,1.0,1.0,0
652483,330.3690000000001,1.8694,2.0,7.0,107.17,6.0,3.0,1.0,2.0,0.0,8.0,3.0,23.0,0.0,0.0,0.0,118.0,0.0,2.0,1.0,0
2489851,405.5040000000001,4.939800000000004,0.0,7.0,60.92,5.0,5.0,2.0,3.0,0.0,7.0,5.0,28.0,0.0,0.0,0.0,138.0,0.0,3.0,0.0,0
3233794,338.3670000000002,2.0411,0.0,7.0,79.13000000000001,4.0,3.0,1.0,2.0,1.0,7.0,4.0,25.0,1.0,0.0,1.0,128.0,0.0,3.0,0.0,0
4615084,292.3640000000001,1.70778,2.0,6.0,104.79,3.0,1.0,0.0,1.0,0.0,7.0,2.0,20.0,1.0,0.0,1.0,106.0,0.0,2.0,0.0,0
2881045,313.353,2.4446000000000003,2.0,4.0,67.79,4.0,2.0,2.0,0.0,0.0,5.0,3.0,23.0,1.0,0.0,1.0,120.0,0.0,1.0,1.0,0
2999455,385.4930000000001,2.8547400000000014,0.0,8.0,74.83000000000001,8.0,3.0,1.0,2.0,0.0,8.0,3.0,27.0,0.0,0.0,0.0,142.0,0.0,2.0,0.0,0
1088163,297.31,3.263200000000001,1.0,5.0,74.69,4.0,3.0,2.0,1.0,0.0,5.0,3.0,22.0,0.0,0.0,0.0,112.0,0.0,1.0,0.0,0
653740,439.5410000000002,3.6486000000000014,1.0,8.0,91.16,9.0,3.0,1.0,2.0,1.0,9.0,4.0,31.0,1.0,0.0,1.0,162.0,0.0,3.0,1.0,0
5309495,331.37200000000007,1.4993,2.0,6.0,87.83000000000001,6.0,2.0,1.0,1.0,1.0,7.0,3.0,24.0,1.0,0.0,1.0,128.0,0.0,2.0,1.0,0
5389824,416.2710000000002,3.760300000000002,1.0,5.0,62.91000000000001,3.0,3.0,2.0,1.0,1.0,6.0,4.0,26.0,1.0,0.0,1.0,134.0,0.0,2.0,0.0,0
2227058,336.38800000000015,2.5108000000000006,1.0,5.0,77.10000000000001,5.0,1.0,1.0,0.0,1.0,7.0,2.0,24.0,1.0,0.0,1.0,132.0,0.0,1.0,2.0,0
655449,341.37100000000004,1.3637999999999997,1.0,7.0,85.15,2.0,3.0,1.0,2.0,0.0,8.0,4.0,25.0,1.0,0.0,1.0,130.0,0.0,3.0,0.0,0
1520549,385.56200000000007,3.915790000000003,0.0,7.0,37.190000000000005,4.0,3.0,1.0,2.0,1.0,7.0,4.0,26.0,1.0,0.0,1.0,136.0,0.0,3.0,0.0,0
118047027,406.46100000000007,3.423300000000002,3.0,5.0,101.13,5.0,3.0,2.0,1.0,1.0,7.0,4.0,30.0,1.0,1.0,0.0,154.0,0.0,1.0,1.0,1
654870,323.3740000000001,1.8145999999999995,0.0,7.0,77.69000000000001,6.0,2.0,0.0,2.0,1.0,8.0,3.0,22.0,1.0,0.0,1.0,118.0,0.0,3.0,1.0,0
3241808,190.246,1.52022,1.0,1.0,32.34,2.0,1.0,1.0,0.0,1.0,3.0,2.0,14.0,1.0,0.0,1.0,74.0,0.0,1.0,2.0,0
2999420,317.345,1.1893,2.0,4.0,87.74,3.0,1.0,1.0,0.0,0.0,7.0,2.0,23.0,1.0,0.0,1.0,122.0,0.0,1.0,3.0,0
118045515,583.3800000000001,4.493600000000003,4.0,6.0,121.36,6.0,3.0,2.0,1.0,1.0,12.0,4.0,37.0,1.0,1.0,0.0,196.0,0.0,1.0,1.0,1
664773,302.44000000000005,2.2552000000000003,1.0,4.0,58.64,6.0,0.0,0.0,0.0,1.0,6.0,1.0,20.0,1.0,0.0,1.0,116.0,0.0,1.0,2.0,0
726885,327.3800000000001,2.867100000000001,2.0,5.0,62.16,2.0,2.0,2.0,0.0,0.0,5.0,4.0,24.0,2.0,1.0,1.0,126.0,0.0,1.0,0.0,0
598633,229.06600000000003,2.6768,2.0,1.0,48.65,1.0,2.0,1.0,1.0,0.0,5.0,2.0,14.0,0.0,0.0,0.0,72.0,0.0,1.0,0.0,0
16758578,194.186,-0.2294,1.0,4.0,66.9,2.0,0.0,0.0,0.0,1.0,4.0,2.0,14.0,2.0,1.0,1.0,74.0,0.0,1.0,0.0,0
2160377,415.90200000000016,3.9390000000000014,1.0,5.0,73.22,5.0,3.0,2.0,1.0,0.0,8.0,4.0,28.0,1.0,0.0,1.0,144.0,0.0,2.0,1.0,0
2962165,379.2980000000001,1.2170000000000003,2.0,5.0,104.29,4.0,2.0,0.0,2.0,1.0,11.0,3.0,27.0,1.0,0.0,1.0,140.0,0.0,3.0,4.0,0
2788860,239.33999999999995,2.631800000000001,1.0,4.0,52.32,2.0,1.0,0.0,1.0,0.0,4.0,2.0,16.0,1.0,1.0,0.0,88.0,0.0,1.0,0.0,0
2931826,291.347,2.761000000000001,1.0,4.0,64.63,6.0,1.0,1.0,0.0,1.0,5.0,2.0,21.0,1.0,0.0,1.0,114.0,0.0,1.0,1.0,0
3242835,323.44,3.4288000000000025,2.0,2.0,44.370000000000005,5.0,2.0,2.0,0.0,0.0,4.0,3.0,24.0,1.0,0.0,1.0,126.0,0.0,1.0,2.0,0
644899,489.62300000000033,2.6317000000000013,0.0,7.0,105.46999999999998,5.0,3.0,2.0,1.0,2.0,11.0,5.0,33.0,2.0,0.0,2.0,176.0,0.0,3.0,0.0,0
2997880,258.412,2.2250000000000005,0.0,4.0,32.67,2.0,0.0,0.0,0.0,1.0,5.0,2.0,16.0,2.0,0.0,2.0,90.0,0.0,2.0,1.0,0
646669,331.36800000000017,3.166520000000002,1.0,5.0,81.67999999999999,5.0,2.0,0.0,2.0,0.0,6.0,3.0,24.0,1.0,1.0,0.0,128.0,0.0,2.0,1.0,0
662691,476.3560000000001,3.476700000000001,2.0,7.0,98.14,5.0,3.0,2.0,1.0,0.0,10.0,4.0,29.0,1.0,0.0,1.0,150.0,0.0,2.0,0.0,0
3239236,320.345,1.92648,1.0,5.0,79.19,3.0,1.0,1.0,0.0,0.0,7.0,2.0,22.0,1.0,0.0,1.0,114.0,0.0,1.0,1.0,0
2879,108.14,1.7006199999999998,1.0,1.0,20.23,0.0,1.0,1.0,0.0,0.0,1.0,1.0,8.0,0.0,0.0,0.0,42.0,0.0,0.0,0.0,0
6604044,824.9719999999999,3.5175000000000027,3.0,12.0,171.17,8.0,3.0,2.0,1.0,3.0,14.0,9.0,60.0,6.0,1.0,5.0,320.0,1.0,6.0,1.0,0
7671,121.13899999999995,1.2549,1.0,1.0,29.1,2.0,1.0,1.0,0.0,0.0,2.0,1.0,9.0,0.0,0.0,0.0,46.0,0.0,0.0,1.0,0
5310630,380.4440000000001,2.9216000000000006,1.0,6.0,66.15,4.0,3.0,2.0,1.0,1.0,6.0,4.0,28.0,1.0,0.0,1.0,146.0,0.0,2.0,0.0,0
564795,287.27700000000004,2.9208000000000016,0.0,5.0,48.0,3.0,1.0,1.0,0.0,1.0,7.0,2.0,18.0,1.0,0.0,1.0,98.0,0.0,1.0,1.0,0
172268,228.3359999999999,1.9834,0.0,2.0,46.12,3.0,0.0,0.0,0.0,2.0,4.0,2.0,16.0,2.0,0.0,2.0,94.0,0.0,2.0,0.0,0
3238801,415.4050000000002,3.375300000000001,1.0,7.0,91.68,4.0,4.0,3.0,1.0,0.0,8.0,5.0,31.0,1.0,0.0,1.0,154.0,0.0,2.0,1.0,0
3240549,410.4950000000002,2.754500000000001,1.0,6.0,85.24000000000001,3.0,2.0,1.0,1.0,1.0,7.0,4.0,29.0,2.0,1.0,1.0,150.0,0.0,2.0,1.0,0
874726,248.307,2.569,1.0,5.0,65.21,3.0,2.0,0.0,2.0,0.0,5.0,2.0,17.0,0.0,0.0,0.0,88.0,0.0,2.0,0.0,0
3241931,422.52500000000026,3.5282000000000027,0.0,5.0,62.99,3.0,2.0,1.0,1.0,5.0,6.0,7.0,31.0,5.0,4.0,1.0,164.0,0.0,2.0,1.0,0
56375,230.31100000000004,2.6924,1.0,2.0,36.1,5.0,2.0,1.0,1.0,0.0,3.0,2.0,17.0,0.0,0.0,0.0,90.0,0.0,1.0,0.0,0
3245289,382.46300000000014,1.9815000000000005,0.0,8.0,86.96000000000001,6.0,2.0,1.0,1.0,0.0,9.0,2.0,25.0,0.0,0.0,0.0,134.0,0.0,1.0,1.0,0
646249,396.47200000000015,3.708400000000003,1.0,7.0,85.94,8.0,4.0,1.0,3.0,0.0,8.0,4.0,28.0,0.0,0.0,0.0,144.0,0.0,3.0,0.0,0
241061,327.38300000000004,5.023300000000004,2.0,3.0,52.82000000000001,3.0,4.0,4.0,0.0,0.0,3.0,4.0,25.0,0.0,0.0,0.0,122.0,0.0,0.0,0.0,0
3234848,309.373,1.6142,0.0,5.0,62.220000000000006,2.0,2.0,0.0,2.0,2.0,6.0,4.0,23.0,2.0,0.0,2.0,118.0,1.0,4.0,1.0,0
2225158,222.28800000000004,1.6265,1.0,3.0,51.22,6.0,1.0,0.0,1.0,0.0,4.0,1.0,16.0,0.0,0.0,0.0,88.0,0.0,1.0,1.0,0
1007772,364.5210000000001,3.496500000000002,1.0,7.0,59.81,7.0,3.0,0.0,3.0,0.0,8.0,3.0,23.0,0.0,0.0,0.0,120.0,0.0,3.0,1.0,0
3232660,372.468,4.689200000000004,0.0,3.0,36.690000000000005,3.0,3.0,2.0,1.0,2.0,4.0,5.0,28.0,2.0,0.0,2.0,142.0,1.0,3.0,1.0,0
1701,203.238,0.8460000000000001,1.0,3.0,60.16,3.0,1.0,1.0,0.0,0.0,5.0,1.0,13.0,0.0,0.0,0.0,72.0,0.0,0.0,0.0,0
2595094,343.387,2.9223,1.0,6.0,72.7,6.0,3.0,2.0,1.0,0.0,8.0,3.0,24.0,0.0,0.0,0.0,122.0,0.0,1.0,1.0,0
2353836,372.4430000000002,2.0647,1.0,6.0,94.17,7.0,1.0,1.0,0.0,1.0,9.0,2.0,25.0,1.0,0.0,1.0,140.0,0.0,1.0,1.0,0
2979014,321.333,0.3180000000000009,1.0,7.0,93.37,3.0,1.0,0.0,1.0,1.0,8.0,3.0,23.0,2.0,0.0,2.0,124.0,0.0,3.0,1.0,0
135448731,337.3790000000001,3.3249400000000016,1.0,6.0,77.24,3.0,3.0,1.0,2.0,0.0,6.0,3.0,25.0,0.0,0.0,0.0,128.0,0.0,2.0,0.0,0
1080842,364.49300000000005,3.8816000000000015,1.0,3.0,48.470000000000006,4.0,2.0,1.0,1.0,1.0,5.0,3.0,27.0,1.0,0.0,1.0,142.0,0.0,2.0,2.0,0
686152,318.12600000000003,3.9555000000000016,1.0,3.0,63.33,2.0,3.0,1.0,2.0,0.0,5.0,3.0,19.0,0.0,0.0,0.0,94.0,0.0,2.0,0.0,0
379077,321.764,0.8327999999999995,1.0,6.0,71.53,4.0,1.0,0.0,1.0,1.0,7.0,3.0,22.0,2.0,1.0,1.0,116.0,0.0,2.0,0.0,0
2956908,351.4280000000002,0.8300999999999994,3.0,6.0,96.53,4.0,1.0,0.0,1.0,1.0,8.0,3.0,24.0,2.0,1.0,1.0,130.0,0.0,2.0,2.0,0
2155109,463.63500000000016,3.575000000000002,1.0,10.0,89.77000000000001,7.0,3.0,1.0,2.0,0.0,11.0,4.0,29.0,1.0,0.0,1.0,150.0,0.0,3.0,1.0,0
790079,285.29900000000004,2.3539000000000003,1.0,4.0,56.790000000000006,4.0,2.0,2.0,0.0,0.0,5.0,3.0,21.0,1.0,0.0,1.0,108.0,0.0,1.0,1.0,0
3246663,288.3910000000001,3.1957400000000016,0.0,4.0,32.760000000000005,4.0,2.0,0.0,2.0,1.0,4.0,3.0,21.0,1.0,0.0,1.0,114.0,0.0,3.0,0.0,0
3240633,441.4570000000003,3.433900000000002,0.0,5.0,53.74000000000001,1.0,3.0,1.0,2.0,2.0,9.0,6.0,32.0,3.0,1.0,2.0,166.0,0.0,4.0,1.0,0
650962,458.5880000000003,2.52082,0.0,9.0,97.36,8.0,3.0,1.0,2.0,1.0,10.0,4.0,32.0,1.0,0.0,1.0,172.0,0.0,3.0,0.0,0
3243794,258.23299999999995,2.4576,1.0,5.0,81.41000000000001,4.0,3.0,0.0,3.0,0.0,6.0,3.0,19.0,0.0,0.0,0.0,96.0,0.0,3.0,1.0,0
3240294,494.60200000000015,3.701620000000002,2.0,9.0,111.03,9.0,4.0,2.0,2.0,0.0,11.0,4.0,34.0,0.0,0.0,0.0,174.0,0.0,2.0,2.0,0
435966,353.8750000000001,3.025900000000002,1.0,6.0,46.09,4.0,1.0,1.0,0.0,1.0,7.0,4.0,23.0,3.0,1.0,2.0,124.0,0.0,2.0,0.0,0
654807,268.656,1.5608999999999995,0.0,6.0,69.9,2.0,2.0,0.0,2.0,0.0,7.0,2.0,18.0,0.0,0.0,0.0,94.0,0.0,2.0,0.0,0
1528124,374.4180000000002,2.4521000000000006,1.0,5.0,84.93999999999998,4.0,2.0,2.0,0.0,1.0,8.0,4.0,26.0,2.0,0.0,2.0,136.0,0.0,2.0,1.0,1
3241702,494.65800000000047,1.4204000000000034,1.0,6.0,91.42,9.0,1.0,1.0,0.0,3.0,10.0,4.0,34.0,3.0,0.0,3.0,190.0,1.0,3.0,1.0,0
3233539,286.33900000000006,0.2394199999999993,1.0,7.0,75.94,2.0,2.0,0.0,2.0,2.0,7.0,4.0,21.0,2.0,1.0,1.0,110.0,0.0,3.0,0.0,0
3245510,370.5400000000001,2.987800000000002,1.0,4.0,66.48,4.0,1.0,0.0,1.0,2.0,7.0,3.0,24.0,2.0,1.0,1.0,134.0,0.0,2.0,1.0,0
10377,180.247,2.8305000000000016,2.0,2.0,40.46,4.0,1.0,1.0,0.0,0.0,2.0,1.0,13.0,0.0,0.0,0.0,72.0,0.0,0.0,0.0,0
663980,424.88800000000015,4.210480000000003,0.0,7.0,74.76,5.0,3.0,2.0,1.0,1.0,8.0,4.0,30.0,1.0,0.0,1.0,154.0,0.0,2.0,0.0,0
650506,338.4300000000001,4.024340000000003,0.0,4.0,33.95,3.0,3.0,2.0,1.0,1.0,5.0,4.0,25.0,1.0,0.0,1.0,130.0,0.0,2.0,0.0,0
2917822,268.247,3.106700000000001,0.0,4.0,55.99,3.0,3.0,2.0,1.0,0.0,5.0,3.0,20.0,0.0,0.0,0.0,98.0,0.0,1.0,0.0,0
2434551,442.4930000000003,3.4084400000000024,0.0,7.0,98.94,6.0,3.0,2.0,1.0,0.0,9.0,4.0,31.0,1.0,0.0,1.0,162.0,0.0,2.0,0.0,0
135415500,279.343,3.6267700000000014,2.0,3.0,60.21000000000001,3.0,2.0,1.0,1.0,0.0,4.0,3.0,21.0,1.0,0.0,1.0,106.0,0.0,2.0,0.0,0
2998257,266.348,2.971580000000001,1.0,4.0,53.64,1.0,2.0,1.0,1.0,1.0,4.0,3.0,20.0,1.0,0.0,1.0,102.0,0.0,2.0,0.0,0
3239089,339.3950000000001,2.35142,1.0,5.0,67.60000000000001,4.0,3.0,1.0,2.0,1.0,6.0,4.0,25.0,1.0,0.0,1.0,130.0,0.0,3.0,1.0,0
1253300,359.4300000000001,1.8058,1.0,6.0,79.70000000000002,4.0,2.0,1.0,1.0,1.0,8.0,3.0,26.0,1.0,0.0,1.0,140.0,0.0,2.0,2.0,0
666909,271.36,3.3333200000000023,0.0,3.0,33.45,2.0,2.0,1.0,1.0,1.0,3.0,3.0,20.0,1.0,0.0,1.0,106.0,0.0,2.0,0.0,0
3236895,303.70500000000004,3.5437200000000013,1.0,5.0,81.16000000000001,3.0,3.0,1.0,2.0,0.0,7.0,3.0,21.0,0.0,0.0,0.0,106.0,0.0,2.0,1.0,0
118380875,328.35100000000006,2.850500000000001,4.0,4.0,94.73,5.0,3.0,1.0,2.0,0.0,8.0,3.0,24.0,0.0,0.0,0.0,124.0,0.0,2.0,2.0,1
665855,386.864,4.483900000000004,0.0,7.0,61.540000000000006,6.0,4.0,2.0,2.0,0.0,8.0,4.0,26.0,0.0,0.0,0.0,132.0,0.0,2.0,0.0,0
2998427,357.8590000000001,2.8545000000000016,0.0,5.0,55.84,4.0,1.0,1.0,0.0,1.0,7.0,2.0,23.0,1.0,0.0,1.0,126.0,0.0,1.0,1.0,0
801055,278.333,1.5098000000000005,0.0,6.0,61.190000000000005,3.0,2.0,0.0,2.0,0.0,6.0,3.0,19.0,1.0,1.0,0.0,100.0,0.0,2.0,0.0,0
5307394,274.295,2.6225000000000014,1.0,3.0,55.13,3.0,2.0,1.0,1.0,0.0,5.0,3.0,20.0,1.0,1.0,0.0,104.0,0.0,1.0,1.0,0
787678,312.325,2.8408000000000007,1.0,6.0,73.47,5.0,3.0,2.0,1.0,0.0,6.0,3.0,23.0,0.0,0.0,0.0,118.0,0.0,1.0,0.0,0
654847,384.8850000000002,3.1959000000000017,0.0,6.0,72.64,5.0,2.0,1.0,1.0,1.0,8.0,3.0,25.0,1.0,0.0,1.0,136.0,0.0,2.0,0.0,0
4993461,258.36499999999995,3.749240000000003,0.0,3.0,27.05,7.0,2.0,1.0,1.0,0.0,3.0,2.0,19.0,0.0,0.0,0.0,102.0,0.0,1.0,0.0,0
54687615,299.28600000000006,0.0936999999999999,1.0,7.0,86.22999999999999,1.0,3.0,1.0,2.0,0.0,7.0,3.0,22.0,0.0,0.0,0.0,112.0,0.0,2.0,0.0,0
3240608,365.45800000000014,3.5623000000000022,0.0,5.0,47.36000000000001,5.0,3.0,2.0,1.0,0.0,6.0,4.0,26.0,1.0,0.0,1.0,132.0,0.0,2.0,1.0,0
5332737,273.723,2.889000000000001,1.0,3.0,54.35,3.0,2.0,1.0,1.0,0.0,5.0,2.0,19.0,0.0,0.0,0.0,96.0,0.0,1.0,1.0,0
649095,419.5140000000001,2.6070200000000003,0.0,8.0,80.04,4.0,4.0,2.0,2.0,1.0,9.0,5.0,30.0,1.0,0.0,1.0,152.0,0.0,3.0,1.0,0
1281416,438.5340000000002,3.985100000000002,1.0,8.0,77.75000000000001,7.0,4.0,2.0,2.0,0.0,9.0,5.0,30.0,1.0,0.0,1.0,152.0,0.0,3.0,1.0,0
2594730,469.56300000000033,3.325560000000002,0.0,6.0,92.95,6.0,3.0,2.0,1.0,1.0,9.0,4.0,33.0,1.0,0.0,1.0,174.0,0.0,2.0,1.0,0
73505654,418.8410000000001,3.680900000000002,4.0,6.0,130.26,5.0,3.0,1.0,2.0,0.0,11.0,3.0,29.0,0.0,0.0,0.0,152.0,0.0,2.0,3.0,1
89536074,388.431,3.5288200000000023,3.0,5.0,104.82,6.0,4.0,1.0,3.0,0.0,8.0,4.0,29.0,0.0,0.0,0.0,146.0,0.0,3.0,2.0,1
1081048,418.4710000000003,1.67462,1.0,6.0,94.17,5.0,2.0,2.0,0.0,1.0,9.0,4.0,29.0,2.0,0.0,2.0,154.0,0.0,2.0,1.0,0
401437,356.3260000000001,1.82622,2.0,8.0,102.44,6.0,1.0,0.0,1.0,0.0,12.0,1.0,23.0,0.0,0.0,0.0,130.0,0.0,1.0,1.0,0
646534,384.411,3.419100000000002,3.0,3.0,90.54,4.0,2.0,2.0,0.0,1.0,8.0,3.0,28.0,1.0,0.0,1.0,146.0,0.0,1.0,4.0,0
3240169,422.5070000000003,1.63602,1.0,10.0,102.88,8.0,2.0,0.0,2.0,1.0,10.0,3.0,29.0,1.0,0.0,1.0,158.0,0.0,3.0,0.0,0
2249842,331.196,3.3631,1.0,3.0,47.56,2.0,2.0,2.0,0.0,0.0,9.0,3.0,23.0,1.0,0.0,1.0,120.0,0.0,1.0,1.0,0
1178714,394.4120000000002,1.6945999999999997,0.0,9.0,95.68,4.0,4.0,1.0,3.0,0.0,9.0,4.0,28.0,0.0,0.0,0.0,140.0,0.0,3.0,0.0,0
3232875,343.456,2.0614,0.0,6.0,62.220000000000006,3.0,2.0,0.0,2.0,2.0,7.0,4.0,24.0,2.0,0.0,2.0,126.0,1.0,4.0,1.0,0
1188014,455.3230000000002,5.043040000000002,3.0,5.0,113.33,5.0,3.0,2.0,1.0,0.0,11.0,3.0,29.0,0.0,0.0,0.0,152.0,0.0,1.0,2.0,0
2620923,362.8380000000001,4.529020000000003,1.0,5.0,64.36,5.0,3.0,2.0,1.0,0.0,7.0,3.0,24.0,0.0,0.0,0.0,124.0,0.0,1.0,1.0,0
4306,340.87600000000003,3.2906000000000013,2.0,3.0,72.19,8.0,2.0,2.0,0.0,0.0,6.0,2.0,22.0,0.0,0.0,0.0,120.0,0.0,0.0,0.0,0
3238916,275.333,1.3531,1.0,5.0,63.99,0.0,2.0,0.0,2.0,0.0,6.0,4.0,19.0,2.0,1.0,1.0,98.0,0.0,3.0,1.0,0
880303,337.379,2.1603000000000003,0.0,5.0,64.43,4.0,3.0,2.0,1.0,0.0,6.0,3.0,25.0,0.0,0.0,0.0,128.0,0.0,1.0,1.0,0
650129,446.53000000000026,4.279620000000003,1.0,6.0,79.7,7.0,4.0,2.0,2.0,1.0,8.0,5.0,33.0,1.0,1.0,0.0,170.0,0.0,2.0,0.0,0
3238643,370.4900000000004,2.1228,1.0,4.0,66.48,9.0,1.0,1.0,0.0,1.0,7.0,2.0,25.0,1.0,0.0,1.0,140.0,0.0,1.0,1.0,0
3518,198.314,0.5258999999999996,2.0,2.0,67.64,3.0,0.0,0.0,0.0,1.0,4.0,1.0,14.0,1.0,0.0,1.0,82.0,0.0,1.0,0.0,0
1518966,389.3890000000002,0.7666999999999995,1.0,8.0,108.63,3.0,3.0,2.0,1.0,0.0,10.0,4.0,27.0,1.0,0.0,1.0,140.0,0.0,2.0,0.0,0
601051,312.35400000000004,2.560600000000001,0.0,3.0,48.38,5.0,1.0,1.0,0.0,0.0,7.0,1.0,21.0,0.0,0.0,0.0,118.0,0.0,0.0,0.0,0
665812,351.45400000000006,2.8389200000000008,1.0,6.0,54.69,6.0,3.0,1.0,2.0,1.0,6.0,4.0,26.0,1.0,0.0,1.0,136.0,0.0,3.0,0.0,0
665308,363.4170000000001,4.061900000000002,2.0,6.0,90.49,6.0,3.0,2.0,1.0,0.0,6.0,3.0,27.0,0.0,0.0,0.0,138.0,0.0,1.0,0.0,0
665895,438.4360000000002,2.842100000000001,0.0,9.0,102.02,7.0,4.0,2.0,2.0,0.0,9.0,4.0,32.0,0.0,0.0,0.0,166.0,0.0,2.0,0.0,0
756957,252.27,1.3986,2.0,4.0,76.66000000000001,4.0,1.0,1.0,0.0,0.0,6.0,1.0,18.0,0.0,0.0,0.0,98.0,0.0,0.0,2.0,0
5459652,264.369,1.7158,1.0,2.0,49.41,5.0,0.0,0.0,0.0,1.0,4.0,2.0,19.0,2.0,1.0,1.0,106.0,0.0,1.0,2.0,0
5309826,437.5870000000003,3.990240000000004,1.0,7.0,84.67,7.0,2.0,0.0,2.0,1.0,9.0,3.0,29.0,1.0,0.0,1.0,158.0,0.0,3.0,2.0,0
3236297,412.5000000000001,2.66362,2.0,8.0,105.56,6.0,4.0,0.0,4.0,0.0,10.0,4.0,28.0,0.0,0.0,0.0,142.0,0.0,4.0,1.0,0
656147,414.4870000000001,4.517800000000002,1.0,7.0,72.95,7.0,4.0,1.0,3.0,0.0,9.0,4.0,28.0,0.0,0.0,0.0,142.0,0.0,3.0,1.0,0
644789,432.4400000000002,2.5104000000000006,2.0,8.0,124.17,8.0,4.0,2.0,2.0,0.0,10.0,4.0,32.0,0.0,0.0,0.0,162.0,0.0,2.0,2.0,0
6604708,311.3340000000001,0.9730999999999996,4.0,4.0,123.93000000000002,7.0,0.0,0.0,0.0,1.0,7.0,1.0,22.0,1.0,0.0,1.0,122.0,0.0,1.0,0.0,0
5743,392.4670000000002,1.8957,3.0,5.0,94.83,2.0,0.0,0.0,0.0,3.0,6.0,4.0,28.0,4.0,4.0,0.0,154.0,0.0,0.0,0.0,0
2326296,459.5270000000005,3.265100000000001,0.0,5.0,54.48,5.0,1.0,1.0,0.0,3.0,8.0,5.0,32.0,4.0,1.0,3.0,174.0,0.0,3.0,0.0,0
3234853,456.5500000000002,2.856600000000001,0.0,8.0,76.38000000000001,6.0,4.0,2.0,2.0,1.0,8.0,5.0,34.0,1.0,0.0,1.0,174.0,0.0,3.0,0.0,0
54694096,422.4850000000003,2.49092,2.0,7.0,106.22,4.0,3.0,1.0,2.0,0.0,8.0,4.0,31.0,1.0,1.0,0.0,162.0,0.0,2.0,1.0,0
665914,347.4260000000001,2.42994,2.0,7.0,78.33,3.0,3.0,1.0,2.0,0.0,7.0,4.0,26.0,1.0,0.0,1.0,132.0,0.0,3.0,0.0,0
5307355,484.5780000000003,2.844140000000001,0.0,7.0,96.19,7.0,3.0,2.0,1.0,1.0,10.0,4.0,34.0,1.0,0.0,1.0,180.0,0.0,2.0,1.0,0
663491,298.77000000000004,2.6385000000000005,3.0,2.0,78.43,6.0,1.0,1.0,0.0,0.0,6.0,1.0,20.0,0.0,0.0,0.0,110.0,0.0,0.0,2.0,0
3241652,382.41600000000017,2.06672,1.0,5.0,77.10000000000001,5.0,2.0,2.0,0.0,0.0,7.0,4.0,28.0,2.0,0.0,2.0,146.0,0.0,2.0,2.0,0
648134,421.5490000000003,3.1334000000000017,0.0,8.0,72.2,7.0,3.0,1.0,2.0,1.0,8.0,4.0,31.0,1.0,0.0,1.0,164.0,0.0,3.0,0.0,0
988894,384.182,3.098200000000001,1.0,6.0,87.00000000000001,5.0,2.0,1.0,1.0,0.0,8.0,2.0,23.0,0.0,0.0,0.0,122.0,0.0,1.0,1.0,0
2304502,324.3800000000001,3.183500000000002,1.0,3.0,58.64,4.0,2.0,2.0,0.0,1.0,5.0,3.0,24.0,1.0,0.0,1.0,124.0,0.0,1.0,2.0,0
2854484,347.41800000000006,3.029140000000001,1.0,5.0,60.05,4.0,4.0,2.0,2.0,0.0,5.0,4.0,26.0,0.0,0.0,0.0,132.0,0.0,2.0,0.0,0
5308325,364.4670000000001,2.35984,1.0,5.0,81.42999999999999,9.0,2.0,1.0,1.0,0.0,7.0,2.0,25.0,0.0,0.0,0.0,136.0,0.0,1.0,1.0,0
664451,393.7900000000001,2.6636999999999995,1.0,6.0,97.19,2.0,3.0,2.0,1.0,0.0,9.0,5.0,28.0,2.0,0.0,2.0,138.0,0.0,3.0,3.0,0
5771529,318.92600000000004,-0.6546000000000001,3.0,2.0,94.83,3.0,1.0,1.0,0.0,0.0,6.0,1.0,15.0,0.0,0.0,0.0,80.0,0.0,0.0,0.0,0
2574206,249.314,1.2328999999999997,1.0,4.0,63.99,2.0,1.0,0.0,1.0,1.0,5.0,2.0,18.0,1.0,1.0,0.0,98.0,0.0,1.0,1.0,0
2081480,308.403,2.4633000000000003,1.0,5.0,59.92,7.0,1.0,1.0,0.0,0.0,6.0,2.0,21.0,1.0,0.0,1.0,114.0,0.0,1.0,1.0,0
666363,391.349,4.335300000000003,1.0,5.0,77.25,6.0,3.0,2.0,1.0,0.0,9.0,3.0,28.0,0.0,0.0,0.0,146.0,0.0,1.0,1.0,0
2496855,359.4510000000002,2.4735000000000005,1.0,6.0,63.69000000000001,4.0,2.0,1.0,1.0,0.0,7.0,4.0,25.0,2.0,0.0,2.0,132.0,0.0,3.0,1.0,0
3237172,372.4250000000002,1.5971999999999995,1.0,6.0,91.55,3.0,2.0,0.0,2.0,2.0,8.0,4.0,27.0,2.0,1.0,1.0,144.0,0.0,3.0,1.0,0
644468,184.191,1.6866,1.0,3.0,59.67,4.0,1.0,0.0,1.0,0.0,4.0,1.0,13.0,0.0,0.0,0.0,72.0,0.0,1.0,0.0,0
1300325,364.8140000000001,2.605700000000001,0.0,6.0,89.19,5.0,3.0,1.0,2.0,0.0,9.0,3.0,24.0,0.0,0.0,0.0,124.0,0.0,2.0,0.0,0
1310291,361.41900000000015,2.698900000000001,0.0,5.0,72.91,5.0,2.0,2.0,0.0,1.0,7.0,3.0,25.0,1.0,0.0,1.0,132.0,0.0,1.0,0.0,0
664439,388.4710000000002,3.934180000000002,0.0,6.0,65.53,6.0,3.0,2.0,1.0,1.0,6.0,4.0,29.0,1.0,0.0,1.0,148.0,0.0,2.0,0.0,0
5307979,455.6020000000003,2.226399999999999,2.0,7.0,110.41,8.0,2.0,1.0,1.0,1.0,10.0,3.0,30.0,1.0,1.0,0.0,166.0,0.0,1.0,1.0,0
1082596,384.8070000000002,2.968900000000001,1.0,3.0,66.48,3.0,1.0,1.0,0.0,1.0,10.0,2.0,24.0,1.0,0.0,1.0,134.0,0.0,1.0,1.0,0
647932,429.4730000000001,3.2123000000000017,1.0,6.0,80.23,5.0,2.0,2.0,0.0,1.0,9.0,4.0,30.0,2.0,0.0,2.0,156.0,0.0,2.0,2.0,0
5307463,475.56800000000027,3.111400000000001,1.0,6.0,62.510000000000005,6.0,4.0,2.0,2.0,1.0,8.0,5.0,35.0,1.0,0.0,1.0,182.0,0.0,3.0,1.0,0
663438,344.3960000000002,1.4172,0.0,6.0,76.8,3.0,3.0,1.0,2.0,1.0,8.0,4.0,24.0,1.0,0.0,1.0,124.0,0.0,3.0,0.0,0
2898863,404.4440000000001,1.4859999999999995,1.0,6.0,94.17000000000002,4.0,2.0,2.0,0.0,1.0,9.0,4.0,28.0,2.0,0.0,2.0,148.0,0.0,2.0,1.0,0
646347,359.4300000000002,1.7678999999999996,0.0,7.0,82.37,8.0,2.0,1.0,1.0,1.0,8.0,3.0,26.0,1.0,0.0,1.0,140.0,0.0,2.0,1.0,0
707701,256.301,4.108540000000003,0.0,3.0,43.35,2.0,3.0,1.0,2.0,0.0,3.0,3.0,19.0,0.0,0.0,0.0,98.0,0.0,2.0,0.0,0
5308347,386.267,3.154200000000002,1.0,4.0,76.38,5.0,2.0,1.0,1.0,0.0,7.0,2.0,22.0,0.0,0.0,0.0,118.0,0.0,1.0,1.0,0
3233498,279.343,3.681420000000002,0.0,4.0,42.16,4.0,3.0,1.0,2.0,0.0,4.0,3.0,21.0,0.0,0.0,0.0,106.0,0.0,2.0,0.0,0
2355,216.19199999999995,2.5478000000000005,0.0,4.0,52.580000000000005,1.0,3.0,1.0,2.0,0.0,4.0,3.0,16.0,0.0,0.0,0.0,80.0,0.0,2.0,0.0,0
5307384,310.422,3.6498000000000026,1.0,3.0,34.03,6.0,3.0,1.0,2.0,0.0,4.0,3.0,22.0,0.0,0.0,0.0,112.0,0.0,2.0,1.0,0
654454,390.4610000000002,2.644400000000001,2.0,5.0,93.73,6.0,2.0,2.0,0.0,0.0,8.0,3.0,27.0,1.0,0.0,1.0,144.0,0.0,1.0,1.0,0
1244286,301.342,2.720320000000001,0.0,4.0,51.91,1.0,2.0,1.0,1.0,2.0,5.0,4.0,22.0,2.0,0.0,2.0,116.0,1.0,3.0,1.0,0
16759061,235.283,2.4529000000000005,1.0,3.0,55.400000000000006,5.0,1.0,1.0,0.0,0.0,4.0,1.0,17.0,0.0,0.0,0.0,92.0,0.0,0.0,1.0,0
2235559,375.182,2.5307000000000004,1.0,6.0,85.58999999999999,3.0,3.0,1.0,2.0,0.0,8.0,3.0,23.0,0.0,0.0,0.0,116.0,0.0,2.0,1.0,0
3246302,136.245,-0.2505999999999998,3.0,2.0,38.05,2.0,0.0,0.0,0.0,0.0,4.0,0.0,7.0,0.0,0.0,0.0,42.0,0.0,0.0,0.0,0
135415466,402.5200000000001,2.474,2.0,5.0,95.16,9.0,2.0,1.0,1.0,0.0,8.0,2.0,28.0,0.0,0.0,0.0,150.0,0.0,1.0,2.0,0
2950074,481.9800000000004,3.0779000000000014,1.0,5.0,81.16,5.0,2.0,2.0,0.0,3.0,8.0,5.0,34.0,3.0,0.0,3.0,178.0,0.0,3.0,3.0,0
646937,311.341,2.14262,1.0,4.0,71.53,3.0,2.0,1.0,1.0,0.0,6.0,3.0,23.0,1.0,0.0,1.0,118.0,0.0,2.0,2.0,0
3236774,429.61800000000017,2.994200000000001,1.0,10.0,89.77000000000001,7.0,2.0,0.0,2.0,0.0,11.0,3.0,26.0,1.0,0.0,1.0,140.0,0.0,3.0,1.0,0
664471,366.417,3.207600000000001,1.0,4.0,71.63,6.0,3.0,2.0,1.0,0.0,6.0,3.0,27.0,0.0,0.0,0.0,140.0,0.0,1.0,1.0,0
3239280,378.544,3.9550000000000014,1.0,5.0,59.06,7.0,3.0,1.0,2.0,0.0,7.0,3.0,24.0,0.0,0.0,0.0,126.0,0.0,2.0,0.0,0
3244592,470.6390000000003,2.471900000000001,1.0,5.0,72.96,9.0,2.0,2.0,0.0,1.0,8.0,4.0,33.0,2.0,0.0,2.0,178.0,0.0,2.0,1.0,0
8469,192.214,1.6895999999999998,0.0,3.0,38.83,3.0,1.0,1.0,0.0,1.0,3.0,2.0,14.0,1.0,0.0,1.0,74.0,0.0,1.0,0.0,0
1079377,361.3750000000001,3.248820000000001,2.0,5.0,105.84000000000002,5.0,3.0,2.0,1.0,0.0,8.0,3.0,25.0,0.0,0.0,0.0,130.0,0.0,1.0,0.0,0
655910,406.53700000000015,3.6472200000000026,1.0,9.0,98.73000000000002,8.0,3.0,0.0,3.0,0.0,10.0,3.0,27.0,0.0,0.0,0.0,144.0,0.0,3.0,1.0,0
2969310,459.42800000000017,4.2417000000000025,2.0,7.0,90.3,5.0,3.0,2.0,1.0,0.0,11.0,4.0,33.0,1.0,0.0,1.0,172.0,0.0,2.0,1.0,0
646943,425.52900000000017,1.7764999999999986,2.0,4.0,87.74000000000001,5.0,1.0,1.0,0.0,2.0,7.0,4.0,31.0,3.0,0.0,3.0,166.0,1.0,3.0,3.0,0
3236287,433.3050000000002,2.1988000000000003,2.0,6.0,93.73,5.0,2.0,1.0,1.0,0.0,10.0,3.0,24.0,1.0,0.0,1.0,128.0,0.0,2.0,1.0,0
2943266,333.4090000000001,2.843700000000001,0.0,4.0,55.84,4.0,2.0,2.0,0.0,0.0,6.0,3.0,23.0,1.0,0.0,1.0,122.0,0.0,1.0,0.0,0
3232732,344.49900000000014,3.669400000000003,0.0,3.0,32.78,4.0,1.0,1.0,0.0,2.0,4.0,3.0,25.0,2.0,0.0,2.0,138.0,1.0,2.0,1.0,0
2955880,404.47000000000014,2.3645,1.0,5.0,78.68,6.0,3.0,1.0,2.0,1.0,7.0,4.0,30.0,1.0,0.0,1.0,154.0,0.0,3.0,2.0,0
975915,337.3750000000001,4.016760000000002,1.0,4.0,60.7,3.0,3.0,2.0,1.0,0.0,5.0,4.0,25.0,1.0,0.0,1.0,128.0,0.0,2.0,1.0,0
648717,347.827,4.011920000000003,0.0,6.0,60.92,5.0,3.0,1.0,2.0,0.0,7.0,3.0,23.0,0.0,0.0,0.0,118.0,0.0,2.0,0.0,0
2901223,322.40500000000003,2.1416000000000004,1.0,5.0,60.03,6.0,1.0,1.0,0.0,1.0,6.0,2.0,23.0,1.0,0.0,1.0,128.0,0.0,1.0,1.0,0
652343,466.5670000000002,3.7413000000000025,1.0,9.0,96.09,10.0,4.0,2.0,2.0,0.0,10.0,4.0,33.0,0.0,0.0,0.0,172.0,0.0,2.0,1.0,0
3240031,358.35000000000014,2.676800000000001,1.0,7.0,91.93,6.0,3.0,1.0,2.0,0.0,8.0,3.0,26.0,0.0,0.0,0.0,136.0,0.0,2.0,1.0,0
3247100,740.6950000000002,6.312900000000008,0.0,7.0,90.31,10.0,4.0,3.0,1.0,2.0,10.0,7.0,50.0,3.0,1.0,2.0,260.0,0.0,3.0,2.0,0
3234766,403.44200000000006,3.2521000000000013,1.0,8.0,91.16,7.0,4.0,2.0,2.0,0.0,8.0,4.0,30.0,0.0,0.0,0.0,152.0,0.0,2.0,0.0,0
3236393,488.5920000000003,1.9578999999999989,1.0,8.0,88.38999999999999,9.0,4.0,2.0,2.0,1.0,9.0,5.0,36.0,1.0,0.0,1.0,188.0,0.0,3.0,0.0,0
3245901,355.4190000000001,3.4358000000000013,1.0,6.0,73.22,5.0,3.0,2.0,1.0,0.0,7.0,3.0,25.0,0.0,0.0,0.0,128.0,0.0,1.0,1.0,0
3241572,481.9580000000002,2.0802,1.0,7.0,105.25,7.0,2.0,2.0,0.0,1.0,11.0,3.0,32.0,1.0,0.0,1.0,172.0,0.0,1.0,1.0,0
3241212,461.54000000000025,2.088,1.0,6.0,105.25,7.0,2.0,2.0,0.0,1.0,10.0,3.0,32.0,1.0,0.0,1.0,172.0,0.0,1.0,2.0,0
875268,296.2080000000001,3.3942000000000023,0.0,1.0,20.31,2.0,1.0,1.0,0.0,1.0,3.0,2.0,17.0,1.0,0.0,1.0,92.0,0.0,1.0,1.0,0
3239945,305.324,3.211500000000002,1.0,2.0,46.17,1.0,1.0,1.0,0.0,0.0,5.0,3.0,22.0,2.0,1.0,1.0,116.0,0.0,1.0,1.0,0
3239018,410.4890000000001,4.331100000000004,0.0,3.0,49.85,4.0,2.0,2.0,0.0,2.0,6.0,4.0,30.0,2.0,0.0,2.0,158.0,0.0,2.0,2.0,0
3237362,364.43000000000006,3.6457000000000015,0.0,6.0,68.21000000000001,2.0,3.0,2.0,1.0,0.0,7.0,4.0,26.0,1.0,0.0,1.0,130.0,0.0,2.0,1.0,0
747969,262.309,2.4910000000000005,1.0,3.0,58.64,2.0,1.0,1.0,0.0,1.0,5.0,2.0,19.0,1.0,0.0,1.0,102.0,0.0,1.0,2.0,0
1050485,404.2530000000001,5.1675200000000014,2.0,4.0,84.23,4.0,3.0,2.0,1.0,0.0,8.0,3.0,27.0,0.0,0.0,0.0,138.0,0.0,1.0,2.0,0
3234250,382.46400000000006,3.451640000000002,1.0,4.0,78.68,2.0,2.0,1.0,1.0,2.0,7.0,4.0,28.0,2.0,0.0,2.0,148.0,1.0,3.0,3.0,0
3232669,308.4510000000001,2.1222000000000003,0.0,5.0,49.33,3.0,1.0,0.0,1.0,2.0,6.0,3.0,21.0,2.0,0.0,2.0,116.0,1.0,3.0,1.0,0
3235048,306.3250000000001,2.8794000000000013,1.0,6.0,69.16000000000001,4.0,3.0,1.0,2.0,0.0,6.0,4.0,23.0,1.0,0.0,1.0,114.0,0.0,3.0,0.0,0
2997797,352.46000000000004,1.18192,3.0,4.0,104.53,8.0,1.0,1.0,0.0,0.0,8.0,1.0,24.0,0.0,0.0,0.0,132.0,0.0,0.0,4.0,0
2948511,321.46100000000007,2.7486200000000007,2.0,4.0,52.93000000000001,5.0,1.0,1.0,0.0,1.0,4.0,2.0,23.0,1.0,0.0,1.0,130.0,0.0,1.0,0.0,0
649338,331.4120000000001,2.8147400000000014,0.0,4.0,63.68,4.0,1.0,1.0,0.0,1.0,5.0,2.0,24.0,1.0,0.0,1.0,130.0,0.0,1.0,1.0,0
2951417,258.27700000000004,2.09022,1.0,4.0,72.19,5.0,2.0,1.0,1.0,0.0,5.0,2.0,19.0,0.0,0.0,0.0,98.0,0.0,1.0,0.0,0
118365248,345.7900000000001,3.502600000000001,3.0,4.0,91.93,4.0,3.0,1.0,2.0,0.0,8.0,3.0,24.0,0.0,0.0,0.0,124.0,0.0,2.0,2.0,1
39562,321.16300000000007,4.089600000000002,1.0,3.0,55.12,3.0,3.0,2.0,1.0,0.0,6.0,3.0,21.0,0.0,0.0,0.0,106.0,0.0,1.0,0.0,0
1242022,318.39800000000014,2.511560000000001,2.0,3.0,89.26,4.0,2.0,2.0,0.0,0.0,6.0,2.0,22.0,0.0,0.0,0.0,116.0,0.0,0.0,1.0,0
1051370,370.4340000000002,2.8564000000000007,0.0,8.0,79.13000000000001,8.0,3.0,1.0,2.0,0.0,8.0,3.0,26.0,0.0,0.0,0.0,134.0,0.0,2.0,0.0,0
648993,335.45,3.1315000000000017,0.0,4.0,46.61000000000001,4.0,2.0,2.0,0.0,1.0,6.0,3.0,22.0,1.0,0.0,1.0,116.0,0.0,1.0,0.0,0
1246540,274.345,3.698760000000002,1.0,4.0,66.03,2.0,2.0,0.0,2.0,0.0,5.0,2.0,19.0,0.0,0.0,0.0,98.0,0.0,2.0,1.0,0
645072,299.68,1.6263199999999998,1.0,4.0,56.15,5.0,1.0,0.0,1.0,0.0,9.0,1.0,19.0,0.0,0.0,0.0,108.0,0.0,1.0,1.0,0
717930,259.30499999999995,3.0766000000000018,1.0,3.0,47.56,2.0,1.0,1.0,0.0,2.0,4.0,4.0,19.0,3.0,2.0,1.0,100.0,1.0,1.0,1.0,0
3663594,318.3730000000001,1.821,1.0,4.0,67.87,5.0,1.0,1.0,0.0,1.0,6.0,3.0,23.0,2.0,0.0,2.0,124.0,0.0,2.0,2.0,0
655042,418.37500000000034,3.7699000000000025,0.0,6.0,68.96000000000001,2.0,3.0,1.0,2.0,1.0,10.0,5.0,30.0,2.0,0.0,2.0,156.0,0.0,4.0,1.0,0
5314,290.404,0.2654000000000025,0.0,4.0,52.60000000000001,9.0,0.0,0.0,0.0,0.0,6.0,0.0,20.0,0.0,0.0,0.0,118.0,0.0,0.0,0.0,0
2802499,255.361,-0.1548999999999996,0.0,4.0,71.52000000000001,4.0,0.0,0.0,0.0,1.0,7.0,1.0,15.0,1.0,0.0,1.0,90.0,0.0,1.0,0.0,0
5816668,236.29600000000005,1.362,2.0,4.0,61.69,2.0,1.0,1.0,0.0,1.0,5.0,2.0,16.0,1.0,0.0,1.0,84.0,0.0,1.0,1.0,0
3233273,375.47600000000017,2.750400000000001,0.0,5.0,52.57000000000001,3.0,3.0,2.0,1.0,1.0,6.0,4.0,28.0,1.0,0.0,1.0,144.0,0.0,2.0,1.0,0
3245641,188.23,1.6167,1.0,3.0,38.05,3.0,2.0,1.0,1.0,0.0,3.0,2.0,14.0,0.0,0.0,0.0,72.0,0.0,1.0,0.0,0
4935,294.3949999999999,2.5562000000000005,1.0,5.0,64.79,9.0,1.0,1.0,0.0,0.0,5.0,1.0,21.0,0.0,0.0,0.0,118.0,0.0,0.0,0.0,0
3244088,422.8900000000002,2.2239000000000004,0.0,5.0,87.9,4.0,2.0,1.0,1.0,2.0,9.0,4.0,28.0,2.0,1.0,1.0,148.0,0.0,2.0,2.0,0
3246657,265.316,1.9771,2.0,4.0,47.86,1.0,2.0,2.0,0.0,0.0,4.0,4.0,20.0,2.0,0.0,2.0,100.0,0.0,2.0,0.0,0
3240467,367.5400000000001,2.8409000000000013,1.0,6.0,63.99,5.0,1.0,0.0,1.0,1.0,7.0,3.0,24.0,2.0,1.0,1.0,132.0,0.0,2.0,1.0,0
135485430,335.3630000000001,3.5403800000000016,1.0,6.0,80.3,4.0,3.0,2.0,1.0,0.0,6.0,3.0,25.0,0.0,0.0,0.0,126.0,0.0,1.0,0.0,0
97143,298.29400000000004,3.182800000000001,1.0,5.0,68.9,3.0,3.0,2.0,1.0,0.0,5.0,3.0,22.0,0.0,0.0,0.0,112.0,0.0,1.0,0.0,0
135427462,392.4330000000002,2.3578,1.0,9.0,99.88000000000002,6.0,2.0,1.0,1.0,0.0,9.0,3.0,27.0,1.0,0.0,1.0,144.0,0.0,2.0,0.0,0
2950577,387.8420000000001,2.933200000000001,0.0,4.0,43.86000000000001,3.0,2.0,2.0,0.0,2.0,7.0,4.0,27.0,2.0,0.0,2.0,140.0,0.0,2.0,2.0,0
3237782,354.4060000000001,2.2274000000000003,1.0,4.0,67.87,7.0,2.0,2.0,0.0,0.0,6.0,3.0,26.0,1.0,0.0,1.0,136.0,0.0,1.0,2.0,0
660082,266.293,2.3529,1.0,4.0,72.83,7.0,1.0,1.0,0.0,0.0,5.0,1.0,19.0,0.0,0.0,0.0,104.0,0.0,0.0,0.0,0
2215251,288.34700000000004,1.9966,1.0,4.0,60.33,7.0,2.0,1.0,1.0,0.0,5.0,2.0,21.0,0.0,0.0,0.0,112.0,0.0,1.0,1.0,0
2122833,371.5160000000001,4.136200000000001,1.0,8.0,69.62,5.0,4.0,1.0,3.0,0.0,8.0,4.0,24.0,0.0,0.0,0.0,120.0,0.0,3.0,0.0,0
2998215,362.38900000000007,2.08048,1.0,5.0,106.92000000000002,5.0,2.0,1.0,1.0,1.0,7.0,4.0,27.0,2.0,1.0,1.0,136.0,0.0,2.0,2.0,0
5771820,477.57000000000016,8.370100000000004,1.0,1.0,29.1,6.0,3.0,3.0,0.0,1.0,5.0,4.0,35.0,1.0,1.0,0.0,182.0,0.0,0.0,1.0,0
650952,483.0120000000001,4.500300000000004,2.0,4.0,77.67000000000002,8.0,3.0,2.0,1.0,1.0,8.0,4.0,34.0,1.0,0.0,1.0,180.0,0.0,2.0,2.0,0
3244571,446.57300000000026,1.1961000000000015,0.0,6.0,82.93,4.0,2.0,1.0,1.0,2.0,9.0,4.0,31.0,2.0,0.0,2.0,168.0,0.0,3.0,1.0,0
6838,198.225,3.5061000000000018,0.0,2.0,32.67,3.0,2.0,2.0,0.0,0.0,3.0,2.0,15.0,0.0,0.0,0.0,74.0,0.0,0.0,0.0,0
135449189,217.272,1.87,1.0,4.0,58.370000000000005,0.0,1.0,0.0,1.0,0.0,4.0,3.0,16.0,2.0,2.0,0.0,84.0,0.0,1.0,0.0,0
2259039,299.333,4.465600000000004,0.0,4.0,51.81,3.0,4.0,2.0,2.0,0.0,4.0,4.0,23.0,0.0,0.0,0.0,110.0,0.0,2.0,0.0,0
3234768,362.45500000000015,1.83768,1.0,4.0,93.51,2.0,1.0,1.0,0.0,2.0,8.0,3.0,25.0,2.0,0.0,2.0,134.0,1.0,2.0,2.0,0
3245111,346.333,2.1005000000000003,1.0,3.0,66.48,4.0,1.0,1.0,0.0,2.0,7.0,4.0,25.0,3.0,2.0,1.0,130.0,0.0,1.0,3.0,0
1422080,405.491,3.027800000000001,2.0,10.0,120.32,7.0,4.0,2.0,2.0,0.0,10.0,4.0,29.0,0.0,0.0,0.0,146.0,0.0,2.0,0.0,0
3235027,421.4070000000002,2.9575000000000014,0.0,7.0,73.14000000000001,3.0,4.0,2.0,2.0,1.0,9.0,5.0,31.0,1.0,0.0,1.0,156.0,0.0,3.0,0.0,0
2565448,412.4500000000001,1.7991999999999997,2.0,7.0,106.14,5.0,3.0,2.0,1.0,0.0,10.0,4.0,29.0,1.0,0.0,1.0,148.0,0.0,2.0,2.0,0
657927,204.298,2.961210000000001,1.0,2.0,39.58,2.0,1.0,0.0,1.0,0.0,3.0,1.0,14.0,0.0,0.0,0.0,72.0,0.0,1.0,0.0,0
653160,493.6140000000003,3.936200000000003,0.0,9.0,82.13,4.0,4.0,2.0,2.0,0.0,10.0,5.0,34.0,1.0,0.0,1.0,174.0,0.0,3.0,1.0,0
3237062,392.4520000000002,2.715740000000001,1.0,4.0,75.71000000000001,4.0,2.0,2.0,0.0,1.0,8.0,3.0,27.0,1.0,0.0,1.0,144.0,0.0,1.0,1.0,0
663677,394.8620000000001,4.201880000000004,0.0,6.0,65.53,4.0,3.0,2.0,1.0,1.0,7.0,4.0,28.0,1.0,0.0,1.0,142.0,0.0,2.0,0.0,0
7105719,331.328,2.921000000000001,2.0,6.0,72.48,3.0,3.0,2.0,1.0,0.0,8.0,4.0,23.0,1.0,0.0,1.0,116.0,0.0,2.0,1.0,1
913036,293.326,3.468420000000002,1.0,5.0,64.11,3.0,3.0,2.0,1.0,0.0,5.0,3.0,22.0,0.0,0.0,0.0,110.0,0.0,1.0,0.0,1
2349772,403.39000000000016,3.834800000000002,1.0,6.0,83.09000000000002,4.0,3.0,3.0,0.0,0.0,7.0,5.0,30.0,2.0,0.0,2.0,150.0,0.0,2.0,1.0,0
651334,304.4150000000001,3.538120000000002,0.0,5.0,62.98,4.0,1.0,0.0,1.0,1.0,5.0,2.0,21.0,1.0,1.0,0.0,112.0,0.0,1.0,0.0,0
2610226,341.7800000000001,1.6804999999999994,1.0,8.0,99.0,5.0,2.0,1.0,1.0,0.0,10.0,2.0,22.0,0.0,0.0,0.0,116.0,0.0,1.0,2.0,0
646535,446.55400000000014,2.6085200000000004,1.0,8.0,103.18,9.0,3.0,2.0,1.0,0.0,10.0,3.0,30.0,0.0,0.0,0.0,158.0,0.0,1.0,0.0,0
7483,152.15300000000002,1.6364999999999998,1.0,3.0,55.17,2.0,1.0,1.0,0.0,0.0,4.0,1.0,11.0,0.0,0.0,0.0,58.0,0.0,0.0,0.0,0
441082,356.5980000000001,4.809600000000005,0.0,2.0,6.48,1.0,0.0,0.0,0.0,4.0,2.0,5.0,26.0,5.0,4.0,1.0,146.0,1.0,1.0,0.0,0
594242,201.229,1.8307,1.0,3.0,46.92,2.0,2.0,1.0,1.0,0.0,4.0,2.0,15.0,0.0,0.0,0.0,76.0,0.0,1.0,1.0,0
665992,312.3290000000002,2.0723199999999995,1.0,6.0,93.9,3.0,3.0,1.0,2.0,0.0,7.0,4.0,23.0,1.0,1.0,0.0,118.0,0.0,2.0,0.0,0
2999012,268.272,3.699220000000001,1.0,5.0,71.76,3.0,3.0,1.0,2.0,0.0,5.0,3.0,20.0,0.0,0.0,0.0,100.0,0.0,2.0,0.0,0
1245136,262.338,1.9924,1.0,5.0,59.81,2.0,2.0,0.0,2.0,0.0,6.0,3.0,18.0,1.0,1.0,0.0,94.0,0.0,2.0,1.0,0
341872,249.269,3.735920000000002,1.0,2.0,46.0,0.0,4.0,2.0,2.0,0.0,3.0,4.0,19.0,0.0,0.0,0.0,92.0,0.0,2.0,0.0,0
649322,478.49600000000015,4.204900000000003,0.0,7.0,71.7,6.0,3.0,1.0,2.0,1.0,11.0,4.0,33.0,1.0,0.0,1.0,174.0,0.0,3.0,1.0,0
3243637,333.73500000000007,0.8626999999999992,0.0,8.0,91.9,4.0,3.0,1.0,2.0,0.0,9.0,3.0,23.0,0.0,0.0,0.0,118.0,0.0,2.0,0.0,0
1354022,352.43700000000007,1.3393000000000002,0.0,4.0,74.76,4.0,2.0,2.0,0.0,1.0,8.0,3.0,23.0,1.0,0.0,1.0,122.0,0.0,1.0,0.0,0
3234660,404.4700000000002,3.2996000000000016,1.0,5.0,86.63000000000001,4.0,3.0,2.0,1.0,1.0,7.0,4.0,30.0,1.0,0.0,1.0,154.0,0.0,2.0,1.0,0
6603863,291.37600000000003,1.2171999999999998,1.0,4.0,62.3,2.0,2.0,1.0,1.0,1.0,6.0,3.0,20.0,1.0,0.0,1.0,106.0,0.0,2.0,0.0,0
5389750,299.3700000000001,2.8915200000000016,1.0,4.0,53.68,2.0,2.0,1.0,1.0,1.0,4.0,4.0,22.0,2.0,1.0,1.0,116.0,0.0,2.0,0.0,0
654691,265.338,2.44872,2.0,5.0,75.11,5.0,2.0,0.0,2.0,0.0,6.0,2.0,18.0,0.0,0.0,0.0,96.0,0.0,2.0,0.0,0
3235679,324.336,3.1827000000000005,2.0,4.0,94.56,5.0,3.0,2.0,1.0,0.0,6.0,3.0,24.0,0.0,0.0,0.0,122.0,0.0,1.0,2.0,0
3243334,328.41200000000003,2.9030400000000016,1.0,4.0,62.55,7.0,2.0,1.0,1.0,0.0,5.0,2.0,24.0,0.0,0.0,0.0,128.0,0.0,1.0,1.0,0
2587038,321.45000000000005,2.4786400000000004,0.0,6.0,63.39000000000001,5.0,2.0,0.0,2.0,0.0,7.0,2.0,22.0,0.0,0.0,0.0,120.0,0.0,2.0,1.0,0
3245803,259.3299999999999,3.059700000000001,0.0,4.0,39.19,2.0,2.0,1.0,1.0,0.0,4.0,3.0,18.0,1.0,0.0,1.0,92.0,0.0,2.0,0.0,0
648449,416.5470000000002,4.014520000000004,1.0,6.0,88.33,6.0,2.0,0.0,2.0,2.0,8.0,4.0,29.0,2.0,2.0,0.0,156.0,0.0,2.0,2.0,0
653026,284.319,0.7992999999999988,2.0,4.0,83.98,6.0,2.0,0.0,2.0,0.0,6.0,2.0,21.0,0.0,0.0,0.0,108.0,0.0,2.0,2.0,0
2999575,477.5830000000003,0.975,2.0,8.0,102.78,8.0,2.0,2.0,0.0,2.0,10.0,4.0,33.0,2.0,0.0,2.0,180.0,0.0,2.0,0.0,0
654785,318.46900000000016,2.2385,0.0,6.0,50.080000000000005,4.0,1.0,0.0,1.0,3.0,6.0,4.0,23.0,3.0,2.0,1.0,128.0,0.0,2.0,0.0,0
3239783,420.4980000000002,2.2784400000000007,0.0,8.0,83.70000000000002,2.0,4.0,0.0,4.0,1.0,9.0,5.0,30.0,1.0,0.0,1.0,152.0,0.0,5.0,1.0,0
2085053,349.50600000000003,4.572220000000002,1.0,6.0,54.88,6.0,3.0,1.0,2.0,0.0,7.0,3.0,22.0,0.0,0.0,0.0,114.0,0.0,2.0,1.0,1
656136,275.682,2.527000000000001,1.0,2.0,38.33,3.0,1.0,1.0,0.0,1.0,6.0,2.0,18.0,1.0,0.0,1.0,98.0,0.0,1.0,1.0,0
1576014,287.153,3.255100000000001,1.0,2.0,46.53,6.0,1.0,1.0,0.0,0.0,4.0,1.0,16.0,0.0,0.0,0.0,88.0,0.0,0.0,0.0,0
3243021,481.56800000000027,4.377220000000005,1.0,6.0,76.83,9.0,3.0,2.0,1.0,1.0,8.0,4.0,35.0,1.0,0.0,1.0,186.0,0.0,2.0,1.0,0
654112,467.48900000000015,3.2556400000000014,0.0,9.0,107.63,5.0,5.0,2.0,3.0,0.0,10.0,6.0,35.0,1.0,0.0,1.0,174.0,0.0,4.0,1.0,0
2867055,394.4270000000001,2.1340000000000003,0.0,5.0,76.15,6.0,2.0,2.0,0.0,1.0,7.0,4.0,29.0,2.0,0.0,2.0,150.0,0.0,2.0,3.0,0
664464,401.4660000000001,4.171370000000003,1.0,6.0,81.11,3.0,3.0,1.0,2.0,0.0,6.0,5.0,30.0,2.0,1.0,1.0,152.0,0.0,3.0,0.0,0
663787,306.36200000000014,1.2488999999999997,2.0,4.0,76.66,6.0,1.0,1.0,0.0,1.0,6.0,2.0,22.0,1.0,0.0,1.0,120.0,0.0,1.0,2.0,0
7577,198.269,2.4418000000000006,2.0,2.0,52.04,2.0,2.0,2.0,0.0,0.0,2.0,2.0,15.0,0.0,0.0,0.0,76.0,0.0,0.0,0.0,0
2950404,350.80200000000013,3.130300000000001,2.0,4.0,76.66,6.0,1.0,1.0,0.0,0.0,7.0,2.0,24.0,1.0,0.0,1.0,128.0,0.0,1.0,2.0,0
888536,248.242,-0.0765000000000002,2.0,5.0,100.35,2.0,2.0,0.0,2.0,0.0,7.0,3.0,18.0,1.0,1.0,0.0,94.0,0.0,2.0,0.0,0
3244601,363.46100000000007,3.711520000000003,1.0,4.0,58.370000000000005,5.0,3.0,2.0,1.0,1.0,5.0,4.0,27.0,1.0,0.0,1.0,140.0,0.0,2.0,1.0,0
1565334,295.81000000000006,3.901600000000003,0.0,2.0,29.54,5.0,1.0,1.0,0.0,1.0,4.0,2.0,20.0,1.0,0.0,1.0,110.0,0.0,1.0,1.0,0
899019,260.293,1.0844,1.0,4.0,62.55,4.0,2.0,1.0,1.0,0.0,5.0,2.0,19.0,0.0,0.0,0.0,100.0,0.0,1.0,1.0,0
3234819,411.4900000000001,4.706900000000003,1.0,7.0,72.70000000000002,5.0,5.0,2.0,3.0,0.0,7.0,5.0,30.0,0.0,0.0,0.0,146.0,0.0,3.0,0.0,0
2387667,337.278,2.7891000000000004,2.0,5.0,84.86000000000001,6.0,2.0,2.0,0.0,0.0,8.0,2.0,24.0,0.0,0.0,0.0,126.0,0.0,0.0,1.0,0
645571,286.40000000000003,3.467020000000001,0.0,3.0,24.83,2.0,2.0,1.0,1.0,1.0,4.0,3.0,20.0,1.0,0.0,1.0,104.0,0.0,2.0,0.0,0
647374,311.33700000000005,3.037820000000001,0.0,4.0,48.0,2.0,2.0,2.0,0.0,0.0,5.0,4.0,23.0,2.0,0.0,2.0,118.0,0.0,2.0,1.0,0
3235046,373.4380000000003,1.398,0.0,9.0,82.37,5.0,3.0,0.0,3.0,1.0,9.0,4.0,26.0,1.0,0.0,1.0,136.0,0.0,4.0,0.0,0
665601,397.4350000000001,0.7141999999999997,0.0,9.0,91.36,4.0,3.0,1.0,2.0,1.0,9.0,4.0,29.0,1.0,0.0,1.0,152.0,0.0,3.0,0.0,0
6604391,463.55600000000015,1.3235000000000017,2.0,8.0,128.03,6.0,1.0,1.0,0.0,2.0,10.0,3.0,32.0,2.0,0.0,2.0,174.0,0.0,2.0,2.0,0
3245228,476.4850000000003,4.971800000000004,2.0,7.0,108.26,8.0,4.0,3.0,1.0,0.0,9.0,4.0,35.0,0.0,0.0,0.0,180.0,0.0,1.0,2.0,0
5307784,383.4920000000002,2.3942,0.0,5.0,54.78,4.0,2.0,1.0,1.0,2.0,6.0,4.0,28.0,2.0,1.0,1.0,150.0,0.0,2.0,1.0,0
645309,378.4500000000001,1.7861999999999998,1.0,5.0,84.94,8.0,2.0,2.0,0.0,0.0,8.0,2.0,26.0,0.0,0.0,0.0,140.0,0.0,0.0,1.0,0
666837,222.20400000000004,-0.5584800000000003,1.0,6.0,89.35,2.0,2.0,0.0,2.0,0.0,7.0,2.0,16.0,0.0,0.0,0.0,84.0,0.0,2.0,0.0,0
762744,228.251,2.3425,1.0,3.0,51.22,3.0,2.0,1.0,1.0,0.0,4.0,2.0,17.0,0.0,0.0,0.0,86.0,0.0,1.0,1.0,0
2236730,288.26700000000005,0.9261199999999998,0.0,9.0,100.86,4.0,3.0,0.0,3.0,0.0,9.0,3.0,21.0,0.0,0.0,0.0,108.0,0.0,3.0,0.0,0
647428,301.79500000000013,2.1943,0.0,3.0,54.45,3.0,1.0,1.0,0.0,1.0,6.0,2.0,19.0,1.0,0.0,1.0,104.0,0.0,1.0,0.0,0
2930827,319.788,2.5216000000000003,2.0,2.0,66.39999999999999,5.0,1.0,1.0,0.0,1.0,5.0,3.0,22.0,2.0,2.0,0.0,116.0,0.0,0.0,1.0,0
798678,253.342,1.9783,0.0,3.0,46.61,2.0,0.0,0.0,0.0,2.0,4.0,2.0,18.0,2.0,1.0,1.0,102.0,0.0,1.0,1.0,0
5059019,373.4130000000001,0.9943999999999996,3.0,8.0,124.52,7.0,2.0,1.0,1.0,0.0,9.0,3.0,27.0,1.0,0.0,1.0,144.0,0.0,2.0,1.0,0
122636159,387.4870000000002,4.741700000000003,2.0,4.0,70.15,4.0,3.0,2.0,1.0,0.0,6.0,4.0,29.0,1.0,0.0,1.0,148.0,0.0,2.0,2.0,1
665074,397.5270000000002,1.81102,2.0,8.0,77.91000000000001,6.0,2.0,1.0,1.0,1.0,8.0,4.0,29.0,2.0,0.0,2.0,156.0,0.0,3.0,0.0,0
3245475,399.47200000000015,3.6289000000000025,1.0,7.0,74.61000000000001,8.0,3.0,2.0,1.0,0.0,8.0,3.0,28.0,0.0,0.0,0.0,146.0,0.0,1.0,1.0,0
1252027,294.358,3.886420000000003,0.0,5.0,52.830000000000005,4.0,3.0,2.0,1.0,0.0,5.0,3.0,22.0,0.0,0.0,0.0,112.0,0.0,1.0,0.0,0
1293902,392.4370000000001,2.08764,3.0,6.0,138.35000000000002,8.0,2.0,1.0,1.0,0.0,10.0,2.0,27.0,0.0,0.0,0.0,144.0,0.0,1.0,1.0,0
2876026,240.28,2.3401,2.0,3.0,74.6,5.0,1.0,1.0,0.0,0.0,5.0,1.0,16.0,0.0,0.0,0.0,86.0,0.0,0.0,0.0,0
648949,339.4390000000001,3.162270000000001,2.0,5.0,63.17,8.0,3.0,2.0,1.0,0.0,5.0,3.0,25.0,0.0,0.0,0.0,132.0,0.0,1.0,0.0,0
16758884,560.3300000000002,6.261800000000005,0.0,2.0,40.620000000000005,2.0,2.0,2.0,0.0,3.0,6.0,5.0,32.0,3.0,0.0,3.0,168.0,0.0,3.0,2.0,0
3237180,312.0489999999999,1.6534999999999995,3.0,2.0,77.76,5.0,0.0,0.0,0.0,0.0,13.0,0.0,18.0,0.0,0.0,0.0,110.0,0.0,0.0,0.0,0
2979873,345.39900000000017,1.4010199999999997,0.0,5.0,70.16,3.0,1.0,1.0,0.0,2.0,7.0,3.0,25.0,2.0,0.0,2.0,134.0,0.0,2.0,3.0,0
2092983,457.93900000000025,3.7429000000000032,1.0,5.0,88.6,5.0,3.0,2.0,1.0,0.0,9.0,4.0,31.0,1.0,0.0,1.0,160.0,0.0,2.0,1.0,0
655175,412.3870000000001,3.591300000000002,2.0,5.0,68.17999999999999,4.0,2.0,1.0,1.0,1.0,10.0,4.0,29.0,2.0,0.0,2.0,156.0,0.0,3.0,1.0,0
3245473,434.4520000000003,0.8978999999999995,0.0,6.0,107.96,7.0,2.0,1.0,1.0,1.0,9.0,4.0,32.0,2.0,0.0,2.0,164.0,0.0,3.0,5.0,0
2114543,384.4800000000001,3.2840000000000016,1.0,4.0,52.23,5.0,3.0,2.0,1.0,1.0,7.0,4.0,27.0,1.0,0.0,1.0,140.0,0.0,2.0,1.0,0
5310794,378.4570000000001,4.035800000000003,0.0,6.0,68.21000000000001,3.0,3.0,2.0,1.0,0.0,7.0,4.0,27.0,1.0,0.0,1.0,136.0,0.0,2.0,1.0,0
665720,281.359,3.2955200000000016,1.0,3.0,50.16,1.0,3.0,1.0,2.0,0.0,4.0,3.0,21.0,0.0,0.0,0.0,108.0,0.0,2.0,0.0,0
2243534,410.4990000000002,3.2116000000000016,1.0,7.0,86.11000000000001,9.0,3.0,2.0,1.0,0.0,8.0,3.0,29.0,0.0,0.0,0.0,150.0,0.0,1.0,1.0,0
654333,281.341,1.2554999999999998,1.0,7.0,85.84,6.0,2.0,0.0,2.0,0.0,8.0,2.0,19.0,0.0,0.0,0.0,102.0,0.0,2.0,1.0,0
2999194,486.3770000000002,3.359500000000001,1.0,6.0,105.67,6.0,2.0,1.0,1.0,1.0,11.0,3.0,31.0,1.0,0.0,1.0,166.0,0.0,2.0,1.0,0
76071938,377.35100000000006,2.583000000000001,3.0,5.0,101.16,7.0,3.0,1.0,2.0,0.0,10.0,3.0,27.0,0.0,0.0,0.0,142.0,0.0,2.0,2.0,1
16758302,340.4160000000001,2.2812,0.0,6.0,71.06,2.0,0.0,0.0,0.0,0.0,6.0,1.0,24.0,1.0,0.0,1.0,136.0,0.0,1.0,0.0,0
803966,304.302,1.3518,2.0,4.0,103.78,5.0,1.0,1.0,0.0,0.0,7.0,2.0,22.0,1.0,0.0,1.0,116.0,0.0,1.0,3.0,0
3246677,437.49900000000025,5.710840000000004,3.0,5.0,75.38,4.0,4.0,3.0,1.0,0.0,6.0,6.0,33.0,2.0,0.0,2.0,164.0,0.0,3.0,0.0,0
92044583,363.4210000000001,3.870700000000003,3.0,4.0,91.93,3.0,3.0,1.0,2.0,1.0,7.0,5.0,27.0,2.0,1.0,1.0,138.0,0.0,3.0,2.0,1
656280,260.293,1.8157,2.0,5.0,71.45,5.0,2.0,1.0,1.0,0.0,5.0,2.0,19.0,0.0,0.0,0.0,100.0,0.0,1.0,0.0,0
713735,336.37600000000003,1.7692999999999994,0.0,7.0,69.38,3.0,4.0,1.0,3.0,0.0,7.0,4.0,24.0,0.0,0.0,0.0,118.0,0.0,3.0,0.0,0
2951526,364.4010000000001,2.6219200000000003,2.0,4.0,82.63,4.0,3.0,2.0,1.0,0.0,6.0,4.0,27.0,1.0,0.0,1.0,138.0,0.0,2.0,1.0,0
5311218,239.227,0.0682999999999995,3.0,4.0,109.85,6.0,1.0,1.0,0.0,0.0,6.0,1.0,17.0,0.0,0.0,0.0,92.0,0.0,0.0,0.0,0
662560,448.58900000000034,4.654740000000004,2.0,7.0,106.35,10.0,2.0,1.0,1.0,0.0,9.0,2.0,31.0,0.0,0.0,0.0,170.0,0.0,1.0,2.0,0
879560,253.301,4.201920000000003,0.0,3.0,35.260000000000005,3.0,3.0,2.0,1.0,0.0,3.0,3.0,19.0,0.0,0.0,0.0,96.0,0.0,1.0,0.0,0
2997568,337.40400000000005,2.6046000000000014,2.0,5.0,79.45,2.0,3.0,2.0,1.0,0.0,6.0,4.0,24.0,1.0,0.0,1.0,120.0,0.0,2.0,1.0,0
882981,322.22400000000005,2.488200000000001,0.0,3.0,46.61,5.0,1.0,1.0,0.0,0.0,6.0,1.0,17.0,0.0,0.0,0.0,96.0,0.0,0.0,0.0,0
1252359,461.4960000000004,1.292399999999999,1.0,7.0,114.48000000000002,6.0,2.0,2.0,0.0,1.0,11.0,4.0,32.0,2.0,0.0,2.0,170.0,0.0,2.0,2.0,0
4136,161.225,0.0485999999999997,1.0,2.0,38.33,3.0,0.0,0.0,0.0,0.0,4.0,0.0,11.0,0.0,0.0,0.0,66.0,0.0,0.0,1.0,0
2966047,383.2420000000002,2.9909000000000017,1.0,4.0,67.87,4.0,1.0,1.0,0.0,0.0,7.0,2.0,23.0,1.0,0.0,1.0,124.0,0.0,1.0,2.0,0
1110941,394.3280000000002,3.026600000000001,0.0,5.0,59.73,2.0,3.0,1.0,2.0,1.0,10.0,4.0,28.0,1.0,0.0,1.0,146.0,0.0,3.0,1.0,0
2943362,279.386,2.8880000000000017,0.0,3.0,37.38,2.0,2.0,1.0,1.0,0.0,5.0,3.0,18.0,1.0,0.0,1.0,94.0,0.0,2.0,0.0,0
663768,332.83500000000004,4.010480000000003,1.0,5.0,65.09,8.0,2.0,1.0,1.0,0.0,6.0,2.0,23.0,0.0,0.0,0.0,122.0,0.0,1.0,0.0,0
3237685,337.35400000000004,2.418200000000001,1.0,4.0,58.1,3.0,3.0,2.0,1.0,0.0,6.0,4.0,25.0,1.0,0.0,1.0,126.0,0.0,2.0,0.0,0
54676097,337.3790000000001,3.0104000000000006,2.0,5.0,84.22,4.0,3.0,1.0,2.0,0.0,6.0,3.0,25.0,0.0,0.0,0.0,128.0,0.0,2.0,1.0,0
652215,494.5960000000003,3.213540000000001,1.0,8.0,115.38,8.0,3.0,1.0,2.0,1.0,10.0,4.0,36.0,1.0,0.0,1.0,192.0,0.0,3.0,2.0,0
2855830,492.3660000000002,3.971400000000002,1.0,7.0,83.09,5.0,1.0,1.0,0.0,0.0,8.0,4.0,31.0,3.0,1.0,2.0,166.0,0.0,2.0,0.0,0
666989,443.5070000000002,1.8749,0.0,8.0,82.13,5.0,4.0,2.0,2.0,0.0,8.0,5.0,33.0,1.0,0.0,1.0,168.0,0.0,3.0,0.0,0
942474,211.221,0.8422999999999998,1.0,5.0,73.34,4.0,1.0,0.0,1.0,0.0,6.0,1.0,15.0,0.0,0.0,0.0,82.0,0.0,1.0,1.0,0
118381160,396.4950000000001,3.8020000000000014,5.0,5.0,114.96,7.0,3.0,1.0,2.0,0.0,8.0,3.0,29.0,0.0,0.0,0.0,154.0,0.0,2.0,2.0,1
2201536,396.4720000000001,3.483220000000002,1.0,7.0,86.10999999999999,7.0,3.0,2.0,1.0,0.0,8.0,3.0,28.0,0.0,0.0,0.0,144.0,0.0,1.0,1.0,0
5308265,316.3610000000001,1.3369999999999993,0.0,5.0,67.67,3.0,2.0,1.0,1.0,1.0,7.0,3.0,23.0,1.0,0.0,1.0,122.0,0.0,2.0,2.0,0
2999984,460.5850000000002,3.295720000000002,0.0,9.0,99.05,7.0,4.0,1.0,3.0,0.0,11.0,4.0,31.0,0.0,0.0,0.0,164.0,0.0,3.0,0.0,0
16757745,354.45000000000016,2.952500000000001,1.0,5.0,54.7,2.0,2.0,1.0,1.0,1.0,5.0,5.0,26.0,3.0,0.0,3.0,138.0,0.0,4.0,0.0,0
653345,336.4360000000002,3.3203000000000022,1.0,6.0,51.97,7.0,2.0,1.0,1.0,1.0,7.0,3.0,23.0,1.0,0.0,1.0,124.0,0.0,2.0,0.0,0
8461,182.135,1.81142,0.0,4.0,86.28,2.0,1.0,1.0,0.0,0.0,6.0,1.0,13.0,0.0,0.0,0.0,68.0,0.0,0.0,0.0,0
1321784,351.255,2.3818,0.0,3.0,57.690000000000005,4.0,1.0,1.0,0.0,1.0,8.0,2.0,21.0,1.0,0.0,1.0,116.0,0.0,1.0,1.0,0
2975791,308.341,1.8511,1.0,4.0,78.95,3.0,2.0,1.0,1.0,1.0,6.0,4.0,23.0,2.0,1.0,1.0,116.0,0.0,2.0,2.0,0
650834,198.251,0.99752,2.0,4.0,80.89999999999999,2.0,1.0,0.0,1.0,0.0,6.0,1.0,13.0,0.0,0.0,0.0,70.0,0.0,1.0,2.0,0
6605115,414.5130000000003,3.877520000000003,1.0,7.0,68.10000000000001,6.0,4.0,2.0,2.0,1.0,7.0,5.0,31.0,1.0,0.0,1.0,158.0,0.0,3.0,0.0,0
3246033,362.4660000000002,1.7815999999999996,3.0,5.0,94.83,2.0,0.0,0.0,0.0,3.0,5.0,4.0,26.0,4.0,4.0,0.0,144.0,0.0,0.0,0.0,0
799512,328.409,1.8951,1.0,3.0,66.48,5.0,1.0,1.0,0.0,1.0,7.0,2.0,22.0,1.0,1.0,0.0,122.0,0.0,0.0,1.0,0
3240029,356.4660000000003,3.201500000000002,1.0,3.0,58.64,4.0,1.0,1.0,0.0,2.0,5.0,4.0,26.0,3.0,1.0,2.0,140.0,0.0,2.0,2.0,0
3241329,366.4860000000001,4.434120000000004,1.0,4.0,51.1,7.0,3.0,1.0,2.0,0.0,5.0,3.0,26.0,0.0,0.0,0.0,134.0,0.0,2.0,1.0,0
653808,483.5650000000004,3.2314000000000007,2.0,6.0,110.11,11.0,2.0,1.0,1.0,1.0,9.0,3.0,35.0,1.0,1.0,0.0,188.0,0.0,1.0,3.0,0
3232951,432.5930000000001,4.645900000000005,0.0,5.0,49.330000000000005,4.0,3.0,2.0,1.0,2.0,6.0,5.0,31.0,2.0,0.0,2.0,160.0,1.0,3.0,1.0,0
2827171,211.286,1.8304,1.0,3.0,50.19,5.0,1.0,0.0,1.0,0.0,4.0,1.0,14.0,0.0,0.0,0.0,76.0,0.0,1.0,0.0,0
645652,483.47200000000015,2.362,1.0,8.0,110.44,5.0,3.0,2.0,1.0,1.0,13.0,4.0,33.0,1.0,0.0,1.0,176.0,0.0,2.0,0.0,0
6604878,419.6130000000003,4.838600000000005,0.0,3.0,26.79,8.0,2.0,2.0,0.0,1.0,4.0,3.0,31.0,1.0,0.0,1.0,166.0,0.0,1.0,1.0,0
6859993,372.812,3.8865000000000034,0.0,7.0,82.51,6.0,3.0,1.0,2.0,0.0,8.0,3.0,26.0,0.0,0.0,0.0,134.0,0.0,2.0,0.0,0
2998224,480.58700000000033,1.328100000000001,2.0,7.0,125.12,7.0,1.0,1.0,0.0,2.0,11.0,3.0,33.0,2.0,1.0,1.0,182.0,0.0,1.0,3.0,0
135403800,179.13899999999998,-1.4114000000000009,3.0,5.0,117.51999999999998,0.0,2.0,0.0,2.0,0.0,7.0,2.0,13.0,0.0,0.0,0.0,66.0,0.0,2.0,0.0,0
3240736,474.97000000000014,4.595500000000004,1.0,6.0,105.4,6.0,3.0,2.0,1.0,1.0,10.0,4.0,32.0,1.0,0.0,1.0,168.0,0.0,2.0,1.0,0
3247197,601.7690000000005,4.016000000000004,1.0,7.0,92.08,10.0,3.0,2.0,1.0,2.0,9.0,6.0,43.0,3.0,1.0,2.0,226.0,0.0,3.0,2.0,0
2928619,368.4770000000001,3.490000000000003,0.0,3.0,57.690000000000005,4.0,1.0,1.0,0.0,2.0,5.0,4.0,27.0,3.0,1.0,2.0,144.0,0.0,2.0,3.0,0
135429096,370.4120000000001,3.160700000000001,1.0,4.0,78.95,5.0,4.0,2.0,2.0,0.0,6.0,4.0,28.0,0.0,0.0,0.0,138.0,0.0,2.0,1.0,0
3247221,575.7310000000004,3.4818000000000024,1.0,7.0,92.08,10.0,3.0,2.0,1.0,1.0,9.0,5.0,41.0,2.0,1.0,1.0,216.0,0.0,2.0,2.0,0
665368,380.4440000000001,3.3527000000000013,1.0,4.0,71.63000000000001,7.0,3.0,2.0,1.0,0.0,6.0,3.0,28.0,0.0,0.0,0.0,146.0,0.0,1.0,1.0,0
1093889,363.32400000000007,2.6398200000000003,1.0,7.0,90.64,5.0,3.0,1.0,2.0,0.0,10.0,3.0,26.0,0.0,0.0,0.0,136.0,0.0,2.0,1.0,0
2211338,374.4000000000001,3.8473000000000015,1.0,7.0,82.18,6.0,4.0,2.0,2.0,0.0,7.0,4.0,28.0,0.0,0.0,0.0,140.0,0.0,2.0,0.0,0
9587717,295.3460000000001,1.79508,0.0,5.0,66.44,4.0,2.0,1.0,1.0,1.0,6.0,3.0,22.0,1.0,0.0,1.0,112.0,0.0,2.0,0.0,0
3233940,279.343,3.371400000000002,0.0,4.0,38.25,3.0,3.0,2.0,1.0,0.0,4.0,3.0,21.0,0.0,0.0,0.0,106.0,0.0,1.0,0.0,0
135427810,271.324,0.79992,1.0,5.0,65.12,2.0,2.0,1.0,1.0,1.0,6.0,3.0,20.0,1.0,0.0,1.0,104.0,0.0,2.0,0.0,0
4215541,355.41300000000007,2.6881200000000005,1.0,2.0,52.65,6.0,2.0,2.0,0.0,1.0,6.0,3.0,26.0,1.0,0.0,1.0,136.0,0.0,1.0,3.0,0
665472,384.39200000000017,2.728700000000001,1.0,8.0,108.6,8.0,3.0,1.0,2.0,0.0,9.0,3.0,28.0,0.0,0.0,0.0,146.0,0.0,2.0,1.0,0
2997795,473.5550000000004,3.268720000000002,1.0,10.0,121.22,11.0,3.0,0.0,3.0,0.0,11.0,3.0,33.0,0.0,0.0,0.0,176.0,0.0,3.0,0.0,0
759162,299.3260000000001,2.681300000000001,1.0,4.0,64.63,3.0,1.0,1.0,0.0,0.0,5.0,2.0,22.0,1.0,0.0,1.0,114.0,0.0,1.0,1.0,0
3241980,350.216,2.722740000000001,1.0,4.0,63.99,4.0,2.0,1.0,1.0,0.0,6.0,2.0,21.0,0.0,0.0,0.0,110.0,0.0,1.0,1.0,0
5309558,443.5290000000002,2.582960000000001,1.0,7.0,106.42,7.0,3.0,1.0,2.0,0.0,10.0,3.0,31.0,0.0,0.0,0.0,164.0,0.0,2.0,1.0,0
2900521,326.3740000000001,1.0043,2.0,5.0,115.56,4.0,1.0,1.0,0.0,1.0,8.0,2.0,22.0,1.0,0.0,1.0,120.0,0.0,1.0,1.0,0
828747,266.326,1.0335199999999998,1.0,6.0,90.87,3.0,2.0,1.0,1.0,0.0,7.0,2.0,18.0,0.0,0.0,0.0,96.0,0.0,1.0,0.0,0
9647465,316.36400000000003,2.8573000000000013,1.0,5.0,63.3,3.0,3.0,2.0,1.0,0.0,5.0,4.0,24.0,1.0,1.0,0.0,118.0,0.0,1.0,0.0,0
16758807,403.43400000000014,3.110500000000002,1.0,5.0,83.91,3.0,2.0,2.0,0.0,2.0,6.0,5.0,30.0,3.0,2.0,1.0,152.0,0.0,1.0,2.0,0
6397,108.644,2.0601,0.0,0.0,0.0,0.0,0.0,0.0,0.0,0.0,2.0,0.0,5.0,0.0,0.0,0.0,32.0,0.0,0.0,0.0,0
6858696,334.21000000000004,3.874640000000003,0.0,5.0,48.0,3.0,3.0,1.0,2.0,0.0,7.0,3.0,22.0,0.0,0.0,0.0,112.0,0.0,2.0,0.0,0
12117,210.28,3.848600000000002,1.0,1.0,24.39,2.0,2.0,2.0,0.0,0.0,2.0,2.0,16.0,0.0,0.0,0.0,80.0,0.0,0.0,0.0,0
646673,355.478,3.837800000000003,1.0,4.0,41.93000000000001,8.0,2.0,2.0,0.0,1.0,4.0,3.0,26.0,1.0,0.0,1.0,140.0,0.0,1.0,0.0,0
5308979,440.5070000000003,2.1261,0.0,7.0,84.21999999999998,5.0,4.0,1.0,3.0,1.0,8.0,5.0,33.0,1.0,0.0,1.0,166.0,0.0,4.0,1.0,0
5144820,356.3780000000001,1.2370999999999996,3.0,4.0,104.73,8.0,2.0,2.0,0.0,0.0,7.0,2.0,26.0,0.0,0.0,0.0,136.0,0.0,0.0,2.0,0
2102567,347.41800000000006,3.3995000000000024,0.0,4.0,55.2,4.0,3.0,2.0,1.0,0.0,5.0,4.0,26.0,1.0,0.0,1.0,132.0,0.0,2.0,1.0,0
3244911,463.5340000000003,3.193200000000002,1.0,6.0,93.63,8.0,3.0,2.0,1.0,0.0,8.0,4.0,34.0,1.0,0.0,1.0,178.0,0.0,2.0,1.0,0
661041,298.371,3.167600000000001,1.0,5.0,63.690000000000005,5.0,3.0,1.0,2.0,0.0,6.0,3.0,21.0,0.0,0.0,0.0,106.0,0.0,2.0,0.0,0
645888,393.45100000000014,1.431599999999999,1.0,8.0,88.41000000000001,6.0,3.0,2.0,1.0,1.0,9.0,4.0,29.0,1.0,0.0,1.0,150.0,0.0,2.0,1.0,0
783981,244.29399999999995,2.50634,1.0,3.0,55.120000000000005,4.0,2.0,1.0,1.0,0.0,4.0,2.0,18.0,0.0,0.0,0.0,94.0,0.0,1.0,0.0,0
3239025,400.47500000000014,2.4992,0.0,6.0,77.84,7.0,2.0,1.0,1.0,1.0,7.0,3.0,29.0,1.0,0.0,1.0,156.0,0.0,2.0,1.0,0
767427,151.23399999999998,2.45779,1.0,2.0,12.03,1.0,1.0,1.0,0.0,0.0,2.0,1.0,10.0,0.0,0.0,0.0,52.0,0.0,0.0,0.0,0
362128,284.3190000000001,0.9797999999999992,0.0,4.0,58.440000000000005,2.0,2.0,1.0,1.0,0.0,6.0,3.0,21.0,1.0,0.0,1.0,108.0,0.0,2.0,2.0,0
648115,490.5600000000002,3.6364000000000014,2.0,6.0,113.77,10.0,3.0,1.0,2.0,1.0,9.0,4.0,36.0,1.0,1.0,0.0,188.0,0.0,2.0,3.0,0
1122041,279.299,3.297320000000001,1.0,4.0,68.02000000000001,3.0,3.0,1.0,2.0,0.0,5.0,3.0,21.0,0.0,0.0,0.0,104.0,0.0,2.0,1.0,0
3239307,399.5350000000001,3.2242200000000016,2.0,3.0,78.51,6.0,1.0,1.0,0.0,2.0,6.0,3.0,29.0,2.0,1.0,1.0,158.0,0.0,1.0,3.0,0
2622916,355.4190000000001,3.2543200000000017,2.0,5.0,84.23,5.0,3.0,1.0,2.0,0.0,7.0,3.0,25.0,0.0,0.0,0.0,128.0,0.0,2.0,3.0,0
4515,350.4180000000001,3.1723000000000017,1.0,4.0,62.13,7.0,2.0,2.0,0.0,0.0,5.0,3.0,26.0,1.0,0.0,1.0,134.0,0.0,1.0,0.0,0
649943,355.4450000000001,1.41642,1.0,9.0,99.0,7.0,2.0,0.0,2.0,0.0,10.0,2.0,23.0,0.0,0.0,0.0,124.0,0.0,2.0,1.0,0
1244077,273.336,1.6776999999999995,1.0,4.0,56.15,6.0,2.0,1.0,1.0,0.0,5.0,2.0,20.0,0.0,0.0,0.0,106.0,0.0,1.0,1.0,0
1247433,248.31099999999995,1.6023,1.0,5.0,59.81,2.0,2.0,0.0,2.0,0.0,6.0,3.0,17.0,1.0,1.0,0.0,88.0,0.0,2.0,1.0,0
676309,270.24,2.5768000000000013,3.0,5.0,90.9,1.0,3.0,2.0,1.0,0.0,5.0,3.0,20.0,0.0,0.0,0.0,100.0,0.0,1.0,0.0,0
16758679,485.5370000000003,1.2006999999999997,3.0,8.0,137.76,5.0,1.0,1.0,0.0,4.0,10.0,5.0,35.0,4.0,2.0,2.0,188.0,0.0,2.0,3.0,0
665815,314.40700000000004,1.4982,0.0,4.0,59.080000000000005,8.0,1.0,1.0,0.0,0.0,7.0,1.0,21.0,0.0,0.0,0.0,118.0,0.0,0.0,0.0,0
665842,337.40100000000007,2.3866000000000005,1.0,7.0,82.57000000000002,8.0,2.0,1.0,1.0,0.0,8.0,2.0,23.0,0.0,0.0,0.0,124.0,0.0,1.0,1.0,0
6603716,596.8520000000003,8.905400000000004,2.0,4.0,74.6,10.0,0.0,0.0,0.0,0.0,4.0,2.0,44.0,2.0,2.0,0.0,236.0,0.0,0.0,0.0,0
3243881,246.2659999999999,2.0764,1.0,4.0,68.27000000000001,3.0,2.0,0.0,2.0,0.0,5.0,3.0,18.0,1.0,1.0,0.0,94.0,0.0,2.0,1.0,0
3241295,459.5970000000001,2.9494900000000017,2.0,6.0,100.09,9.0,3.0,2.0,1.0,0.0,10.0,3.0,31.0,0.0,0.0,0.0,164.0,0.0,1.0,1.0,0
2216508,347.172,2.3429,1.0,5.0,69.03999999999999,4.0,3.0,2.0,1.0,0.0,7.0,3.0,21.0,0.0,0.0,0.0,106.0,0.0,1.0,1.0,0
2155755,440.5250000000002,3.194700000000002,0.0,8.0,80.93000000000002,7.0,3.0,2.0,1.0,1.0,9.0,4.0,31.0,1.0,0.0,1.0,162.0,0.0,2.0,1.0,0
646813,475.6550000000004,3.290820000000001,2.0,4.0,95.58,9.0,1.0,1.0,0.0,2.0,8.0,3.0,33.0,2.0,2.0,0.0,182.0,0.0,0.0,3.0,0
5307146,336.3910000000001,2.773100000000001,0.0,4.0,51.13,3.0,2.0,2.0,0.0,0.0,5.0,4.0,25.0,2.0,0.0,2.0,128.0,0.0,2.0,1.0,0
197584,408.306,4.855600000000004,3.0,3.0,69.56,8.0,1.0,1.0,0.0,1.0,7.0,2.0,25.0,1.0,1.0,0.0,142.0,0.0,0.0,0.0,0
831830,258.31800000000004,0.9072999999999998,0.0,3.0,40.620000000000005,2.0,1.0,1.0,0.0,1.0,6.0,2.0,17.0,1.0,0.0,1.0,94.0,0.0,1.0,0.0,0
3235568,409.85200000000015,3.760300000000002,0.0,6.0,63.91,4.0,4.0,2.0,2.0,0.0,8.0,4.0,29.0,0.0,0.0,0.0,146.0,0.0,2.0,0.0,0
646157,281.69500000000005,1.3421999999999998,1.0,3.0,74.68,4.0,1.0,1.0,0.0,1.0,6.0,2.0,19.0,1.0,0.0,1.0,100.0,0.0,1.0,2.0,0
2089640,409.4380000000002,4.438640000000003,0.0,7.0,87.86,8.0,3.0,2.0,1.0,0.0,7.0,3.0,30.0,0.0,0.0,0.0,156.0,0.0,1.0,0.0,0
2930384,431.4960000000002,2.0559900000000004,2.0,7.0,101.48,7.0,4.0,1.0,3.0,0.0,8.0,4.0,32.0,0.0,0.0,0.0,164.0,0.0,3.0,1.0,0
2999134,400.50000000000017,2.24632,2.0,4.0,86.71000000000001,4.0,2.0,2.0,0.0,1.0,7.0,4.0,28.0,2.0,1.0,1.0,148.0,0.0,1.0,1.0,0
4441427,359.40100000000007,2.8957000000000006,2.0,5.0,87.45,4.0,2.0,1.0,1.0,1.0,7.0,3.0,26.0,1.0,1.0,0.0,138.0,0.0,1.0,0.0,0
2408834,293.374,3.639580000000002,1.0,5.0,55.63,3.0,3.0,1.0,2.0,0.0,5.0,3.0,22.0,0.0,0.0,0.0,112.0,0.0,2.0,0.0,0
5389722,309.3619999999999,0.7581000000000004,0.0,5.0,65.07000000000001,7.0,0.0,0.0,0.0,2.0,6.0,3.0,22.0,3.0,0.0,3.0,122.0,1.0,3.0,1.0,0
10819,152.23699999999997,2.2813,1.0,1.0,20.23,2.0,0.0,0.0,0.0,0.0,1.0,1.0,11.0,1.0,1.0,0.0,62.0,0.0,0.0,0.0,0
649409,149.19299999999998,1.7993199999999996,1.0,2.0,21.26,0.0,1.0,1.0,0.0,0.0,2.0,2.0,11.0,1.0,0.0,1.0,58.0,0.0,1.0,0.0,0
121416656,392.8500000000001,4.099020000000002,2.0,5.0,84.73,4.0,4.0,1.0,3.0,0.0,8.0,4.0,28.0,0.0,0.0,0.0,140.0,0.0,3.0,2.0,1
671564,280.234,1.95822,3.0,3.0,86.88,2.0,2.0,1.0,1.0,0.0,8.0,2.0,20.0,0.0,0.0,0.0,104.0,0.0,1.0,3.0,0
6636212,371.444,4.0435000000000025,0.0,6.0,65.72,7.0,4.0,2.0,2.0,0.0,6.0,4.0,28.0,0.0,0.0,0.0,140.0,0.0,2.0,0.0,0
346046,241.29,3.255920000000001,1.0,2.0,38.33,3.0,2.0,2.0,0.0,0.0,3.0,2.0,18.0,0.0,0.0,0.0,92.0,0.0,0.0,1.0,0
893547,326.4480000000001,3.046140000000001,2.0,6.0,79.96,4.0,2.0,1.0,1.0,1.0,6.0,3.0,24.0,1.0,0.0,1.0,128.0,0.0,2.0,0.0,0
121416551,469.59300000000025,4.430240000000004,2.0,6.0,87.97000000000001,4.0,4.0,1.0,3.0,1.0,8.0,5.0,35.0,1.0,0.0,1.0,180.0,0.0,4.0,2.0,1
653162,340.383,2.1029,1.0,6.0,76.58000000000001,3.0,2.0,1.0,1.0,1.0,7.0,4.0,25.0,2.0,0.0,2.0,130.0,0.0,3.0,1.0,0
977250,224.263,3.1914000000000016,0.0,3.0,30.96,3.0,3.0,1.0,2.0,0.0,3.0,3.0,17.0,0.0,0.0,0.0,84.0,0.0,2.0,0.0,0
656215,371.41200000000015,2.7052000000000005,1.0,5.0,54.040000000000006,5.0,2.0,2.0,0.0,1.0,7.0,4.0,27.0,2.0,0.0,2.0,142.0,0.0,2.0,1.0,0
3238962,392.45200000000006,3.0162000000000013,1.0,4.0,75.71000000000001,5.0,2.0,2.0,0.0,1.0,8.0,3.0,27.0,1.0,0.0,1.0,144.0,0.0,1.0,1.0,0
2791873,353.2160000000001,2.9667000000000017,2.0,5.0,71.45,5.0,2.0,1.0,1.0,0.0,6.0,2.0,21.0,0.0,0.0,0.0,112.0,0.0,1.0,0.0,0
663343,311.378,1.0486,2.0,6.0,79.23,10.0,1.0,1.0,0.0,0.0,6.0,1.0,22.0,0.0,0.0,0.0,124.0,0.0,0.0,0.0,0
3241880,450.4950000000004,1.5430999999999993,1.0,7.0,96.87,6.0,3.0,2.0,1.0,1.0,9.0,5.0,33.0,2.0,0.0,2.0,172.0,0.0,3.0,1.0,0
68094,198.225,2.31782,2.0,1.0,48.65,0.0,3.0,1.0,2.0,0.0,3.0,3.0,15.0,0.0,0.0,0.0,74.0,0.0,2.0,0.0,0
665807,346.43000000000006,0.5243000000000002,1.0,5.0,104.11,6.0,0.0,0.0,0.0,2.0,9.0,2.0,22.0,2.0,0.0,2.0,122.0,0.0,2.0,1.0,0
6603729,374.2780000000001,4.036300000000004,2.0,3.0,43.7,3.0,2.0,2.0,0.0,0.0,4.0,3.0,23.0,1.0,0.0,1.0,120.0,0.0,1.0,0.0,0
5309787,418.5630000000002,3.404040000000002,2.0,4.0,95.16,7.0,2.0,1.0,1.0,1.0,8.0,3.0,29.0,1.0,1.0,0.0,158.0,0.0,1.0,1.0,0
951593,349.36400000000003,1.7377000000000002,1.0,5.0,93.14,5.0,2.0,2.0,0.0,0.0,8.0,3.0,24.0,1.0,0.0,1.0,126.0,0.0,1.0,0.0,0
2220531,357.4130000000002,4.436640000000003,1.0,4.0,68.02000000000001,4.0,4.0,1.0,3.0,0.0,5.0,4.0,27.0,0.0,0.0,0.0,134.0,0.0,3.0,1.0,0
653540,477.5690000000002,2.9641,1.0,9.0,111.05,11.0,4.0,1.0,3.0,0.0,10.0,4.0,35.0,0.0,0.0,0.0,184.0,0.0,3.0,0.0,0
2999416,446.5790000000002,3.231300000000002,1.0,7.0,92.26,5.0,3.0,1.0,2.0,1.0,10.0,5.0,29.0,2.0,1.0,1.0,150.0,0.0,3.0,1.0,0
5308848,414.4830000000001,2.889820000000001,1.0,6.0,98.5,8.0,3.0,2.0,1.0,0.0,8.0,3.0,29.0,0.0,0.0,0.0,152.0,0.0,1.0,1.0,0
1284913,431.33300000000014,2.783800000000001,1.0,5.0,75.71000000000001,4.0,2.0,1.0,1.0,1.0,9.0,3.0,24.0,1.0,0.0,1.0,128.0,0.0,2.0,1.0,0
1318332,374.84900000000016,4.271100000000002,2.0,4.0,71.33,6.0,3.0,1.0,2.0,0.0,7.0,3.0,25.0,0.0,0.0,0.0,128.0,0.0,2.0,1.0,0
3233374,291.354,3.764300000000002,1.0,4.0,47.040000000000006,5.0,3.0,2.0,1.0,0.0,4.0,3.0,22.0,0.0,0.0,0.0,110.0,0.0,1.0,0.0,1
2970203,391.49300000000017,3.329400000000001,2.0,6.0,85.35000000000001,6.0,2.0,1.0,1.0,0.0,8.0,3.0,27.0,1.0,0.0,1.0,146.0,0.0,2.0,1.0,0
135412725,262.35799999999995,-0.3774999999999976,4.0,5.0,125.97,12.0,0.0,0.0,0.0,0.0,8.0,0.0,18.0,0.0,0.0,0.0,108.0,0.0,0.0,0.0,0
2881773,256.309,2.2443,2.0,4.0,87.72,1.0,1.0,0.0,1.0,0.0,5.0,3.0,19.0,2.0,1.0,1.0,98.0,0.0,2.0,0.0,0
2226989,301.367,3.067200000000001,1.0,4.0,47.56,4.0,2.0,2.0,0.0,0.0,5.0,3.0,21.0,1.0,0.0,1.0,108.0,0.0,1.0,1.0,0
663327,327.4380000000001,3.712200000000002,1.0,6.0,59.39,4.0,4.0,1.0,3.0,0.0,7.0,4.0,22.0,0.0,0.0,0.0,110.0,0.0,3.0,0.0,0
667193,400.5290000000001,3.855800000000002,1.0,7.0,69.04,9.0,3.0,1.0,2.0,0.0,8.0,3.0,27.0,0.0,0.0,0.0,140.0,0.0,2.0,1.0,0
1854652,285.307,2.1935200000000004,1.0,7.0,73.57000000000001,4.0,3.0,1.0,2.0,0.0,7.0,3.0,21.0,0.0,0.0,0.0,108.0,0.0,2.0,0.0,0
2980262,249.19200000000004,1.8888,2.0,4.0,67.15,1.0,1.0,0.0,1.0,0.0,8.0,2.0,17.0,1.0,0.0,1.0,94.0,0.0,2.0,0.0,0
2123310,282.36500000000007,1.5913,0.0,4.0,49.85,3.0,1.0,0.0,1.0,1.0,6.0,2.0,19.0,1.0,0.0,1.0,104.0,0.0,2.0,2.0,0
650114,386.835,2.5133,1.0,5.0,70.08000000000001,7.0,2.0,2.0,0.0,0.0,7.0,3.0,27.0,1.0,0.0,1.0,140.0,0.0,1.0,2.0,1
1259630,384.236,3.2014000000000005,2.0,7.0,89.39,5.0,2.0,1.0,1.0,0.0,13.0,2.0,26.0,0.0,0.0,0.0,142.0,0.0,1.0,0.0,1
977934,336.576,4.214500000000002,0.0,4.0,51.81,2.0,3.0,1.0,2.0,0.0,6.0,3.0,19.0,0.0,0.0,0.0,94.0,0.0,2.0,0.0,0
1316259,386.5210000000001,3.035200000000001,0.0,5.0,66.4,4.0,2.0,1.0,1.0,2.0,7.0,4.0,27.0,2.0,1.0,1.0,144.0,0.0,2.0,0.0,0
743130,287.363,2.760400000000001,1.0,4.0,71.95,2.0,1.0,0.0,1.0,1.0,5.0,3.0,21.0,2.0,2.0,0.0,112.0,0.0,1.0,1.0,0
2240918,412.5150000000001,2.8537000000000017,1.0,7.0,78.27000000000001,10.0,3.0,2.0,1.0,0.0,8.0,3.0,29.0,0.0,0.0,0.0,152.0,0.0,1.0,1.0,0
3235343,361.4420000000001,2.188,1.0,4.0,71.11,4.0,1.0,1.0,0.0,2.0,7.0,3.0,26.0,2.0,0.0,2.0,142.0,1.0,2.0,3.0,0
1581116,207.273,1.9817,1.0,2.0,38.33,6.0,1.0,1.0,0.0,0.0,3.0,1.0,15.0,0.0,0.0,0.0,82.0,0.0,0.0,1.0,0
675220,310.147,2.737300000000001,1.0,3.0,51.47,5.0,2.0,1.0,1.0,0.0,5.0,2.0,18.0,0.0,0.0,0.0,94.0,0.0,1.0,1.0,0
5402580,310.3570000000001,2.750900000000001,0.0,5.0,61.98,4.0,2.0,2.0,0.0,1.0,6.0,3.0,23.0,1.0,0.0,1.0,118.0,0.0,1.0,0.0,1
135450660,200.201,1.5731999999999997,2.0,4.0,85.06,1.0,2.0,1.0,1.0,0.0,5.0,2.0,15.0,0.0,0.0,0.0,74.0,0.0,1.0,0.0,0
3234383,274.36400000000003,1.7617999999999998,0.0,3.0,32.78,3.0,1.0,1.0,0.0,2.0,4.0,3.0,20.0,2.0,0.0,2.0,108.0,1.0,2.0,1.0,0
782398,342.4390000000001,3.121700000000001,1.0,5.0,45.17,6.0,2.0,2.0,0.0,1.0,5.0,3.0,25.0,1.0,0.0,1.0,134.0,0.0,1.0,0.0,0
715260,311.3410000000001,3.0029800000000018,1.0,5.0,84.24,6.0,2.0,1.0,1.0,0.0,6.0,2.0,23.0,0.0,0.0,0.0,118.0,0.0,1.0,1.0,0
3246193,330.40200000000004,1.9474899999999995,2.0,8.0,100.96,4.0,4.0,0.0,4.0,0.0,10.0,4.0,22.0,0.0,0.0,0.0,110.0,0.0,4.0,0.0,0
67316,321.314,2.1532,3.0,6.0,142.41,4.0,2.0,2.0,0.0,0.0,9.0,2.0,22.0,0.0,0.0,0.0,114.0,0.0,0.0,0.0,0
5307873,351.45000000000016,3.338700000000002,1.0,4.0,56.03,2.0,3.0,1.0,2.0,1.0,5.0,4.0,26.0,1.0,1.0,0.0,136.0,0.0,2.0,1.0,0
3048,380.913,4.481400000000002,0.0,1.0,12.53,0.0,0.0,0.0,0.0,4.0,7.0,5.0,19.0,5.0,4.0,1.0,104.0,0.0,1.0,0.0,0
2079299,285.294,2.0026,3.0,2.0,70.23,6.0,1.0,1.0,0.0,0.0,7.0,1.0,20.0,0.0,0.0,0.0,110.0,0.0,0.0,3.0,0
541138,362.81300000000016,3.3286200000000017,0.0,5.0,72.64,3.0,2.0,1.0,1.0,1.0,7.0,3.0,25.0,1.0,0.0,1.0,132.0,0.0,2.0,1.0,0
11949154,389.8070000000001,-0.1875,4.0,7.0,110.46,3.0,1.0,1.0,0.0,2.0,9.0,3.0,26.0,2.0,1.0,1.0,144.0,0.0,1.0,0.0,0
73504768,452.55900000000025,2.729800000000001,2.0,6.0,99.69,5.0,2.0,1.0,1.0,1.0,9.0,4.0,33.0,2.0,0.0,2.0,176.0,0.0,3.0,3.0,1
837064,290.322,4.126200000000002,1.0,3.0,51.22,4.0,3.0,2.0,1.0,0.0,4.0,3.0,22.0,0.0,0.0,0.0,108.0,0.0,1.0,1.0,0
2945968,402.49400000000026,0.0608000000000013,2.0,6.0,118.64,6.0,1.0,1.0,0.0,2.0,10.0,3.0,26.0,2.0,0.0,2.0,144.0,0.0,2.0,1.0,0
3240410,374.4180000000002,2.515200000000001,1.0,5.0,84.94000000000001,3.0,2.0,2.0,0.0,0.0,8.0,4.0,26.0,2.0,0.0,2.0,136.0,0.0,2.0,1.0,0
3236205,388.468,2.5723200000000004,1.0,6.0,58.870000000000005,5.0,3.0,1.0,2.0,1.0,8.0,4.0,27.0,1.0,0.0,1.0,142.0,0.0,3.0,1.0,0
145995674,513.5370000000001,3.5039000000000016,1.0,10.0,115.36,6.0,5.0,1.0,4.0,0.0,12.0,6.0,38.0,1.0,0.0,1.0,192.0,0.0,5.0,1.0,1
2997284,343.37900000000013,3.195100000000001,1.0,5.0,66.02,5.0,2.0,2.0,0.0,0.0,6.0,3.0,25.0,1.0,0.0,1.0,132.0,0.0,1.0,1.0,0
972836,320.19,2.800080000000001,1.0,3.0,57.82,3.0,2.0,1.0,1.0,0.0,5.0,2.0,19.0,0.0,0.0,0.0,98.0,0.0,1.0,1.0,0
1258242,356.40700000000004,2.904700000000001,1.0,7.0,90.13,7.0,3.0,1.0,2.0,0.0,8.0,3.0,25.0,0.0,0.0,0.0,128.0,0.0,2.0,0.0,0
4524064,269.3409999999999,1.7051999999999994,2.0,3.0,75.63,5.0,0.0,0.0,0.0,2.0,5.0,2.0,19.0,2.0,1.0,1.0,108.0,0.0,1.0,1.0,0
3234112,405.48300000000006,2.799900000000001,0.0,8.0,73.14000000000001,4.0,4.0,1.0,3.0,1.0,8.0,5.0,29.0,1.0,0.0,1.0,146.0,0.0,4.0,0.0,0
778690,334.379,3.456100000000002,2.0,4.0,76.02000000000001,4.0,3.0,2.0,1.0,0.0,6.0,3.0,25.0,0.0,0.0,0.0,126.0,0.0,1.0,2.0,0
3241883,321.764,1.7700999999999998,2.0,5.0,76.12,4.0,2.0,1.0,1.0,1.0,7.0,3.0,22.0,1.0,0.0,1.0,116.0,0.0,2.0,0.0,0
650604,366.4930000000001,3.097160000000001,2.0,7.0,87.74,4.0,3.0,0.0,3.0,0.0,9.0,3.0,23.0,0.0,0.0,0.0,120.0,0.0,3.0,1.0,0
3245490,338.38800000000003,3.9811000000000014,1.0,5.0,64.36,4.0,4.0,1.0,3.0,0.0,6.0,4.0,24.0,0.0,0.0,0.0,120.0,0.0,3.0,1.0,0
73506037,395.5070000000002,3.3702000000000023,1.0,5.0,70.59,4.0,2.0,1.0,1.0,1.0,7.0,4.0,29.0,2.0,0.0,2.0,154.0,0.0,3.0,2.0,1
16758127,610.5650000000002,-1.1566,8.0,15.0,234.29,7.0,2.0,2.0,0.0,2.0,15.0,5.0,43.0,3.0,0.0,3.0,236.0,0.0,3.0,0.0,0
2998282,276.321,1.3783199999999998,0.0,7.0,69.9,3.0,2.0,1.0,1.0,1.0,7.0,3.0,19.0,1.0,0.0,1.0,98.0,0.0,2.0,0.0,0
647186,442.5160000000004,3.780800000000002,3.0,6.0,101.16,8.0,2.0,2.0,0.0,1.0,9.0,3.0,32.0,1.0,0.0,1.0,172.0,0.0,1.0,3.0,0
664049,374.4440000000001,3.544080000000003,0.0,6.0,65.53,5.0,3.0,2.0,1.0,1.0,6.0,4.0,28.0,1.0,0.0,1.0,142.0,0.0,2.0,0.0,0
2950432,353.32500000000005,2.9196000000000017,0.0,5.0,63.16,3.0,2.0,1.0,1.0,1.0,9.0,3.0,24.0,1.0,0.0,1.0,124.0,0.0,2.0,2.0,0
102861,226.316,2.725100000000001,0.0,3.0,43.370000000000005,6.0,0.0,0.0,0.0,1.0,3.0,1.0,16.0,1.0,1.0,0.0,92.0,0.0,0.0,0.0,0
970101,345.40300000000013,0.4403999999999997,1.0,7.0,90.92,5.0,2.0,0.0,2.0,0.0,8.0,3.0,25.0,1.0,1.0,0.0,134.0,0.0,2.0,1.0,0
5309938,400.5230000000001,4.045100000000003,1.0,5.0,50.16,5.0,3.0,1.0,2.0,1.0,7.0,4.0,28.0,1.0,0.0,1.0,148.0,0.0,3.0,1.0,0
714668,329.42900000000003,3.335700000000002,1.0,7.0,64.86,8.0,3.0,1.0,2.0,0.0,7.0,3.0,23.0,0.0,0.0,0.0,120.0,0.0,2.0,0.0,0
644715,359.499,3.291100000000002,1.0,6.0,72.7,7.0,2.0,0.0,2.0,1.0,7.0,3.0,25.0,1.0,1.0,0.0,134.0,0.0,2.0,1.0,0
709871,230.227,-0.1151000000000002,0.0,6.0,61.3,0.0,3.0,0.0,3.0,0.0,6.0,3.0,17.0,0.0,0.0,0.0,86.0,0.0,3.0,0.0,0
651192,262.334,1.86852,1.0,3.0,59.06,4.0,2.0,1.0,1.0,0.0,5.0,2.0,18.0,0.0,0.0,0.0,94.0,0.0,1.0,0.0,0
2998524,402.4470000000003,2.083499999999999,2.0,6.0,102.96,8.0,1.0,1.0,0.0,0.0,8.0,3.0,29.0,2.0,1.0,1.0,156.0,0.0,1.0,2.0,0
1978203,327.409,2.695080000000001,0.0,5.0,56.57,2.0,1.0,1.0,0.0,1.0,6.0,3.0,23.0,2.0,0.0,2.0,118.0,0.0,2.0,1.0,0
118054693,474.458,4.7923000000000044,2.0,5.0,90.13,5.0,3.0,2.0,1.0,1.0,10.0,4.0,34.0,1.0,0.0,1.0,178.0,0.0,2.0,1.0,1
656100,398.4780000000003,4.603600000000005,1.0,3.0,62.55,6.0,2.0,1.0,1.0,2.0,6.0,4.0,29.0,2.0,2.0,0.0,154.0,0.0,1.0,2.0,0
2336424,304.367,3.414640000000002,0.0,5.0,56.510000000000005,6.0,2.0,1.0,1.0,0.0,5.0,2.0,21.0,0.0,0.0,0.0,110.0,0.0,1.0,0.0,0
744770,284.35900000000004,2.2101999999999995,1.0,4.0,45.59,4.0,2.0,1.0,1.0,1.0,4.0,3.0,21.0,1.0,0.0,1.0,110.0,0.0,2.0,0.0,0
2621310,386.426,1.7935000000000003,1.0,5.0,100.62,5.0,2.0,2.0,0.0,0.0,10.0,2.0,25.0,0.0,0.0,0.0,134.0,0.0,0.0,1.0,0
731038,343.42700000000013,1.7606199999999996,1.0,5.0,65.64000000000001,4.0,2.0,1.0,1.0,1.0,6.0,3.0,25.0,1.0,0.0,1.0,134.0,0.0,2.0,0.0,0
2942944,309.4560000000001,3.956600000000003,1.0,5.0,46.260000000000005,4.0,2.0,1.0,1.0,1.0,5.0,3.0,20.0,1.0,1.0,0.0,108.0,0.0,1.0,0.0,0
755828,341.4360000000001,3.447320000000002,1.0,5.0,75.00999999999999,6.0,2.0,1.0,1.0,0.0,6.0,2.0,24.0,0.0,0.0,0.0,124.0,0.0,1.0,1.0,0
3243631,396.39900000000017,2.2143999999999995,1.0,7.0,88.02000000000001,5.0,3.0,2.0,1.0,0.0,8.0,4.0,29.0,1.0,0.0,1.0,150.0,0.0,2.0,1.0,0
629376,363.5520000000001,3.8582800000000033,0.0,6.0,49.150000000000006,3.0,1.0,0.0,1.0,1.0,6.0,3.0,24.0,2.0,0.0,2.0,130.0,0.0,3.0,0.0,0
135449271,282.30300000000005,2.490900000000001,1.0,6.0,76.44,2.0,3.0,1.0,2.0,0.0,6.0,4.0,21.0,1.0,1.0,0.0,106.0,0.0,2.0,0.0,0
760116,283.2490000000001,3.478320000000002,1.0,3.0,42.24,0.0,2.0,1.0,1.0,0.0,6.0,3.0,20.0,1.0,0.0,1.0,106.0,0.0,2.0,0.0,0
3233083,397.4540000000001,3.1660000000000013,1.0,4.0,78.43,2.0,2.0,1.0,1.0,2.0,8.0,4.0,29.0,2.0,0.0,2.0,152.0,1.0,3.0,3.0,0
2897320,350.4840000000001,2.3742400000000004,1.0,3.0,66.48,5.0,1.0,1.0,0.0,2.0,6.0,3.0,24.0,2.0,2.0,0.0,132.0,0.0,0.0,1.0,0
135482450,372.4500000000001,2.671400000000001,2.0,7.0,96.96999999999998,5.0,2.0,0.0,2.0,0.0,8.0,3.0,26.0,1.0,0.0,1.0,136.0,0.0,3.0,0.0,0
646852,373.5700000000004,4.625300000000005,0.0,6.0,46.84,3.0,2.0,0.0,2.0,2.0,6.0,4.0,26.0,2.0,1.0,1.0,142.0,1.0,3.0,0.0,0
989172,426.4540000000002,1.26762,1.0,7.0,110.48000000000002,4.0,3.0,2.0,1.0,0.0,10.0,4.0,30.0,1.0,0.0,1.0,154.0,0.0,2.0,2.0,0
79737,198.174,1.1076,2.0,4.0,75.99000000000001,3.0,1.0,1.0,0.0,0.0,5.0,1.0,14.0,0.0,0.0,0.0,76.0,0.0,0.0,0.0,0
16758631,556.5680000000003,1.211499999999999,3.0,11.0,160.49,9.0,2.0,1.0,1.0,3.0,12.0,6.0,40.0,4.0,2.0,2.0,214.0,0.0,3.0,2.0,0
3244825,354.4540000000003,2.3684000000000003,1.0,5.0,61.34,3.0,2.0,1.0,1.0,2.0,6.0,4.0,26.0,2.0,1.0,1.0,138.0,0.0,2.0,0.0,0
2973686,404.4700000000002,3.524440000000002,2.0,5.0,85.25,5.0,3.0,2.0,1.0,0.0,7.0,4.0,30.0,1.0,0.0,1.0,154.0,0.0,2.0,2.0,0
2058637,294.35099999999994,3.0074000000000014,2.0,4.0,76.66,7.0,1.0,1.0,0.0,0.0,6.0,1.0,21.0,0.0,0.0,0.0,116.0,0.0,0.0,2.0,0
654598,382.42400000000015,2.722200000000001,0.0,8.0,78.49000000000001,6.0,4.0,2.0,2.0,0.0,9.0,4.0,27.0,0.0,0.0,0.0,136.0,0.0,2.0,0.0,0
97226,364.3570000000001,1.7852,2.0,7.0,101.65,1.0,3.0,1.0,2.0,0.0,7.0,5.0,27.0,2.0,0.0,2.0,136.0,0.0,4.0,0.0,0
651444,338.42900000000014,0.9774199999999996,2.0,4.0,84.5,7.0,1.0,1.0,0.0,1.0,7.0,2.0,23.0,1.0,0.0,1.0,126.0,0.0,1.0,2.0,0
662936,463.32100000000014,0.9641999999999994,0.0,11.0,105.42,5.0,4.0,1.0,3.0,0.0,12.0,4.0,28.0,0.0,0.0,0.0,144.0,0.0,3.0,0.0,0
2997832,319.691,2.2632,1.0,4.0,64.63000000000001,5.0,1.0,1.0,0.0,1.0,8.0,2.0,21.0,1.0,0.0,1.0,114.0,0.0,1.0,1.0,0
3235341,368.4620000000001,3.435620000000001,2.0,5.0,83.98,6.0,3.0,2.0,1.0,0.0,7.0,3.0,26.0,0.0,0.0,0.0,134.0,0.0,1.0,0.0,1
2302300,309.3690000000001,3.2776000000000023,1.0,4.0,68.02000000000001,5.0,3.0,1.0,2.0,0.0,5.0,3.0,23.0,0.0,0.0,0.0,118.0,0.0,2.0,1.0,0
3240868,397.45000000000016,1.6714999999999998,0.0,4.0,60.93000000000001,4.0,1.0,1.0,0.0,3.0,7.0,5.0,29.0,4.0,2.0,2.0,152.0,0.0,2.0,3.0,0
9595221,340.29600000000005,-2.0615999999999994,7.0,11.0,191.5,4.0,2.0,0.0,2.0,1.0,12.0,3.0,24.0,1.0,0.0,1.0,130.0,0.0,3.0,0.0,0
2237717,286.35600000000005,3.6873400000000025,1.0,4.0,55.13,3.0,3.0,1.0,2.0,0.0,5.0,3.0,20.0,0.0,0.0,0.0,102.0,0.0,2.0,1.0,0
3232627,306.35,2.904200000000001,0.0,6.0,60.67,2.0,4.0,1.0,3.0,0.0,6.0,4.0,22.0,0.0,0.0,0.0,106.0,0.0,3.0,0.0,0
2998570,299.326,2.5779200000000007,0.0,5.0,65.49000000000001,3.0,2.0,1.0,1.0,1.0,5.0,3.0,22.0,1.0,0.0,1.0,114.0,0.0,2.0,0.0,0
648126,308.297,2.5742000000000003,2.0,5.0,97.12,4.0,3.0,0.0,3.0,0.0,7.0,3.0,23.0,0.0,0.0,0.0,114.0,0.0,3.0,2.0,0
3246042,219.24400000000009,0.3948999999999996,3.0,5.0,78.27,4.0,2.0,1.0,1.0,0.0,5.0,2.0,16.0,0.0,0.0,0.0,84.0,0.0,1.0,0.0,0
1076534,370.43000000000006,3.6526000000000014,0.0,7.0,74.45,8.0,3.0,2.0,1.0,0.0,7.0,3.0,26.0,0.0,0.0,0.0,134.0,0.0,1.0,0.0,0
276779,177.203,1.5802,1.0,2.0,49.66,3.0,1.0,1.0,0.0,0.0,3.0,1.0,13.0,0.0,0.0,0.0,68.0,0.0,0.0,0.0,0
1094006,448.47700000000026,3.9997200000000017,0.0,6.0,66.63000000000001,4.0,4.0,1.0,3.0,1.0,9.0,5.0,33.0,1.0,0.0,1.0,168.0,0.0,4.0,1.0,0
654171,168.196,1.3064,2.0,2.0,65.97999999999999,3.0,1.0,0.0,1.0,0.0,4.0,1.0,12.0,0.0,0.0,0.0,66.0,0.0,1.0,0.0,0
645654,331.37500000000006,4.2383200000000025,1.0,4.0,60.06,4.0,4.0,2.0,2.0,0.0,5.0,4.0,25.0,0.0,0.0,0.0,124.0,0.0,2.0,1.0,0
2964735,490.4680000000003,4.537920000000003,1.0,9.0,124.47,7.0,4.0,2.0,2.0,0.0,10.0,5.0,36.0,1.0,0.0,1.0,184.0,0.0,3.0,1.0,0
2998169,416.4990000000002,2.2533200000000004,1.0,5.0,92.78,6.0,2.0,2.0,0.0,0.0,8.0,3.0,29.0,1.0,0.0,1.0,154.0,0.0,1.0,1.0,0
135449268,315.413,4.769000000000004,1.0,4.0,58.89,4.0,1.0,1.0,0.0,1.0,4.0,2.0,23.0,1.0,1.0,0.0,124.0,0.0,0.0,0.0,0
5771815,423.6000000000003,7.431200000000007,1.0,1.0,29.1,6.0,3.0,3.0,0.0,2.0,2.0,5.0,32.0,2.0,2.0,0.0,164.0,0.0,0.0,1.0,0
2997600,363.395,1.83102,1.0,7.0,101.74,5.0,2.0,0.0,2.0,1.0,9.0,3.0,25.0,1.0,0.0,1.0,132.0,0.0,3.0,2.0,0
647209,358.3540000000001,1.49708,3.0,8.0,135.64,5.0,2.0,1.0,1.0,0.0,9.0,3.0,26.0,1.0,0.0,1.0,136.0,0.0,2.0,0.0,0
3129893,392.4810000000001,2.7083400000000006,2.0,7.0,117.8,10.0,2.0,0.0,2.0,0.0,9.0,2.0,27.0,0.0,0.0,0.0,146.0,0.0,2.0,0.0,0
654417,348.39900000000017,2.2929000000000004,2.0,5.0,85.89000000000001,8.0,1.0,1.0,0.0,0.0,7.0,2.0,25.0,1.0,0.0,1.0,136.0,0.0,1.0,2.0,0
21058,311.592,4.224800000000003,0.0,3.0,35.53,5.0,1.0,1.0,0.0,0.0,6.0,1.0,18.0,0.0,0.0,0.0,100.0,0.0,0.0,0.0,0
3241982,400.48200000000014,2.8079,2.0,4.0,70.13,4.0,4.0,2.0,2.0,0.0,6.0,5.0,30.0,1.0,0.0,1.0,152.0,0.0,3.0,1.0,0
413701,174.225,0.1535000000000002,2.0,4.0,61.69,3.0,0.0,0.0,0.0,0.0,5.0,1.0,11.0,1.0,0.0,1.0,62.0,0.0,1.0,0.0,0
885873,220.272,2.3836000000000004,2.0,2.0,58.2,4.0,1.0,1.0,0.0,0.0,4.0,1.0,16.0,0.0,0.0,0.0,86.0,0.0,0.0,2.0,0
644648,443.55400000000014,3.269820000000002,0.0,9.0,94.12,9.0,4.0,1.0,3.0,0.0,10.0,4.0,30.0,0.0,0.0,0.0,156.0,0.0,3.0,0.0,0
663035,416.4850000000004,2.832040000000001,1.0,7.0,84.65,4.0,4.0,2.0,2.0,1.0,8.0,5.0,31.0,1.0,0.0,1.0,158.0,0.0,3.0,1.0,0
3242013,483.97400000000033,3.079800000000001,2.0,6.0,117.95,8.0,2.0,1.0,1.0,1.0,11.0,3.0,32.0,1.0,0.0,1.0,174.0,0.0,2.0,2.0,0
1365837,421.4530000000003,2.1739000000000006,1.0,5.0,96.02,6.0,2.0,2.0,0.0,1.0,8.0,4.0,31.0,2.0,0.0,2.0,160.0,0.0,2.0,4.0,0
2308189,305.3550000000001,2.8024400000000007,2.0,3.0,83.47,4.0,2.0,2.0,0.0,0.0,6.0,2.0,21.0,0.0,0.0,0.0,110.0,0.0,0.0,0.0,0
662535,330.4100000000001,1.3170999999999995,1.0,7.0,97.56,6.0,1.0,0.0,1.0,0.0,9.0,1.0,22.0,0.0,0.0,0.0,124.0,0.0,1.0,2.0,0
121416569,458.5260000000002,2.5398200000000006,2.0,8.0,110.09,6.0,4.0,0.0,4.0,1.0,10.0,5.0,34.0,1.0,0.0,1.0,174.0,0.0,5.0,2.0,1
2400285,424.9310000000002,3.5496000000000025,0.0,6.0,68.73,5.0,3.0,2.0,1.0,1.0,9.0,4.0,27.0,1.0,0.0,1.0,142.0,0.0,2.0,0.0,0
652837,300.31,2.565100000000001,1.0,5.0,72.83,6.0,2.0,2.0,0.0,0.0,5.0,2.0,22.0,0.0,0.0,0.0,114.0,0.0,0.0,0.0,0
330812,400.4710000000003,3.3302000000000023,2.0,6.0,108.73999999999998,3.0,1.0,1.0,0.0,2.0,6.0,3.0,29.0,2.0,2.0,0.0,156.0,0.0,0.0,0.0,0
2999909,340.46700000000004,4.497000000000003,1.0,3.0,41.57000000000001,9.0,2.0,2.0,0.0,0.0,4.0,2.0,25.0,0.0,0.0,0.0,134.0,0.0,0.0,1.0,0
4276,192.214,2.1524,0.0,3.0,27.69,3.0,1.0,1.0,0.0,0.0,3.0,2.0,14.0,1.0,0.0,1.0,74.0,0.0,1.0,0.0,0
89536004,352.32900000000006,3.0737000000000005,3.0,5.0,108.73,4.0,4.0,1.0,3.0,0.0,9.0,4.0,26.0,0.0,0.0,0.0,130.0,0.0,3.0,2.0,1
660101,270.361,3.1987900000000007,2.0,3.0,49.4,4.0,3.0,1.0,2.0,0.0,5.0,3.0,19.0,0.0,0.0,0.0,96.0,0.0,2.0,0.0,0
89966,150.206,1.8785,1.0,3.0,38.91,0.0,2.0,1.0,1.0,0.0,3.0,2.0,10.0,0.0,0.0,0.0,50.0,0.0,1.0,0.0,0
2713349,330.3840000000001,2.746840000000001,2.0,4.0,80.42,6.0,2.0,1.0,1.0,0.0,6.0,2.0,24.0,0.0,0.0,0.0,128.0,0.0,1.0,1.0,0
2192366,348.7860000000001,2.3230000000000004,3.0,4.0,87.66,6.0,2.0,2.0,0.0,0.0,7.0,2.0,24.0,0.0,0.0,0.0,126.0,0.0,0.0,2.0,0
573747,306.324,1.893,0.0,7.0,87.11000000000001,4.0,3.0,0.0,3.0,0.0,8.0,3.0,20.0,0.0,0.0,0.0,100.0,0.0,3.0,0.0,1
2999102,446.5470000000002,0.1444200000000011,2.0,7.0,135.70999999999998,8.0,1.0,1.0,0.0,1.0,11.0,2.0,29.0,1.0,0.0,1.0,162.0,0.0,1.0,1.0,0
3239804,423.5420000000002,4.603500000000004,0.0,7.0,73.14000000000001,6.0,3.0,1.0,2.0,0.0,8.0,4.0,30.0,1.0,0.0,1.0,156.0,0.0,3.0,1.0,0
547914,250.322,2.11229,0.0,7.0,52.60000000000001,2.0,1.0,0.0,1.0,0.0,7.0,1.0,14.0,0.0,0.0,0.0,76.0,0.0,1.0,0.0,0
664242,348.4060000000001,3.691600000000003,0.0,6.0,62.06,6.0,4.0,2.0,2.0,0.0,6.0,4.0,26.0,0.0,0.0,0.0,132.0,0.0,2.0,0.0,0
653547,336.3910000000002,2.30532,0.0,3.0,49.85000000000001,2.0,2.0,2.0,0.0,0.0,5.0,4.0,25.0,2.0,0.0,2.0,128.0,0.0,2.0,2.0,0
659349,462.5460000000005,3.999600000000004,0.0,5.0,80.06,4.0,2.0,1.0,1.0,5.0,7.0,7.0,34.0,5.0,4.0,1.0,178.0,0.0,2.0,2.0,0
1072674,422.6580000000002,3.301800000000002,2.0,4.0,64.68,5.0,0.0,0.0,0.0,2.0,6.0,2.0,30.0,2.0,0.0,2.0,174.0,0.0,2.0,2.0,0
2997587,269.728,2.5691000000000006,2.0,2.0,66.4,5.0,1.0,1.0,0.0,0.0,5.0,1.0,18.0,0.0,0.0,0.0,98.0,0.0,0.0,1.0,0
16757639,924.0910000000003,0.7117000000000053,12.0,17.0,319.61,3.0,0.0,0.0,0.0,2.0,18.0,3.0,65.0,3.0,0.0,3.0,368.0,0.0,3.0,0.0,0
58881874,338.37100000000004,2.923820000000001,4.0,6.0,112.06,4.0,3.0,1.0,2.0,0.0,8.0,3.0,25.0,0.0,0.0,0.0,128.0,0.0,2.0,2.0,1
3044369,259.35299999999995,2.782700000000001,2.0,4.0,60.17,6.0,2.0,1.0,1.0,0.0,4.0,2.0,19.0,0.0,0.0,0.0,102.0,0.0,1.0,0.0,0
535662,294.376,1.2170999999999994,1.0,4.0,58.64,5.0,1.0,1.0,0.0,1.0,6.0,2.0,20.0,1.0,0.0,1.0,108.0,0.0,1.0,2.0,0
651733,257.293,3.042620000000001,2.0,3.0,63.25,3.0,2.0,1.0,1.0,0.0,5.0,2.0,19.0,0.0,0.0,0.0,98.0,0.0,1.0,2.0,0
656269,346.3940000000001,2.4369000000000005,2.0,6.0,103.59,6.0,3.0,1.0,2.0,0.0,7.0,3.0,26.0,0.0,0.0,0.0,130.0,0.0,2.0,1.0,0
644956,388.45200000000006,3.492300000000002,1.0,5.0,86.09,3.0,3.0,2.0,1.0,0.0,7.0,4.0,28.0,1.0,0.0,1.0,138.0,0.0,2.0,2.0,0
3233633,359.47,3.4814000000000025,1.0,3.0,61.88000000000001,2.0,1.0,1.0,0.0,2.0,6.0,3.0,26.0,2.0,0.0,2.0,142.0,1.0,2.0,3.0,0
657755,299.12800000000004,0.9328,1.0,5.0,72.68,2.0,2.0,0.0,2.0,0.0,7.0,2.0,17.0,0.0,0.0,0.0,90.0,0.0,2.0,0.0,0
3235720,430.4820000000002,2.1693,1.0,6.0,102.01000000000002,5.0,2.0,2.0,0.0,0.0,9.0,4.0,30.0,2.0,0.0,2.0,158.0,0.0,2.0,2.0,0
2363090,424.5040000000003,0.8300199999999998,2.0,7.0,121.45999999999998,6.0,2.0,1.0,1.0,1.0,11.0,3.0,28.0,1.0,0.0,1.0,150.0,0.0,2.0,1.0,0
3239062,474.9480000000003,3.353900000000002,1.0,5.0,78.41,4.0,4.0,3.0,1.0,1.0,8.0,5.0,34.0,1.0,0.0,1.0,172.0,0.0,2.0,1.0,0
3246319,162.145,-2.4932,4.0,4.0,112.65,4.0,0.0,0.0,0.0,0.0,6.0,0.0,11.0,0.0,0.0,0.0,64.0,0.0,0.0,1.0,0
645638,489.57600000000025,4.238440000000003,2.0,6.0,117.43,9.0,3.0,1.0,2.0,1.0,9.0,4.0,36.0,1.0,1.0,0.0,188.0,0.0,2.0,3.0,0
654875,364.8580000000001,2.779000000000001,1.0,6.0,72.68,5.0,3.0,1.0,2.0,0.0,8.0,3.0,24.0,0.0,0.0,0.0,126.0,0.0,2.0,0.0,0
5308939,325.796,1.340200000000001,1.0,3.0,61.88,7.0,1.0,1.0,0.0,1.0,7.0,2.0,22.0,1.0,0.0,1.0,120.0,0.0,1.0,3.0,0
712750,239.27800000000005,2.33064,1.0,3.0,50.68,1.0,3.0,1.0,2.0,0.0,4.0,3.0,18.0,0.0,0.0,0.0,90.0,0.0,2.0,0.0,0
117876332,533.0070000000001,5.429600000000006,1.0,8.0,89.19,6.0,5.0,2.0,3.0,1.0,10.0,6.0,38.0,1.0,0.0,1.0,194.0,0.0,4.0,0.0,1
3233179,409.4490000000002,4.472400000000003,0.0,7.0,74.83,4.0,5.0,2.0,3.0,1.0,7.0,6.0,31.0,1.0,1.0,0.0,152.0,0.0,3.0,0.0,0
3241804,439.3530000000001,1.9751,0.0,6.0,83.99000000000001,5.0,1.0,0.0,1.0,1.0,10.0,2.0,24.0,1.0,0.0,1.0,134.0,0.0,2.0,2.0,0
888010,307.34600000000006,2.634500000000001,1.0,5.0,81.7,6.0,1.0,1.0,0.0,0.0,6.0,1.0,22.0,0.0,0.0,0.0,120.0,0.0,0.0,1.0,0
645940,283.3569999999999,-0.0708799999999995,2.0,5.0,104.97,4.0,1.0,0.0,1.0,1.0,8.0,2.0,19.0,1.0,0.0,1.0,104.0,0.0,2.0,2.0,0
6605056,370.4760000000001,3.7144200000000014,1.0,6.0,58.870000000000005,8.0,3.0,1.0,2.0,0.0,7.0,3.0,27.0,0.0,0.0,0.0,144.0,0.0,2.0,0.0,0
6604209,456.7110000000003,7.089500000000009,2.0,2.0,57.53,1.0,0.0,0.0,0.0,4.0,3.0,5.0,33.0,5.0,5.0,0.0,186.0,0.0,0.0,0.0,0
5459417,332.447,4.846100000000005,0.0,3.0,34.89,1.0,3.0,1.0,2.0,0.0,3.0,4.0,25.0,1.0,0.0,1.0,128.0,0.0,3.0,0.0,0
2951411,324.44600000000014,2.4521000000000006,1.0,4.0,58.64,4.0,1.0,1.0,0.0,2.0,6.0,3.0,22.0,2.0,1.0,1.0,122.0,0.0,1.0,0.0,0
971379,237.303,3.156790000000001,1.0,3.0,33.61,3.0,2.0,1.0,1.0,0.0,5.0,2.0,16.0,0.0,0.0,0.0,84.0,0.0,1.0,0.0,0
2998062,278.406,2.6821400000000013,0.0,6.0,42.55,2.0,2.0,0.0,2.0,0.0,6.0,3.0,18.0,1.0,0.0,1.0,94.0,0.0,3.0,0.0,0
1251127,415.5590000000003,3.4716900000000024,0.0,7.0,48.75,5.0,2.0,1.0,1.0,1.0,7.0,4.0,29.0,2.0,0.0,2.0,156.0,0.0,3.0,0.0,0
2999037,297.3790000000001,4.554420000000004,0.0,2.0,33.45,3.0,1.0,0.0,1.0,1.0,4.0,2.0,20.0,1.0,0.0,1.0,114.0,0.0,2.0,0.0,0
1313539,408.4540000000004,3.5395400000000024,1.0,5.0,81.00999999999999,5.0,3.0,2.0,1.0,1.0,7.0,4.0,30.0,1.0,0.0,1.0,156.0,0.0,2.0,2.0,0
2586514,419.5070000000001,3.012600000000001,2.0,7.0,88.91000000000001,8.0,3.0,1.0,2.0,0.0,10.0,3.0,28.0,0.0,0.0,0.0,146.0,0.0,2.0,2.0,0
644646,237.255,1.1815999999999998,1.0,4.0,56.790000000000006,5.0,1.0,1.0,0.0,0.0,5.0,2.0,17.0,1.0,0.0,1.0,92.0,0.0,1.0,1.0,0
3073763,208.692,2.3429,1.0,2.0,24.92,1.0,1.0,0.0,1.0,2.0,3.0,3.0,14.0,2.0,0.0,2.0,74.0,0.0,3.0,0.0,0
71555392,323.40000000000003,3.7931000000000017,3.0,3.0,82.7,5.0,3.0,1.0,2.0,0.0,6.0,3.0,24.0,0.0,0.0,0.0,124.0,0.0,2.0,2.0,1
2854855,211.261,0.7117999999999998,1.0,3.0,55.400000000000006,2.0,0.0,0.0,0.0,2.0,4.0,2.0,15.0,2.0,1.0,1.0,84.0,0.0,1.0,1.0,0
9555994,555.7190000000005,6.776240000000008,0.0,7.0,65.41,10.0,3.0,2.0,1.0,0.0,7.0,5.0,41.0,2.0,0.0,2.0,216.0,0.0,3.0,0.0,0
2243191,373.4160000000001,3.783800000000002,2.0,7.0,84.98,7.0,4.0,2.0,2.0,0.0,7.0,4.0,28.0,0.0,0.0,0.0,140.0,0.0,2.0,0.0,0
16758584,494.6320000000003,4.004800000000003,2.0,6.0,99.43,8.0,1.0,1.0,0.0,3.0,7.0,4.0,36.0,3.0,2.0,1.0,194.0,0.0,1.0,2.0,0
664359,431.54000000000025,2.5860200000000004,0.0,6.0,61.80000000000001,4.0,3.0,2.0,1.0,2.0,7.0,5.0,32.0,2.0,0.0,2.0,166.0,0.0,3.0,1.0,0
235898,188.618,0.1163999999999997,3.0,5.0,84.06,3.0,1.0,0.0,1.0,0.0,6.0,1.0,12.0,0.0,0.0,0.0,66.0,0.0,1.0,0.0,0
2959157,388.4230000000002,3.875340000000002,0.0,4.0,70.83000000000001,4.0,3.0,2.0,1.0,1.0,6.0,4.0,29.0,1.0,0.0,1.0,146.0,0.0,2.0,3.0,0
3241458,483.6340000000002,3.500300000000002,0.0,6.0,62.32000000000001,6.0,2.0,2.0,0.0,1.0,8.0,4.0,34.0,2.0,0.0,2.0,182.0,0.0,2.0,2.0,0
892627,316.7440000000001,4.074200000000003,0.0,5.0,57.38000000000001,4.0,3.0,2.0,1.0,0.0,6.0,3.0,22.0,0.0,0.0,0.0,112.0,0.0,1.0,0.0,0
3242093,354.4060000000001,3.321900000000002,1.0,4.0,67.87,6.0,2.0,2.0,0.0,0.0,6.0,3.0,26.0,1.0,0.0,1.0,136.0,0.0,1.0,2.0,0
3245476,452.49200000000025,2.936720000000001,2.0,8.0,115.46,7.0,4.0,1.0,3.0,0.0,10.0,4.0,32.0,0.0,0.0,0.0,164.0,0.0,3.0,2.0,0
646049,414.4580000000002,2.3192000000000004,0.0,6.0,77.54,6.0,2.0,2.0,0.0,1.0,8.0,3.0,30.0,1.0,0.0,1.0,160.0,0.0,1.0,2.0,0
16758152,390.52000000000015,3.949500000000003,1.0,5.0,72.83,6.0,0.0,0.0,0.0,1.0,5.0,3.0,28.0,3.0,2.0,1.0,156.0,0.0,1.0,0.0,0
237591,175.19099999999997,0.4187200000000001,1.0,4.0,60.91,0.0,2.0,1.0,1.0,0.0,4.0,2.0,13.0,0.0,0.0,0.0,66.0,0.0,1.0,0.0,0
5459547,217.31199999999995,2.3914,1.0,1.0,29.1,5.0,1.0,1.0,0.0,1.0,2.0,2.0,16.0,1.0,1.0,0.0,86.0,0.0,0.0,1.0,0
16758964,371.4330000000001,3.994200000000004,0.0,5.0,57.23,8.0,2.0,2.0,0.0,0.0,6.0,2.0,27.0,0.0,0.0,0.0,144.0,0.0,0.0,1.0,0
653053,320.3740000000001,1.8293,0.0,8.0,79.13000000000001,6.0,2.0,1.0,1.0,0.0,8.0,3.0,22.0,1.0,0.0,1.0,116.0,0.0,2.0,0.0,0
3240564,444.5200000000002,2.9888800000000018,1.0,7.0,117.38,4.0,4.0,2.0,2.0,1.0,9.0,5.0,32.0,1.0,0.0,1.0,160.0,0.0,3.0,2.0,1
2950291,276.38,2.2336,1.0,4.0,33.730000000000004,3.0,1.0,1.0,0.0,1.0,4.0,3.0,20.0,2.0,0.0,2.0,110.0,0.0,2.0,0.0,0
3244852,451.50400000000025,3.4687400000000013,3.0,5.0,121.27,6.0,4.0,2.0,2.0,0.0,9.0,4.0,32.0,0.0,0.0,0.0,164.0,0.0,2.0,1.0,0
2295226,202.257,2.686980000000001,1.0,2.0,52.89,4.0,1.0,1.0,0.0,0.0,3.0,1.0,15.0,0.0,0.0,0.0,78.0,0.0,0.0,1.0,0
659531,212.256,1.76998,0.0,4.0,44.85,2.0,2.0,1.0,1.0,0.0,4.0,3.0,16.0,1.0,0.0,1.0,80.0,0.0,2.0,0.0,0
2970422,289.37499999999994,2.545700000000001,0.0,3.0,38.77,3.0,1.0,1.0,0.0,2.0,4.0,3.0,21.0,2.0,0.0,2.0,114.0,1.0,2.0,1.0,0
3239278,383.4080000000001,2.9319000000000006,1.0,7.0,85.32000000000001,6.0,4.0,1.0,3.0,0.0,9.0,4.0,27.0,0.0,0.0,0.0,136.0,0.0,3.0,1.0,0
2850847,252.274,0.7413999999999998,1.0,6.0,88.8,0.0,1.0,0.0,1.0,0.0,7.0,3.0,18.0,2.0,1.0,1.0,98.0,1.0,2.0,0.0,0
3240162,446.5540000000001,4.003600000000003,1.0,7.0,105.4,6.0,3.0,1.0,2.0,1.0,10.0,4.0,30.0,1.0,0.0,1.0,158.0,0.0,3.0,1.0,0
2112813,465.33700000000033,2.3147,3.0,5.0,99.77,7.0,2.0,2.0,0.0,1.0,10.0,3.0,31.0,1.0,0.0,1.0,164.0,0.0,1.0,3.0,0
2973841,404.48800000000017,1.8283,2.0,5.0,93.73,8.0,2.0,2.0,0.0,1.0,8.0,3.0,28.0,1.0,0.0,1.0,150.0,0.0,1.0,1.0,0
3156106,267.332,3.330160000000002,0.0,4.0,39.42,2.0,3.0,1.0,2.0,0.0,4.0,3.0,20.0,0.0,0.0,0.0,102.0,0.0,2.0,0.0,0
654539,371.4850000000003,3.887400000000003,0.0,6.0,46.84,5.0,3.0,1.0,2.0,1.0,7.0,4.0,26.0,1.0,0.0,1.0,136.0,0.0,3.0,0.0,0
665374,429.5240000000003,2.5922,0.0,7.0,65.06,6.0,4.0,2.0,2.0,0.0,7.0,5.0,32.0,1.0,0.0,1.0,164.0,0.0,3.0,0.0,1
121418065,344.37800000000004,3.137200000000001,2.0,5.0,84.73,4.0,4.0,1.0,3.0,0.0,7.0,4.0,26.0,0.0,0.0,0.0,128.0,0.0,3.0,2.0,1
823601,251.28500000000005,3.993520000000002,1.0,2.0,42.24,2.0,3.0,2.0,1.0,0.0,3.0,3.0,19.0,0.0,0.0,0.0,94.0,0.0,1.0,1.0,0
2086771,367.4740000000001,3.9924000000000026,1.0,4.0,73.2,7.0,2.0,2.0,0.0,0.0,6.0,2.0,26.0,0.0,0.0,0.0,134.0,0.0,0.0,2.0,0
650413,408.5270000000002,3.242300000000002,1.0,5.0,67.23,6.0,3.0,2.0,1.0,0.0,7.0,4.0,29.0,1.0,0.0,1.0,150.0,0.0,2.0,2.0,0
656331,459.5280000000001,2.052,1.0,9.0,117.46000000000002,9.0,3.0,2.0,1.0,0.0,11.0,4.0,32.0,1.0,0.0,1.0,170.0,0.0,2.0,0.0,0
3239233,321.40200000000016,2.1295899999999994,1.0,6.0,59.49000000000001,5.0,2.0,1.0,1.0,0.0,7.0,3.0,22.0,1.0,0.0,1.0,118.0,0.0,2.0,0.0,0
647942,302.333,4.541720000000002,1.0,3.0,55.13,2.0,4.0,2.0,2.0,0.0,4.0,4.0,23.0,0.0,0.0,0.0,112.0,0.0,2.0,1.0,0
644448,216.24000000000004,2.0248,1.0,3.0,55.12,4.0,2.0,1.0,1.0,0.0,4.0,2.0,16.0,0.0,0.0,0.0,82.0,0.0,1.0,0.0,0
57242,246.358,1.648,1.0,4.0,55.040000000000006,2.0,1.0,0.0,1.0,1.0,4.0,3.0,18.0,2.0,1.0,1.0,98.0,0.0,2.0,0.0,0
3083928,236.223,1.8188,0.0,5.0,57.900000000000006,3.0,2.0,1.0,1.0,0.0,5.0,2.0,17.0,0.0,0.0,0.0,90.0,0.0,1.0,0.0,0
5409720,245.347,3.4391000000000025,0.0,3.0,20.31,2.0,1.0,1.0,0.0,1.0,3.0,3.0,17.0,2.0,1.0,1.0,88.0,0.0,1.0,0.0,0
1084020,355.39400000000023,3.9947000000000026,0.0,7.0,79.50000000000001,8.0,3.0,1.0,2.0,0.0,7.0,3.0,26.0,0.0,0.0,0.0,136.0,0.0,2.0,0.0,0
654471,247.25,2.0151,2.0,3.0,79.39000000000001,4.0,2.0,1.0,1.0,0.0,5.0,2.0,18.0,0.0,0.0,0.0,94.0,0.0,1.0,0.0,0
1377033,356.4660000000002,3.3484400000000023,1.0,5.0,45.17,5.0,2.0,2.0,0.0,1.0,5.0,3.0,26.0,1.0,0.0,1.0,140.0,0.0,1.0,0.0,0
73506034,399.47,3.1671000000000014,2.0,5.0,79.38000000000001,4.0,2.0,1.0,1.0,1.0,8.0,4.0,29.0,2.0,0.0,2.0,154.0,0.0,3.0,2.0,1
3236078,407.5140000000002,3.463420000000002,1.0,4.0,61.88,4.0,2.0,2.0,0.0,2.0,6.0,4.0,30.0,2.0,0.0,2.0,158.0,0.0,2.0,2.0,0
2940070,376.2060000000001,2.5917000000000003,2.0,4.0,77.84,3.0,2.0,2.0,0.0,0.0,6.0,3.0,23.0,1.0,0.0,1.0,118.0,0.0,1.0,1.0,0
31241,128.21499999999995,2.401700000000001,0.0,1.0,17.07,5.0,0.0,0.0,0.0,0.0,1.0,0.0,9.0,0.0,0.0,0.0,54.0,0.0,0.0,0.0,0
249398,405.45300000000015,5.875300000000004,2.0,2.0,66.39999999999999,4.0,4.0,4.0,0.0,0.0,4.0,5.0,31.0,1.0,1.0,0.0,150.0,0.0,0.0,1.0,0
2998831,329.312,1.1067199999999997,1.0,7.0,99.64,4.0,2.0,1.0,1.0,0.0,8.0,3.0,24.0,1.0,0.0,1.0,124.0,0.0,2.0,1.0,0
2480643,382.9380000000001,3.4212000000000025,0.0,4.0,40.620000000000005,5.0,2.0,1.0,1.0,1.0,7.0,3.0,24.0,1.0,0.0,1.0,128.0,0.0,2.0,0.0,0
2858017,319.38199999999995,2.6024000000000003,1.0,6.0,78.62,3.0,1.0,0.0,1.0,0.0,6.0,3.0,22.0,2.0,1.0,1.0,116.0,0.0,2.0,0.0,0
3232974,409.8580000000002,4.274380000000002,0.0,8.0,93.69,5.0,4.0,1.0,3.0,0.0,9.0,4.0,28.0,0.0,0.0,0.0,138.0,0.0,3.0,0.0,0
3147955,365.8860000000001,4.273200000000004,0.0,5.0,59.23,5.0,2.0,1.0,1.0,1.0,7.0,3.0,24.0,1.0,0.0,1.0,128.0,0.0,2.0,1.0,0
851384,348.3800000000001,1.8874000000000004,2.0,4.0,103.78000000000002,5.0,2.0,2.0,0.0,0.0,8.0,2.0,24.0,0.0,0.0,0.0,126.0,0.0,0.0,1.0,0
2808509,437.4470000000002,4.252420000000003,1.0,6.0,70.59,3.0,3.0,1.0,2.0,1.0,11.0,4.0,30.0,1.0,0.0,1.0,158.0,0.0,3.0,2.0,1
3234672,365.418,3.048500000000001,1.0,8.0,81.92999999999999,5.0,4.0,1.0,3.0,0.0,8.0,4.0,26.0,0.0,0.0,0.0,130.0,0.0,3.0,0.0,0
3233041,340.30800000000005,4.501300000000003,0.0,4.0,43.6,2.0,4.0,2.0,2.0,0.0,7.0,4.0,25.0,0.0,0.0,0.0,124.0,0.0,2.0,0.0,0
657545,233.267,1.8833,1.0,3.0,55.4,3.0,1.0,1.0,0.0,0.0,4.0,1.0,17.0,0.0,0.0,0.0,90.0,0.0,0.0,1.0,0
2676802,317.3700000000001,1.2818,1.0,5.0,78.84,4.0,1.0,1.0,0.0,0.0,7.0,3.0,22.0,2.0,0.0,2.0,114.0,0.0,2.0,3.0,0
1218121,386.4990000000001,4.498220000000003,0.0,5.0,42.53,3.0,3.0,2.0,1.0,0.0,5.0,4.0,29.0,1.0,0.0,1.0,148.0,0.0,2.0,0.0,0
887215,272.30800000000005,1.34042,0.0,5.0,62.470000000000006,2.0,2.0,0.0,2.0,1.0,6.0,3.0,20.0,1.0,0.0,1.0,104.0,0.0,3.0,1.0,0
648398,383.5360000000002,4.152620000000003,2.0,2.0,61.440000000000005,3.0,1.0,1.0,0.0,3.0,5.0,4.0,28.0,3.0,1.0,2.0,152.0,0.0,2.0,3.0,0
655555,475.55300000000034,2.71842,1.0,8.0,113.15,4.0,4.0,1.0,3.0,1.0,10.0,5.0,35.0,1.0,0.0,1.0,182.0,0.0,4.0,1.0,0
2127084,326.421,3.878840000000002,1.0,4.0,55.13,5.0,3.0,1.0,2.0,0.0,5.0,3.0,23.0,0.0,0.0,0.0,118.0,0.0,2.0,1.0,0
6602478,262.305,1.3904,1.0,4.0,63.6,0.0,0.0,0.0,0.0,1.0,4.0,3.0,19.0,3.0,2.0,1.0,102.0,0.0,1.0,0.0,0
2374894,322.36400000000003,2.656400000000001,1.0,4.0,72.19,6.0,3.0,2.0,1.0,0.0,5.0,3.0,24.0,0.0,0.0,0.0,122.0,0.0,1.0,0.0,0
3238093,381.5040000000001,2.925420000000001,1.0,6.0,79.37,5.0,3.0,1.0,2.0,0.0,9.0,3.0,24.0,0.0,0.0,0.0,126.0,0.0,2.0,1.0,0
5307644,405.52000000000027,2.0308,2.0,4.0,95.58,4.0,1.0,1.0,0.0,2.0,8.0,4.0,28.0,3.0,1.0,2.0,152.0,0.0,2.0,2.0,0
647704,443.4810000000002,3.052100000000001,0.0,9.0,103.99,9.0,3.0,2.0,1.0,0.0,10.0,3.0,31.0,0.0,0.0,0.0,162.0,0.0,1.0,1.0,0
4059,182.219,0.7270199999999998,2.0,3.0,49.69,4.0,1.0,1.0,0.0,0.0,3.0,1.0,13.0,0.0,0.0,0.0,72.0,0.0,0.0,0.0,0
3239531,357.4980000000001,2.069799999999999,1.0,3.0,52.650000000000006,7.0,1.0,1.0,0.0,2.0,5.0,3.0,26.0,2.0,0.0,2.0,142.0,0.0,2.0,2.0,0
2577652,390.4860000000003,3.5457000000000027,0.0,8.0,74.33,4.0,3.0,0.0,3.0,0.0,8.0,4.0,26.0,1.0,1.0,0.0,136.0,0.0,3.0,0.0,0
2886398,224.329,1.6416,1.0,3.0,41.46,1.0,0.0,0.0,0.0,2.0,4.0,3.0,15.0,3.0,2.0,1.0,82.0,0.0,1.0,1.0,0
655799,400.5460000000004,3.507900000000003,0.0,6.0,50.080000000000005,6.0,2.0,1.0,1.0,2.0,7.0,4.0,29.0,2.0,1.0,1.0,158.0,0.0,2.0,0.0,0
3241566,389.24900000000014,3.472940000000001,2.0,3.0,75.1,4.0,3.0,1.0,2.0,0.0,6.0,3.0,24.0,0.0,0.0,0.0,124.0,0.0,2.0,1.0,0
118045771,380.42300000000006,2.7182000000000013,3.0,5.0,101.13,6.0,3.0,2.0,1.0,0.0,7.0,3.0,28.0,0.0,0.0,0.0,144.0,0.0,1.0,1.0,1
3245233,474.3770000000004,2.2110000000000003,0.0,5.0,87.22999999999999,4.0,1.0,1.0,0.0,1.0,10.0,3.0,28.0,2.0,0.0,2.0,154.0,0.0,2.0,2.0,0
3234416,255.252,3.6193000000000017,1.0,4.0,50.95,3.0,3.0,1.0,2.0,0.0,5.0,3.0,19.0,0.0,0.0,0.0,94.0,0.0,2.0,0.0,1
3245839,394.4710000000001,3.839240000000003,0.0,5.0,60.77000000000001,5.0,3.0,2.0,1.0,0.0,6.0,3.0,29.0,0.0,0.0,0.0,152.0,0.0,1.0,1.0,0
6604735,194.186,1.2839999999999998,2.0,4.0,66.76,2.0,1.0,1.0,0.0,0.0,4.0,1.0,14.0,0.0,0.0,0.0,74.0,0.0,0.0,0.0,0
408515,464.6570000000004,6.971240000000008,0.0,4.0,32.260000000000005,4.0,4.0,2.0,2.0,2.0,4.0,6.0,35.0,2.0,0.0,2.0,180.0,0.0,4.0,0.0,0
649881,397.5480000000002,2.946200000000001,1.0,6.0,53.4,7.0,3.0,1.0,2.0,1.0,7.0,4.0,28.0,1.0,0.0,1.0,148.0,0.0,3.0,1.0,0
663701,369.8960000000001,4.525000000000004,0.0,4.0,46.09,2.0,2.0,1.0,1.0,1.0,5.0,4.0,26.0,2.0,1.0,1.0,136.0,0.0,2.0,0.0,0
658130,248.326,2.719400000000001,1.0,3.0,41.57,3.0,1.0,1.0,0.0,1.0,4.0,2.0,18.0,1.0,0.0,1.0,98.0,0.0,1.0,1.0,0
604704,337.404,3.5086000000000013,1.0,4.0,66.06,4.0,3.0,2.0,1.0,1.0,6.0,4.0,24.0,1.0,0.0,1.0,120.0,0.0,2.0,2.0,0
2943646,393.237,3.224080000000001,2.0,6.0,105.57,4.0,1.0,1.0,0.0,0.0,7.0,2.0,24.0,1.0,0.0,1.0,126.0,0.0,1.0,0.0,0
648356,469.5010000000002,4.016620000000003,1.0,7.0,106.4,8.0,5.0,2.0,3.0,0.0,9.0,5.0,35.0,0.0,0.0,0.0,176.0,0.0,3.0,2.0,0
5309232,359.4700000000001,1.0586000000000009,1.0,4.0,61.88000000000001,8.0,1.0,1.0,0.0,2.0,6.0,3.0,26.0,2.0,0.0,2.0,142.0,0.0,2.0,2.0,0
3247291,456.5860000000002,5.632800000000005,2.0,3.0,67.43,9.0,3.0,3.0,0.0,1.0,5.0,4.0,34.0,1.0,1.0,0.0,176.0,0.0,0.0,2.0,0
956146,349.4340000000001,4.404240000000003,0.0,4.0,59.23,5.0,3.0,2.0,1.0,0.0,5.0,3.0,26.0,0.0,0.0,0.0,134.0,0.0,1.0,1.0,0
2178367,264.3329999999999,0.4738999999999993,3.0,7.0,86.2,7.0,1.0,0.0,1.0,1.0,7.0,2.0,19.0,1.0,0.0,1.0,104.0,0.0,2.0,0.0,0
786355,235.272,1.1428,1.0,6.0,80.66000000000001,3.0,2.0,0.0,2.0,0.0,7.0,2.0,16.0,0.0,0.0,0.0,82.0,0.0,2.0,1.0,0
5308698,260.293,3.5280000000000022,0.0,4.0,38.92,3.0,3.0,1.0,2.0,0.0,5.0,3.0,18.0,0.0,0.0,0.0,90.0,0.0,2.0,0.0,0
2983507,281.355,3.3516200000000023,0.0,2.0,29.54,3.0,2.0,2.0,0.0,0.0,3.0,3.0,21.0,1.0,0.0,1.0,108.0,0.0,1.0,1.0,0
772871,309.209,3.734200000000001,2.0,2.0,46.25,1.0,2.0,2.0,0.0,0.0,8.0,2.0,21.0,0.0,0.0,0.0,114.0,0.0,0.0,0.0,0
3246428,478.7200000000004,5.844800000000006,0.0,6.0,52.6,3.0,0.0,0.0,0.0,4.0,6.0,5.0,32.0,5.0,4.0,1.0,178.0,0.0,1.0,0.0,0
5309821,300.35799999999995,2.0226,0.0,4.0,51.54,4.0,2.0,1.0,1.0,1.0,5.0,3.0,22.0,1.0,0.0,1.0,116.0,0.0,2.0,1.0,0
146012509,409.5090000000001,3.227820000000002,3.0,4.0,69.28999999999999,3.0,2.0,1.0,1.0,3.0,7.0,5.0,30.0,3.0,1.0,2.0,158.0,0.0,3.0,2.0,1
664389,335.4110000000001,3.504500000000002,0.0,6.0,65.6,5.0,4.0,1.0,3.0,0.0,6.0,4.0,25.0,0.0,0.0,0.0,128.0,0.0,3.0,0.0,0
2239590,429.5270000000002,3.120000000000002,1.0,9.0,99.0,6.0,3.0,1.0,2.0,0.0,10.0,4.0,29.0,1.0,1.0,0.0,150.0,0.0,2.0,1.0,0
5341215,240.27,1.5299,0.0,6.0,60.89,3.0,3.0,1.0,2.0,0.0,6.0,3.0,18.0,0.0,0.0,0.0,90.0,0.0,2.0,0.0,0
2975605,345.7820000000001,2.9636000000000005,0.0,4.0,48.0,3.0,2.0,2.0,0.0,1.0,6.0,4.0,24.0,2.0,0.0,2.0,124.0,1.0,2.0,1.0,0
118404570,433.9150000000001,3.820500000000002,2.0,5.0,79.38000000000001,4.0,2.0,1.0,1.0,1.0,9.0,4.0,30.0,2.0,0.0,2.0,160.0,0.0,3.0,2.0,1
1304080,353.374,2.4922200000000005,0.0,5.0,68.97999999999999,3.0,3.0,2.0,1.0,1.0,6.0,4.0,26.0,1.0,0.0,1.0,134.0,0.0,2.0,1.0,0
3242175,319.81700000000006,3.306300000000002,0.0,4.0,36.440000000000005,2.0,2.0,1.0,1.0,2.0,6.0,4.0,21.0,2.0,0.0,2.0,108.0,0.0,3.0,1.0,0
665184,302.384,2.8171,1.0,6.0,67.77000000000001,4.0,3.0,1.0,2.0,0.0,7.0,3.0,20.0,0.0,0.0,0.0,100.0,0.0,2.0,1.0,0
666205,363.41700000000014,2.5651400000000004,1.0,4.0,69.72,1.0,2.0,2.0,0.0,1.0,6.0,4.0,27.0,2.0,0.0,2.0,138.0,1.0,2.0,4.0,0
3235234,509.49400000000014,6.114280000000005,0.0,3.0,47.34,3.0,2.0,2.0,0.0,2.0,10.0,4.0,36.0,2.0,0.0,2.0,192.0,1.0,2.0,1.0,0
118045274,477.5860000000002,3.6578000000000026,1.0,6.0,102.59,4.0,3.0,2.0,1.0,1.0,8.0,5.0,34.0,2.0,0.0,2.0,176.0,0.0,3.0,1.0,1
1169201,424.4420000000001,2.186,2.0,8.0,127.58,6.0,4.0,2.0,2.0,0.0,11.0,4.0,30.0,0.0,0.0,0.0,152.0,0.0,2.0,1.0,0
664395,422.4810000000003,3.307100000000002,0.0,6.0,72.22,7.0,3.0,2.0,1.0,0.0,7.0,4.0,31.0,1.0,0.0,1.0,162.0,0.0,2.0,1.0,0
710950,306.3730000000001,1.9889,0.0,6.0,50.080000000000005,3.0,3.0,2.0,1.0,1.0,6.0,4.0,23.0,1.0,0.0,1.0,116.0,0.0,2.0,0.0,0
1291266,380.491,2.6763000000000003,1.0,5.0,75.71000000000001,7.0,2.0,2.0,0.0,0.0,8.0,2.0,25.0,0.0,0.0,0.0,134.0,0.0,0.0,1.0,0
3245398,308.337,3.1350200000000017,2.0,3.0,63.35,3.0,3.0,2.0,1.0,0.0,5.0,4.0,23.0,1.0,0.0,1.0,116.0,0.0,2.0,1.0,0
656145,397.4600000000002,1.5874,1.0,8.0,94.68,4.0,4.0,1.0,3.0,0.0,9.0,4.0,28.0,0.0,0.0,0.0,144.0,0.0,3.0,0.0,0
3235645,388.4270000000001,2.4915000000000003,0.0,6.0,71.57999999999998,3.0,4.0,2.0,2.0,1.0,7.0,5.0,29.0,1.0,0.0,1.0,146.0,0.0,3.0,1.0,0
3239289,436.3310000000002,2.6217000000000006,1.0,4.0,79.37,5.0,2.0,1.0,1.0,1.0,8.0,4.0,26.0,2.0,1.0,1.0,136.0,0.0,2.0,1.0,0
3235957,465.5970000000004,2.4938,1.0,8.0,98.99,8.0,2.0,1.0,1.0,1.0,10.0,3.0,31.0,1.0,1.0,0.0,168.0,0.0,1.0,2.0,0
3236149,427.5260000000002,3.7951200000000025,0.0,7.0,73.14,5.0,3.0,1.0,2.0,1.0,8.0,4.0,30.0,1.0,0.0,1.0,158.0,0.0,3.0,1.0,0
3242172,328.412,2.710000000000001,0.0,4.0,51.54,5.0,2.0,1.0,1.0,1.0,5.0,3.0,24.0,1.0,0.0,1.0,128.0,0.0,2.0,1.0,0
1645,136.154,0.3677000000000002,2.0,2.0,69.11,1.0,1.0,1.0,0.0,0.0,3.0,1.0,10.0,0.0,0.0,0.0,52.0,0.0,0.0,1.0,0
3233407,244.382,2.652200000000001,1.0,2.0,15.27,2.0,1.0,1.0,0.0,2.0,2.0,3.0,18.0,2.0,0.0,2.0,98.0,1.0,2.0,0.0,0
118365012,424.2880000000002,4.209300000000003,4.0,5.0,112.16,5.0,3.0,1.0,2.0,0.0,10.0,3.0,28.0,0.0,0.0,0.0,148.0,0.0,2.0,2.0,1
6604407,555.5820000000003,-7.785100000000007,12.0,16.0,311.71,10.0,0.0,0.0,0.0,3.0,17.0,3.0,38.0,3.0,1.0,2.0,222.0,0.0,2.0,1.0,0
5461760,401.4900000000002,5.777300000000006,1.0,1.0,29.1,8.0,3.0,3.0,0.0,1.0,3.0,4.0,29.0,1.0,1.0,0.0,148.0,0.0,0.0,0.0,0
651825,276.336,1.8944,1.0,3.0,58.64,2.0,1.0,1.0,0.0,1.0,5.0,2.0,20.0,1.0,0.0,1.0,108.0,0.0,1.0,2.0,0
9217,200.262,3.943500000000001,0.0,2.0,9.23,0.0,2.0,2.0,0.0,0.0,2.0,3.0,14.0,1.0,0.0,1.0,68.0,0.0,1.0,0.0,0
663844,344.374,3.7379000000000016,1.0,6.0,72.95,5.0,4.0,2.0,2.0,0.0,6.0,5.0,26.0,1.0,1.0,0.0,128.0,0.0,2.0,0.0,1
135555953,302.674,-1.6155000000000006,4.0,8.0,133.49,2.0,2.0,0.0,2.0,1.0,10.0,3.0,20.0,1.0,0.0,1.0,108.0,0.0,3.0,0.0,0
2215525,368.4180000000002,2.7693000000000003,1.0,7.0,78.27000000000001,5.0,3.0,2.0,1.0,0.0,8.0,4.0,26.0,1.0,0.0,1.0,132.0,0.0,2.0,1.0,0
2211973,319.38900000000007,4.577100000000003,0.0,5.0,51.81,4.0,4.0,2.0,2.0,0.0,5.0,4.0,23.0,0.0,0.0,0.0,112.0,0.0,2.0,0.0,0
3237201,399.48700000000014,4.015000000000003,1.0,6.0,73.86,7.0,1.0,1.0,0.0,0.0,6.0,3.0,29.0,2.0,1.0,1.0,156.0,0.0,1.0,0.0,0
5308779,272.304,3.252900000000001,1.0,4.0,72.2,4.0,2.0,1.0,1.0,0.0,5.0,2.0,20.0,0.0,0.0,0.0,104.0,0.0,1.0,1.0,0
16758154,346.51100000000014,4.647000000000005,2.0,2.0,57.53,2.0,0.0,0.0,0.0,3.0,3.0,4.0,25.0,4.0,4.0,0.0,140.0,0.0,0.0,0.0,0
752648,306.41600000000005,2.3722900000000005,2.0,6.0,72.94,5.0,2.0,0.0,2.0,0.0,7.0,2.0,20.0,0.0,0.0,0.0,104.0,0.0,2.0,1.0,0
16758891,516.6420000000003,4.653600000000004,2.0,4.0,98.82,4.0,2.0,2.0,0.0,3.0,8.0,5.0,38.0,3.0,0.0,3.0,200.0,0.0,3.0,4.0,0
135513628,260.29,0.0952000000000001,3.0,6.0,114.37000000000002,8.0,0.0,0.0,0.0,0.0,7.0,0.0,18.0,0.0,0.0,0.0,104.0,0.0,0.0,0.0,0
1256028,349.4230000000001,2.920040000000001,1.0,7.0,76.68,2.0,4.0,1.0,3.0,0.0,8.0,5.0,25.0,1.0,0.0,1.0,124.0,0.0,4.0,0.0,0
645289,343.4080000000001,3.4092400000000023,0.0,7.0,70.15,5.0,3.0,1.0,2.0,0.0,7.0,3.0,24.0,0.0,0.0,0.0,124.0,0.0,2.0,0.0,0
3234501,351.4060000000001,3.781500000000002,1.0,6.0,65.50000000000001,7.0,3.0,2.0,1.0,0.0,6.0,3.0,26.0,0.0,0.0,0.0,134.0,0.0,1.0,0.0,0
644767,383.5440000000004,2.862800000000001,0.0,7.0,62.970000000000006,4.0,2.0,0.0,2.0,2.0,7.0,4.0,28.0,2.0,1.0,1.0,152.0,0.0,3.0,0.0,0
5307305,451.5670000000004,2.5313000000000008,2.0,6.0,87.74000000000001,6.0,2.0,2.0,0.0,2.0,7.0,5.0,33.0,3.0,2.0,1.0,176.0,0.0,1.0,1.0,0
1022059,394.44900000000007,1.9716,1.0,6.0,94.17,8.0,2.0,2.0,0.0,0.0,9.0,2.0,27.0,0.0,0.0,0.0,146.0,0.0,0.0,1.0,0
891582,327.3910000000001,3.818120000000002,0.0,5.0,46.84,2.0,4.0,2.0,2.0,0.0,5.0,5.0,25.0,1.0,0.0,1.0,122.0,0.0,3.0,0.0,0
2971650,374.48400000000015,0.1728000000000009,1.0,5.0,100.62,6.0,1.0,1.0,0.0,1.0,9.0,2.0,24.0,1.0,0.0,1.0,134.0,0.0,1.0,1.0,0
648848,351.4280000000001,1.7677600000000002,1.0,6.0,90.41,7.0,2.0,1.0,1.0,0.0,8.0,2.0,24.0,0.0,0.0,0.0,130.0,0.0,1.0,0.0,0
669390,247.3379999999999,3.101500000000001,0.0,2.0,29.54,3.0,1.0,1.0,0.0,1.0,3.0,2.0,18.0,1.0,0.0,1.0,98.0,0.0,1.0,1.0,0
117876241,527.9910000000002,6.0952000000000055,0.0,8.0,92.75,5.0,5.0,2.0,3.0,1.0,10.0,6.0,38.0,1.0,0.0,1.0,190.0,0.0,4.0,0.0,1
1301485,424.7960000000002,3.679700000000001,2.0,5.0,116.92,5.0,3.0,2.0,1.0,0.0,9.0,4.0,30.0,1.0,0.0,1.0,150.0,0.0,2.0,3.0,0
3236730,338.49200000000025,2.8791,1.0,3.0,58.64,7.0,0.0,0.0,0.0,2.0,5.0,2.0,24.0,2.0,1.0,1.0,138.0,0.0,1.0,2.0,0
648369,275.735,4.177400000000002,1.0,3.0,34.4,1.0,2.0,1.0,1.0,1.0,4.0,4.0,19.0,2.0,0.0,2.0,98.0,0.0,3.0,0.0,0
2089337,413.227,4.4929200000000025,0.0,6.0,78.36,4.0,4.0,2.0,2.0,0.0,7.0,4.0,26.0,0.0,0.0,0.0,130.0,0.0,2.0,0.0,0
118380915,379.4680000000001,2.5924000000000005,3.0,5.0,89.17999999999999,4.0,3.0,1.0,2.0,1.0,8.0,4.0,28.0,1.0,0.0,1.0,146.0,0.0,3.0,2.0,1
2938255,400.4600000000001,2.07662,1.0,7.0,96.9,6.0,2.0,1.0,1.0,1.0,9.0,3.0,28.0,1.0,0.0,1.0,146.0,0.0,2.0,1.0,0
10387,170.59500000000003,2.5620000000000003,0.0,2.0,26.3,2.0,1.0,1.0,0.0,0.0,3.0,1.0,11.0,0.0,0.0,0.0,58.0,0.0,0.0,0.0,0
3246390,360.4380000000001,4.549090000000002,3.0,3.0,68.88,3.0,4.0,3.0,1.0,0.0,5.0,4.0,26.0,0.0,0.0,0.0,128.0,0.0,1.0,0.0,0
776143,235.286,3.2055000000000016,0.0,2.0,22.0,1.0,3.0,2.0,1.0,0.0,2.0,3.0,18.0,0.0,0.0,0.0,88.0,0.0,1.0,0.0,0
647808,384.4320000000002,2.3905000000000003,0.0,6.0,60.47000000000001,5.0,2.0,2.0,0.0,1.0,7.0,4.0,28.0,2.0,0.0,2.0,148.0,0.0,2.0,1.0,0
16759000,255.701,2.7162000000000006,1.0,3.0,55.4,4.0,1.0,1.0,0.0,0.0,5.0,1.0,17.0,0.0,0.0,0.0,92.0,0.0,0.0,1.0,0
664701,358.4420000000001,3.374280000000001,1.0,7.0,83.55000000000001,10.0,2.0,1.0,1.0,0.0,7.0,2.0,26.0,0.0,0.0,0.0,140.0,0.0,1.0,0.0,0
656056,381.4570000000001,3.880100000000003,1.0,6.0,63.690000000000005,3.0,3.0,2.0,1.0,1.0,7.0,5.0,27.0,2.0,0.0,2.0,138.0,0.0,3.0,1.0,0
2208882,367.4480000000001,2.7611000000000008,1.0,6.0,81.7,7.0,2.0,2.0,0.0,0.0,8.0,2.0,24.0,0.0,0.0,0.0,128.0,0.0,0.0,0.0,0
2101664,286.297,2.918400000000001,1.0,2.0,32.34,3.0,1.0,1.0,0.0,1.0,6.0,2.0,20.0,1.0,0.0,1.0,110.0,0.0,1.0,1.0,0
652568,323.4400000000002,3.4345000000000026,1.0,3.0,45.23,5.0,2.0,1.0,1.0,1.0,4.0,3.0,24.0,1.0,0.0,1.0,126.0,0.0,2.0,1.0,0
3238470,360.4540000000002,2.643700000000001,1.0,4.0,67.87,7.0,1.0,1.0,0.0,2.0,6.0,3.0,26.0,2.0,1.0,1.0,142.0,0.0,1.0,2.0,0
579089,271.34900000000005,2.53582,2.0,5.0,80.48,3.0,3.0,1.0,2.0,0.0,6.0,3.0,19.0,0.0,0.0,0.0,96.0,0.0,2.0,0.0,0
2381417,296.37,3.804500000000002,1.0,2.0,49.41,2.0,2.0,2.0,0.0,0.0,4.0,3.0,22.0,1.0,0.0,1.0,114.0,0.0,1.0,2.0,0
699513,178.18699999999998,1.6853,0.0,3.0,47.28,1.0,1.0,0.0,1.0,1.0,3.0,2.0,13.0,1.0,1.0,0.0,68.0,0.0,1.0,0.0,0
2999364,310.17999999999995,2.5072,1.0,5.0,58.870000000000005,3.0,3.0,0.0,3.0,0.0,7.0,3.0,17.0,0.0,0.0,0.0,86.0,0.0,3.0,0.0,0
834331,326.44000000000005,4.306200000000003,1.0,4.0,33.730000000000004,6.0,2.0,2.0,0.0,1.0,4.0,3.0,24.0,1.0,0.0,1.0,128.0,0.0,1.0,0.0,1
2337381,422.4660000000004,2.1722200000000003,0.0,5.0,66.84,4.0,1.0,1.0,0.0,3.0,9.0,4.0,29.0,3.0,0.0,3.0,160.0,0.0,3.0,0.0,0
2248058,339.42,3.354420000000002,1.0,6.0,56.03,5.0,3.0,1.0,2.0,0.0,6.0,3.0,24.0,0.0,0.0,0.0,122.0,0.0,2.0,0.0,0
2932528,262.31300000000005,0.3041999999999996,0.0,5.0,58.56,2.0,1.0,0.0,1.0,2.0,6.0,3.0,19.0,2.0,0.0,2.0,102.0,0.0,3.0,1.0,0
648823,367.3270000000001,3.148100000000001,1.0,5.0,65.38000000000001,3.0,2.0,1.0,1.0,0.0,9.0,4.0,26.0,2.0,1.0,1.0,138.0,0.0,2.0,1.0,0
3235589,358.42300000000006,1.6330000000000002,2.0,6.0,96.85,7.0,3.0,0.0,3.0,0.0,8.0,3.0,25.0,0.0,0.0,0.0,130.0,0.0,3.0,1.0,0
3236783,394.9280000000001,2.002,1.0,5.0,65.53999999999999,6.0,2.0,1.0,1.0,1.0,8.0,3.0,26.0,1.0,0.0,1.0,140.0,0.0,2.0,0.0,0
650956,486.5760000000004,3.729740000000003,1.0,8.0,98.16,5.0,4.0,2.0,2.0,1.0,9.0,6.0,36.0,2.0,0.0,2.0,186.0,0.0,4.0,0.0,0
665361,464.54700000000025,2.7573100000000004,1.0,8.0,106.52,4.0,4.0,1.0,3.0,1.0,9.0,5.0,33.0,1.0,0.0,1.0,170.0,0.0,4.0,0.0,0
2430772,288.344,0.9707999999999996,1.0,3.0,66.48,5.0,1.0,1.0,0.0,0.0,7.0,1.0,19.0,0.0,0.0,0.0,106.0,0.0,0.0,1.0,0
389113,492.4760000000002,2.933720000000001,3.0,8.0,139.63,10.0,2.0,1.0,1.0,0.0,14.0,2.0,33.0,0.0,0.0,0.0,182.0,0.0,1.0,1.0,0
3234010,337.386,4.175580000000003,1.0,5.0,74.49000000000001,4.0,4.0,2.0,2.0,0.0,5.0,4.0,26.0,0.0,0.0,0.0,124.0,0.0,2.0,0.0,0
73505655,572.4530000000002,6.047300000000004,5.0,6.0,142.29000000000002,8.0,4.0,2.0,2.0,0.0,13.0,4.0,39.0,0.0,0.0,0.0,204.0,0.0,2.0,4.0,1
644957,368.4620000000002,3.844240000000002,1.0,6.0,80.91000000000001,4.0,3.0,1.0,2.0,0.0,7.0,4.0,26.0,1.0,1.0,0.0,134.0,0.0,2.0,1.0,0
3237135,393.852,4.040000000000003,1.0,7.0,86.48,7.0,3.0,1.0,2.0,0.0,9.0,3.0,26.0,0.0,0.0,0.0,136.0,0.0,2.0,1.0,0
11949235,536.0750000000002,6.605300000000006,0.0,5.0,55.32,6.0,4.0,2.0,2.0,4.0,6.0,8.0,39.0,4.0,3.0,1.0,196.0,1.0,3.0,0.0,0
848720,293.355,2.8386000000000005,0.0,6.0,55.97,3.0,4.0,1.0,3.0,0.0,6.0,4.0,21.0,0.0,0.0,0.0,102.0,0.0,3.0,0.0,0
648433,201.251,0.8215199999999998,1.0,5.0,64.11,4.0,1.0,0.0,1.0,0.0,6.0,1.0,13.0,0.0,0.0,0.0,72.0,0.0,1.0,1.0,0
3236635,418.5190000000004,2.4836,1.0,7.0,84.0,4.0,2.0,1.0,1.0,2.0,9.0,4.0,29.0,2.0,0.0,2.0,156.0,0.0,3.0,2.0,0
3239387,266.38499999999993,2.082299999999999,1.0,2.0,49.41,4.0,0.0,0.0,0.0,2.0,4.0,2.0,19.0,2.0,1.0,1.0,108.0,0.0,1.0,2.0,0
665763,427.5050000000001,1.6181999999999996,2.0,9.0,103.31,7.0,3.0,1.0,2.0,1.0,9.0,4.0,31.0,1.0,1.0,0.0,166.0,0.0,2.0,0.0,0
5307610,267.336,3.0471400000000006,1.0,5.0,55.11,3.0,3.0,1.0,2.0,0.0,5.0,3.0,20.0,0.0,0.0,0.0,102.0,0.0,2.0,0.0,0
1300454,412.29800000000006,4.172520000000003,0.0,5.0,76.30000000000001,5.0,3.0,2.0,1.0,0.0,9.0,3.0,26.0,0.0,0.0,0.0,136.0,0.0,1.0,0.0,0
3238269,280.331,2.15132,0.0,5.0,50.50000000000001,1.0,3.0,1.0,2.0,1.0,5.0,4.0,21.0,1.0,0.0,1.0,106.0,0.0,3.0,0.0,0
3242615,363.37300000000016,1.9554,1.0,6.0,82.45,5.0,3.0,2.0,1.0,0.0,7.0,4.0,27.0,1.0,0.0,1.0,136.0,0.0,2.0,1.0,0
3238724,375.4020000000001,2.926520000000001,2.0,5.0,105.84,6.0,3.0,2.0,1.0,0.0,8.0,3.0,26.0,0.0,0.0,0.0,136.0,0.0,1.0,0.0,0
647136,312.764,3.2638000000000016,1.0,6.0,78.9,3.0,3.0,1.0,2.0,0.0,7.0,3.0,22.0,0.0,0.0,0.0,110.0,0.0,2.0,0.0,0
16759103,350.3670000000002,3.397500000000002,0.0,7.0,80.29,6.0,1.0,1.0,0.0,0.0,7.0,2.0,25.0,1.0,0.0,1.0,136.0,0.0,1.0,0.0,0
2219625,435.5050000000002,3.383500000000001,1.0,7.0,86.24000000000001,5.0,4.0,1.0,3.0,0.0,8.0,5.0,31.0,1.0,1.0,0.0,158.0,0.0,3.0,1.0,0
5308529,276.336,1.99932,2.0,3.0,67.43,4.0,1.0,1.0,0.0,0.0,5.0,2.0,20.0,1.0,0.0,1.0,108.0,0.0,1.0,2.0,0
1011052,458.4960000000002,2.620520000000001,2.0,8.0,128.74,9.0,3.0,2.0,1.0,0.0,11.0,3.0,32.0,0.0,0.0,0.0,168.0,0.0,1.0,1.0,0
645791,349.7700000000001,3.1357000000000017,1.0,5.0,66.02000000000001,4.0,2.0,2.0,0.0,0.0,7.0,3.0,24.0,1.0,0.0,1.0,126.0,0.0,1.0,1.0,0
2668331,353.3740000000002,4.098240000000003,0.0,6.0,70.79,6.0,3.0,2.0,1.0,0.0,6.0,3.0,26.0,0.0,0.0,0.0,134.0,0.0,1.0,0.0,0
2998347,307.37800000000004,3.3898800000000016,0.0,5.0,58.68,3.0,3.0,2.0,1.0,0.0,5.0,3.0,22.0,0.0,0.0,0.0,108.0,0.0,1.0,0.0,0
2999219,486.94000000000045,2.2216000000000005,1.0,6.0,79.31000000000002,8.0,1.0,1.0,0.0,2.0,12.0,3.0,31.0,2.0,0.0,2.0,176.0,0.0,2.0,0.0,0
4561725,397.8180000000002,3.246400000000002,0.0,6.0,83.75999999999999,3.0,2.0,2.0,0.0,1.0,8.0,4.0,28.0,2.0,1.0,1.0,142.0,0.0,1.0,0.0,1
662278,323.39700000000005,1.7584999999999995,1.0,6.0,77.04,6.0,2.0,1.0,1.0,0.0,8.0,2.0,22.0,0.0,0.0,0.0,118.0,0.0,1.0,1.0,0
3237882,353.4220000000001,3.0686600000000013,0.0,6.0,58.16,4.0,3.0,1.0,2.0,0.0,6.0,3.0,26.0,0.0,0.0,0.0,136.0,0.0,2.0,0.0,0
652032,410.49900000000014,3.285680000000002,2.0,6.0,104.11,9.0,3.0,2.0,1.0,0.0,8.0,3.0,29.0,0.0,0.0,0.0,150.0,0.0,1.0,0.0,0
665038,409.4420000000002,2.0396,2.0,7.0,102.68,9.0,3.0,2.0,1.0,0.0,8.0,3.0,30.0,0.0,0.0,0.0,156.0,0.0,1.0,1.0,0
118380810,400.41400000000016,3.936600000000002,4.0,5.0,121.03,5.0,3.0,1.0,2.0,0.0,10.0,3.0,29.0,0.0,0.0,0.0,152.0,0.0,2.0,3.0,1
2225369,358.46300000000014,4.144600000000003,2.0,4.0,71.34,4.0,2.0,0.0,2.0,1.0,6.0,4.0,25.0,2.0,2.0,0.0,132.0,0.0,2.0,2.0,0
656138,380.8280000000001,4.838600000000002,0.0,6.0,57.38,6.0,3.0,2.0,1.0,0.0,8.0,3.0,25.0,0.0,0.0,0.0,130.0,0.0,1.0,0.0,0
2214667,312.826,3.1165000000000003,1.0,6.0,65.96000000000001,7.0,2.0,1.0,1.0,0.0,7.0,2.0,20.0,0.0,0.0,0.0,108.0,0.0,1.0,0.0,0
646173,256.305,2.4103000000000003,1.0,3.0,51.22,5.0,2.0,1.0,1.0,0.0,4.0,2.0,19.0,0.0,0.0,0.0,98.0,0.0,1.0,1.0,0
2226223,330.456,2.0391000000000004,0.0,6.0,59.5,3.0,2.0,1.0,1.0,1.0,8.0,3.0,20.0,1.0,0.0,1.0,108.0,0.0,2.0,0.0,0
2195172,270.35,2.868900000000002,1.0,4.0,63.6,9.0,1.0,0.0,1.0,0.0,5.0,1.0,18.0,0.0,0.0,0.0,100.0,0.0,1.0,0.0,0
1076051,350.4220000000001,3.810200000000002,2.0,4.0,76.02000000000001,3.0,3.0,2.0,1.0,0.0,6.0,3.0,26.0,0.0,0.0,0.0,134.0,0.0,1.0,2.0,0
6898411,202.213,1.991,2.0,4.0,57.75,2.0,2.0,1.0,1.0,0.0,4.0,2.0,15.0,0.0,0.0,0.0,76.0,0.0,1.0,0.0,0
664603,399.40600000000006,2.49678,0.0,6.0,82.86999999999999,1.0,2.0,2.0,0.0,2.0,7.0,6.0,30.0,4.0,0.0,4.0,148.0,0.0,4.0,2.0,0
2838347,307.3900000000001,2.4789000000000003,0.0,5.0,48.0,6.0,1.0,1.0,0.0,1.0,5.0,2.0,22.0,1.0,0.0,1.0,122.0,0.0,1.0,0.0,0
2610393,385.8800000000002,2.992700000000002,0.0,6.0,63.91,4.0,3.0,2.0,1.0,0.0,8.0,4.0,26.0,1.0,0.0,1.0,132.0,0.0,2.0,1.0,0
19920,116.16,0.8102,0.0,2.0,21.76,3.0,0.0,0.0,0.0,1.0,2.0,1.0,8.0,1.0,0.0,1.0,48.0,0.0,1.0,0.0,0
657846,413.37400000000014,1.3137,3.0,7.0,136.81999999999996,7.0,1.0,1.0,0.0,0.0,13.0,1.0,27.0,0.0,0.0,0.0,152.0,0.0,0.0,1.0,0
3238453,345.3800000000001,1.3499199999999998,2.0,4.0,103.1,3.0,3.0,2.0,1.0,0.0,8.0,3.0,24.0,0.0,0.0,0.0,124.0,0.0,1.0,0.0,0
644837,232.33,2.6929100000000004,1.0,5.0,43.26,2.0,1.0,0.0,1.0,0.0,6.0,1.0,14.0,0.0,0.0,0.0,78.0,0.0,1.0,1.0,0
652185,365.46200000000016,3.2486000000000024,0.0,6.0,63.91,4.0,3.0,2.0,1.0,0.0,7.0,4.0,26.0,1.0,0.0,1.0,132.0,0.0,2.0,1.0,0
662276,343.4310000000001,3.200440000000002,1.0,7.0,81.93,5.0,2.0,0.0,2.0,1.0,7.0,3.0,25.0,1.0,1.0,0.0,134.0,0.0,2.0,0.0,0
648402,484.5970000000003,3.1875,2.0,6.0,109.86,14.0,2.0,1.0,1.0,0.0,9.0,2.0,35.0,0.0,0.0,0.0,190.0,0.0,1.0,3.0,0
2266004,277.345,2.5655,1.0,4.0,47.56,6.0,2.0,1.0,1.0,0.0,5.0,2.0,19.0,0.0,0.0,0.0,100.0,0.0,1.0,1.0,0
16758367,665.7360000000004,5.063300000000004,0.0,12.0,137.41,16.0,2.0,2.0,0.0,0.0,12.0,4.0,48.0,2.0,0.0,2.0,258.0,0.0,2.0,0.0,0
905708,315.37600000000003,4.755840000000003,1.0,4.0,64.94,2.0,4.0,2.0,2.0,0.0,4.0,4.0,24.0,0.0,0.0,0.0,118.0,0.0,2.0,0.0,0
644479,388.5580000000001,3.999500000000003,1.0,4.0,49.41,6.0,2.0,0.0,2.0,1.0,6.0,4.0,26.0,2.0,2.0,0.0,138.0,0.0,2.0,2.0,0
2998614,362.4510000000001,2.447620000000001,1.0,4.0,79.62,5.0,2.0,1.0,1.0,1.0,7.0,3.0,25.0,1.0,0.0,1.0,134.0,0.0,2.0,1.0,0
1492723,381.4760000000002,2.1453999999999995,1.0,5.0,83.71,3.0,1.0,1.0,0.0,2.0,6.0,4.0,28.0,3.0,1.0,2.0,148.0,0.0,2.0,1.0,0
660027,491.43000000000046,3.994300000000002,2.0,5.0,77.66999999999999,5.0,2.0,1.0,1.0,2.0,8.0,4.0,31.0,2.0,1.0,1.0,168.0,0.0,2.0,1.0,0
335083,521.4960000000002,6.793000000000006,0.0,6.0,58.040000000000006,5.0,4.0,2.0,2.0,2.0,8.0,6.0,36.0,2.0,0.0,2.0,186.0,0.0,4.0,0.0,0
644433,459.5280000000003,1.7511999999999996,1.0,10.0,117.22,8.0,3.0,1.0,2.0,0.0,11.0,3.0,32.0,0.0,0.0,0.0,170.0,0.0,2.0,1.0,0
3236971,421.49400000000014,2.08772,1.0,5.0,78.95,6.0,2.0,2.0,0.0,1.0,9.0,3.0,29.0,1.0,0.0,1.0,156.0,0.0,1.0,1.0,0
5308526,368.48700000000014,3.7223200000000025,0.0,7.0,52.71,4.0,4.0,2.0,2.0,0.0,7.0,4.0,25.0,0.0,0.0,0.0,126.0,0.0,2.0,0.0,0
3234545,303.42800000000005,0.8519000000000001,1.0,3.0,69.72,2.0,0.0,0.0,0.0,2.0,7.0,2.0,20.0,2.0,0.0,2.0,116.0,1.0,2.0,2.0,0
409301,251.078,1.2708,0.0,0.0,0.0,0.0,0.0,0.0,0.0,0.0,2.0,0.0,3.0,0.0,0.0,0.0,16.0,0.0,0.0,0.0,0
3236584,381.47600000000006,3.0580000000000016,1.0,5.0,65.26,5.0,3.0,1.0,2.0,1.0,6.0,4.0,28.0,1.0,0.0,1.0,148.0,0.0,3.0,1.0,0
663353,353.451,3.170300000000001,1.0,6.0,72.70000000000002,6.0,3.0,1.0,2.0,0.0,7.0,3.0,25.0,0.0,0.0,0.0,128.0,0.0,2.0,1.0,0
117876334,544.5620000000004,4.884640000000005,1.0,8.0,106.26000000000002,5.0,5.0,2.0,3.0,1.0,11.0,6.0,40.0,1.0,0.0,1.0,204.0,0.0,4.0,1.0,1
2408760,279.321,1.5211,0.0,5.0,76.3,3.0,2.0,1.0,1.0,1.0,7.0,3.0,19.0,1.0,0.0,1.0,100.0,0.0,2.0,0.0,0
2206159,378.45000000000016,2.644400000000001,2.0,5.0,93.73000000000002,8.0,2.0,2.0,0.0,0.0,8.0,2.0,26.0,0.0,0.0,0.0,140.0,0.0,0.0,1.0,0
1244041,217.228,1.93874,1.0,4.0,68.02000000000001,2.0,2.0,0.0,2.0,0.0,5.0,2.0,16.0,0.0,0.0,0.0,82.0,0.0,2.0,1.0,0
648464,295.73,1.7539999999999998,1.0,6.0,81.93,6.0,2.0,1.0,1.0,0.0,8.0,2.0,20.0,0.0,0.0,0.0,106.0,0.0,1.0,1.0,0
4283,258.45399999999995,0.9450000000000014,4.0,4.0,48.12,15.0,0.0,0.0,0.0,0.0,4.0,0.0,18.0,0.0,0.0,0.0,110.0,0.0,0.0,0.0,0
2219849,270.3289999999999,0.4583999999999995,1.0,4.0,75.71000000000001,9.0,0.0,0.0,0.0,1.0,6.0,1.0,19.0,1.0,0.0,1.0,108.0,0.0,1.0,3.0,0
130451727,444.53900000000016,4.320020000000004,3.0,6.0,104.96,6.0,4.0,1.0,3.0,0.0,8.0,4.0,33.0,0.0,0.0,0.0,170.0,0.0,3.0,2.0,1
97248,185.27,0.084,1.0,4.0,57.61,4.0,0.0,0.0,0.0,0.0,6.0,0.0,10.0,0.0,0.0,0.0,62.0,0.0,0.0,0.0,0
742948,265.273,-1.4301999999999986,1.0,7.0,90.92000000000002,3.0,2.0,0.0,2.0,0.0,8.0,2.0,19.0,0.0,0.0,0.0,102.0,0.0,2.0,1.0,0
645777,290.41100000000006,2.22454,1.0,4.0,58.120000000000005,4.0,1.0,0.0,1.0,1.0,5.0,2.0,21.0,1.0,0.0,1.0,116.0,0.0,2.0,1.0,0
118395379,395.4670000000001,2.7308000000000003,4.0,5.0,115.04,7.0,3.0,1.0,2.0,0.0,9.0,3.0,29.0,0.0,0.0,0.0,152.0,0.0,2.0,3.0,1
2227897,324.789,2.3808000000000007,2.0,3.0,89.25999999999999,5.0,2.0,2.0,0.0,0.0,7.0,2.0,21.0,0.0,0.0,0.0,110.0,0.0,0.0,1.0,0
16758274,411.4950000000002,1.7858999999999994,1.0,7.0,100.16,2.0,0.0,0.0,0.0,0.0,8.0,1.0,29.0,1.0,0.0,1.0,164.0,0.0,1.0,1.0,0
209842,304.326,3.3571000000000017,0.0,3.0,35.53,7.0,2.0,2.0,0.0,0.0,4.0,2.0,21.0,0.0,0.0,0.0,112.0,0.0,0.0,0.0,0
2064372,456.57100000000025,2.2301,1.0,9.0,118.56,8.0,2.0,1.0,1.0,1.0,12.0,3.0,29.0,1.0,0.0,1.0,156.0,0.0,2.0,1.0,0
650958,387.8270000000001,2.4671200000000004,0.0,8.0,99.86,6.0,3.0,1.0,2.0,0.0,9.0,3.0,27.0,0.0,0.0,0.0,140.0,0.0,2.0,0.0,0
5389336,217.246,-0.1195999999999996,1.0,5.0,64.63,4.0,0.0,0.0,0.0,1.0,6.0,1.0,14.0,1.0,0.0,1.0,78.0,0.0,1.0,1.0,0
5459574,496.5790000000003,5.3791000000000055,2.0,5.0,93.73,9.0,2.0,2.0,0.0,1.0,8.0,3.0,36.0,1.0,1.0,0.0,192.0,0.0,0.0,2.0,0
667348,342.4390000000001,3.000120000000001,1.0,3.0,62.4,5.0,2.0,1.0,1.0,1.0,5.0,3.0,25.0,1.0,0.0,1.0,134.0,0.0,2.0,1.0,0
9829825,584.6590000000006,-1.5149999999999972,8.0,12.0,206.6,4.0,0.0,0.0,0.0,5.0,12.0,6.0,41.0,6.0,4.0,2.0,232.0,0.0,2.0,0.0,0
645033,423.56000000000034,2.167299999999999,1.0,5.0,96.43999999999998,7.0,2.0,1.0,1.0,1.0,9.0,3.0,28.0,1.0,0.0,1.0,152.0,0.0,2.0,0.0,0
3233583,259.35300000000007,1.6395,0.0,3.0,36.44,1.0,1.0,0.0,1.0,2.0,4.0,3.0,19.0,2.0,0.0,2.0,102.0,1.0,3.0,1.0,0
3243006,399.44700000000006,1.7718999999999987,1.0,6.0,89.99000000000001,7.0,2.0,1.0,1.0,0.0,8.0,3.0,29.0,1.0,0.0,1.0,154.0,0.0,2.0,2.0,0
644672,408.50200000000007,3.5225000000000017,2.0,4.0,77.67000000000002,8.0,3.0,2.0,1.0,0.0,7.0,3.0,30.0,0.0,0.0,0.0,158.0,0.0,1.0,2.0,0
1072058,358.4820000000002,3.0150200000000016,0.0,3.0,49.85,6.0,1.0,1.0,0.0,2.0,5.0,3.0,26.0,2.0,1.0,1.0,142.0,0.0,1.0,2.0,0
667325,465.8890000000002,5.197520000000004,1.0,6.0,93.12,5.0,4.0,2.0,2.0,0.0,8.0,5.0,33.0,1.0,0.0,1.0,168.0,0.0,3.0,1.0,0
2155773,416.91200000000015,2.8443000000000014,0.0,8.0,88.77,5.0,2.0,0.0,2.0,1.0,11.0,3.0,26.0,1.0,0.0,1.0,140.0,0.0,3.0,2.0,0
135449198,273.33200000000005,3.4978000000000016,1.0,4.0,62.8,5.0,2.0,1.0,1.0,0.0,4.0,2.0,20.0,0.0,0.0,0.0,106.0,0.0,1.0,0.0,0
5307652,370.36100000000016,3.325300000000002,2.0,7.0,103.05,6.0,3.0,2.0,1.0,0.0,8.0,3.0,27.0,0.0,0.0,0.0,140.0,0.0,1.0,1.0,0
2978233,323.3890000000001,1.5198999999999991,0.0,5.0,72.91,2.0,0.0,0.0,0.0,3.0,6.0,3.0,23.0,3.0,1.0,2.0,128.0,0.0,2.0,1.0,0
660143,342.4440000000001,0.5462000000000022,4.0,3.0,105.81,6.0,0.0,0.0,0.0,1.0,9.0,1.0,24.0,1.0,0.0,1.0,138.0,0.0,1.0,6.0,0
767898,291.756,2.0687,1.0,3.0,74.68,5.0,1.0,1.0,0.0,0.0,7.0,1.0,18.0,0.0,0.0,0.0,100.0,0.0,0.0,0.0,0
118369746,456.3240000000003,4.821900000000004,2.0,4.0,70.15,4.0,2.0,1.0,1.0,1.0,10.0,4.0,30.0,2.0,1.0,1.0,160.0,0.0,2.0,2.0,1
741243,247.2980000000001,1.4304999999999997,2.0,2.0,61.440000000000005,4.0,1.0,1.0,0.0,1.0,5.0,2.0,18.0,1.0,0.0,1.0,96.0,0.0,1.0,3.0,0
2998681,274.27,3.253420000000001,1.0,3.0,33.62,2.0,2.0,2.0,0.0,0.0,5.0,3.0,20.0,1.0,0.0,1.0,102.0,0.0,1.0,0.0,0
10607,414.41000000000025,2.4092,1.0,8.0,92.68,4.0,2.0,2.0,0.0,1.0,8.0,5.0,30.0,3.0,1.0,2.0,158.0,0.0,2.0,0.0,0
5307657,389.4110000000001,3.4806200000000027,0.0,5.0,79.79,2.0,4.0,1.0,3.0,1.0,7.0,5.0,29.0,1.0,0.0,1.0,146.0,0.0,4.0,2.0,0
3244388,318.358,1.0291999999999997,2.0,5.0,91.4,3.0,1.0,0.0,1.0,2.0,8.0,4.0,22.0,3.0,2.0,1.0,114.0,0.0,2.0,4.0,0
648177,329.40400000000005,0.9493999999999998,1.0,6.0,72.28,6.0,2.0,1.0,1.0,1.0,7.0,3.0,24.0,1.0,0.0,1.0,128.0,0.0,2.0,1.0,0
3234635,306.75600000000003,4.135900000000002,0.0,4.0,43.6,2.0,4.0,2.0,2.0,0.0,5.0,4.0,22.0,0.0,0.0,0.0,106.0,0.0,2.0,0.0,0
652533,355.415,3.864020000000002,1.0,5.0,68.53999999999999,6.0,3.0,1.0,2.0,0.0,6.0,3.0,25.0,0.0,0.0,0.0,128.0,0.0,2.0,1.0,0
650349,474.5640000000003,2.9247000000000014,2.0,8.0,123.42000000000002,9.0,3.0,2.0,1.0,1.0,11.0,4.0,32.0,1.0,0.0,1.0,168.0,0.0,2.0,1.0,0
2586975,394.5040000000001,3.3969600000000018,0.0,7.0,87.17999999999999,6.0,3.0,1.0,2.0,0.0,8.0,3.0,28.0,0.0,0.0,0.0,144.0,0.0,2.0,1.0,0
2430016,391.225,2.739440000000001,0.0,7.0,78.61000000000001,5.0,3.0,1.0,2.0,0.0,8.0,3.0,24.0,0.0,0.0,0.0,124.0,0.0,2.0,0.0,0
3244466,383.4890000000003,1.8846,1.0,3.0,69.72,5.0,1.0,1.0,0.0,2.0,8.0,3.0,26.0,2.0,0.0,2.0,144.0,0.0,2.0,1.0,0
3240690,379.46000000000015,1.3625000000000005,1.0,4.0,69.72,5.0,1.0,1.0,0.0,2.0,6.0,5.0,28.0,4.0,2.0,2.0,146.0,0.0,2.0,3.0,0
54689728,286.3270000000001,3.6517000000000026,1.0,4.0,67.50999999999999,3.0,2.0,1.0,1.0,1.0,4.0,3.0,21.0,1.0,1.0,0.0,110.0,0.0,1.0,0.0,0
935000,241.251,-0.4688999999999994,1.0,8.0,89.47,5.0,1.0,0.0,1.0,0.0,8.0,1.0,17.0,0.0,0.0,0.0,94.0,0.0,1.0,0.0,0
2999793,207.258,1.7338999999999998,1.0,4.0,46.92,2.0,2.0,0.0,2.0,0.0,5.0,2.0,14.0,0.0,0.0,0.0,72.0,0.0,2.0,1.0,0
4167161,425.8760000000001,3.3899000000000017,2.0,7.0,104.29,5.0,3.0,2.0,1.0,0.0,9.0,4.0,30.0,1.0,0.0,1.0,154.0,0.0,2.0,1.0,0
16759284,326.44,1.5545,2.0,4.0,46.94,1.0,1.0,1.0,0.0,5.0,4.0,7.0,24.0,6.0,1.0,5.0,128.0,1.0,5.0,0.0,0
461168,299.326,2.3222200000000006,0.0,5.0,57.53000000000001,2.0,2.0,1.0,1.0,0.0,5.0,3.0,22.0,1.0,0.0,1.0,114.0,0.0,2.0,0.0,0
118046994,513.4950000000002,4.969820000000003,3.0,6.0,106.06000000000002,8.0,4.0,2.0,2.0,0.0,11.0,4.0,37.0,0.0,0.0,0.0,192.0,0.0,2.0,1.0,1
3237688,451.4670000000002,2.2824,2.0,8.0,96.97,7.0,1.0,0.0,1.0,0.0,12.0,2.0,30.0,1.0,0.0,1.0,168.0,0.0,2.0,1.0,0
649153,455.5150000000002,1.84422,1.0,8.0,111.72,10.0,3.0,1.0,2.0,1.0,10.0,4.0,33.0,1.0,0.0,1.0,176.0,0.0,3.0,2.0,0
653266,283.283,2.638300000000001,0.0,5.0,61.44,4.0,3.0,1.0,2.0,0.0,5.0,3.0,21.0,0.0,0.0,0.0,106.0,0.0,2.0,0.0,0
576126,247.25,1.8185,1.0,5.0,64.63,2.0,1.0,1.0,0.0,1.0,5.0,2.0,18.0,1.0,0.0,1.0,94.0,0.0,1.0,0.0,0
3237860,279.36500000000007,2.26919,1.0,5.0,59.91,5.0,2.0,0.0,2.0,0.0,6.0,2.0,19.0,0.0,0.0,0.0,102.0,0.0,2.0,0.0,0
121416741,393.4950000000001,3.1182200000000018,2.0,6.0,87.97000000000001,4.0,3.0,0.0,3.0,1.0,8.0,4.0,29.0,1.0,1.0,0.0,152.0,0.0,3.0,2.0,1
3233578,293.33,2.0311,0.0,5.0,63.91,3.0,3.0,1.0,2.0,0.0,6.0,3.0,22.0,0.0,0.0,0.0,110.0,0.0,2.0,1.0,0
662112,436.46400000000034,3.244720000000002,1.0,7.0,96.36,6.0,3.0,1.0,2.0,1.0,8.0,5.0,32.0,2.0,0.0,2.0,166.0,0.0,4.0,1.0,0
653220,266.351,1.97232,1.0,6.0,67.77000000000001,4.0,2.0,0.0,2.0,0.0,7.0,2.0,17.0,0.0,0.0,0.0,88.0,0.0,2.0,1.0,0
71247917,508.5290000000003,4.058420000000003,3.0,7.0,114.05,7.0,4.0,2.0,2.0,1.0,11.0,5.0,37.0,1.0,0.0,1.0,192.0,0.0,3.0,1.0,1
662916,369.874,4.082500000000003,1.0,6.0,77.25,6.0,2.0,1.0,1.0,0.0,8.0,2.0,24.0,0.0,0.0,0.0,130.0,0.0,1.0,1.0,0
655700,392.43300000000016,1.8711,1.0,6.0,94.17,6.0,2.0,2.0,0.0,0.0,9.0,3.0,27.0,1.0,0.0,1.0,144.0,0.0,1.0,1.0,0
589406,373.27900000000005,4.504400000000003,1.0,4.0,46.5,3.0,4.0,2.0,2.0,0.0,6.0,4.0,22.0,0.0,0.0,0.0,110.0,0.0,2.0,0.0,1
705148,289.40400000000005,2.5328800000000005,1.0,4.0,56.13,3.0,1.0,0.0,1.0,1.0,5.0,3.0,20.0,2.0,1.0,1.0,106.0,0.0,2.0,1.0,0
3242343,360.4390000000001,1.3461000000000003,1.0,4.0,86.37,5.0,2.0,1.0,1.0,0.0,8.0,3.0,25.0,1.0,0.0,1.0,132.0,0.0,2.0,1.0,0
6604403,179.307,2.694100000000001,1.0,1.0,26.02,0.0,0.0,0.0,0.0,4.0,1.0,4.0,13.0,4.0,4.0,0.0,74.0,0.0,0.0,0.0,0
5308096,439.5160000000003,1.6334999999999995,0.0,8.0,88.10000000000001,7.0,2.0,1.0,1.0,2.0,9.0,4.0,32.0,2.0,0.0,2.0,170.0,0.0,3.0,1.0,0
874396,298.29800000000006,1.6962,1.0,5.0,73.32000000000001,3.0,3.0,2.0,1.0,0.0,6.0,3.0,22.0,0.0,0.0,0.0,112.0,0.0,1.0,0.0,0
2837866,331.32400000000007,1.456,2.0,5.0,101.93,5.0,1.0,1.0,0.0,1.0,7.0,3.0,24.0,2.0,0.0,2.0,126.0,0.0,2.0,1.0,0
782395,233.31099999999992,2.0406,0.0,3.0,21.700000000000003,4.0,1.0,1.0,0.0,1.0,3.0,2.0,17.0,1.0,0.0,1.0,92.0,0.0,1.0,0.0,0
2109026,470.55100000000016,2.06604,1.0,7.0,102.64,5.0,3.0,2.0,1.0,1.0,10.0,4.0,33.0,1.0,0.0,1.0,174.0,0.0,2.0,1.0,0
135412516,294.31000000000006,2.7781200000000004,2.0,4.0,88.82,2.0,3.0,2.0,1.0,0.0,5.0,3.0,22.0,0.0,0.0,0.0,110.0,0.0,1.0,1.0,0
644999,367.49300000000017,3.381160000000002,1.0,4.0,44.81,5.0,2.0,2.0,0.0,1.0,5.0,3.0,27.0,1.0,0.0,1.0,144.0,0.0,1.0,1.0,0
648223,370.45300000000015,2.965740000000001,1.0,6.0,76.58000000000001,5.0,2.0,1.0,1.0,1.0,7.0,3.0,27.0,1.0,0.0,1.0,144.0,0.0,2.0,1.0,0
649959,253.3419999999999,2.0245999999999995,1.0,3.0,55.400000000000006,3.0,0.0,0.0,0.0,2.0,4.0,2.0,18.0,2.0,1.0,1.0,102.0,1.0,1.0,1.0,0
3236431,312.398,3.4945000000000013,1.0,6.0,51.97,3.0,3.0,1.0,2.0,0.0,6.0,4.0,22.0,1.0,0.0,1.0,112.0,0.0,3.0,0.0,0
2200621,406.738,4.124400000000002,1.0,3.0,41.57000000000001,3.0,2.0,2.0,0.0,1.0,10.0,3.0,27.0,1.0,0.0,1.0,144.0,0.0,1.0,1.0,0
653190,466.6000000000004,3.743700000000003,0.0,4.0,74.75999999999999,7.0,2.0,2.0,0.0,2.0,9.0,4.0,31.0,2.0,1.0,1.0,168.0,0.0,1.0,0.0,0
646855,326.35200000000003,2.8983000000000008,1.0,5.0,73.47,5.0,3.0,1.0,2.0,0.0,6.0,3.0,24.0,0.0,0.0,0.0,124.0,0.0,2.0,1.0,0
127053715,380.4240000000001,0.2800000000000007,6.0,6.0,115.55,4.0,1.0,1.0,0.0,2.0,10.0,3.0,27.0,2.0,0.0,2.0,148.0,0.0,2.0,3.0,1
2202776,479.6280000000005,2.4951,1.0,10.0,98.57999999999998,8.0,2.0,0.0,2.0,1.0,11.0,4.0,32.0,2.0,1.0,1.0,174.0,0.0,3.0,1.0,0
677167,214.272,1.7917999999999998,1.0,4.0,55.040000000000006,2.0,2.0,1.0,1.0,0.0,4.0,2.0,16.0,0.0,0.0,0.0,82.0,0.0,1.0,0.0,0
2958069,395.50300000000016,3.7863000000000016,1.0,4.0,61.88000000000001,7.0,2.0,2.0,0.0,1.0,6.0,3.0,29.0,1.0,0.0,1.0,154.0,0.0,1.0,2.0,0
666665,283.335,2.36184,1.0,6.0,64.34,4.0,3.0,1.0,2.0,0.0,6.0,3.0,21.0,0.0,0.0,0.0,108.0,0.0,2.0,0.0,0
3240315,284.337,1.6806199999999998,2.0,5.0,98.49,5.0,1.0,0.0,1.0,0.0,7.0,1.0,19.0,0.0,0.0,0.0,104.0,0.0,1.0,2.0,0
886031,295.38500000000005,3.037100000000001,0.0,6.0,47.89,3.0,1.0,1.0,0.0,0.0,6.0,2.0,19.0,1.0,0.0,1.0,100.0,0.0,1.0,0.0,0
652335,360.48300000000006,2.647220000000001,2.0,6.0,66.49000000000001,7.0,2.0,1.0,1.0,1.0,7.0,3.0,25.0,1.0,0.0,1.0,134.0,0.0,2.0,1.0,0
645672,196.213,1.8155,0.0,4.0,43.6,1.0,3.0,2.0,1.0,0.0,4.0,3.0,15.0,0.0,0.0,0.0,72.0,0.0,1.0,0.0,0
3235844,310.4,2.868900000000002,0.0,7.0,61.31,6.0,2.0,1.0,1.0,0.0,7.0,2.0,20.0,0.0,0.0,0.0,106.0,0.0,1.0,0.0,0
3246002,371.3960000000001,5.050100000000003,2.0,5.0,88.29,5.0,4.0,3.0,1.0,0.0,6.0,4.0,28.0,0.0,0.0,0.0,138.0,0.0,1.0,0.0,0
649014,367.405,2.7280000000000006,2.0,4.0,79.9,4.0,2.0,2.0,0.0,1.0,7.0,4.0,27.0,2.0,0.0,2.0,140.0,0.0,2.0,3.0,0
2571373,471.5350000000002,1.92422,1.0,6.0,113.09,5.0,2.0,2.0,0.0,1.0,10.0,4.0,33.0,2.0,0.0,2.0,174.0,0.0,2.0,2.0,0
3243504,367.40500000000014,2.7794000000000008,1.0,6.0,86.36000000000001,7.0,3.0,1.0,2.0,0.0,7.0,3.0,27.0,0.0,0.0,0.0,140.0,0.0,2.0,1.0,0
16758652,535.5530000000005,1.9505999999999992,3.0,9.0,146.99,5.0,2.0,2.0,0.0,3.0,11.0,6.0,39.0,4.0,2.0,2.0,204.0,0.0,2.0,3.0,0
752384,344.3480000000001,2.0711,2.0,5.0,103.78,5.0,2.0,1.0,1.0,0.0,8.0,3.0,24.0,1.0,0.0,1.0,122.0,0.0,2.0,3.0,0
2938683,362.76900000000006,1.841,2.0,4.0,103.78000000000002,4.0,1.0,1.0,0.0,1.0,8.0,3.0,25.0,2.0,1.0,1.0,130.0,0.0,1.0,3.0,0
3242994,420.5120000000003,2.753620000000001,1.0,6.0,88.85,5.0,3.0,1.0,2.0,1.0,9.0,4.0,28.0,1.0,0.0,1.0,148.0,0.0,3.0,1.0,0
2527180,359.8090000000002,2.8086,0.0,4.0,55.84,5.0,2.0,2.0,0.0,1.0,6.0,3.0,25.0,1.0,0.0,1.0,130.0,0.0,1.0,1.0,0
3235805,466.6040000000002,1.770400000000001,1.0,7.0,104.86,10.0,2.0,1.0,1.0,1.0,10.0,3.0,32.0,1.0,0.0,1.0,178.0,0.0,2.0,1.0,0
607843,227.3069999999999,3.187100000000002,1.0,1.0,32.86,0.0,2.0,1.0,1.0,0.0,2.0,3.0,17.0,1.0,1.0,0.0,88.0,0.0,1.0,0.0,0
2829554,349.305,2.5923000000000007,1.0,5.0,76.07000000000001,5.0,1.0,1.0,0.0,0.0,9.0,1.0,24.0,0.0,0.0,0.0,134.0,0.0,0.0,1.0,0
4290028,303.343,1.8207,1.0,6.0,81.18,3.0,2.0,1.0,1.0,0.0,7.0,3.0,21.0,1.0,0.0,1.0,108.0,0.0,2.0,1.0,0
650809,353.46600000000007,2.999600000000001,2.0,5.0,67.15,4.0,2.0,1.0,1.0,1.0,5.0,4.0,26.0,2.0,2.0,0.0,138.0,1.0,1.0,0.0,0
3236843,319.336,1.5427000000000004,1.0,5.0,67.60000000000001,5.0,2.0,1.0,1.0,1.0,7.0,3.0,23.0,1.0,0.0,1.0,122.0,0.0,2.0,1.0,0
652940,379.40900000000016,2.2267,1.0,5.0,76.07000000000001,3.0,2.0,2.0,0.0,1.0,8.0,4.0,26.0,2.0,0.0,2.0,138.0,0.0,2.0,0.0,0
5307870,375.4500000000001,1.5417999999999996,1.0,6.0,84.55000000000001,7.0,3.0,2.0,1.0,0.0,8.0,3.0,26.0,0.0,0.0,0.0,138.0,0.0,1.0,0.0,0
551154,263.261,-0.22308,1.0,8.0,115.96,2.0,2.0,0.0,2.0,1.0,9.0,3.0,19.0,1.0,0.0,1.0,100.0,0.0,3.0,1.0,0
5309735,415.96500000000026,3.746100000000003,1.0,4.0,44.81,9.0,2.0,2.0,0.0,1.0,6.0,3.0,29.0,1.0,0.0,1.0,156.0,0.0,1.0,1.0,0
121418046,413.4850000000001,3.348620000000002,3.0,6.0,96.76,4.0,4.0,1.0,3.0,1.0,8.0,5.0,31.0,1.0,0.0,1.0,156.0,0.0,4.0,2.0,1
2162873,235.327,3.0042000000000018,1.0,2.0,38.33,7.0,1.0,1.0,0.0,0.0,3.0,1.0,17.0,0.0,0.0,0.0,94.0,0.0,0.0,1.0,0
666556,356.33400000000006,1.3674799999999998,2.0,8.0,127.94,4.0,2.0,1.0,1.0,0.0,8.0,3.0,26.0,1.0,0.0,1.0,134.0,0.0,2.0,0.0,0
649970,470.5990000000005,2.5648,1.0,9.0,94.16,7.0,3.0,1.0,2.0,1.0,10.0,4.0,33.0,1.0,0.0,1.0,176.0,0.0,3.0,1.0,0
664016,280.32800000000003,0.6324999999999994,0.0,7.0,71.05000000000001,5.0,2.0,0.0,2.0,0.0,7.0,2.0,20.0,0.0,0.0,0.0,110.0,0.0,2.0,0.0,0
652081,444.4950000000002,1.7891899999999996,2.0,8.0,114.37,5.0,4.0,0.0,4.0,1.0,9.0,5.0,33.0,1.0,0.0,1.0,168.0,0.0,5.0,1.0,0
1216502,390.4610000000002,2.27682,1.0,5.0,84.94,5.0,2.0,2.0,0.0,1.0,8.0,3.0,27.0,1.0,0.0,1.0,144.0,0.0,1.0,1.0,0
862103,291.31,3.521200000000001,1.0,4.0,64.11,4.0,3.0,2.0,1.0,0.0,5.0,3.0,22.0,0.0,0.0,0.0,108.0,0.0,1.0,1.0,0
3238621,289.287,2.596800000000001,0.0,6.0,78.63000000000001,5.0,2.0,0.0,2.0,0.0,6.0,2.0,21.0,0.0,0.0,0.0,110.0,0.0,2.0,0.0,0
2493037,380.47300000000007,3.625300000000002,0.0,7.0,61.42,7.0,4.0,2.0,2.0,0.0,7.0,4.0,27.0,0.0,0.0,0.0,138.0,0.0,2.0,0.0,0
665036,365.7690000000001,1.7281999999999995,1.0,5.0,85.30000000000001,4.0,1.0,1.0,0.0,2.0,8.0,4.0,25.0,3.0,0.0,3.0,132.0,1.0,3.0,1.0,0
844907,314.37,2.6973000000000003,2.0,5.0,79.9,5.0,3.0,1.0,2.0,0.0,7.0,3.0,22.0,0.0,0.0,0.0,112.0,0.0,2.0,1.0,0
73505617,389.50000000000017,2.3969,2.0,6.0,88.61000000000001,4.0,1.0,0.0,1.0,2.0,8.0,4.0,28.0,3.0,0.0,3.0,154.0,0.0,4.0,2.0,1
16758757,367.4020000000002,-0.1386999999999996,3.0,7.0,128.53,3.0,0.0,0.0,0.0,3.0,9.0,3.0,26.0,3.0,2.0,1.0,144.0,0.0,1.0,3.0,0
655193,478.5530000000002,2.757720000000001,1.0,8.0,111.47,9.0,3.0,2.0,1.0,1.0,10.0,4.0,35.0,1.0,1.0,0.0,184.0,0.0,1.0,2.0,0
3245602,275.279,2.8899000000000017,1.0,3.0,51.47,5.0,2.0,1.0,1.0,1.0,5.0,3.0,20.0,1.0,1.0,0.0,104.0,0.0,1.0,1.0,0
653798,297.38300000000004,4.040740000000003,0.0,5.0,51.81,4.0,3.0,1.0,2.0,0.0,5.0,3.0,21.0,0.0,0.0,0.0,106.0,0.0,2.0,0.0,0
5308056,405.52000000000027,1.6555400000000002,1.0,6.0,84.67,8.0,2.0,1.0,1.0,1.0,8.0,3.0,28.0,1.0,0.0,1.0,152.0,0.0,2.0,1.0,0
135436886,318.4020000000001,2.6825,2.0,5.0,87.74000000000001,6.0,2.0,1.0,1.0,0.0,7.0,2.0,22.0,0.0,0.0,0.0,116.0,0.0,1.0,1.0,0
2999132,241.254,1.06346,1.0,5.0,97.74,0.0,2.0,0.0,2.0,0.0,6.0,2.0,18.0,0.0,0.0,0.0,90.0,0.0,2.0,0.0,0
2972189,303.406,2.953920000000001,3.0,2.0,70.23,7.0,1.0,1.0,0.0,1.0,5.0,2.0,22.0,1.0,0.0,1.0,120.0,0.0,1.0,3.0,0
2546016,236.30000000000004,1.5579999999999998,2.0,5.0,76.82,5.0,2.0,1.0,1.0,0.0,6.0,2.0,16.0,0.0,0.0,0.0,84.0,0.0,1.0,0.0,0
145713292,459.53900000000016,3.5371200000000016,1.0,11.0,107.94,5.0,5.0,0.0,5.0,0.0,11.0,6.0,33.0,1.0,0.0,1.0,166.0,0.0,6.0,0.0,1
3243480,302.374,2.679500000000001,1.0,4.0,64.24000000000001,4.0,2.0,1.0,1.0,1.0,5.0,3.0,22.0,1.0,1.0,0.0,118.0,0.0,1.0,1.0,0
655120,345.38000000000017,2.227219999999999,0.0,8.0,74.95,3.0,3.0,1.0,2.0,0.0,8.0,4.0,24.0,1.0,0.0,1.0,124.0,0.0,3.0,0.0,0
3234786,486.456,6.211100000000005,0.0,3.0,32.78,3.0,2.0,2.0,0.0,2.0,10.0,4.0,34.0,2.0,0.0,2.0,184.0,1.0,2.0,1.0,0
868130,301.342,2.5348200000000007,1.0,4.0,76.23,5.0,2.0,1.0,1.0,0.0,5.0,2.0,22.0,0.0,0.0,0.0,116.0,0.0,1.0,0.0,0
1064,192.167,-2.321400000000001,5.0,5.0,118.22,1.0,0.0,0.0,0.0,1.0,6.0,1.0,13.0,1.0,1.0,0.0,76.0,0.0,0.0,0.0,0
5308667,413.4550000000001,2.2652,1.0,6.0,97.83,5.0,3.0,2.0,1.0,0.0,9.0,4.0,29.0,1.0,0.0,1.0,150.0,0.0,2.0,1.0,0
2999636,446.9890000000002,4.207280000000004,1.0,8.0,86.83999999999999,7.0,3.0,1.0,2.0,0.0,10.0,3.0,29.0,0.0,0.0,0.0,150.0,0.0,2.0,1.0,0
877391,279.343,3.5924000000000023,1.0,4.0,50.940000000000005,4.0,3.0,2.0,1.0,0.0,4.0,3.0,21.0,0.0,0.0,0.0,106.0,0.0,1.0,0.0,0
2920647,313.386,2.3224,2.0,5.0,83.56,5.0,3.0,1.0,2.0,0.0,7.0,3.0,22.0,0.0,0.0,0.0,112.0,0.0,2.0,1.0,0
574780,273.20700000000005,2.783300000000001,0.0,2.0,6.48,3.0,1.0,1.0,0.0,1.0,4.0,2.0,17.0,1.0,0.0,1.0,94.0,0.0,1.0,0.0,0
3246090,409.61400000000026,4.594520000000005,3.0,3.0,52.49,2.0,1.0,1.0,0.0,2.0,3.0,5.0,30.0,4.0,3.0,1.0,164.0,0.0,1.0,0.0,0
666197,344.44000000000005,1.64972,2.0,5.0,73.8,4.0,2.0,2.0,0.0,0.0,7.0,3.0,24.0,1.0,0.0,1.0,126.0,0.0,1.0,0.0,0
3247186,633.7450000000003,5.053000000000005,1.0,7.0,101.31,8.0,4.0,3.0,1.0,2.0,9.0,7.0,47.0,3.0,1.0,2.0,242.0,0.0,3.0,2.0,0
296093,227.263,2.7574000000000014,1.0,2.0,46.17,3.0,2.0,2.0,0.0,0.0,3.0,2.0,17.0,0.0,0.0,0.0,86.0,0.0,0.0,1.0,0
5307801,318.17800000000005,3.247240000000001,1.0,5.0,55.11,2.0,3.0,1.0,2.0,0.0,6.0,3.0,19.0,0.0,0.0,0.0,96.0,0.0,2.0,0.0,0
665094,395.5500000000001,4.680800000000004,1.0,7.0,77.25,8.0,2.0,1.0,1.0,0.0,8.0,2.0,26.0,0.0,0.0,0.0,142.0,0.0,1.0,1.0,0
11949193,448.65400000000017,7.150400000000007,0.0,2.0,16.130000000000003,5.0,3.0,2.0,1.0,5.0,2.0,8.0,34.0,5.0,4.0,1.0,174.0,1.0,2.0,0.0,0
2169094,234.26200000000003,2.7557600000000013,2.0,4.0,85.63,2.0,2.0,2.0,0.0,0.0,4.0,2.0,18.0,0.0,0.0,0.0,86.0,0.0,0.0,0.0,0
1311001,398.28200000000027,3.2546000000000017,1.0,6.0,73.22,4.0,2.0,0.0,2.0,0.0,8.0,3.0,23.0,1.0,1.0,0.0,122.0,0.0,2.0,1.0,0
1192842,356.403,2.891400000000001,1.0,4.0,79.62,5.0,3.0,2.0,1.0,0.0,7.0,4.0,25.0,1.0,0.0,1.0,128.0,0.0,2.0,1.0,0
648085,384.38800000000015,3.017100000000001,1.0,7.0,91.93,6.0,3.0,1.0,2.0,0.0,8.0,4.0,28.0,1.0,0.0,1.0,146.0,0.0,3.0,1.0,0
684548,251.33,2.2223,1.0,5.0,70.14,4.0,1.0,0.0,1.0,1.0,5.0,2.0,18.0,1.0,1.0,0.0,100.0,0.0,1.0,0.0,0
750712,271.31600000000003,2.8054200000000007,1.0,4.0,59.31,5.0,2.0,1.0,1.0,0.0,4.0,2.0,20.0,0.0,0.0,0.0,104.0,0.0,1.0,0.0,0
645306,189.261,1.62822,1.0,4.0,50.19,3.0,1.0,0.0,1.0,0.0,5.0,1.0,11.0,0.0,0.0,0.0,60.0,0.0,1.0,0.0,0
661335,362.4540000000001,4.038800000000003,0.0,4.0,41.9,2.0,2.0,2.0,0.0,1.0,5.0,5.0,26.0,3.0,1.0,2.0,130.0,0.0,2.0,1.0,0
73677,386.3120000000002,2.3163400000000007,2.0,9.0,128.59000000000003,2.0,2.0,2.0,0.0,0.0,9.0,4.0,28.0,2.0,0.0,2.0,144.0,0.0,2.0,0.0,0
651011,318.34500000000014,1.5749,1.0,3.0,66.48,3.0,1.0,1.0,0.0,1.0,8.0,2.0,21.0,1.0,0.0,1.0,116.0,0.0,1.0,1.0,0
2109330,407.4690000000001,3.5318000000000023,0.0,7.0,86.05,7.0,3.0,1.0,2.0,0.0,9.0,3.0,27.0,0.0,0.0,0.0,142.0,0.0,2.0,0.0,0
3234003,223.23900000000003,1.7242999999999995,0.0,5.0,56.49,2.0,3.0,0.0,3.0,0.0,5.0,3.0,17.0,0.0,0.0,0.0,82.0,0.0,3.0,0.0,0
662452,448.5890000000004,4.654740000000004,2.0,7.0,106.35,10.0,2.0,1.0,1.0,0.0,9.0,2.0,31.0,0.0,0.0,0.0,170.0,0.0,1.0,2.0,0
135398738,182.187,0.0688999999999999,2.0,4.0,99.73,3.0,1.0,0.0,1.0,0.0,7.0,1.0,13.0,0.0,0.0,0.0,70.0,0.0,1.0,1.0,0
644587,365.5050000000001,3.071440000000001,2.0,6.0,74.85,5.0,3.0,0.0,3.0,0.0,8.0,3.0,23.0,0.0,0.0,0.0,120.0,0.0,3.0,1.0,0
3243216,401.373,3.347700000000001,1.0,8.0,83.32000000000001,6.0,3.0,2.0,1.0,0.0,10.0,4.0,29.0,1.0,0.0,1.0,150.0,0.0,2.0,0.0,0
783701,347.2560000000001,3.476900000000001,1.0,3.0,26.71,3.0,2.0,2.0,0.0,1.0,4.0,3.0,21.0,1.0,0.0,1.0,110.0,0.0,1.0,0.0,0
1087200,445.9280000000002,4.340220000000003,1.0,5.0,92.51,5.0,3.0,2.0,1.0,1.0,9.0,4.0,30.0,1.0,0.0,1.0,156.0,0.0,2.0,1.0,0
3238435,409.4420000000001,1.9778,0.0,6.0,84.99,5.0,3.0,1.0,2.0,1.0,8.0,4.0,30.0,1.0,0.0,1.0,156.0,0.0,3.0,2.0,0
3237986,336.3470000000001,3.042800000000001,1.0,5.0,73.59,5.0,3.0,2.0,1.0,0.0,6.0,4.0,25.0,1.0,0.0,1.0,126.0,0.0,2.0,1.0,0
1257284,337.3390000000001,1.1369999999999998,0.0,8.0,87.85,3.0,4.0,1.0,3.0,0.0,8.0,4.0,25.0,0.0,0.0,0.0,126.0,0.0,3.0,0.0,0
654624,318.377,2.4271000000000003,0.0,7.0,79.13000000000001,7.0,2.0,1.0,1.0,0.0,7.0,2.0,23.0,0.0,0.0,0.0,124.0,0.0,1.0,0.0,0
1590983,418.5960000000001,3.1286,2.0,10.0,113.46,8.0,3.0,1.0,2.0,0.0,10.0,3.0,28.0,0.0,0.0,0.0,150.0,0.0,2.0,0.0,0
799014,267.32800000000003,3.8992200000000015,2.0,3.0,49.33,4.0,2.0,2.0,0.0,0.0,3.0,2.0,20.0,0.0,0.0,0.0,102.0,0.0,0.0,0.0,0
645322,311.7690000000001,2.646000000000001,1.0,3.0,61.88,2.0,1.0,1.0,0.0,1.0,7.0,2.0,21.0,1.0,0.0,1.0,114.0,0.0,1.0,3.0,0
2228164,352.415,3.462200000000001,1.0,4.0,68.28999999999999,4.0,3.0,2.0,1.0,0.0,6.0,4.0,25.0,1.0,1.0,0.0,126.0,0.0,1.0,0.0,0
3238382,274.301,2.9261000000000017,1.0,5.0,68.27000000000001,4.0,3.0,0.0,3.0,0.0,6.0,3.0,19.0,0.0,0.0,0.0,96.0,0.0,3.0,1.0,0
1093076,387.4170000000001,3.0447200000000008,2.0,6.0,110.53,6.0,3.0,2.0,1.0,0.0,9.0,3.0,27.0,0.0,0.0,0.0,140.0,0.0,1.0,1.0,0
6603926,205.283,-0.1437999999999994,3.0,4.0,101.7,5.0,0.0,0.0,0.0,0.0,6.0,0.0,13.0,0.0,0.0,0.0,76.0,0.0,0.0,0.0,0
2847933,350.4150000000001,1.6646999999999996,2.0,5.0,93.73,11.0,1.0,1.0,0.0,0.0,7.0,1.0,25.0,0.0,0.0,0.0,138.0,0.0,0.0,2.0,0
2033394,351.8010000000001,3.553420000000002,1.0,7.0,73.45,4.0,4.0,2.0,2.0,0.0,8.0,4.0,25.0,0.0,0.0,0.0,124.0,0.0,2.0,0.0,0
647870,298.331,1.6666999999999998,0.0,7.0,84.76,3.0,3.0,0.0,3.0,0.0,8.0,3.0,21.0,0.0,0.0,0.0,104.0,0.0,3.0,1.0,0
663576,337.16200000000003,2.801100000000001,2.0,4.0,79.28999999999999,3.0,2.0,1.0,1.0,0.0,7.0,3.0,22.0,1.0,0.0,1.0,112.0,0.0,2.0,1.0,0
16759122,472.53700000000015,6.173000000000006,0.0,6.0,71.06,8.0,3.0,3.0,0.0,0.0,6.0,4.0,35.0,1.0,0.0,1.0,180.0,0.0,1.0,0.0,0
649319,339.32600000000014,3.6267200000000015,2.0,4.0,84.23,4.0,3.0,1.0,2.0,0.0,7.0,3.0,25.0,0.0,0.0,0.0,126.0,0.0,2.0,2.0,0
650121,337.42700000000013,2.2898,1.0,5.0,72.7,4.0,2.0,1.0,1.0,4.0,6.0,6.0,25.0,4.0,4.0,0.0,130.0,0.0,1.0,1.0,0
3000171,372.4500000000001,2.8408000000000007,1.0,7.0,84.4,8.0,3.0,1.0,2.0,0.0,8.0,3.0,26.0,0.0,0.0,0.0,136.0,0.0,2.0,1.0,0
647067,420.5610000000004,4.273020000000003,1.0,6.0,79.70000000000002,6.0,3.0,1.0,2.0,2.0,7.0,5.0,31.0,2.0,2.0,0.0,164.0,0.0,2.0,0.0,0
645080,198.178,-0.2898,1.0,5.0,81.28,3.0,1.0,0.0,1.0,0.0,6.0,1.0,14.0,0.0,0.0,0.0,76.0,0.0,1.0,0.0,0
1248524,309.251,2.400899999999999,1.0,6.0,78.33,2.0,3.0,1.0,2.0,0.0,9.0,3.0,22.0,0.0,0.0,0.0,114.0,0.0,2.0,0.0,0
2981865,392.9120000000002,3.3142400000000016,1.0,6.0,67.35000000000001,5.0,2.0,1.0,1.0,1.0,8.0,3.0,26.0,1.0,0.0,1.0,138.0,0.0,2.0,1.0,0
5309538,380.4410000000002,2.7627200000000007,1.0,5.0,89.27000000000001,6.0,2.0,1.0,1.0,1.0,8.0,3.0,26.0,1.0,1.0,0.0,140.0,0.0,1.0,1.0,0
3237494,498.64900000000046,4.288700000000004,1.0,7.0,93.53,8.0,2.0,1.0,1.0,1.0,9.0,4.0,35.0,2.0,1.0,1.0,188.0,0.0,2.0,2.0,0
658735,321.40900000000005,3.5157200000000017,0.0,6.0,48.010000000000005,4.0,4.0,1.0,3.0,0.0,6.0,4.0,23.0,0.0,0.0,0.0,114.0,0.0,3.0,0.0,0
2997569,279.325,0.6367999999999997,1.0,7.0,95.92,5.0,2.0,1.0,1.0,0.0,8.0,2.0,19.0,0.0,0.0,0.0,100.0,0.0,1.0,1.0,0
2971844,360.435,1.6473999999999998,2.0,4.0,84.5,7.0,2.0,2.0,0.0,1.0,7.0,3.0,25.0,1.0,0.0,1.0,132.0,0.0,1.0,1.0,0
2963125,319.43,2.4417,1.0,5.0,56.15,9.0,2.0,1.0,1.0,0.0,6.0,2.0,22.0,0.0,0.0,0.0,118.0,0.0,1.0,1.0,0
647095,378.4250000000002,2.5353000000000003,2.0,4.0,84.5,6.0,2.0,2.0,0.0,1.0,8.0,3.0,26.0,1.0,0.0,1.0,138.0,0.0,1.0,1.0,0
3234332,446.48600000000016,2.4591000000000003,1.0,8.0,85.17000000000002,5.0,4.0,2.0,2.0,1.0,9.0,5.0,33.0,1.0,0.0,1.0,168.0,0.0,3.0,0.0,0
3239815,293.329,1.6661,0.0,8.0,73.56,2.0,3.0,0.0,3.0,0.0,8.0,3.0,19.0,0.0,0.0,0.0,96.0,0.0,3.0,0.0,0
664771,273.33200000000005,2.7371000000000008,1.0,3.0,55.400000000000006,3.0,1.0,1.0,0.0,1.0,4.0,3.0,20.0,2.0,1.0,1.0,106.0,0.0,1.0,1.0,0
3243892,319.41100000000006,2.8248200000000008,0.0,5.0,63.16,3.0,3.0,2.0,1.0,0.0,7.0,3.0,21.0,0.0,0.0,0.0,108.0,0.0,1.0,0.0,0
3000041,323.443,3.446200000000002,1.0,6.0,64.11,7.0,2.0,1.0,1.0,0.0,7.0,2.0,21.0,0.0,0.0,0.0,112.0,0.0,1.0,1.0,0
648678,362.45900000000006,2.3444000000000003,1.0,8.0,83.48,7.0,2.0,1.0,1.0,0.0,9.0,2.0,25.0,0.0,0.0,0.0,134.0,0.0,1.0,1.0,0
659438,316.34200000000004,1.3352,1.0,6.0,92.26,4.0,2.0,1.0,1.0,0.0,8.0,3.0,22.0,1.0,0.0,1.0,112.0,0.0,2.0,3.0,0
645042,373.54100000000017,3.578100000000002,2.0,2.0,61.440000000000005,3.0,0.0,0.0,0.0,6.0,5.0,6.0,27.0,6.0,5.0,1.0,150.0,0.0,1.0,3.0,0
3244098,359.3850000000001,3.122100000000001,0.0,5.0,68.33999999999999,2.0,4.0,2.0,2.0,0.0,6.0,5.0,27.0,1.0,0.0,1.0,134.0,0.0,3.0,1.0,0
2998647,415.43800000000016,2.0954,1.0,9.0,93.5,3.0,2.0,1.0,1.0,2.0,10.0,5.0,29.0,3.0,0.0,3.0,154.0,0.0,4.0,0.0,0
664344,435.4590000000001,2.634500000000001,0.0,8.0,74.28999999999999,4.0,4.0,2.0,2.0,0.0,9.0,5.0,32.0,1.0,0.0,1.0,164.0,0.0,3.0,0.0,0
2100623,437.47000000000025,2.524720000000001,0.0,8.0,112.35,7.0,2.0,1.0,1.0,1.0,10.0,3.0,30.0,1.0,0.0,1.0,162.0,0.0,2.0,0.0,0
662885,426.9260000000003,3.8294200000000016,2.0,7.0,106.35,7.0,2.0,1.0,1.0,0.0,10.0,2.0,28.0,0.0,0.0,0.0,152.0,0.0,1.0,2.0,0
657660,257.289,2.504600000000001,1.0,4.0,61.55000000000001,5.0,2.0,2.0,0.0,0.0,4.0,2.0,19.0,0.0,0.0,0.0,98.0,0.0,0.0,0.0,0
16759013,539.4660000000003,6.529900000000007,0.0,5.0,53.99000000000001,12.0,3.0,3.0,0.0,0.0,6.0,3.0,35.0,0.0,0.0,0.0,184.0,0.0,0.0,0.0,0
1379853,256.217,2.7253,0.0,6.0,70.52000000000001,2.0,3.0,1.0,2.0,0.0,6.0,4.0,19.0,1.0,0.0,1.0,94.0,0.0,3.0,0.0,0
648863,288.41599999999994,3.5052200000000022,1.0,4.0,24.5,4.0,2.0,1.0,1.0,1.0,4.0,3.0,20.0,1.0,0.0,1.0,106.0,0.0,2.0,0.0,0
2982516,360.4100000000001,1.6043999999999998,0.0,6.0,76.15,4.0,1.0,1.0,0.0,2.0,7.0,3.0,26.0,2.0,0.0,2.0,140.0,0.0,2.0,2.0,0
977640,321.76400000000007,2.772940000000001,1.0,5.0,73.34,5.0,2.0,1.0,1.0,0.0,7.0,2.0,22.0,0.0,0.0,0.0,116.0,0.0,1.0,1.0,0
3240287,413.49700000000007,2.086499999999999,2.0,5.0,67.92,7.0,2.0,2.0,0.0,1.0,8.0,3.0,30.0,1.0,0.0,1.0,160.0,0.0,1.0,2.0,0
651414,332.36,1.19728,2.0,7.0,115.41,2.0,1.0,0.0,1.0,2.0,8.0,4.0,24.0,3.0,1.0,2.0,128.0,2.0,3.0,0.0,0
76071327,373.4380000000001,2.2078,3.0,5.0,109.0,6.0,3.0,1.0,2.0,0.0,9.0,3.0,26.0,0.0,0.0,0.0,136.0,0.0,2.0,2.0,1
4013699,331.3530000000001,1.3898,1.0,7.0,98.25,4.0,2.0,1.0,1.0,0.0,8.0,3.0,23.0,1.0,0.0,1.0,118.0,0.0,2.0,1.0,0
963166,332.403,3.4947000000000026,0.0,3.0,42.31,4.0,3.0,2.0,1.0,1.0,4.0,4.0,25.0,1.0,0.0,1.0,126.0,0.0,2.0,1.0,0
2980567,307.27199999999993,1.123099999999999,2.0,3.0,78.51,2.0,0.0,0.0,0.0,2.0,9.0,2.0,21.0,2.0,1.0,1.0,118.0,0.0,1.0,4.0,0
3243767,344.86400000000003,2.0179,1.0,3.0,66.48,5.0,1.0,1.0,0.0,1.0,7.0,2.0,22.0,1.0,0.0,1.0,122.0,0.0,1.0,1.0,0
1549098,153.159,-1.38,3.0,3.0,100.62000000000002,3.0,0.0,0.0,0.0,0.0,6.0,0.0,9.0,0.0,0.0,0.0,54.0,0.0,0.0,0.0,0
665703,379.50300000000016,2.976300000000001,0.0,5.0,63.68,6.0,2.0,1.0,1.0,1.0,7.0,3.0,25.0,1.0,0.0,1.0,134.0,0.0,2.0,1.0,0
3237536,305.33700000000005,2.22,1.0,4.0,58.1,2.0,3.0,2.0,1.0,0.0,5.0,4.0,23.0,1.0,0.0,1.0,114.0,0.0,2.0,0.0,0
121432328,469.54900000000015,3.986620000000003,3.0,6.0,113.83,5.0,4.0,1.0,3.0,1.0,9.0,5.0,35.0,1.0,1.0,0.0,178.0,0.0,3.0,3.0,1
118046421,316.336,1.8578,2.0,5.0,104.12,3.0,2.0,1.0,1.0,1.0,7.0,3.0,23.0,1.0,0.0,1.0,120.0,0.0,2.0,1.0,1
306968,309.322,2.1171,3.0,3.0,101.29,3.0,2.0,2.0,0.0,0.0,8.0,2.0,21.0,0.0,0.0,0.0,110.0,0.0,0.0,2.0,0
2338736,392.77000000000015,3.508720000000001,1.0,6.0,94.57,6.0,3.0,1.0,2.0,0.0,9.0,3.0,27.0,0.0,0.0,0.0,140.0,0.0,2.0,1.0,0
6603885,158.11299999999997,-0.9476999999999998,3.0,4.0,109.32,2.0,1.0,0.0,1.0,0.0,6.0,1.0,11.0,0.0,0.0,0.0,60.0,0.0,1.0,0.0,0
2402094,402.273,2.24468,0.0,6.0,65.58000000000001,3.0,3.0,1.0,2.0,0.0,7.0,3.0,24.0,0.0,0.0,0.0,120.0,0.0,2.0,0.0,0
3232853,291.37000000000006,2.823200000000001,2.0,2.0,44.370000000000005,1.0,1.0,1.0,0.0,2.0,5.0,3.0,21.0,2.0,0.0,2.0,114.0,1.0,2.0,2.0,0
650436,345.39900000000006,3.2277000000000013,1.0,5.0,60.06,6.0,3.0,1.0,2.0,0.0,7.0,3.0,24.0,0.0,0.0,0.0,124.0,0.0,2.0,1.0,0
3243110,259.356,1.1435199999999994,1.0,5.0,63.47,4.0,2.0,0.0,2.0,0.0,7.0,2.0,16.0,0.0,0.0,0.0,88.0,0.0,2.0,0.0,0
783275,329.1940000000001,1.4372999999999994,1.0,4.0,53.010000000000005,4.0,1.0,1.0,0.0,1.0,6.0,2.0,19.0,1.0,0.0,1.0,104.0,0.0,1.0,1.0,0
7681,135.20999999999998,1.7482,0.0,1.0,3.24,2.0,1.0,1.0,0.0,0.0,1.0,1.0,10.0,0.0,0.0,0.0,54.0,0.0,0.0,0.0,0
121416547,471.56500000000034,3.838820000000003,2.0,7.0,97.2,6.0,4.0,1.0,3.0,1.0,9.0,5.0,35.0,1.0,0.0,1.0,180.0,0.0,4.0,2.0,1
121416726,518.5930000000005,4.291100000000004,2.0,7.0,93.54,9.0,4.0,2.0,2.0,1.0,10.0,5.0,38.0,1.0,0.0,1.0,198.0,0.0,3.0,2.0,1
648737,481.6010000000003,2.3628,1.0,9.0,101.39999999999998,10.0,3.0,1.0,2.0,2.0,10.0,5.0,35.0,2.0,1.0,1.0,188.0,0.0,3.0,0.0,0
5459447,599.6620000000003,5.532500000000008,2.0,6.0,88.46000000000001,5.0,1.0,1.0,0.0,2.0,11.0,5.0,42.0,4.0,2.0,2.0,234.0,0.0,2.0,1.0,0
3245808,311.2230000000001,4.247100000000003,1.0,1.0,32.34,1.0,1.0,1.0,0.0,1.0,4.0,2.0,18.0,1.0,0.0,1.0,98.0,0.0,1.0,2.0,0
5355836,192.17,1.5126199999999996,2.0,4.0,70.67,0.0,2.0,1.0,1.0,0.0,4.0,2.0,14.0,0.0,0.0,0.0,72.0,0.0,1.0,0.0,0
89536116,378.4800000000002,4.418620000000003,3.0,4.0,95.59,4.0,3.0,0.0,3.0,1.0,7.0,4.0,28.0,1.0,1.0,0.0,146.0,0.0,3.0,2.0,1
1247224,381.31700000000006,1.7904,0.0,4.0,57.690000000000005,3.0,1.0,0.0,1.0,1.0,8.0,2.0,20.0,1.0,0.0,1.0,112.0,0.0,2.0,1.0,0
2847848,305.186,3.043740000000001,0.0,4.0,51.96,2.0,2.0,1.0,1.0,0.0,7.0,2.0,18.0,0.0,0.0,0.0,96.0,0.0,1.0,0.0,0
886529,346.4080000000001,3.0269200000000014,1.0,4.0,49.41,2.0,2.0,1.0,1.0,1.0,7.0,3.0,23.0,1.0,0.0,1.0,116.0,0.0,2.0,2.0,1
6603999,337.8100000000001,4.791220000000004,1.0,2.0,45.23,1.0,3.0,2.0,1.0,0.0,5.0,4.0,24.0,1.0,0.0,1.0,120.0,0.0,2.0,2.0,0
2243291,325.32800000000003,1.7800399999999998,1.0,7.0,98.48,3.0,3.0,1.0,2.0,0.0,8.0,3.0,24.0,0.0,0.0,0.0,122.0,0.0,2.0,1.0,0
4122234,414.5530000000003,0.9370800000000008,0.0,6.0,101.79,8.0,1.0,1.0,0.0,1.0,10.0,2.0,27.0,1.0,0.0,1.0,150.0,0.0,1.0,0.0,0
749961,312.3,2.450500000000001,1.0,3.0,66.48,4.0,2.0,2.0,0.0,0.0,6.0,3.0,23.0,1.0,0.0,1.0,116.0,0.0,1.0,3.0,0
3239658,463.5560000000003,2.734820000000001,2.0,6.0,117.95,8.0,2.0,1.0,1.0,1.0,10.0,3.0,32.0,1.0,0.0,1.0,174.0,0.0,2.0,2.0,0
3244394,275.333,3.039320000000001,1.0,5.0,78.92,3.0,2.0,0.0,2.0,0.0,6.0,2.0,19.0,0.0,0.0,0.0,98.0,0.0,2.0,1.0,0
954417,267.372,4.222340000000004,0.0,2.0,12.47,3.0,2.0,2.0,0.0,0.0,2.0,3.0,20.0,1.0,0.0,1.0,104.0,0.0,1.0,0.0,0
873908,320.4210000000002,4.138600000000003,0.0,5.0,52.81,2.0,3.0,1.0,2.0,1.0,5.0,4.0,23.0,1.0,0.0,1.0,114.0,0.0,3.0,0.0,0
2999584,322.3640000000001,3.403600000000002,1.0,4.0,64.36,4.0,3.0,1.0,2.0,1.0,5.0,4.0,24.0,1.0,0.0,1.0,122.0,0.0,3.0,1.0,0
656209,359.451,2.3327600000000004,2.0,4.0,88.16,6.0,2.0,1.0,1.0,0.0,7.0,2.0,25.0,0.0,0.0,0.0,132.0,0.0,1.0,2.0,0
3245638,320.3920000000001,2.7048000000000005,1.0,2.0,49.41,5.0,2.0,2.0,0.0,1.0,4.0,4.0,24.0,2.0,1.0,1.0,122.0,0.0,1.0,2.0,0
121416597,393.4910000000001,4.311500000000003,3.0,5.0,92.07,5.0,3.0,1.0,2.0,1.0,7.0,4.0,29.0,1.0,1.0,0.0,152.0,0.0,2.0,2.0,1
651220,443.4810000000002,2.2738000000000005,1.0,7.0,107.06000000000002,6.0,3.0,2.0,1.0,0.0,10.0,4.0,31.0,1.0,0.0,1.0,162.0,0.0,2.0,1.0,0
665835,296.33,2.736600000000001,0.0,6.0,62.06,5.0,3.0,2.0,1.0,0.0,6.0,3.0,22.0,0.0,0.0,0.0,112.0,0.0,1.0,0.0,0
92044620,391.4790000000002,2.790020000000001,3.0,5.0,98.83,4.0,3.0,0.0,3.0,2.0,8.0,5.0,29.0,2.0,1.0,1.0,150.0,0.0,4.0,2.0,1
2386422,404.5200000000001,5.488400000000004,0.0,7.0,56.74,6.0,5.0,2.0,3.0,0.0,7.0,5.0,28.0,0.0,0.0,0.0,138.0,0.0,3.0,0.0,0
5960,133.10299999999998,-1.127,3.0,3.0,100.62000000000002,3.0,0.0,0.0,0.0,0.0,5.0,0.0,9.0,0.0,0.0,0.0,52.0,0.0,0.0,0.0,0
2236482,358.46700000000016,3.4425200000000027,1.0,5.0,71.11,4.0,2.0,1.0,1.0,0.0,7.0,3.0,25.0,1.0,0.0,1.0,132.0,0.0,2.0,1.0,0
3235174,315.38,2.578080000000001,1.0,5.0,64.84,2.0,3.0,2.0,1.0,1.0,5.0,4.0,24.0,1.0,0.0,1.0,118.0,0.0,2.0,0.0,0
1247280,300.836,4.407800000000002,1.0,4.0,41.99,2.0,2.0,0.0,2.0,0.0,6.0,2.0,18.0,0.0,0.0,0.0,96.0,0.0,2.0,1.0,0
3241761,351.4720000000001,2.0481,0.0,5.0,62.74,7.0,1.0,0.0,1.0,1.0,7.0,2.0,24.0,1.0,0.0,1.0,132.0,0.0,2.0,2.0,0
2384408,289.38100000000003,3.2702000000000018,0.0,4.0,47.03,3.0,3.0,2.0,1.0,0.0,5.0,3.0,19.0,0.0,0.0,0.0,96.0,0.0,1.0,0.0,0
894019,305.359,2.2309,2.0,4.0,88.16,5.0,2.0,1.0,1.0,0.0,7.0,2.0,21.0,0.0,0.0,0.0,110.0,0.0,1.0,1.0,0
873978,283.331,2.47724,1.0,4.0,71.95,4.0,2.0,1.0,1.0,0.0,5.0,2.0,21.0,0.0,0.0,0.0,108.0,0.0,1.0,1.0,0
3235010,377.448,2.666880000000001,1.0,4.0,81.37,2.0,2.0,1.0,1.0,2.0,7.0,4.0,28.0,2.0,0.0,2.0,144.0,1.0,3.0,3.0,0
2231273,346.43700000000007,2.968390000000001,2.0,5.0,79.78,4.0,3.0,2.0,1.0,0.0,8.0,3.0,23.0,0.0,0.0,0.0,118.0,0.0,1.0,0.0,0
3243709,300.31400000000014,2.5923000000000007,1.0,5.0,81.42999999999999,3.0,2.0,1.0,1.0,0.0,6.0,3.0,22.0,1.0,1.0,0.0,114.0,0.0,1.0,1.0,0
665345,321.3020000000001,4.004000000000002,1.0,4.0,54.88,2.0,2.0,1.0,1.0,0.0,7.0,3.0,23.0,1.0,1.0,0.0,120.0,0.0,1.0,0.0,0
1375940,289.29100000000005,0.5487999999999997,1.0,7.0,85.82,3.0,2.0,1.0,1.0,0.0,7.0,2.0,21.0,0.0,0.0,0.0,110.0,0.0,1.0,0.0,0
870646,219.265,1.5737,1.0,3.0,46.17,2.0,1.0,1.0,0.0,1.0,4.0,2.0,15.0,1.0,0.0,1.0,76.0,0.0,1.0,1.0,0
3247369,247.294,1.6729,1.0,3.0,55.4,4.0,1.0,1.0,0.0,1.0,4.0,2.0,18.0,1.0,1.0,0.0,96.0,0.0,0.0,1.0,0
3774420,346.2990000000001,3.374220000000001,1.0,7.0,141.45000000000002,7.0,2.0,2.0,0.0,0.0,10.0,2.0,25.0,0.0,0.0,0.0,130.0,0.0,0.0,0.0,1
662538,334.35600000000005,3.168700000000002,1.0,5.0,62.66,7.0,2.0,1.0,1.0,0.0,6.0,2.0,23.0,0.0,0.0,0.0,124.0,0.0,1.0,0.0,0
648669,362.4510000000001,1.9529199999999995,1.0,4.0,75.71000000000001,8.0,2.0,2.0,0.0,0.0,7.0,2.0,25.0,0.0,0.0,0.0,134.0,0.0,0.0,1.0,0
3244873,307.375,1.4651000000000003,1.0,6.0,67.60000000000001,5.0,2.0,0.0,2.0,1.0,7.0,3.0,21.0,1.0,0.0,1.0,112.0,0.0,3.0,1.0,0
649535,366.417,3.2509200000000016,1.0,4.0,75.53999999999999,5.0,3.0,1.0,2.0,1.0,6.0,4.0,27.0,1.0,0.0,1.0,140.0,0.0,3.0,1.0,0
3662261,401.46300000000025,3.2954000000000008,2.0,7.0,105.91,6.0,2.0,1.0,1.0,1.0,8.0,3.0,29.0,1.0,1.0,0.0,156.0,0.0,1.0,0.0,0
655577,364.44500000000016,3.425220000000002,1.0,5.0,56.92,4.0,3.0,2.0,1.0,1.0,5.0,4.0,27.0,1.0,0.0,1.0,140.0,0.0,2.0,0.0,0
1088830,393.4180000000001,3.633400000000002,1.0,4.0,65.79,4.0,3.0,2.0,1.0,1.0,7.0,4.0,29.0,1.0,0.0,1.0,148.0,0.0,2.0,2.0,0
660509,282.387,3.0351000000000017,1.0,2.0,32.34,6.0,2.0,2.0,0.0,0.0,3.0,2.0,21.0,0.0,0.0,0.0,110.0,0.0,0.0,1.0,0
645515,245.30700000000004,2.731240000000001,1.0,4.0,50.68,1.0,3.0,0.0,3.0,0.0,5.0,3.0,17.0,0.0,0.0,0.0,86.0,0.0,3.0,0.0,0
2220155,342.4270000000001,1.0571000000000002,1.0,8.0,106.25,4.0,2.0,1.0,1.0,0.0,10.0,3.0,21.0,1.0,0.0,1.0,110.0,0.0,2.0,1.0,0
16758602,494.6320000000003,4.004800000000003,2.0,6.0,99.43,8.0,1.0,1.0,0.0,3.0,7.0,4.0,36.0,3.0,2.0,1.0,194.0,0.0,1.0,2.0,0
11949206,535.6130000000002,7.660780000000006,0.0,3.0,39.92,5.0,4.0,3.0,1.0,4.0,6.0,8.0,40.0,4.0,3.0,1.0,200.0,1.0,2.0,0.0,0
5459529,334.423,3.070720000000001,1.0,4.0,59.81,6.0,3.0,2.0,1.0,0.0,5.0,3.0,25.0,0.0,0.0,0.0,128.0,0.0,1.0,1.0,0
3244194,361.4640000000003,0.3488000000000015,0.0,5.0,87.22999999999999,4.0,0.0,0.0,0.0,2.0,9.0,2.0,24.0,2.0,0.0,2.0,138.0,0.0,2.0,2.0,0
2206419,400.4200000000001,0.6906999999999992,1.0,10.0,113.04,4.0,4.0,1.0,3.0,0.0,11.0,4.0,28.0,0.0,0.0,0.0,144.0,0.0,3.0,1.0,0
2872626,374.4870000000001,2.803500000000001,0.0,5.0,49.85,3.0,1.0,1.0,0.0,2.0,7.0,4.0,25.0,3.0,0.0,3.0,130.0,0.0,3.0,2.0,0
1223030,372.8080000000001,4.558000000000003,1.0,5.0,73.59,7.0,3.0,1.0,2.0,0.0,7.0,3.0,26.0,0.0,0.0,0.0,134.0,0.0,2.0,1.0,0
871284,258.321,2.3886000000000003,1.0,4.0,43.38,6.0,2.0,1.0,1.0,0.0,4.0,2.0,19.0,0.0,0.0,0.0,100.0,0.0,1.0,0.0,0
73506464,423.51700000000005,2.486100000000001,3.0,6.0,99.61,3.0,2.0,1.0,1.0,1.0,8.0,5.0,31.0,3.0,1.0,2.0,164.0,0.0,3.0,2.0,1
5308957,300.3580000000001,3.368960000000002,2.0,3.0,71.19,4.0,2.0,1.0,1.0,0.0,5.0,2.0,22.0,0.0,0.0,0.0,116.0,0.0,1.0,1.0,0
648920,284.384,2.950200000000001,1.0,3.0,46.330000000000005,3.0,2.0,2.0,0.0,0.0,4.0,3.0,20.0,1.0,0.0,1.0,102.0,0.0,1.0,1.0,0
2997654,271.345,2.2547000000000006,1.0,4.0,46.400000000000006,4.0,3.0,1.0,2.0,0.0,5.0,3.0,19.0,0.0,0.0,0.0,96.0,0.0,2.0,1.0,0
118046484,607.4430000000002,4.317600000000003,4.0,6.0,113.16,7.0,3.0,2.0,1.0,1.0,10.0,4.0,36.0,1.0,1.0,0.0,190.0,0.0,1.0,1.0,1
5308340,418.95000000000033,3.407300000000002,1.0,6.0,59.39,6.0,3.0,1.0,2.0,1.0,8.0,4.0,28.0,1.0,0.0,1.0,148.0,0.0,3.0,1.0,0
656278,289.28700000000003,1.2878999999999998,2.0,4.0,84.86,4.0,1.0,1.0,0.0,1.0,6.0,3.0,21.0,2.0,0.0,2.0,110.0,0.0,2.0,1.0,0
5307949,399.4720000000001,2.6187200000000006,1.0,6.0,94.32,8.0,3.0,1.0,2.0,0.0,8.0,3.0,28.0,0.0,0.0,0.0,146.0,0.0,2.0,1.0,0
623689,274.38899999999995,3.063200000000002,0.0,4.0,34.89,0.0,2.0,0.0,2.0,0.0,4.0,4.0,19.0,2.0,1.0,1.0,100.0,0.0,3.0,0.0,0
5351814,293.2780000000001,2.4773000000000005,2.0,3.0,83.47,3.0,2.0,2.0,0.0,0.0,5.0,3.0,22.0,1.0,1.0,0.0,108.0,0.0,0.0,1.0,0
652179,248.238,0.7296,2.0,4.0,100.70000000000002,4.0,1.0,1.0,0.0,0.0,6.0,2.0,18.0,1.0,0.0,1.0,94.0,0.0,1.0,2.0,0
706057,314.41400000000004,2.911340000000001,0.0,6.0,50.50000000000001,1.0,3.0,0.0,3.0,1.0,6.0,4.0,22.0,1.0,0.0,1.0,114.0,0.0,4.0,0.0,0
646026,436.5600000000003,3.402000000000002,0.0,8.0,68.54,9.0,3.0,2.0,1.0,1.0,8.0,4.0,32.0,1.0,0.0,1.0,170.0,0.0,2.0,0.0,0
666360,446.5070000000004,3.3416200000000025,0.0,8.0,80.93,4.0,3.0,1.0,2.0,1.0,8.0,6.0,33.0,3.0,1.0,2.0,170.0,0.0,4.0,0.0,0
3236800,336.43200000000013,1.6756000000000002,0.0,4.0,59.08000000000001,2.0,0.0,0.0,0.0,4.0,6.0,4.0,24.0,4.0,1.0,3.0,134.0,1.0,3.0,2.0,0
2998713,382.4850000000002,3.7204000000000015,1.0,6.0,79.19,5.0,1.0,1.0,0.0,0.0,6.0,3.0,27.0,2.0,1.0,1.0,140.0,0.0,1.0,0.0,0
2952129,339.3610000000001,3.8790400000000025,0.0,4.0,38.25,1.0,2.0,1.0,1.0,1.0,7.0,3.0,24.0,1.0,0.0,1.0,130.0,0.0,2.0,0.0,0
2194134,342.41700000000014,1.3138999999999998,1.0,5.0,84.94,5.0,1.0,1.0,0.0,1.0,8.0,2.0,23.0,1.0,0.0,1.0,128.0,0.0,1.0,1.0,0
2998897,349.1840000000001,3.1435000000000017,2.0,5.0,63.08,3.0,2.0,2.0,0.0,0.0,6.0,3.0,21.0,1.0,0.0,1.0,108.0,0.0,1.0,0.0,0
5389826,323.389,1.1482,0.0,5.0,65.07000000000001,8.0,0.0,0.0,0.0,2.0,6.0,3.0,23.0,3.0,0.0,3.0,128.0,1.0,3.0,1.0,0
646506,311.7650000000001,2.856820000000001,2.0,3.0,75.63000000000001,5.0,1.0,1.0,0.0,1.0,6.0,2.0,21.0,1.0,0.0,1.0,114.0,0.0,1.0,1.0,0
666048,334.36800000000005,2.0408,0.0,9.0,86.68,3.0,5.0,1.0,4.0,0.0,9.0,5.0,24.0,0.0,0.0,0.0,116.0,0.0,4.0,0.0,0
2970934,408.43600000000026,1.4120999999999997,2.0,8.0,128.74,7.0,2.0,1.0,1.0,1.0,11.0,3.0,28.0,1.0,0.0,1.0,150.0,0.0,2.0,1.0,0
3237215,417.3690000000002,3.558900000000003,0.0,3.0,57.690000000000005,7.0,1.0,1.0,0.0,0.0,7.0,2.0,24.0,1.0,0.0,1.0,134.0,0.0,1.0,1.0,0
3244299,421.47100000000034,2.2412,0.0,7.0,95.28000000000002,5.0,2.0,1.0,1.0,2.0,9.0,4.0,29.0,2.0,0.0,2.0,156.0,1.0,3.0,1.0,0
121416678,379.4680000000001,2.7297200000000013,2.0,6.0,87.97000000000001,5.0,3.0,0.0,3.0,1.0,8.0,4.0,28.0,1.0,0.0,1.0,146.0,0.0,4.0,2.0,1
823576,284.33400000000006,2.788100000000001,0.0,2.0,23.550000000000004,2.0,2.0,2.0,0.0,1.0,4.0,3.0,21.0,1.0,0.0,1.0,108.0,0.0,1.0,1.0,0
1247498,335.35900000000004,3.3946000000000023,0.0,4.0,59.75,3.0,3.0,2.0,1.0,0.0,5.0,4.0,25.0,1.0,0.0,1.0,126.0,0.0,2.0,1.0,0
16758064,472.7100000000003,6.206000000000008,3.0,3.0,77.76,2.0,0.0,0.0,0.0,4.0,4.0,5.0,34.0,5.0,5.0,0.0,192.0,0.0,0.0,0.0,0
117892667,585.0360000000002,5.479220000000006,0.0,8.0,103.1,5.0,5.0,2.0,3.0,1.0,13.0,6.0,40.0,1.0,0.0,1.0,206.0,0.0,4.0,0.0,1
2964388,366.41700000000014,3.081640000000002,1.0,4.0,75.71,4.0,2.0,2.0,0.0,1.0,6.0,3.0,27.0,1.0,0.0,1.0,140.0,0.0,1.0,2.0,0
3244939,373.4090000000002,2.714780000000001,1.0,6.0,100.89,5.0,1.0,1.0,0.0,1.0,8.0,2.0,27.0,1.0,0.0,1.0,144.0,0.0,1.0,2.0,0
3238983,419.55100000000016,1.0086400000000018,2.0,6.0,100.67,7.0,2.0,1.0,1.0,1.0,9.0,3.0,29.0,1.0,0.0,1.0,158.0,0.0,2.0,1.0,0
6603921,339.4390000000002,1.9247,3.0,3.0,68.36,4.0,2.0,1.0,1.0,0.0,5.0,4.0,25.0,2.0,1.0,1.0,132.0,0.0,2.0,1.0,0
2837578,338.31900000000013,2.3476800000000004,2.0,7.0,106.96,2.0,2.0,2.0,0.0,0.0,7.0,4.0,25.0,2.0,0.0,2.0,126.0,0.0,2.0,0.0,0
655685,315.76,3.3358000000000017,2.0,3.0,71.09,4.0,2.0,1.0,1.0,1.0,6.0,3.0,22.0,1.0,1.0,0.0,112.0,0.0,1.0,2.0,0
654879,307.309,2.6533000000000007,1.0,5.0,73.34,2.0,3.0,2.0,1.0,0.0,6.0,4.0,23.0,1.0,0.0,1.0,114.0,0.0,2.0,1.0,0
652381,293.37100000000004,1.4353999999999996,2.0,6.0,84.71000000000001,7.0,2.0,0.0,2.0,0.0,7.0,2.0,21.0,0.0,0.0,0.0,116.0,0.0,2.0,0.0,0
5307281,433.5740000000003,2.6669,2.0,4.0,95.58,4.0,1.0,1.0,0.0,2.0,8.0,4.0,30.0,3.0,1.0,2.0,164.0,0.0,2.0,2.0,0
1181768,365.3890000000002,1.7579000000000002,1.0,5.0,78.95,4.0,2.0,2.0,0.0,1.0,7.0,4.0,27.0,2.0,0.0,2.0,138.0,0.0,2.0,3.0,0
5461761,215.29600000000005,2.7601000000000013,0.0,1.0,20.31,1.0,1.0,1.0,0.0,2.0,2.0,3.0,16.0,2.0,1.0,1.0,84.0,1.0,1.0,1.0,0
3234833,345.4430000000001,2.569500000000001,1.0,3.0,61.88,3.0,1.0,1.0,0.0,2.0,6.0,3.0,25.0,2.0,0.0,2.0,136.0,1.0,2.0,3.0,0
667367,430.5260000000002,2.207819999999999,2.0,4.0,103.78000000000002,7.0,2.0,2.0,0.0,1.0,8.0,3.0,30.0,1.0,0.0,1.0,160.0,0.0,1.0,1.0,0
1243134,351.35900000000004,1.5295999999999998,1.0,7.0,90.29,5.0,2.0,1.0,1.0,0.0,9.0,2.0,24.0,0.0,0.0,0.0,126.0,0.0,1.0,1.0,0
2549560,446.56100000000015,4.307840000000003,0.0,9.0,77.97,5.0,5.0,1.0,4.0,0.0,9.0,5.0,31.0,0.0,0.0,0.0,154.0,0.0,4.0,0.0,0
3000213,220.32,1.8353,1.0,4.0,42.21,4.0,1.0,0.0,1.0,0.0,4.0,2.0,16.0,1.0,0.0,1.0,88.0,0.0,2.0,0.0,0
935141,312.32900000000006,1.03232,1.0,6.0,89.35,4.0,3.0,1.0,2.0,0.0,7.0,3.0,23.0,0.0,0.0,0.0,118.0,0.0,2.0,0.0,0
2160486,409.5110000000002,3.9825200000000014,1.0,5.0,73.22,5.0,3.0,2.0,1.0,0.0,7.0,4.0,29.0,1.0,0.0,1.0,150.0,0.0,2.0,1.0,0
3232769,343.4560000000001,2.4559000000000006,0.0,6.0,62.220000000000006,2.0,2.0,0.0,2.0,2.0,7.0,4.0,24.0,2.0,0.0,2.0,126.0,1.0,4.0,1.0,0
1148700,459.5680000000002,2.799440000000001,0.0,5.0,87.22999999999999,6.0,2.0,2.0,0.0,1.0,9.0,3.0,32.0,1.0,0.0,1.0,172.0,0.0,1.0,2.0,0
6604388,467.5200000000002,-6.295800000000006,10.0,14.0,268.1700000000001,6.0,0.0,0.0,0.0,3.0,14.0,3.0,32.0,3.0,1.0,2.0,188.0,0.0,2.0,0.0,0
16758540,286.375,2.4205000000000005,1.0,2.0,49.41,4.0,1.0,1.0,0.0,1.0,4.0,2.0,21.0,1.0,0.0,1.0,112.0,0.0,1.0,2.0,0
657959,342.4640000000001,3.4326000000000025,1.0,4.0,73.72,4.0,1.0,0.0,1.0,4.0,5.0,5.0,24.0,4.0,4.0,0.0,126.0,0.0,1.0,0.0,0
441140,352.7700000000001,2.8103000000000007,0.0,6.0,71.06,3.0,1.0,1.0,0.0,0.0,7.0,3.0,24.0,2.0,1.0,1.0,128.0,1.0,1.0,0.0,0
893386,332.42500000000007,2.3208200000000003,1.0,3.0,66.48,5.0,2.0,2.0,0.0,0.0,6.0,2.0,23.0,0.0,0.0,0.0,122.0,0.0,0.0,1.0,0
6604300,1422.7199999999998,-1.6776000000000149,17.0,19.0,530.8699999999999,31.0,2.0,1.0,1.0,1.0,34.0,4.0,100.0,2.0,0.0,2.0,554.0,0.0,3.0,12.0,0
2125846,339.39500000000004,2.3947000000000003,2.0,4.0,74.58000000000001,5.0,2.0,1.0,1.0,0.0,6.0,3.0,25.0,1.0,0.0,1.0,130.0,0.0,2.0,3.0,0
71529169,501.9780000000002,3.998680000000002,2.0,8.0,117.75,6.0,4.0,2.0,2.0,1.0,10.0,5.0,36.0,1.0,0.0,1.0,182.0,0.0,3.0,1.0,1
984539,428.4320000000002,2.6563000000000008,1.0,4.0,75.71000000000001,5.0,2.0,2.0,0.0,1.0,10.0,3.0,29.0,1.0,0.0,1.0,156.0,0.0,1.0,1.0,0
866269,265.36,3.976720000000003,1.0,3.0,29.85,4.0,3.0,2.0,1.0,0.0,3.0,3.0,20.0,0.0,0.0,0.0,102.0,0.0,1.0,0.0,0
135544637,367.833,3.172000000000001,2.0,4.0,74.85,4.0,2.0,1.0,1.0,0.0,8.0,3.0,24.0,1.0,1.0,0.0,126.0,0.0,1.0,1.0,0
2560874,396.57800000000026,2.812140000000001,0.0,4.0,57.690000000000005,5.0,1.0,1.0,0.0,2.0,7.0,3.0,26.0,2.0,1.0,1.0,144.0,0.0,1.0,1.0,0
1965826,305.783,2.2633,2.0,3.0,83.47,8.0,1.0,1.0,0.0,0.0,7.0,1.0,19.0,0.0,0.0,0.0,106.0,0.0,0.0,0.0,0
1250725,305.99,4.000700000000001,0.0,2.0,17.82,2.0,2.0,1.0,1.0,0.0,5.0,2.0,15.0,0.0,0.0,0.0,78.0,0.0,1.0,0.0,0
664054,326.35200000000003,2.706600000000001,3.0,3.0,95.5,6.0,2.0,2.0,0.0,0.0,6.0,2.0,24.0,0.0,0.0,0.0,124.0,0.0,0.0,2.0,0
3234870,389.4560000000001,2.8374000000000006,1.0,5.0,78.43,2.0,2.0,1.0,1.0,2.0,9.0,4.0,27.0,2.0,0.0,2.0,142.0,1.0,3.0,3.0,0
3238822,324.402,0.515100000000001,1.0,4.0,83.55,5.0,1.0,1.0,0.0,0.0,7.0,2.0,22.0,1.0,0.0,1.0,120.0,0.0,1.0,2.0,0
648968,366.4390000000001,2.0516,2.0,5.0,97.64,9.0,2.0,1.0,1.0,0.0,8.0,2.0,25.0,0.0,0.0,0.0,136.0,0.0,1.0,1.0,0
118365091,439.39400000000006,2.958600000000001,4.0,6.0,121.39,9.0,3.0,1.0,2.0,0.0,12.0,3.0,31.0,0.0,0.0,0.0,166.0,0.0,2.0,2.0,1
665954,398.3670000000002,3.492320000000002,0.0,8.0,93.43,6.0,3.0,2.0,1.0,0.0,8.0,4.0,29.0,1.0,0.0,1.0,150.0,0.0,2.0,0.0,0
3242536,379.4640000000002,2.64794,1.0,6.0,81.81,4.0,3.0,1.0,2.0,1.0,7.0,4.0,28.0,1.0,1.0,0.0,146.0,0.0,2.0,1.0,0
5307455,284.36299999999994,1.8634,1.0,4.0,59.81,4.0,2.0,0.0,2.0,0.0,5.0,3.0,21.0,1.0,1.0,0.0,110.0,0.0,2.0,1.0,0
64127,273.09000000000003,-0.2668000000000003,0.0,6.0,61.82,0.0,2.0,0.0,2.0,0.0,7.0,2.0,15.0,0.0,0.0,0.0,80.0,0.0,2.0,0.0,0
5309404,479.53700000000026,3.8377000000000026,1.0,8.0,83.20000000000002,7.0,4.0,2.0,2.0,0.0,10.0,5.0,34.0,1.0,0.0,1.0,174.0,0.0,3.0,1.0,0
2997839,468.5350000000003,3.5791000000000013,2.0,8.0,111.55,6.0,3.0,2.0,1.0,0.0,10.0,4.0,33.0,1.0,0.0,1.0,172.0,0.0,2.0,3.0,0
6604720,386.4920000000001,2.9056000000000006,1.0,5.0,67.87,7.0,1.0,1.0,0.0,2.0,6.0,4.0,28.0,3.0,1.0,2.0,152.0,1.0,2.0,2.0,0
5351335,350.4550000000001,1.9626,3.0,5.0,86.99000000000001,3.0,0.0,0.0,0.0,3.0,5.0,3.0,25.0,3.0,2.0,1.0,140.0,0.0,1.0,0.0,0
662017,419.4410000000002,2.650900000000001,2.0,8.0,113.52,6.0,4.0,2.0,2.0,0.0,9.0,5.0,31.0,1.0,0.0,1.0,158.0,0.0,3.0,1.0,0
3245319,431.3520000000003,2.453100000000001,1.0,4.0,75.71000000000001,8.0,1.0,1.0,0.0,1.0,8.0,3.0,25.0,2.0,1.0,1.0,138.0,0.0,1.0,1.0,0
135476421,275.352,2.872020000000001,2.0,4.0,70.92,6.0,2.0,0.0,2.0,0.0,5.0,2.0,20.0,0.0,0.0,0.0,108.0,0.0,2.0,0.0,0
660250,297.31800000000004,2.2836,1.0,7.0,81.93,4.0,3.0,1.0,2.0,0.0,7.0,3.0,22.0,0.0,0.0,0.0,112.0,0.0,2.0,0.0,0
753569,294.318,1.89842,0.0,7.0,70.13,3.0,4.0,1.0,3.0,0.0,7.0,4.0,22.0,0.0,0.0,0.0,110.0,0.0,3.0,0.0,0
2925127,340.33500000000004,0.684700000000001,3.0,5.0,120.93000000000002,5.0,2.0,2.0,0.0,0.0,7.0,3.0,25.0,1.0,0.0,1.0,128.0,0.0,1.0,2.0,0
653306,270.37600000000003,2.692500000000001,1.0,3.0,32.34,2.0,1.0,1.0,0.0,0.0,3.0,3.0,20.0,2.0,1.0,1.0,106.0,0.0,1.0,0.0,0
652307,309.368,1.9655,1.0,6.0,72.47,6.0,2.0,0.0,2.0,0.0,7.0,2.0,20.0,0.0,0.0,0.0,104.0,0.0,2.0,1.0,0
2202721,364.492,2.8088000000000006,1.0,4.0,66.48,7.0,2.0,2.0,0.0,0.0,7.0,2.0,24.0,0.0,0.0,0.0,128.0,0.0,0.0,1.0,0
2953248,386.4560000000001,1.9811,2.0,9.0,115.49,7.0,2.0,1.0,1.0,1.0,9.0,3.0,28.0,1.0,0.0,1.0,150.0,0.0,2.0,0.0,0
2539416,370.434,3.506420000000002,0.0,8.0,83.04,7.0,3.0,0.0,3.0,0.0,8.0,3.0,26.0,0.0,0.0,0.0,134.0,0.0,3.0,0.0,0
1359190,352.4340000000001,2.28732,0.0,3.0,49.85,5.0,2.0,2.0,0.0,1.0,5.0,3.0,26.0,1.0,0.0,1.0,136.0,0.0,1.0,2.0,0
4103652,388.2170000000001,4.393300000000003,1.0,4.0,68.53999999999999,4.0,3.0,2.0,1.0,0.0,6.0,3.0,24.0,0.0,0.0,0.0,122.0,0.0,1.0,1.0,0
3243913,439.4490000000002,3.477800000000002,1.0,9.0,112.65999999999998,6.0,4.0,1.0,3.0,0.0,10.0,4.0,31.0,0.0,0.0,0.0,158.0,0.0,3.0,1.0,0
1247236,342.37600000000015,3.750420000000002,1.0,6.0,81.42999999999999,4.0,3.0,0.0,3.0,0.0,7.0,3.0,24.0,0.0,0.0,0.0,122.0,0.0,3.0,1.0,0
653471,489.53200000000027,3.090200000000001,1.0,8.0,111.72,10.0,4.0,2.0,2.0,1.0,10.0,5.0,36.0,1.0,1.0,0.0,186.0,0.0,2.0,2.0,0
652623,327.808,2.8273200000000003,0.0,4.0,55.84,7.0,1.0,1.0,0.0,0.0,6.0,1.0,22.0,0.0,0.0,0.0,122.0,0.0,0.0,1.0,0
676303,268.268,3.174200000000001,1.0,4.0,59.67,2.0,3.0,2.0,1.0,0.0,4.0,3.0,20.0,0.0,0.0,0.0,100.0,0.0,1.0,0.0,0
6604399,685.7000000000002,-8.882800000000016,15.0,15.0,392.86,10.0,0.0,0.0,0.0,1.0,23.0,2.0,48.0,2.0,0.0,2.0,268.0,0.0,2.0,8.0,0
3239674,388.3930000000001,3.403900000000002,0.0,4.0,41.370000000000005,3.0,3.0,2.0,1.0,1.0,8.0,4.0,28.0,1.0,0.0,1.0,146.0,0.0,2.0,1.0,0
3237390,370.4460000000001,1.6640999999999997,1.0,4.0,75.71000000000001,5.0,1.0,1.0,0.0,2.0,8.0,3.0,25.0,2.0,0.0,2.0,138.0,0.0,2.0,1.0,0
664909,405.4540000000003,2.4555000000000007,0.0,6.0,75.88000000000001,5.0,3.0,1.0,2.0,1.0,7.0,5.0,30.0,2.0,0.0,2.0,154.0,0.0,4.0,1.0,0
744236,251.333,3.306300000000002,0.0,3.0,21.06,2.0,3.0,2.0,1.0,0.0,3.0,3.0,19.0,0.0,0.0,0.0,96.0,0.0,1.0,0.0,0
9568680,293.153,4.825520000000003,0.0,3.0,49.29,2.0,2.0,1.0,1.0,0.0,5.0,2.0,19.0,0.0,0.0,0.0,96.0,0.0,1.0,0.0,0
666957,342.4200000000001,2.6572200000000006,1.0,3.0,70.24000000000001,4.0,3.0,2.0,1.0,0.0,6.0,3.0,24.0,0.0,0.0,0.0,124.0,0.0,1.0,0.0,0
664759,373.294,3.449600000000002,0.0,3.0,23.550000000000004,5.0,2.0,2.0,0.0,1.0,4.0,3.0,23.0,1.0,0.0,1.0,120.0,0.0,1.0,0.0,0
73506934,492.5020000000002,3.747600000000003,4.0,6.0,115.4,5.0,3.0,1.0,2.0,1.0,12.0,4.0,35.0,1.0,0.0,1.0,188.0,0.0,3.0,2.0,1
647445,356.47000000000014,3.0403400000000014,1.0,5.0,71.26,6.0,2.0,0.0,2.0,1.0,6.0,3.0,26.0,1.0,0.0,1.0,140.0,0.0,3.0,1.0,0
3243404,484.5970000000003,3.379520000000002,1.0,6.0,74.77,8.0,3.0,2.0,1.0,1.0,9.0,4.0,34.0,1.0,0.0,1.0,180.0,0.0,2.0,0.0,0
533807,272.713,2.2866,0.0,6.0,61.31,4.0,2.0,1.0,1.0,0.0,7.0,2.0,17.0,0.0,0.0,0.0,90.0,0.0,1.0,0.0,0
653040,394.5180000000003,2.339700000000001,1.0,4.0,83.55,6.0,2.0,2.0,0.0,1.0,8.0,3.0,26.0,1.0,0.0,1.0,140.0,0.0,1.0,0.0,0
3240554,348.28,4.318300000000003,2.0,4.0,75.36,3.0,3.0,2.0,1.0,0.0,8.0,3.0,25.0,0.0,0.0,0.0,128.0,0.0,1.0,1.0,0
2211111,480.48400000000026,3.0338000000000003,1.0,9.0,116.95,4.0,6.0,3.0,3.0,0.0,10.0,6.0,36.0,0.0,0.0,0.0,178.0,0.0,3.0,1.0,0
651100,453.5200000000003,3.1956000000000016,0.0,7.0,85.11000000000001,5.0,3.0,1.0,2.0,1.0,9.0,5.0,32.0,2.0,0.0,2.0,166.0,0.0,4.0,2.0,0
2963973,348.42400000000004,1.6783999999999997,2.0,4.0,84.5,7.0,2.0,2.0,0.0,0.0,7.0,2.0,24.0,0.0,0.0,0.0,128.0,0.0,0.0,1.0,0
3243414,300.402,3.390900000000002,1.0,3.0,43.26,5.0,2.0,1.0,1.0,0.0,4.0,2.0,22.0,0.0,0.0,0.0,118.0,0.0,1.0,1.0,0
2931700,290.407,2.557900000000001,0.0,2.0,40.620000000000005,12.0,0.0,0.0,0.0,0.0,4.0,0.0,21.0,0.0,0.0,0.0,116.0,0.0,0.0,2.0,0
655423,385.48900000000015,1.7798999999999996,1.0,4.0,69.72,5.0,2.0,1.0,1.0,1.0,7.0,3.0,27.0,1.0,0.0,1.0,142.0,0.0,2.0,3.0,0
3241149,391.4930000000002,2.31696,1.0,5.0,92.51,5.0,2.0,1.0,1.0,1.0,8.0,3.0,27.0,1.0,0.0,1.0,146.0,0.0,2.0,1.0,0
5038,416.5180000000003,2.3831999999999995,2.0,5.0,95.94,9.0,1.0,1.0,0.0,2.0,7.0,3.0,30.0,2.0,1.0,1.0,164.0,0.0,1.0,1.0,0
2917692,262.31300000000005,0.2173999999999998,2.0,4.0,88.32000000000001,4.0,1.0,0.0,1.0,1.0,6.0,2.0,19.0,1.0,0.0,1.0,102.0,0.0,2.0,2.0,0
2077685,480.318,4.164700000000003,2.0,4.0,95.41,6.0,4.0,2.0,2.0,0.0,8.0,4.0,31.0,0.0,0.0,0.0,156.0,0.0,2.0,2.0,0
651958,288.4200000000001,3.097660000000002,2.0,5.0,99.62,3.0,0.0,0.0,0.0,1.0,5.0,2.0,20.0,2.0,1.0,1.0,106.0,0.0,1.0,0.0,0
1368289,416.38600000000025,-0.1811999999999993,0.0,10.0,130.74,8.0,3.0,1.0,2.0,0.0,10.0,3.0,30.0,0.0,0.0,0.0,158.0,0.0,2.0,0.0,0
2894647,336.343,3.4864000000000024,1.0,4.0,76.74000000000001,4.0,3.0,2.0,1.0,0.0,5.0,4.0,25.0,1.0,1.0,0.0,126.0,0.0,1.0,0.0,0
3775,353.5300000000001,4.111500000000003,1.0,1.0,43.09,8.0,2.0,2.0,0.0,0.0,3.0,2.0,26.0,0.0,0.0,0.0,140.0,0.0,0.0,1.0,0
665881,385.479,4.408200000000005,2.0,4.0,52.93000000000001,4.0,2.0,2.0,0.0,2.0,5.0,4.0,28.0,2.0,1.0,1.0,150.0,0.0,1.0,0.0,0
666629,190.206,0.2147199999999995,1.0,4.0,63.05,0.0,2.0,0.0,2.0,0.0,5.0,3.0,14.0,1.0,1.0,0.0,72.0,0.0,2.0,0.0,0
3238757,366.417,1.6777999999999993,0.0,4.0,66.92,6.0,2.0,2.0,0.0,1.0,6.0,3.0,27.0,1.0,0.0,1.0,140.0,0.0,1.0,3.0,0
3238062,434.57700000000017,3.728300000000004,1.0,4.0,60.85,7.0,2.0,2.0,0.0,1.0,7.0,3.0,30.0,1.0,0.0,1.0,164.0,0.0,1.0,0.0,0
135544652,256.265,1.2147,2.0,5.0,87.47,4.0,2.0,0.0,2.0,0.0,6.0,2.0,19.0,0.0,0.0,0.0,96.0,0.0,2.0,1.0,0
2949753,247.29800000000003,0.4116199999999999,3.0,3.0,70.23,3.0,1.0,1.0,0.0,1.0,5.0,2.0,18.0,1.0,0.0,1.0,96.0,0.0,1.0,2.0,0
3242881,472.4740000000002,3.5562000000000022,1.0,5.0,52.65,7.0,2.0,1.0,1.0,1.0,8.0,3.0,27.0,1.0,0.0,1.0,148.0,0.0,2.0,0.0,0
3235580,262.334,2.1278000000000006,0.0,4.0,32.78,3.0,1.0,1.0,0.0,1.0,5.0,2.0,18.0,1.0,0.0,1.0,94.0,0.0,1.0,1.0,0
2541165,366.3730000000001,2.3511,0.0,7.0,87.49000000000001,6.0,3.0,2.0,1.0,0.0,7.0,3.0,27.0,0.0,0.0,0.0,138.0,0.0,1.0,0.0,0
647999,383.44800000000015,2.4915000000000003,2.0,4.0,91.65,8.0,2.0,1.0,1.0,1.0,7.0,3.0,28.0,1.0,1.0,0.0,148.0,0.0,1.0,3.0,0
3233009,456.5270000000002,4.550900000000003,0.0,8.0,79.13000000000001,7.0,5.0,2.0,3.0,0.0,8.0,5.0,33.0,0.0,0.0,0.0,164.0,0.0,3.0,0.0,0
135415470,413.43700000000007,4.015120000000002,2.0,7.0,116.82000000000002,5.0,4.0,2.0,2.0,0.0,8.0,4.0,31.0,0.0,0.0,0.0,154.0,0.0,2.0,0.0,0
2844839,322.307,3.1818000000000017,0.0,4.0,52.60000000000001,5.0,1.0,1.0,0.0,0.0,6.0,2.0,23.0,1.0,1.0,0.0,122.0,0.0,0.0,0.0,0
780681,293.37,4.0070200000000025,1.0,3.0,46.92,4.0,3.0,2.0,1.0,0.0,4.0,3.0,22.0,0.0,0.0,0.0,112.0,0.0,1.0,1.0,0
3247085,676.6329999999999,5.637200000000006,0.0,7.0,81.08000000000001,8.0,4.0,2.0,2.0,1.0,10.0,6.0,44.0,2.0,1.0,1.0,228.0,0.0,3.0,2.0,0
2998799,438.5460000000003,1.8052000000000004,1.0,6.0,102.01,6.0,1.0,1.0,0.0,2.0,9.0,3.0,30.0,2.0,1.0,1.0,166.0,0.0,1.0,1.0,0
118365330,375.81600000000014,2.9949000000000017,4.0,5.0,112.16,5.0,3.0,1.0,2.0,0.0,9.0,3.0,26.0,0.0,0.0,0.0,136.0,0.0,2.0,2.0,1
649407,479.5810000000004,2.4197200000000008,2.0,7.0,116.57999999999998,8.0,2.0,1.0,1.0,1.0,9.0,3.0,35.0,1.0,0.0,1.0,186.0,0.0,2.0,2.0,0
1277248,441.5160000000001,5.285200000000004,0.0,8.0,78.86000000000001,7.0,5.0,3.0,2.0,0.0,8.0,5.0,32.0,0.0,0.0,0.0,158.0,0.0,2.0,0.0,0
2931238,344.39200000000005,3.0528000000000013,1.0,5.0,77.52,5.0,3.0,2.0,1.0,0.0,7.0,3.0,24.0,0.0,0.0,0.0,124.0,0.0,1.0,0.0,0
2965302,359.41100000000023,1.808,2.0,8.0,115.89,3.0,3.0,0.0,3.0,0.0,9.0,4.0,25.0,1.0,1.0,0.0,130.0,0.0,3.0,0.0,0
1179334,370.43400000000014,3.0764200000000006,1.0,7.0,90.13,8.0,3.0,1.0,2.0,0.0,8.0,3.0,26.0,0.0,0.0,0.0,134.0,0.0,2.0,0.0,0
2965092,418.4020000000001,1.0543000000000005,2.0,8.0,133.17,10.0,2.0,1.0,1.0,0.0,10.0,2.0,30.0,0.0,0.0,0.0,160.0,0.0,1.0,2.0,0
2264834,343.40200000000004,2.5950000000000006,1.0,4.0,44.81,5.0,2.0,2.0,0.0,1.0,6.0,3.0,25.0,1.0,0.0,1.0,132.0,0.0,1.0,1.0,0
1246960,232.30800000000005,2.38152,1.0,3.0,41.99,3.0,2.0,0.0,2.0,0.0,4.0,2.0,16.0,0.0,0.0,0.0,82.0,0.0,2.0,1.0,0
5389860,462.5500000000002,3.333140000000001,1.0,7.0,87.38,7.0,3.0,1.0,2.0,1.0,8.0,4.0,34.0,1.0,0.0,1.0,178.0,0.0,3.0,1.0,0
2192108,420.6500000000001,4.595100000000002,2.0,4.0,84.23,4.0,3.0,1.0,2.0,0.0,8.0,3.0,25.0,0.0,0.0,0.0,126.0,0.0,2.0,2.0,0
6605184,304.442,2.606840000000001,1.0,6.0,58.870000000000005,8.0,2.0,0.0,2.0,0.0,6.0,2.0,22.0,0.0,0.0,0.0,122.0,0.0,2.0,0.0,0
3244344,271.32000000000005,2.789860000000001,2.0,3.0,74.85,3.0,2.0,0.0,2.0,0.0,5.0,2.0,20.0,0.0,0.0,0.0,104.0,0.0,2.0,1.0,0
136214318,427.51200000000017,3.3432200000000023,2.0,6.0,87.97000000000001,4.0,4.0,1.0,3.0,1.0,8.0,5.0,32.0,1.0,0.0,1.0,162.0,0.0,4.0,2.0,1
650116,337.33500000000004,3.187800000000001,2.0,5.0,93.46,5.0,3.0,1.0,2.0,0.0,7.0,3.0,25.0,0.0,0.0,0.0,126.0,0.0,2.0,2.0,0
16757869,585.6060000000003,1.8639,5.0,12.0,183.29,5.0,2.0,2.0,0.0,1.0,12.0,5.0,42.0,3.0,2.0,1.0,226.0,0.0,1.0,0.0,0
4092736,278.333,0.6627999999999994,1.0,3.0,66.48,2.0,1.0,1.0,0.0,1.0,6.0,3.0,19.0,2.0,1.0,1.0,100.0,0.0,1.0,2.0,0
2915380,235.302,2.6267000000000014,0.0,1.0,20.31,2.0,1.0,1.0,0.0,1.0,3.0,2.0,17.0,1.0,0.0,1.0,92.0,0.0,1.0,1.0,0
2980696,399.49100000000016,1.6493,1.0,5.0,65.48,5.0,2.0,2.0,0.0,2.0,7.0,4.0,29.0,2.0,0.0,2.0,156.0,0.0,2.0,2.0,0
3163770,340.335,2.4099000000000004,1.0,6.0,90.54,5.0,3.0,2.0,1.0,0.0,7.0,3.0,25.0,0.0,0.0,0.0,128.0,0.0,1.0,1.0,0
2201239,303.38700000000006,2.5334200000000004,1.0,5.0,64.11,3.0,2.0,1.0,1.0,1.0,6.0,3.0,21.0,1.0,0.0,1.0,110.0,0.0,2.0,1.0,0
262425,316.3860000000001,1.3936999999999995,1.0,6.0,72.68,4.0,3.0,1.0,2.0,0.0,7.0,3.0,22.0,0.0,0.0,0.0,114.0,0.0,2.0,0.0,0
649467,356.3970000000001,3.6061000000000014,1.0,3.0,58.64,6.0,2.0,2.0,0.0,1.0,6.0,3.0,26.0,1.0,0.0,1.0,136.0,0.0,1.0,2.0,0
662801,368.3970000000001,2.4288,1.0,9.0,104.05,5.0,3.0,1.0,2.0,0.0,9.0,3.0,27.0,0.0,0.0,0.0,140.0,0.0,2.0,0.0,0
2943434,440.49600000000027,2.4472000000000005,1.0,7.0,94.17000000000002,4.0,1.0,1.0,0.0,1.0,8.0,4.0,32.0,3.0,1.0,2.0,170.0,0.0,2.0,1.0,0
652984,480.5610000000004,3.339700000000001,2.0,6.0,97.33,7.0,2.0,2.0,0.0,2.0,8.0,5.0,35.0,3.0,1.0,2.0,186.0,0.0,2.0,2.0,0
666303,430.5490000000002,3.787600000000003,1.0,5.0,67.23,6.0,3.0,2.0,1.0,1.0,8.0,4.0,30.0,1.0,0.0,1.0,160.0,0.0,2.0,0.0,0
11876,166.13599999999994,0.6937,1.0,3.0,86.23,2.0,1.0,1.0,0.0,0.0,5.0,1.0,12.0,0.0,0.0,0.0,62.0,0.0,0.0,1.0,0
5411856,198.225,2.4254000000000007,1.0,2.0,35.83,0.0,2.0,2.0,0.0,0.0,3.0,3.0,15.0,1.0,0.0,1.0,74.0,0.0,1.0,0.0,0
2331252,438.8890000000002,2.3357,1.0,5.0,104.22,5.0,2.0,2.0,0.0,1.0,10.0,3.0,29.0,1.0,0.0,1.0,154.0,0.0,1.0,1.0,0
656237,315.37300000000005,1.8336,1.0,5.0,73.22,4.0,2.0,1.0,1.0,0.0,6.0,2.0,23.0,0.0,0.0,0.0,122.0,0.0,1.0,1.0,0
121416699,391.4790000000002,2.5856200000000005,2.0,6.0,87.97000000000001,4.0,3.0,0.0,3.0,2.0,8.0,5.0,29.0,2.0,1.0,1.0,150.0,0.0,4.0,2.0,1
708775,247.287,0.5450999999999997,0.0,8.0,73.79,3.0,3.0,0.0,3.0,0.0,8.0,3.0,17.0,0.0,0.0,0.0,86.0,0.0,3.0,0.0,0
664654,318.201,3.665000000000001,2.0,2.0,64.35000000000001,3.0,2.0,2.0,0.0,0.0,9.0,2.0,22.0,0.0,0.0,0.0,116.0,0.0,0.0,2.0,0
1281364,356.403,3.683300000000002,1.0,5.0,77.52,6.0,3.0,2.0,1.0,0.0,7.0,3.0,25.0,0.0,0.0,0.0,128.0,0.0,1.0,0.0,0
971559,344.36700000000013,3.524500000000001,2.0,5.0,85.89,6.0,2.0,2.0,0.0,0.0,7.0,2.0,25.0,0.0,0.0,0.0,132.0,0.0,0.0,2.0,0
7741,111.14799999999998,-0.0891000000000003,2.0,2.0,54.7,2.0,1.0,0.0,1.0,0.0,3.0,1.0,8.0,0.0,0.0,0.0,44.0,0.0,1.0,0.0,0
1305812,418.4010000000002,4.605800000000004,0.0,7.0,88.11,4.0,4.0,2.0,2.0,0.0,7.0,5.0,31.0,1.0,0.0,1.0,156.0,0.0,3.0,0.0,0
662969,338.4360000000001,3.8270000000000017,0.0,6.0,52.83,7.0,3.0,1.0,2.0,0.0,6.0,3.0,24.0,0.0,0.0,0.0,122.0,0.0,2.0,0.0,0
645535,499.6190000000005,4.002300000000003,0.0,9.0,81.43,7.0,4.0,2.0,2.0,1.0,9.0,6.0,37.0,2.0,0.0,2.0,192.0,0.0,4.0,0.0,0
3245595,428.5140000000002,3.177560000000001,2.0,5.0,104.39,7.0,3.0,2.0,1.0,0.0,9.0,3.0,30.0,0.0,0.0,0.0,158.0,0.0,1.0,1.0,0
1380355,356.839,1.7541999999999995,2.0,7.0,114.1,6.0,2.0,1.0,1.0,0.0,10.0,2.0,23.0,0.0,0.0,0.0,124.0,0.0,1.0,0.0,0
118381027,324.34400000000005,2.1854000000000005,4.0,5.0,117.95,2.0,3.0,1.0,2.0,0.0,8.0,4.0,24.0,1.0,0.0,1.0,122.0,0.0,3.0,2.0,1
2162823,256.371,2.2475000000000005,1.0,2.0,49.41,6.0,1.0,1.0,0.0,0.0,5.0,1.0,17.0,0.0,0.0,0.0,96.0,0.0,0.0,0.0,0
3239321,328.36800000000005,2.2668,3.0,4.0,87.66000000000001,8.0,2.0,2.0,0.0,0.0,6.0,2.0,24.0,0.0,0.0,0.0,126.0,0.0,0.0,1.0,0
2899003,237.324,1.1170999999999998,1.0,4.0,32.7,2.0,1.0,0.0,1.0,1.0,4.0,2.0,16.0,1.0,0.0,1.0,86.0,0.0,2.0,0.0,0
3233291,281.319,1.8223,1.0,6.0,72.7,3.0,3.0,1.0,2.0,0.0,6.0,3.0,21.0,0.0,0.0,0.0,106.0,0.0,2.0,0.0,0
71528857,468.9200000000002,3.467900000000002,3.0,7.0,104.96,7.0,4.0,2.0,2.0,0.0,10.0,4.0,33.0,0.0,0.0,0.0,170.0,0.0,2.0,1.0,1
15945023,429.4950000000002,4.6778800000000045,1.0,4.0,65.36,5.0,2.0,2.0,0.0,1.0,6.0,4.0,32.0,2.0,1.0,1.0,162.0,0.0,1.0,1.0,1
5307349,460.96200000000033,2.6038200000000007,1.0,7.0,82.19,5.0,2.0,2.0,0.0,2.0,9.0,4.0,32.0,2.0,0.0,2.0,172.0,0.0,2.0,1.0,0
3429042,308.809,2.3981000000000003,1.0,2.0,49.41,5.0,1.0,1.0,0.0,1.0,5.0,2.0,21.0,1.0,0.0,1.0,114.0,0.0,1.0,2.0,0
666180,276.28799999999995,1.95002,1.0,5.0,76.74000000000001,3.0,2.0,1.0,1.0,0.0,5.0,2.0,20.0,0.0,0.0,0.0,106.0,0.0,1.0,0.0,0
76072293,327.34400000000005,1.8216,4.0,5.0,112.16,5.0,3.0,1.0,2.0,0.0,8.0,3.0,24.0,0.0,0.0,0.0,124.0,0.0,2.0,2.0,1
2565283,275.308,1.5613799999999998,2.0,4.0,91.22,3.0,1.0,1.0,0.0,0.0,6.0,1.0,20.0,0.0,0.0,0.0,106.0,0.0,0.0,3.0,0
2964888,406.43500000000034,2.1383,1.0,7.0,111.24,10.0,1.0,1.0,0.0,1.0,9.0,2.0,29.0,1.0,0.0,1.0,158.0,0.0,1.0,3.0,0
3246173,245.286,1.3453999999999997,0.0,6.0,55.84,2.0,2.0,0.0,2.0,2.0,6.0,4.0,18.0,2.0,0.0,2.0,94.0,0.0,4.0,0.0,0
3246653,200.2,-0.5115999999999996,4.0,4.0,109.57,5.0,0.0,0.0,0.0,0.0,7.0,0.0,11.0,0.0,0.0,0.0,68.0,0.0,0.0,0.0,0
3245307,272.3039999999999,1.47202,0.0,5.0,51.13,2.0,1.0,1.0,0.0,1.0,5.0,3.0,20.0,2.0,0.0,2.0,104.0,0.0,2.0,0.0,0
2830700,332.4250000000002,2.777300000000001,0.0,6.0,61.190000000000005,2.0,2.0,0.0,2.0,0.0,6.0,4.0,23.0,2.0,1.0,1.0,122.0,0.0,3.0,0.0,0
2997690,406.8910000000002,2.730700000000001,1.0,4.0,83.55,5.0,2.0,2.0,0.0,1.0,8.0,3.0,27.0,1.0,0.0,1.0,142.0,0.0,1.0,2.0,0
11328,156.228,3.456640000000002,0.0,0.0,0.0,0.0,2.0,2.0,0.0,0.0,0.0,2.0,12.0,0.0,0.0,0.0,60.0,0.0,0.0,0.0,0
2891573,307.77700000000004,3.169100000000001,1.0,3.0,55.400000000000006,3.0,1.0,1.0,0.0,0.0,5.0,2.0,21.0,1.0,0.0,1.0,112.0,0.0,1.0,1.0,0
1622530,178.18699999999998,1.7929999999999997,1.0,2.0,46.53,3.0,1.0,1.0,0.0,0.0,3.0,1.0,13.0,0.0,0.0,0.0,68.0,0.0,0.0,0.0,0
665690,420.54200000000026,4.352240000000003,1.0,8.0,77.75,4.0,4.0,0.0,4.0,0.0,8.0,5.0,30.0,1.0,0.0,1.0,154.0,0.0,5.0,0.0,0
16757819,748.9960000000001,1.9007000000000047,5.0,14.0,180.08,7.0,0.0,0.0,0.0,3.0,14.0,3.0,52.0,3.0,0.0,3.0,306.0,0.0,3.0,0.0,0
771128,328.12200000000007,0.6917999999999997,1.0,6.0,86.24000000000001,2.0,2.0,0.0,2.0,0.0,8.0,2.0,19.0,0.0,0.0,0.0,100.0,0.0,2.0,1.0,0
648554,325.43700000000007,3.287040000000002,1.0,4.0,65.78,5.0,2.0,1.0,1.0,0.0,5.0,2.0,23.0,0.0,0.0,0.0,118.0,0.0,1.0,1.0,0
645648,318.4060000000001,1.4694999999999998,0.0,7.0,76.80000000000001,6.0,2.0,0.0,2.0,1.0,8.0,3.0,22.0,1.0,0.0,1.0,116.0,0.0,3.0,1.0,0
990970,398.8790000000001,2.94512,1.0,8.0,91.62,4.0,4.0,2.0,2.0,0.0,9.0,4.0,27.0,0.0,0.0,0.0,136.0,0.0,2.0,0.0,0
7416,123.11099999999996,1.5948,0.0,2.0,43.14,1.0,1.0,1.0,0.0,0.0,3.0,1.0,9.0,0.0,0.0,0.0,46.0,0.0,0.0,0.0,0
3247,268.356,3.7375000000000025,1.0,2.0,37.3,0.0,1.0,1.0,0.0,2.0,2.0,4.0,20.0,3.0,3.0,0.0,104.0,0.0,0.0,0.0,0
3238246,432.3170000000002,2.719500000000001,1.0,6.0,81.7,6.0,2.0,1.0,1.0,0.0,9.0,3.0,24.0,1.0,0.0,1.0,128.0,0.0,2.0,1.0,0
663037,196.202,1.65592,2.0,3.0,70.67,1.0,1.0,0.0,1.0,0.0,4.0,2.0,14.0,1.0,1.0,0.0,76.0,0.0,1.0,0.0,0
2349317,454.55200000000025,2.772920000000001,1.0,6.0,93.53000000000002,7.0,3.0,2.0,1.0,1.0,9.0,4.0,32.0,1.0,0.0,1.0,168.0,0.0,2.0,1.0,0
599957,174.16299999999998,0.6251999999999998,0.0,5.0,64.7,0.0,2.0,0.0,2.0,0.0,5.0,3.0,13.0,1.0,1.0,0.0,64.0,0.0,2.0,0.0,0
2998424,243.306,3.8294000000000015,1.0,2.0,42.24,2.0,2.0,1.0,1.0,0.0,3.0,2.0,18.0,0.0,0.0,0.0,94.0,0.0,1.0,1.0,0
5307436,469.4010000000001,3.621800000000002,1.0,5.0,79.62,7.0,2.0,1.0,1.0,1.0,8.0,3.0,28.0,1.0,0.0,1.0,152.0,0.0,2.0,1.0,0
645483,245.303,2.7762200000000004,1.0,2.0,46.17,0.0,2.0,2.0,0.0,0.0,4.0,3.0,17.0,1.0,0.0,1.0,86.0,0.0,1.0,0.0,0
16758543,517.4510000000002,5.229900000000005,1.0,3.0,60.6,6.0,3.0,2.0,1.0,0.0,7.0,5.0,34.0,2.0,0.0,2.0,172.0,0.0,3.0,2.0,0
653321,267.328,3.2479000000000022,0.0,2.0,29.540000000000003,2.0,2.0,2.0,0.0,1.0,3.0,3.0,20.0,1.0,0.0,1.0,102.0,0.0,1.0,1.0,0
665545,292.294,2.3630000000000004,0.0,4.0,63.41,1.0,3.0,1.0,2.0,0.0,5.0,4.0,22.0,1.0,0.0,1.0,108.0,0.0,3.0,1.0,0
5308664,383.4230000000001,4.184280000000003,0.0,4.0,47.34,2.0,2.0,2.0,0.0,1.0,7.0,4.0,27.0,2.0,0.0,2.0,136.0,0.0,2.0,1.0,0
657480,211.265,-0.2614199999999995,1.0,4.0,65.36,5.0,0.0,0.0,0.0,1.0,5.0,1.0,15.0,1.0,0.0,1.0,84.0,0.0,1.0,1.0,0
658753,206.336,1.4235,2.0,4.0,35.5,1.0,0.0,0.0,0.0,1.0,5.0,1.0,12.0,1.0,0.0,1.0,70.0,0.0,1.0,0.0,0
71554733,424.8670000000001,5.003520000000004,3.0,4.0,95.59,4.0,4.0,1.0,3.0,0.0,9.0,4.0,30.0,0.0,0.0,0.0,152.0,0.0,3.0,2.0,1
1339266,362.4070000000001,2.09792,2.0,4.0,103.78,6.0,2.0,2.0,0.0,0.0,8.0,2.0,25.0,0.0,0.0,0.0,132.0,0.0,0.0,1.0,0
3239910,348.3780000000002,1.2566999999999997,1.0,6.0,80.49,7.0,2.0,1.0,1.0,1.0,8.0,3.0,25.0,1.0,0.0,1.0,134.0,0.0,2.0,1.0,0
730003,323.19,3.290060000000002,0.0,4.0,44.120000000000005,3.0,2.0,1.0,1.0,0.0,5.0,2.0,19.0,0.0,0.0,0.0,100.0,0.0,1.0,0.0,0
661786,405.4390000000001,2.700100000000001,0.0,8.0,89.69000000000001,5.0,4.0,2.0,2.0,0.0,9.0,5.0,29.0,1.0,0.0,1.0,144.0,0.0,3.0,2.0,0
3243217,438.4840000000002,1.3072,1.0,7.0,96.87,6.0,3.0,2.0,1.0,1.0,9.0,4.0,32.0,1.0,0.0,1.0,168.0,0.0,2.0,1.0,0
232061,206.245,1.91182,2.0,2.0,58.2,2.0,1.0,1.0,0.0,0.0,4.0,1.0,15.0,0.0,0.0,0.0,80.0,0.0,0.0,2.0,0
3244566,395.5440000000004,2.8347,2.0,4.0,87.74000000000001,7.0,0.0,0.0,0.0,2.0,7.0,2.0,28.0,2.0,1.0,1.0,160.0,0.0,1.0,3.0,0
647126,450.4950000000002,3.372880000000002,2.0,8.0,114.73000000000002,10.0,3.0,2.0,1.0,0.0,9.0,3.0,33.0,0.0,0.0,0.0,172.0,0.0,1.0,1.0,0
7440,151.165,2.21164,0.0,2.0,43.14,1.0,1.0,1.0,0.0,0.0,3.0,1.0,11.0,0.0,0.0,0.0,58.0,0.0,0.0,0.0,0
655740,400.43800000000016,4.586740000000003,2.0,5.0,89.16000000000001,5.0,4.0,2.0,2.0,0.0,7.0,4.0,30.0,0.0,0.0,0.0,150.0,0.0,2.0,2.0,0
135432418,351.406,3.2832000000000017,2.0,4.0,84.07999999999998,7.0,3.0,2.0,1.0,0.0,6.0,3.0,26.0,0.0,0.0,0.0,134.0,0.0,1.0,1.0,0
3242455,418.4500000000002,1.8745,0.0,7.0,96.61,5.0,3.0,2.0,1.0,1.0,10.0,4.0,29.0,1.0,0.0,1.0,152.0,0.0,2.0,1.0,0
135467355,386.4770000000002,3.0599000000000007,2.0,7.0,96.97,5.0,2.0,0.0,2.0,0.0,8.0,3.0,27.0,1.0,0.0,1.0,142.0,0.0,3.0,0.0,0
3236701,317.776,3.1462200000000013,0.0,4.0,49.580000000000005,2.0,2.0,1.0,1.0,2.0,6.0,4.0,22.0,2.0,0.0,2.0,114.0,0.0,3.0,1.0,0
1281415,410.52400000000006,4.587300000000004,1.0,7.0,68.52,7.0,4.0,2.0,2.0,0.0,8.0,4.0,28.0,0.0,0.0,0.0,142.0,0.0,2.0,1.0,0
666936,408.5020000000003,2.7739200000000013,1.0,6.0,68.62,7.0,3.0,2.0,1.0,1.0,7.0,4.0,30.0,1.0,0.0,1.0,158.0,0.0,2.0,1.0,0
2401953,333.391,3.475900000000001,2.0,2.0,65.2,4.0,3.0,2.0,1.0,0.0,5.0,4.0,25.0,1.0,0.0,1.0,126.0,0.0,2.0,2.0,0
869785,273.263,3.08462,2.0,2.0,66.4,3.0,2.0,2.0,0.0,0.0,5.0,2.0,20.0,0.0,0.0,0.0,102.0,0.0,0.0,1.0,0
2787707,339.3880000000001,2.0299,1.0,6.0,83.09,8.0,1.0,1.0,0.0,0.0,7.0,1.0,24.0,0.0,0.0,0.0,134.0,0.0,0.0,1.0,0
654017,498.5570000000004,2.2783999999999995,2.0,9.0,114.4,6.0,2.0,2.0,0.0,2.0,10.0,5.0,35.0,3.0,0.0,3.0,184.0,0.0,3.0,2.0,0
665072,274.324,0.6671999999999998,2.0,5.0,70.25,4.0,2.0,1.0,1.0,1.0,6.0,3.0,20.0,1.0,0.0,1.0,106.0,0.0,2.0,0.0,0
6603943,661.799,3.824100000000003,5.0,8.0,121.65,4.0,3.0,2.0,1.0,4.0,9.0,13.0,49.0,10.0,6.0,4.0,254.0,2.0,5.0,0.0,0
3246683,304.733,3.649300000000001,1.0,3.0,69.97,6.0,2.0,2.0,0.0,0.0,6.0,2.0,21.0,0.0,0.0,0.0,108.0,0.0,0.0,0.0,0
649439,342.4870000000002,3.3165400000000016,1.0,4.0,58.120000000000005,5.0,1.0,0.0,1.0,1.0,5.0,3.0,25.0,2.0,1.0,1.0,136.0,0.0,2.0,1.0,0
696879,256.33,3.710420000000002,0.0,4.0,30.96,1.0,3.0,1.0,2.0,0.0,4.0,4.0,18.0,1.0,0.0,1.0,90.0,0.0,3.0,0.0,0
3239866,303.325,2.0255,0.0,6.0,65.6,3.0,4.0,1.0,3.0,0.0,6.0,4.0,23.0,0.0,0.0,0.0,112.0,0.0,3.0,0.0,0
16758486,437.5330000000002,2.4645000000000006,2.0,8.0,98.97,10.0,1.0,1.0,0.0,2.0,8.0,3.0,31.0,2.0,0.0,2.0,174.0,0.0,2.0,0.0,0
2930113,279.365,2.774800000000001,2.0,5.0,75.11,5.0,2.0,0.0,2.0,0.0,6.0,2.0,19.0,0.0,0.0,0.0,102.0,0.0,2.0,0.0,0
663915,295.389,2.33472,1.0,6.0,64.11,5.0,2.0,0.0,2.0,0.0,7.0,2.0,19.0,0.0,0.0,0.0,100.0,0.0,2.0,1.0,0
5768475,381.42800000000017,2.8061200000000013,2.0,5.0,87.07000000000001,5.0,2.0,2.0,0.0,1.0,6.0,3.0,28.0,1.0,0.0,1.0,146.0,0.0,1.0,1.0,0
3238807,404.2890000000001,3.759490000000001,3.0,4.0,77.75,1.0,2.0,1.0,1.0,0.0,7.0,4.0,24.0,2.0,1.0,1.0,122.0,0.0,2.0,0.0,0
659865,411.60000000000014,4.175560000000003,2.0,7.0,97.98999999999998,5.0,1.0,1.0,0.0,0.0,7.0,3.0,28.0,2.0,0.0,2.0,146.0,0.0,2.0,0.0,0
118365036,408.4620000000003,2.9716000000000014,3.0,5.0,112.23999999999998,6.0,3.0,1.0,2.0,1.0,9.0,4.0,30.0,1.0,0.0,1.0,156.0,0.0,3.0,3.0,1
266689,284.337,1.1432999999999995,3.0,4.0,109.49,4.0,1.0,1.0,0.0,1.0,7.0,2.0,19.0,1.0,1.0,0.0,104.0,0.0,0.0,0.0,0
5309038,457.5080000000002,2.8402600000000016,1.0,7.0,110.97,7.0,3.0,2.0,1.0,0.0,10.0,4.0,32.0,1.0,0.0,1.0,168.0,0.0,2.0,1.0,0
6897907,241.246,2.7139000000000006,1.0,4.0,58.89,3.0,2.0,2.0,0.0,0.0,4.0,2.0,18.0,0.0,0.0,0.0,90.0,0.0,0.0,0.0,0
648679,355.4820000000001,2.4874,1.0,3.0,52.650000000000006,3.0,1.0,1.0,0.0,2.0,5.0,4.0,26.0,3.0,0.0,3.0,140.0,0.0,3.0,2.0,0
688581,260.314,3.167200000000001,1.0,3.0,54.37,4.0,2.0,1.0,1.0,0.0,4.0,2.0,18.0,0.0,0.0,0.0,92.0,0.0,1.0,0.0,0
970267,346.45500000000004,1.9447,1.0,5.0,83.55000000000001,5.0,2.0,1.0,1.0,0.0,9.0,2.0,21.0,0.0,0.0,0.0,114.0,0.0,1.0,0.0,0
5308126,350.4400000000001,2.640900000000001,0.0,5.0,72.52000000000001,5.0,2.0,1.0,1.0,1.0,7.0,3.0,24.0,1.0,1.0,0.0,130.0,0.0,1.0,0.0,0
121432346,476.5120000000001,4.688400000000004,3.0,6.0,110.17,7.0,4.0,2.0,2.0,0.0,10.0,4.0,35.0,0.0,0.0,0.0,180.0,0.0,2.0,3.0,1
6604768,223.22799999999995,0.5721999999999999,3.0,3.0,100.62000000000002,4.0,1.0,1.0,0.0,0.0,5.0,1.0,16.0,0.0,0.0,0.0,86.0,0.0,0.0,0.0,0
118365175,371.3970000000001,1.5725999999999996,5.0,6.0,132.39,7.0,3.0,1.0,2.0,0.0,9.0,3.0,27.0,0.0,0.0,0.0,142.0,0.0,2.0,2.0,1
1554807,289.313,-0.479899999999999,2.0,7.0,114.14,8.0,1.0,0.0,1.0,0.0,9.0,1.0,19.0,0.0,0.0,0.0,106.0,0.0,1.0,0.0,0
658977,347.44000000000017,2.3319,2.0,5.0,74.42999999999999,5.0,2.0,1.0,1.0,1.0,7.0,3.0,24.0,1.0,0.0,1.0,128.0,0.0,2.0,1.0,0
122324,271.316,2.411600000000001,3.0,4.0,75.71000000000001,2.0,2.0,2.0,0.0,0.0,4.0,3.0,20.0,1.0,0.0,1.0,104.0,0.0,1.0,0.0,0
3246038,258.34200000000004,3.9947000000000026,1.0,2.0,37.3,5.0,2.0,2.0,0.0,0.0,3.0,2.0,18.0,0.0,0.0,0.0,92.0,0.0,0.0,0.0,0
3238819,362.1830000000001,2.4934000000000003,2.0,5.0,80.03,4.0,3.0,1.0,2.0,0.0,7.0,3.0,22.0,0.0,0.0,0.0,112.0,0.0,2.0,0.0,0
5308644,303.75300000000004,3.146740000000001,1.0,6.0,64.34,3.0,3.0,1.0,2.0,0.0,7.0,3.0,21.0,0.0,0.0,0.0,108.0,0.0,2.0,0.0,0
792513,230.658,2.4447,0.0,4.0,43.08,1.0,3.0,1.0,2.0,0.0,5.0,3.0,16.0,0.0,0.0,0.0,78.0,0.0,2.0,0.0,0
651230,213.193,-1.0460999999999994,2.0,5.0,104.91,4.0,1.0,0.0,1.0,0.0,7.0,1.0,15.0,0.0,0.0,0.0,82.0,0.0,1.0,0.0,0
2999865,319.36400000000003,2.3743000000000007,0.0,4.0,55.2,2.0,3.0,2.0,1.0,0.0,5.0,4.0,24.0,1.0,0.0,1.0,120.0,0.0,2.0,1.0,0
709713,241.29,3.4967000000000024,0.0,3.0,43.1,1.0,2.0,1.0,1.0,0.0,3.0,3.0,18.0,1.0,1.0,0.0,92.0,0.0,1.0,0.0,0
666226,300.314,1.7116999999999998,0.0,6.0,74.33,4.0,3.0,1.0,2.0,0.0,6.0,3.0,22.0,0.0,0.0,0.0,114.0,0.0,2.0,0.0,0
16758342,424.49400000000026,0.8156000000000012,1.0,7.0,111.24,1.0,0.0,0.0,0.0,1.0,9.0,2.0,30.0,2.0,0.0,2.0,168.0,0.0,2.0,2.0,0
118404594,433.9150000000001,3.820500000000002,2.0,5.0,79.38000000000001,4.0,2.0,1.0,1.0,1.0,9.0,4.0,30.0,2.0,0.0,2.0,160.0,0.0,3.0,2.0,1
2155121,455.5610000000002,3.628700000000002,1.0,8.0,82.45,7.0,3.0,2.0,1.0,0.0,9.0,4.0,31.0,1.0,0.0,1.0,160.0,0.0,2.0,1.0,0
646547,369.421,3.479800000000002,2.0,5.0,89.55,8.0,2.0,1.0,1.0,1.0,7.0,3.0,27.0,1.0,1.0,0.0,142.0,0.0,1.0,2.0,0
654193,373.4380000000001,2.7297400000000005,1.0,8.0,95.07,7.0,3.0,1.0,2.0,0.0,9.0,3.0,26.0,0.0,0.0,0.0,136.0,0.0,2.0,1.0,0
3242617,437.90500000000026,2.0137,1.0,6.0,88.18,5.0,2.0,2.0,0.0,1.0,10.0,4.0,29.0,2.0,0.0,2.0,154.0,0.0,2.0,1.0,0
654201,346.4080000000001,2.2939000000000007,1.0,4.0,83.55000000000001,6.0,2.0,2.0,0.0,0.0,7.0,2.0,24.0,0.0,0.0,0.0,126.0,0.0,0.0,1.0,0
1163448,362.45100000000014,2.2147,0.0,5.0,59.08,5.0,2.0,2.0,0.0,1.0,7.0,3.0,25.0,1.0,0.0,1.0,134.0,0.0,1.0,0.0,0
2161878,332.319,2.1542000000000003,0.0,7.0,86.97000000000001,3.0,4.0,2.0,2.0,0.0,7.0,4.0,25.0,0.0,0.0,0.0,122.0,0.0,2.0,0.0,0
717564,246.222,1.96402,1.0,5.0,73.59,2.0,2.0,1.0,1.0,0.0,6.0,3.0,18.0,1.0,0.0,1.0,92.0,0.0,2.0,1.0,0
16757977,586.6340000000005,3.3964000000000008,1.0,11.0,147.8,5.0,1.0,0.0,1.0,4.0,11.0,6.0,42.0,5.0,2.0,3.0,228.0,1.0,4.0,0.0,0
656351,266.728,1.7384999999999995,2.0,2.0,58.2,2.0,1.0,1.0,0.0,1.0,5.0,2.0,18.0,1.0,0.0,1.0,96.0,0.0,1.0,2.0,0
3243165,234.233,-0.3456600000000001,2.0,5.0,109.5,4.0,1.0,0.0,1.0,0.0,8.0,1.0,15.0,0.0,0.0,0.0,84.0,0.0,1.0,0.0,0
652727,461.9680000000002,2.2403000000000004,0.0,5.0,78.0,5.0,2.0,2.0,0.0,1.0,11.0,3.0,29.0,1.0,0.0,1.0,158.0,0.0,1.0,0.0,0
657489,255.31700000000004,2.803400000000001,1.0,3.0,34.39,5.0,3.0,2.0,1.0,0.0,3.0,3.0,19.0,0.0,0.0,0.0,98.0,0.0,1.0,0.0,0
2998872,437.5620000000004,1.3858000000000006,0.0,6.0,91.14,5.0,1.0,0.0,1.0,3.0,9.0,4.0,30.0,3.0,1.0,2.0,166.0,0.0,3.0,2.0,0
2999899,309.3870000000001,1.8451,1.0,5.0,56.790000000000006,5.0,1.0,1.0,0.0,1.0,6.0,3.0,21.0,2.0,0.0,2.0,114.0,0.0,2.0,1.0,0
3243091,331.41600000000005,1.4026,1.0,4.0,61.88000000000001,5.0,1.0,1.0,0.0,1.0,6.0,3.0,24.0,2.0,0.0,2.0,130.0,0.0,2.0,2.0,0
650096,332.38500000000005,1.7855199999999998,1.0,7.0,91.74,5.0,3.0,1.0,2.0,0.0,8.0,3.0,23.0,0.0,0.0,0.0,120.0,0.0,2.0,1.0,0
646099,326.3960000000001,2.1429,1.0,4.0,62.66,4.0,2.0,1.0,1.0,1.0,5.0,3.0,24.0,1.0,0.0,1.0,126.0,0.0,2.0,1.0,0
670414,292.36400000000003,1.40718,2.0,6.0,96.95,2.0,1.0,0.0,1.0,1.0,7.0,3.0,20.0,2.0,0.0,2.0,106.0,1.0,3.0,0.0,0
6603728,356.3,3.347400000000002,1.0,5.0,81.47,3.0,1.0,1.0,0.0,0.0,9.0,2.0,25.0,1.0,0.0,1.0,134.0,0.0,1.0,0.0,0
2997816,407.4700000000002,2.1331,1.0,4.0,78.95,5.0,2.0,2.0,0.0,1.0,7.0,4.0,30.0,2.0,0.0,2.0,156.0,0.0,2.0,4.0,0
2967428,336.235,3.345500000000002,0.0,2.0,33.2,1.0,1.0,0.0,1.0,1.0,9.0,3.0,23.0,2.0,1.0,1.0,124.0,0.0,2.0,1.0,0
73506461,416.91300000000007,3.0764000000000014,2.0,6.0,92.27,4.0,2.0,0.0,2.0,1.0,9.0,4.0,29.0,2.0,0.0,2.0,154.0,0.0,4.0,2.0,1
219760,267.336,3.0275000000000016,1.0,5.0,55.63,5.0,3.0,1.0,2.0,0.0,5.0,3.0,20.0,0.0,0.0,0.0,102.0,0.0,2.0,0.0,0
5307377,441.5380000000001,2.9792000000000014,1.0,9.0,91.04,7.0,4.0,2.0,2.0,0.0,10.0,4.0,30.0,0.0,0.0,0.0,154.0,0.0,2.0,1.0,0
1765268,368.3850000000002,4.158840000000002,1.0,5.0,89.88000000000001,4.0,3.0,1.0,2.0,0.0,6.0,4.0,27.0,1.0,1.0,0.0,140.0,0.0,2.0,0.0,0
3240677,273.263,2.453900000000001,2.0,2.0,66.39999999999999,4.0,2.0,2.0,0.0,0.0,5.0,2.0,20.0,0.0,0.0,0.0,102.0,0.0,0.0,1.0,0
2964566,394.5120000000001,3.233100000000002,1.0,3.0,66.48,6.0,1.0,1.0,0.0,1.0,7.0,3.0,27.0,2.0,1.0,1.0,148.0,0.0,1.0,1.0,0
2539615,298.298,2.8124400000000005,1.0,5.0,85.19,4.0,3.0,1.0,2.0,0.0,6.0,3.0,22.0,0.0,0.0,0.0,112.0,0.0,2.0,0.0,0
625722,289.375,3.673020000000003,1.0,4.0,51.46,6.0,2.0,1.0,1.0,0.0,4.0,2.0,21.0,0.0,0.0,0.0,114.0,0.0,1.0,0.0,0
3235623,472.6110000000004,2.7293000000000003,3.0,5.0,107.61,9.0,2.0,2.0,0.0,1.0,9.0,3.0,33.0,1.0,0.0,1.0,178.0,0.0,1.0,2.0,0
9555299,284.29800000000006,2.10194,0.0,6.0,60.89,3.0,3.0,1.0,2.0,0.0,7.0,3.0,21.0,0.0,0.0,0.0,106.0,0.0,2.0,0.0,0
1018009,373.4780000000002,1.9494,1.0,4.0,69.72,5.0,2.0,2.0,0.0,1.0,7.0,3.0,26.0,1.0,0.0,1.0,138.0,0.0,1.0,1.0,0
969752,323.38100000000003,2.050299999999999,1.0,7.0,78.21,3.0,4.0,2.0,2.0,0.0,7.0,4.0,23.0,0.0,0.0,0.0,114.0,0.0,2.0,0.0,0
975463,319.41099999999994,2.5829000000000004,1.0,5.0,71.42,1.0,2.0,1.0,1.0,0.0,7.0,4.0,21.0,2.0,1.0,1.0,108.0,0.0,2.0,0.0,0
3245524,374.4620000000001,1.9961,0.0,6.0,60.77000000000001,3.0,2.0,1.0,1.0,2.0,7.0,4.0,26.0,2.0,0.0,2.0,138.0,1.0,3.0,1.0,0
3242282,262.3529999999999,2.850340000000001,1.0,2.0,53.17,2.0,1.0,0.0,1.0,1.0,4.0,2.0,19.0,1.0,0.0,1.0,104.0,0.0,2.0,1.0,0
2959197,461.4490000000001,3.920600000000002,1.0,5.0,88.17999999999999,5.0,3.0,3.0,0.0,1.0,9.0,5.0,34.0,2.0,0.0,2.0,172.0,0.0,2.0,4.0,0
662598,418.4570000000001,1.2565899999999997,2.0,8.0,114.37,6.0,4.0,0.0,4.0,0.0,9.0,4.0,31.0,0.0,0.0,0.0,158.0,0.0,4.0,1.0,0
1193009,456.52400000000017,3.3104400000000016,2.0,7.0,119.51,9.0,3.0,2.0,1.0,0.0,10.0,3.0,32.0,0.0,0.0,0.0,168.0,0.0,1.0,1.0,0
9568633,210.189,0.5099999999999993,3.0,4.0,105.14,4.0,1.0,1.0,0.0,0.0,6.0,1.0,15.0,0.0,0.0,0.0,80.0,0.0,0.0,0.0,0
3235059,324.306,2.710400000000001,2.0,4.0,66.91,5.0,2.0,1.0,1.0,0.0,8.0,2.0,23.0,0.0,0.0,0.0,122.0,0.0,1.0,1.0,0
663528,394.4560000000002,3.9441200000000016,2.0,6.0,97.12,6.0,4.0,2.0,2.0,0.0,8.0,4.0,28.0,0.0,0.0,0.0,142.0,0.0,2.0,0.0,0
2998646,284.42500000000007,1.2630999999999994,1.0,5.0,35.94,6.0,1.0,0.0,1.0,1.0,5.0,2.0,19.0,1.0,0.0,1.0,108.0,0.0,2.0,0.0,0
121416451,507.5450000000002,3.8131200000000014,2.0,7.0,97.20000000000002,7.0,4.0,1.0,3.0,1.0,11.0,5.0,37.0,1.0,0.0,1.0,192.0,0.0,4.0,2.0,1
659421,377.242,1.829,0.0,6.0,61.82,4.0,3.0,1.0,2.0,0.0,7.0,3.0,23.0,0.0,0.0,0.0,120.0,0.0,2.0,0.0,0
3246287,334.39700000000005,1.7011,2.0,5.0,90.2,4.0,1.0,1.0,0.0,1.0,7.0,3.0,23.0,2.0,0.0,2.0,122.0,0.0,2.0,0.0,0
4450,253.345,3.238000000000002,0.0,2.0,12.47,1.0,2.0,2.0,0.0,0.0,2.0,3.0,19.0,1.0,0.0,1.0,98.0,0.0,1.0,0.0,0
3243052,462.5940000000002,4.138800000000004,1.0,6.0,80.49,11.0,3.0,2.0,1.0,1.0,7.0,4.0,34.0,1.0,0.0,1.0,180.0,0.0,2.0,1.0,0
1212198,369.44600000000014,3.1891200000000017,0.0,5.0,72.39,6.0,3.0,2.0,1.0,0.0,7.0,3.0,26.0,0.0,0.0,0.0,134.0,0.0,1.0,0.0,0
3245582,448.5890000000004,2.1644,2.0,5.0,102.58,8.0,2.0,1.0,1.0,1.0,9.0,3.0,31.0,1.0,0.0,1.0,170.0,0.0,2.0,1.0,0
740860,300.1410000000001,3.177100000000002,0.0,3.0,46.61,2.0,1.0,1.0,0.0,0.0,6.0,2.0,19.0,1.0,0.0,1.0,100.0,0.0,1.0,1.0,0
3242819,424.5490000000003,3.7885200000000014,2.0,7.0,94.48,7.0,2.0,1.0,1.0,2.0,8.0,4.0,31.0,2.0,0.0,2.0,166.0,0.0,3.0,0.0,0
767910,262.363,2.8939000000000004,2.0,5.0,67.59,3.0,3.0,1.0,2.0,0.0,6.0,3.0,17.0,0.0,0.0,0.0,86.0,0.0,2.0,0.0,0
599999,297.196,3.753000000000003,1.0,2.0,41.99,4.0,1.0,0.0,1.0,1.0,4.0,2.0,17.0,1.0,1.0,0.0,92.0,0.0,1.0,1.0,0
659171,338.4070000000001,2.9999400000000005,1.0,3.0,60.85,4.0,2.0,2.0,0.0,1.0,5.0,3.0,25.0,1.0,0.0,1.0,130.0,0.0,1.0,1.0,0
11949132,338.36000000000007,-1.584999999999999,4.0,8.0,123.35,3.0,1.0,0.0,1.0,2.0,8.0,3.0,24.0,2.0,1.0,1.0,132.0,0.0,2.0,0.0,0
2549881,490.4150000000003,3.9960400000000025,1.0,9.0,118.35,8.0,3.0,2.0,1.0,0.0,12.0,4.0,35.0,1.0,0.0,1.0,184.0,0.0,2.0,1.0,0
1827921,223.23200000000003,0.7661999999999994,2.0,4.0,80.32,4.0,1.0,0.0,1.0,0.0,6.0,1.0,16.0,0.0,0.0,0.0,86.0,0.0,1.0,2.0,0
3241684,316.40099999999995,1.5152999999999994,1.0,3.0,58.64,6.0,1.0,1.0,0.0,2.0,5.0,3.0,23.0,2.0,0.0,2.0,124.0,0.0,2.0,2.0,0
11571,163.003,2.699,1.0,1.0,20.23,0.0,1.0,1.0,0.0,0.0,3.0,1.0,9.0,0.0,0.0,0.0,48.0,0.0,0.0,0.0,0
2999891,352.4630000000001,3.904040000000002,1.0,5.0,59.81,5.0,3.0,2.0,1.0,0.0,6.0,3.0,25.0,0.0,0.0,0.0,128.0,0.0,1.0,1.0,0
666689,444.5650000000003,0.4663200000000003,0.0,11.0,94.08,6.0,3.0,0.0,3.0,1.0,11.0,4.0,31.0,1.0,0.0,1.0,166.0,0.0,4.0,0.0,0
1243367,420.8570000000002,1.64,2.0,9.0,112.94,5.0,2.0,1.0,1.0,2.0,11.0,4.0,29.0,2.0,0.0,2.0,154.0,0.0,3.0,0.0,0
6604263,610.5650000000002,-1.1566,8.0,15.0,234.29,7.0,2.0,2.0,0.0,2.0,15.0,5.0,43.0,3.0,0.0,3.0,236.0,0.0,3.0,0.0,0
5308306,323.34800000000007,2.1006,2.0,4.0,77.84,4.0,2.0,2.0,0.0,1.0,5.0,3.0,24.0,1.0,0.0,1.0,122.0,0.0,1.0,1.0,0
747888,292.338,4.258340000000003,1.0,4.0,55.24,3.0,3.0,2.0,1.0,0.0,4.0,3.0,22.0,0.0,0.0,0.0,110.0,0.0,1.0,0.0,0
135491548,261.133,2.8439000000000005,1.0,3.0,41.46,1.0,1.0,1.0,0.0,1.0,6.0,2.0,15.0,1.0,0.0,1.0,78.0,0.0,1.0,1.0,0
3242972,386.45200000000017,2.7147200000000007,1.0,6.0,97.56,6.0,2.0,1.0,1.0,1.0,8.0,3.0,28.0,1.0,0.0,1.0,150.0,0.0,2.0,2.0,0
4421465,343.793,3.799100000000002,2.0,5.0,68.75999999999999,2.0,3.0,2.0,1.0,0.0,7.0,4.0,24.0,1.0,0.0,1.0,122.0,0.0,2.0,0.0,0
2534167,389.477,1.7015999999999991,2.0,5.0,105.23,10.0,2.0,1.0,1.0,0.0,8.0,2.0,27.0,0.0,0.0,0.0,144.0,0.0,1.0,1.0,0
653966,281.695,2.4743200000000005,0.0,5.0,57.010000000000005,2.0,2.0,0.0,2.0,0.0,6.0,2.0,19.0,0.0,0.0,0.0,100.0,0.0,2.0,0.0,0
3246366,281.37699999999995,1.79452,0.0,4.0,46.61000000000001,3.0,1.0,1.0,0.0,3.0,5.0,4.0,19.0,3.0,0.0,3.0,104.0,0.0,3.0,0.0,0
118365440,421.4040000000001,3.214900000000001,3.0,6.0,110.39,9.0,3.0,1.0,2.0,0.0,11.0,3.0,30.0,0.0,0.0,0.0,160.0,0.0,2.0,2.0,1
659775,247.294,1.4677999999999995,1.0,3.0,55.400000000000006,3.0,1.0,1.0,0.0,1.0,4.0,2.0,18.0,1.0,0.0,1.0,96.0,0.0,1.0,1.0,0
3238342,382.5110000000001,2.0067,1.0,6.0,92.26,5.0,2.0,1.0,1.0,1.0,9.0,3.0,25.0,1.0,1.0,0.0,136.0,0.0,1.0,1.0,0
3709691,376.4530000000002,3.071500000000001,2.0,5.0,85.89000000000001,9.0,1.0,1.0,0.0,0.0,7.0,2.0,27.0,1.0,0.0,1.0,148.0,0.0,1.0,2.0,0
1254267,387.3950000000001,3.138700000000002,1.0,5.0,88.6,5.0,3.0,2.0,1.0,0.0,7.0,4.0,29.0,1.0,0.0,1.0,144.0,0.0,2.0,3.0,0
664958,282.303,2.9007200000000006,0.0,6.0,73.93,4.0,3.0,0.0,3.0,0.0,6.0,3.0,21.0,0.0,0.0,0.0,106.0,0.0,3.0,0.0,0
2999619,484.3500000000002,4.158640000000003,1.0,5.0,84.55,6.0,3.0,1.0,2.0,1.0,8.0,4.0,31.0,1.0,0.0,1.0,160.0,0.0,3.0,3.0,0
660129,308.33700000000005,2.5887,0.0,3.0,49.85,2.0,2.0,2.0,0.0,1.0,5.0,4.0,23.0,2.0,0.0,2.0,116.0,0.0,2.0,3.0,0
661339,451.57100000000025,4.151200000000003,4.0,6.0,108.29,13.0,3.0,2.0,1.0,0.0,8.0,3.0,33.0,0.0,0.0,0.0,176.0,0.0,1.0,2.0,0
5389871,391.4310000000001,2.3522,1.0,8.0,86.99000000000001,6.0,4.0,1.0,3.0,0.0,8.0,4.0,29.0,0.0,0.0,0.0,148.0,0.0,3.0,0.0,1
11972600,488.5770000000002,3.699300000000002,1.0,8.0,116.2,6.0,0.0,0.0,0.0,3.0,8.0,4.0,35.0,4.0,4.0,0.0,192.0,0.0,0.0,0.0,0
1733715,257.717,1.4441399999999998,2.0,3.0,58.56,5.0,1.0,1.0,0.0,0.0,5.0,1.0,17.0,0.0,0.0,0.0,94.0,0.0,0.0,1.0,0
2183617,262.334,2.6563000000000008,0.0,5.0,44.24,6.0,2.0,1.0,1.0,0.0,5.0,2.0,18.0,0.0,0.0,0.0,94.0,0.0,1.0,0.0,0
3242242,364.4460000000003,0.8524999999999998,4.0,4.0,116.4,5.0,0.0,0.0,0.0,3.0,8.0,3.0,26.0,3.0,2.0,1.0,144.0,0.0,1.0,5.0,0
646130,284.71000000000004,2.3314000000000004,0.0,6.0,60.900000000000006,1.0,4.0,1.0,3.0,0.0,7.0,4.0,20.0,0.0,0.0,0.0,98.0,0.0,3.0,0.0,0
135399314,294.30999999999995,2.3382000000000005,2.0,4.0,88.82000000000001,3.0,3.0,2.0,1.0,0.0,5.0,3.0,22.0,0.0,0.0,0.0,110.0,0.0,1.0,1.0,0
2963015,326.38100000000014,2.5401000000000007,1.0,6.0,80.91,6.0,3.0,1.0,2.0,0.0,7.0,3.0,23.0,0.0,0.0,0.0,116.0,0.0,2.0,1.0,0
3233267,318.3810000000001,-0.1068799999999994,0.0,8.0,76.38000000000001,4.0,2.0,0.0,2.0,1.0,8.0,3.0,23.0,1.0,0.0,1.0,124.0,0.0,3.0,0.0,0
588017,277.349,2.09494,1.0,5.0,68.02000000000001,5.0,2.0,0.0,2.0,0.0,6.0,2.0,19.0,0.0,0.0,0.0,100.0,0.0,2.0,1.0,0
89536165,442.5230000000003,4.496220000000002,4.0,5.0,115.82,5.0,4.0,1.0,3.0,1.0,8.0,5.0,33.0,1.0,1.0,0.0,168.0,0.0,3.0,2.0,1
662485,452.34200000000016,2.4024,0.0,8.0,74.29,3.0,3.0,1.0,2.0,1.0,10.0,4.0,30.0,1.0,0.0,1.0,160.0,0.0,3.0,0.0,0
1257387,409.4610000000001,3.661920000000003,0.0,5.0,54.900000000000006,4.0,3.0,2.0,1.0,1.0,7.0,4.0,30.0,1.0,0.0,1.0,156.0,0.0,2.0,1.0,1
657914,384.314,2.4988,2.0,6.0,102.44,6.0,2.0,1.0,1.0,0.0,11.0,2.0,27.0,0.0,0.0,0.0,144.0,0.0,1.0,2.0,0
5020277,357.43500000000006,2.844000000000001,0.0,6.0,64.02,5.0,2.0,1.0,1.0,0.0,7.0,3.0,25.0,1.0,0.0,1.0,130.0,0.0,2.0,1.0,0
135436116,365.41800000000006,3.252900000000001,1.0,7.0,89.60000000000001,6.0,4.0,1.0,3.0,0.0,8.0,4.0,26.0,0.0,0.0,0.0,130.0,0.0,3.0,0.0,0
2948211,310.39700000000005,3.6603400000000015,1.0,3.0,63.08,1.0,2.0,1.0,1.0,1.0,4.0,4.0,23.0,2.0,2.0,0.0,120.0,0.0,1.0,0.0,0
2893786,369.40600000000006,1.0195999999999996,2.0,6.0,113.41,5.0,2.0,1.0,1.0,0.0,9.0,3.0,26.0,1.0,0.0,1.0,132.0,0.0,2.0,3.0,0
698162,266.278,2.0834200000000003,1.0,6.0,81.42999999999999,3.0,2.0,0.0,2.0,0.0,7.0,2.0,18.0,0.0,0.0,0.0,94.0,0.0,2.0,1.0,0
3245956,446.301,3.7653000000000016,1.0,6.0,86.48,8.0,3.0,2.0,1.0,0.0,8.0,3.0,28.0,0.0,0.0,0.0,146.0,0.0,1.0,1.0,0
3246078,407.4520000000001,4.413600000000003,1.0,6.0,86.03999999999999,4.0,5.0,2.0,3.0,0.0,8.0,5.0,28.0,0.0,0.0,0.0,136.0,0.0,3.0,0.0,0
648465,186.258,2.67634,1.0,2.0,30.95,1.0,2.0,1.0,1.0,0.0,2.0,2.0,14.0,0.0,0.0,0.0,72.0,0.0,1.0,0.0,0
3240810,286.287,2.4308,2.0,4.0,88.52,5.0,2.0,1.0,1.0,0.0,6.0,2.0,21.0,0.0,0.0,0.0,108.0,0.0,1.0,1.0,0
3237944,369.42100000000016,2.6172000000000013,0.0,6.0,64.13000000000001,5.0,2.0,1.0,1.0,2.0,7.0,4.0,27.0,2.0,0.0,2.0,142.0,0.0,3.0,1.0,0
5309084,402.926,3.682400000000003,2.0,4.0,56.84,7.0,2.0,2.0,0.0,1.0,7.0,3.0,28.0,1.0,0.0,1.0,150.0,0.0,1.0,2.0,0
351610,167.19299999999998,1.3803,1.0,5.0,64.94,1.0,2.0,0.0,2.0,0.0,5.0,2.0,11.0,0.0,0.0,0.0,56.0,0.0,2.0,0.0,0
1303328,455.5400000000001,2.976000000000001,2.0,8.0,107.37,10.0,3.0,2.0,1.0,0.0,10.0,3.0,32.0,0.0,0.0,0.0,168.0,0.0,1.0,2.0,0
2859804,256.3229999999999,2.6984200000000005,1.0,4.0,59.67,5.0,1.0,0.0,1.0,1.0,5.0,2.0,17.0,1.0,0.0,1.0,94.0,0.0,2.0,0.0,0
644667,499.5960000000003,5.111440000000004,1.0,7.0,93.26,8.0,5.0,2.0,3.0,0.0,9.0,5.0,36.0,0.0,0.0,0.0,182.0,0.0,3.0,2.0,0
3744541,328.3680000000001,1.3954999999999995,0.0,6.0,62.46000000000001,0.0,2.0,1.0,1.0,0.0,6.0,4.0,24.0,2.0,0.0,2.0,126.0,0.0,3.0,0.0,0
992755,356.45500000000004,2.656860000000001,1.0,7.0,77.63,5.0,3.0,1.0,2.0,0.0,8.0,3.0,25.0,0.0,0.0,0.0,130.0,0.0,2.0,1.0,0
2917288,398.8430000000001,2.6519000000000004,3.0,6.0,106.12,8.0,1.0,1.0,0.0,0.0,9.0,2.0,27.0,1.0,0.0,1.0,148.0,0.0,1.0,2.0,0
806700,287.4070000000001,2.700600000000001,0.0,3.0,36.440000000000005,3.0,1.0,0.0,1.0,2.0,4.0,3.0,21.0,2.0,1.0,1.0,114.0,0.0,2.0,1.0,0
660815,277.276,1.4679799999999998,0.0,6.0,85.62,7.0,1.0,1.0,0.0,0.0,6.0,1.0,20.0,0.0,0.0,0.0,106.0,0.0,0.0,0.0,0
2673081,248.307,2.4690200000000004,1.0,4.0,51.22,4.0,2.0,1.0,1.0,0.0,5.0,2.0,17.0,0.0,0.0,0.0,88.0,0.0,1.0,1.0,0
700794,236.66200000000003,1.7208,1.0,4.0,59.81,2.0,2.0,0.0,2.0,0.0,6.0,2.0,16.0,0.0,0.0,0.0,82.0,0.0,2.0,1.0,0
666576,422.5400000000001,0.127320000000001,1.0,11.0,104.94,5.0,3.0,0.0,3.0,1.0,12.0,4.0,28.0,1.0,0.0,1.0,150.0,0.0,4.0,0.0,0
2084354,343.35400000000004,3.318100000000002,0.0,4.0,55.84,5.0,2.0,2.0,0.0,1.0,6.0,3.0,25.0,1.0,0.0,1.0,130.0,0.0,1.0,1.0,0
661262,313.33400000000006,3.373300000000002,0.0,6.0,65.47,4.0,3.0,1.0,2.0,0.0,6.0,3.0,22.0,0.0,0.0,0.0,110.0,0.0,2.0,0.0,0
9568673,445.5040000000001,4.091540000000003,1.0,8.0,116.37,4.0,5.0,2.0,3.0,0.0,9.0,5.0,32.0,0.0,0.0,0.0,160.0,0.0,3.0,0.0,0
2918950,276.332,2.2411000000000003,1.0,3.0,63.6,3.0,0.0,0.0,0.0,3.0,4.0,4.0,20.0,4.0,4.0,0.0,108.0,0.0,0.0,0.0,0
5844876,191.979,-0.5358000000000002,3.0,3.0,77.76,3.0,1.0,1.0,0.0,0.0,5.0,1.0,14.0,0.0,0.0,0.0,72.0,0.0,0.0,0.0,0
2997928,273.361,3.3725400000000016,0.0,5.0,43.33,4.0,3.0,0.0,3.0,0.0,5.0,3.0,19.0,0.0,0.0,0.0,98.0,0.0,3.0,0.0,0
818944,241.298,1.6030999999999995,1.0,5.0,55.1,1.0,2.0,1.0,1.0,0.0,5.0,3.0,18.0,1.0,0.0,1.0,92.0,0.0,2.0,0.0,0
650110,329.3810000000001,3.677240000000002,1.0,6.0,81.16000000000001,5.0,3.0,1.0,2.0,0.0,7.0,3.0,23.0,0.0,0.0,0.0,118.0,0.0,2.0,1.0,0
718247,246.31,2.22922,1.0,3.0,45.330000000000005,4.0,2.0,1.0,1.0,0.0,4.0,2.0,18.0,0.0,0.0,0.0,96.0,0.0,1.0,0.0,0
647166,267.288,3.197300000000001,0.0,5.0,61.040000000000006,4.0,3.0,1.0,2.0,0.0,5.0,3.0,20.0,0.0,0.0,0.0,100.0,0.0,2.0,0.0,0
403082,380.061,2.953520000000002,0.0,4.0,51.96,2.0,2.0,1.0,1.0,0.0,7.0,2.0,17.0,0.0,0.0,0.0,90.0,0.0,1.0,0.0,0
5309269,388.92400000000015,3.7329000000000025,0.0,5.0,41.37,3.0,3.0,1.0,2.0,1.0,7.0,4.0,26.0,1.0,0.0,1.0,136.0,0.0,3.0,1.0,0
666372,376.1990000000001,3.246600000000002,1.0,6.0,77.24000000000001,3.0,3.0,2.0,1.0,0.0,8.0,4.0,25.0,1.0,0.0,1.0,126.0,0.0,2.0,0.0,0
652330,321.258,3.421720000000001,1.0,4.0,67.49000000000001,2.0,3.0,1.0,2.0,0.0,8.0,3.0,23.0,0.0,0.0,0.0,118.0,0.0,2.0,0.0,0
6604825,407.0970000000001,-0.6869000000000003,2.0,11.0,157.67,1.0,2.0,0.0,2.0,2.0,13.0,4.0,23.0,2.0,0.0,2.0,124.0,0.0,4.0,0.0,0
5308175,346.45200000000017,2.3909,1.0,3.0,66.48,4.0,1.0,1.0,0.0,0.0,6.0,3.0,24.0,2.0,1.0,1.0,128.0,0.0,1.0,2.0,0
665676,401.42200000000014,4.673100000000003,1.0,6.0,86.48,6.0,4.0,3.0,1.0,0.0,7.0,4.0,30.0,0.0,0.0,0.0,150.0,0.0,1.0,1.0,0
3240830,367.405,2.1606000000000005,1.0,6.0,82.45000000000002,7.0,3.0,2.0,1.0,0.0,7.0,3.0,27.0,0.0,0.0,0.0,140.0,0.0,1.0,1.0,0
665503,464.5470000000003,2.7573100000000004,1.0,8.0,106.52,4.0,4.0,1.0,3.0,1.0,9.0,5.0,33.0,1.0,0.0,1.0,170.0,0.0,4.0,0.0,0
722048,246.33499999999995,2.32842,2.0,3.0,69.11,3.0,2.0,1.0,1.0,0.0,4.0,2.0,17.0,0.0,0.0,0.0,88.0,0.0,1.0,1.0,0
5389901,423.51300000000026,3.243800000000001,1.0,6.0,82.97,9.0,2.0,1.0,1.0,1.0,7.0,3.0,31.0,1.0,0.0,1.0,164.0,0.0,2.0,1.0,0
6603942,491.6510000000003,5.960800000000006,1.0,4.0,58.220000000000006,10.0,3.0,2.0,1.0,1.0,6.0,5.0,36.0,2.0,2.0,0.0,192.0,0.0,1.0,0.0,1
3239354,374.4850000000002,1.9516,2.0,5.0,87.19999999999999,10.0,2.0,1.0,1.0,0.0,7.0,2.0,27.0,0.0,0.0,0.0,148.0,0.0,1.0,1.0,0
1034468,351.79300000000006,4.583300000000003,1.0,4.0,60.06,4.0,4.0,2.0,2.0,0.0,6.0,4.0,25.0,0.0,0.0,0.0,124.0,0.0,2.0,1.0,0
1169238,338.3960000000003,2.5786800000000003,1.0,7.0,95.97,2.0,3.0,0.0,3.0,0.0,8.0,4.0,24.0,1.0,1.0,0.0,120.0,0.0,3.0,1.0,0
2578429,465.34800000000047,2.45702,3.0,4.0,107.61,5.0,1.0,1.0,0.0,2.0,9.0,3.0,29.0,2.0,1.0,1.0,156.0,1.0,1.0,5.0,0
3786084,345.49300000000005,3.312000000000001,2.0,5.0,44.370000000000005,2.0,2.0,1.0,1.0,0.0,6.0,4.0,23.0,2.0,0.0,2.0,120.0,0.0,3.0,1.0,0
664397,364.4450000000001,3.895920000000002,1.0,3.0,62.4,5.0,3.0,2.0,1.0,0.0,5.0,3.0,27.0,0.0,0.0,0.0,140.0,0.0,1.0,1.0,0
300571,244.31900000000005,2.9106200000000007,2.0,3.0,41.13,1.0,2.0,1.0,1.0,0.0,4.0,3.0,17.0,1.0,0.0,1.0,86.0,0.0,2.0,1.0,0
5309268,354.406,3.972400000000002,1.0,5.0,77.5,9.0,3.0,1.0,2.0,0.0,6.0,3.0,26.0,0.0,0.0,0.0,136.0,0.0,2.0,1.0,0
3239547,259.265,1.67902,2.0,4.0,84.22,3.0,2.0,1.0,1.0,0.0,6.0,2.0,19.0,0.0,0.0,0.0,98.0,0.0,1.0,1.0,0
8717,135.21,2.1940600000000003,1.0,1.0,26.02,0.0,1.0,1.0,0.0,0.0,1.0,1.0,10.0,0.0,0.0,0.0,54.0,0.0,0.0,0.0,0
573742,261.331,3.0051000000000005,1.0,5.0,54.88,2.0,3.0,1.0,2.0,0.0,6.0,3.0,17.0,0.0,0.0,0.0,84.0,0.0,2.0,1.0,0
653295,284.315,1.5686999999999998,2.0,4.0,69.64,3.0,1.0,1.0,0.0,2.0,5.0,4.0,21.0,3.0,2.0,1.0,108.0,0.0,1.0,2.0,0
647130,213.236,1.8484,1.0,2.0,38.33,0.0,2.0,2.0,0.0,0.0,3.0,3.0,16.0,1.0,0.0,1.0,80.0,0.0,1.0,1.0,0
5459550,539.6320000000003,5.473200000000005,3.0,5.0,109.52,11.0,4.0,3.0,1.0,0.0,8.0,4.0,40.0,0.0,0.0,0.0,206.0,0.0,1.0,2.0,0
660106,437.4590000000002,3.992600000000003,0.0,8.0,87.97,5.0,6.0,2.0,4.0,0.0,8.0,6.0,33.0,0.0,0.0,0.0,162.0,0.0,4.0,0.0,0
1367143,439.737,3.838700000000003,0.0,4.0,42.010000000000005,5.0,2.0,2.0,0.0,1.0,7.0,3.0,26.0,1.0,0.0,1.0,138.0,0.0,1.0,1.0,0
129053449,566.0580000000002,3.7631000000000014,3.0,8.0,125.91,9.0,3.0,2.0,1.0,1.0,11.0,5.0,40.0,2.0,0.0,2.0,210.0,0.0,3.0,2.0,1
2845797,252.74500000000003,2.0373,1.0,2.0,46.330000000000005,3.0,1.0,1.0,0.0,1.0,4.0,2.0,17.0,1.0,0.0,1.0,92.0,0.0,1.0,1.0,0
646942,316.32,3.537100000000001,1.0,5.0,80.91000000000001,3.0,4.0,1.0,3.0,0.0,6.0,4.0,24.0,0.0,0.0,0.0,116.0,0.0,3.0,1.0,0
118365241,391.3780000000001,3.144000000000002,3.0,5.0,101.16,7.0,3.0,1.0,2.0,0.0,10.0,3.0,28.0,0.0,0.0,0.0,148.0,0.0,2.0,2.0,1
804306,291.328,2.2099,1.0,3.0,74.68,4.0,2.0,2.0,0.0,0.0,6.0,2.0,20.0,0.0,0.0,0.0,104.0,0.0,0.0,0.0,0
16759111,350.31700000000006,2.1347000000000005,0.0,5.0,61.830000000000005,3.0,1.0,1.0,0.0,0.0,7.0,2.0,25.0,1.0,0.0,1.0,132.0,0.0,1.0,0.0,0
2370343,332.35900000000004,4.579420000000004,1.0,5.0,68.38000000000001,3.0,4.0,2.0,2.0,0.0,5.0,4.0,25.0,0.0,0.0,0.0,124.0,0.0,2.0,0.0,0
6604313,454.9660000000002,3.889300000000003,1.0,5.0,72.83,2.0,0.0,0.0,0.0,4.0,7.0,5.0,31.0,5.0,4.0,1.0,172.0,0.0,1.0,0.0,0
2564305,333.4630000000001,3.9974000000000016,1.0,6.0,54.88,5.0,3.0,1.0,2.0,0.0,7.0,3.0,21.0,0.0,0.0,0.0,106.0,0.0,2.0,1.0,0
3235662,352.34600000000006,3.3891000000000018,1.0,6.0,90.66,5.0,3.0,2.0,1.0,0.0,7.0,3.0,26.0,0.0,0.0,0.0,132.0,0.0,1.0,1.0,0
9554615,324.134,2.3889000000000005,3.0,4.0,100.85,3.0,2.0,1.0,1.0,0.0,7.0,2.0,19.0,0.0,0.0,0.0,98.0,0.0,1.0,1.0,0
2961286,394.3020000000002,3.896200000000002,0.0,4.0,45.67,6.0,2.0,1.0,1.0,1.0,7.0,3.0,26.0,1.0,0.0,1.0,138.0,0.0,2.0,1.0,1
5871620,291.3070000000001,0.6321999999999999,0.0,6.0,83.79,6.0,2.0,1.0,1.0,0.0,7.0,2.0,21.0,0.0,0.0,0.0,112.0,0.0,1.0,0.0,0
977705,348.80500000000006,3.206700000000001,0.0,3.0,32.78,4.0,2.0,2.0,0.0,1.0,6.0,3.0,24.0,1.0,0.0,1.0,126.0,0.0,1.0,1.0,0
666615,488.5880000000003,3.737300000000003,0.0,8.0,77.02000000000001,7.0,3.0,2.0,1.0,1.0,8.0,5.0,36.0,2.0,1.0,1.0,188.0,0.0,2.0,0.0,0
662525,430.46500000000015,2.4958,3.0,8.0,124.16,7.0,3.0,2.0,1.0,0.0,11.0,3.0,30.0,0.0,0.0,0.0,156.0,0.0,1.0,2.0,0
2887746,244.272,-0.4130999999999998,1.0,5.0,75.71000000000001,2.0,0.0,0.0,0.0,2.0,7.0,2.0,16.0,2.0,0.0,2.0,88.0,0.0,2.0,3.0,0
2854991,382.4600000000001,2.2061,1.0,5.0,67.87,9.0,2.0,2.0,0.0,1.0,6.0,3.0,28.0,1.0,0.0,1.0,148.0,0.0,1.0,2.0,0
685437,297.40500000000003,2.572580000000001,1.0,5.0,71.95,3.0,2.0,1.0,1.0,0.0,7.0,2.0,19.0,0.0,0.0,0.0,102.0,0.0,1.0,0.0,0
244,108.13999999999996,1.1789,1.0,1.0,20.23,1.0,1.0,1.0,0.0,0.0,1.0,1.0,8.0,0.0,0.0,0.0,42.0,0.0,0.0,0.0,0
22883,216.62,1.2957,2.0,3.0,66.76,4.0,1.0,1.0,0.0,0.0,5.0,1.0,14.0,0.0,0.0,0.0,76.0,0.0,0.0,0.0,0
660099,211.221,-0.5780200000000002,2.0,5.0,105.21,5.0,0.0,0.0,0.0,0.0,6.0,0.0,15.0,0.0,0.0,0.0,82.0,0.0,0.0,1.0,0
2997903,433.3670000000002,2.4224,2.0,6.0,106.20000000000002,6.0,2.0,2.0,0.0,1.0,11.0,4.0,31.0,2.0,0.0,2.0,162.0,0.0,2.0,4.0,0
676307,268.268,3.1742000000000017,1.0,4.0,59.67,2.0,3.0,2.0,1.0,0.0,4.0,3.0,20.0,0.0,0.0,0.0,100.0,0.0,1.0,0.0,0
3237042,422.5290000000001,2.891500000000001,1.0,5.0,76.34,7.0,3.0,1.0,2.0,1.0,7.0,4.0,31.0,1.0,0.0,1.0,164.0,0.0,3.0,2.0,0
3237445,365.4370000000002,2.3395200000000003,1.0,6.0,81.81,4.0,3.0,1.0,2.0,1.0,7.0,4.0,27.0,1.0,1.0,0.0,140.0,0.0,2.0,1.0,0
666086,353.8090000000001,3.3632000000000017,1.0,5.0,81.04,2.0,2.0,1.0,1.0,1.0,6.0,4.0,25.0,2.0,1.0,1.0,126.0,0.0,2.0,0.0,0
1069012,486.5570000000002,3.9720200000000014,2.0,8.0,110.91,6.0,5.0,3.0,2.0,0.0,10.0,5.0,35.0,0.0,0.0,0.0,176.0,0.0,2.0,0.0,0
644840,331.44100000000003,3.280000000000002,0.0,6.0,57.01,4.0,2.0,1.0,1.0,0.0,6.0,3.0,23.0,1.0,0.0,1.0,122.0,0.0,2.0,0.0,0
651246,391.42400000000015,1.5288999999999997,3.0,6.0,128.98000000000002,6.0,1.0,1.0,0.0,0.0,9.0,2.0,28.0,1.0,0.0,1.0,152.0,0.0,1.0,3.0,0
6880170,452.5180000000001,4.968520000000004,0.0,8.0,91.1,5.0,5.0,1.0,4.0,0.0,8.0,6.0,34.0,1.0,1.0,0.0,170.0,0.0,4.0,0.0,0
2124522,328.35300000000007,1.7229,0.0,8.0,86.97,4.0,3.0,1.0,2.0,0.0,8.0,3.0,23.0,0.0,0.0,0.0,116.0,0.0,2.0,0.0,0
3131363,266.344,3.446320000000002,1.0,3.0,38.05,3.0,3.0,2.0,1.0,0.0,3.0,3.0,20.0,0.0,0.0,0.0,102.0,0.0,1.0,0.0,0
646103,297.31,3.028400000000002,0.0,5.0,61.44,5.0,3.0,1.0,2.0,0.0,5.0,3.0,22.0,0.0,0.0,0.0,112.0,0.0,2.0,0.0,0
3238772,333.45400000000024,-0.5034999999999974,1.0,5.0,78.95,6.0,0.0,0.0,0.0,2.0,8.0,2.0,22.0,2.0,0.0,2.0,128.0,0.0,2.0,1.0,0
2951616,259.26500000000004,0.4583999999999997,1.0,5.0,75.43,2.0,2.0,1.0,1.0,1.0,6.0,3.0,19.0,1.0,0.0,1.0,98.0,0.0,2.0,2.0,0
2974470,352.38700000000006,1.2091999999999998,2.0,4.0,98.49,7.0,2.0,2.0,0.0,0.0,8.0,2.0,24.0,0.0,0.0,0.0,128.0,0.0,0.0,1.0,0
665725,384.3920000000001,1.63757,1.0,7.0,97.29,2.0,4.0,1.0,3.0,0.0,9.0,4.0,27.0,0.0,0.0,0.0,136.0,0.0,3.0,0.0,0
2210679,362.8420000000001,2.9064400000000017,0.0,6.0,77.74000000000001,4.0,3.0,2.0,1.0,0.0,8.0,3.0,24.0,0.0,0.0,0.0,124.0,0.0,1.0,0.0,0
439744,307.087,0.9512,3.0,3.0,83.55,3.0,1.0,1.0,0.0,0.0,5.0,1.0,14.0,0.0,0.0,0.0,76.0,0.0,0.0,0.0,0
2189526,311.206,2.6639,1.0,3.0,55.400000000000006,5.0,1.0,1.0,0.0,0.0,9.0,1.0,21.0,0.0,0.0,0.0,116.0,0.0,0.0,1.0,0
3238769,342.5100000000001,3.6694900000000015,2.0,7.0,74.6,6.0,1.0,0.0,1.0,0.0,9.0,1.0,18.0,0.0,0.0,0.0,100.0,0.0,1.0,0.0,0
3241656,344.8020000000001,3.7503600000000015,1.0,5.0,72.95,4.0,3.0,1.0,2.0,0.0,7.0,3.0,24.0,0.0,0.0,0.0,124.0,0.0,2.0,1.0,0
666659,454.55600000000027,2.6035000000000004,0.0,10.0,91.09,5.0,4.0,1.0,3.0,1.0,10.0,5.0,32.0,1.0,0.0,1.0,168.0,0.0,4.0,0.0,0
1084704,356.40300000000013,3.323300000000001,3.0,5.0,91.56,6.0,3.0,1.0,2.0,0.0,7.0,3.0,25.0,0.0,0.0,0.0,128.0,0.0,2.0,1.0,0
5309895,359.385,3.6239000000000017,1.0,5.0,63.690000000000005,3.0,3.0,2.0,1.0,0.0,6.0,5.0,27.0,2.0,0.0,2.0,134.0,0.0,3.0,1.0,0
5308565,433.5740000000003,4.012740000000003,0.0,5.0,83.72,6.0,2.0,1.0,1.0,1.0,8.0,3.0,30.0,1.0,0.0,1.0,164.0,0.0,2.0,1.0,0
2297013,335.40600000000006,3.3134000000000023,0.0,7.0,57.12,4.0,1.0,1.0,0.0,0.0,7.0,3.0,22.0,2.0,0.0,2.0,114.0,0.0,2.0,0.0,0
92044604,362.3400000000001,2.07582,4.0,5.0,115.82,5.0,3.0,0.0,3.0,0.0,10.0,3.0,26.0,0.0,0.0,0.0,136.0,0.0,3.0,2.0,1
649220,499.6190000000004,3.858320000000002,1.0,8.0,92.17,6.0,4.0,2.0,2.0,2.0,9.0,6.0,37.0,2.0,1.0,1.0,192.0,0.0,3.0,0.0,0
9595218,301.386,3.049300000000001,3.0,4.0,73.05000000000001,0.0,1.0,1.0,0.0,2.0,4.0,4.0,22.0,3.0,3.0,0.0,118.0,0.0,0.0,0.0,0
2237015,354.4720000000001,2.07302,1.0,4.0,75.71000000000001,6.0,1.0,1.0,0.0,1.0,7.0,2.0,24.0,1.0,1.0,0.0,134.0,0.0,0.0,1.0,0
71247850,508.5290000000003,3.569300000000002,2.0,8.0,103.19,7.0,4.0,2.0,2.0,1.0,11.0,5.0,37.0,1.0,0.0,1.0,192.0,0.0,3.0,1.0,1
648663,295.342,2.5055000000000005,1.0,4.0,53.93,4.0,2.0,2.0,0.0,0.0,5.0,3.0,22.0,1.0,0.0,1.0,112.0,0.0,1.0,1.0,0
741280,251.289,2.11918,1.0,4.0,71.81,2.0,2.0,1.0,1.0,0.0,4.0,3.0,19.0,1.0,0.0,1.0,94.0,0.0,2.0,0.0,0
661408,338.39200000000005,2.682900000000001,1.0,5.0,75.19,3.0,3.0,2.0,1.0,1.0,7.0,4.0,24.0,1.0,0.0,1.0,120.0,0.0,2.0,2.0,0
2956882,429.4760000000003,4.094900000000003,2.0,6.0,85.35000000000001,2.0,3.0,2.0,1.0,0.0,7.0,6.0,32.0,3.0,1.0,2.0,162.0,0.0,3.0,0.0,0
650872,308.315,1.1071,1.0,6.0,92.78,4.0,1.0,1.0,0.0,1.0,8.0,2.0,21.0,1.0,0.0,1.0,110.0,0.0,1.0,3.0,0
145995667,512.5490000000002,4.108900000000003,1.0,9.0,102.47,6.0,5.0,1.0,4.0,0.0,11.0,6.0,38.0,1.0,0.0,1.0,192.0,0.0,5.0,1.0,1
665681,486.6480000000003,4.532440000000004,1.0,10.0,94.82,5.0,4.0,0.0,4.0,0.0,11.0,5.0,32.0,1.0,0.0,1.0,166.0,0.0,5.0,1.0,0
647490,396.5160000000001,3.5939200000000016,1.0,6.0,69.03999999999999,9.0,3.0,2.0,1.0,0.0,7.0,3.0,28.0,0.0,0.0,0.0,146.0,0.0,1.0,1.0,0
3241286,405.5200000000002,2.3594599999999994,1.0,5.0,92.51,6.0,2.0,1.0,1.0,1.0,8.0,3.0,28.0,1.0,0.0,1.0,152.0,0.0,2.0,1.0,0
3241580,350.4180000000001,2.914220000000001,1.0,3.0,58.64,3.0,2.0,2.0,0.0,0.0,5.0,4.0,26.0,2.0,1.0,1.0,134.0,0.0,1.0,2.0,0
653900,308.36300000000006,1.6851999999999998,0.0,8.0,79.13000000000001,7.0,2.0,1.0,1.0,0.0,8.0,2.0,21.0,0.0,0.0,0.0,112.0,0.0,1.0,0.0,0
135399316,239.32500000000005,1.82712,1.0,5.0,58.64,3.0,2.0,0.0,2.0,0.0,6.0,2.0,15.0,0.0,0.0,0.0,78.0,0.0,2.0,0.0,0
2212953,406.46000000000015,2.04942,1.0,6.0,102.01,7.0,2.0,2.0,0.0,0.0,9.0,2.0,28.0,0.0,0.0,0.0,150.0,0.0,0.0,1.0,0
2239943,303.35800000000006,2.935900000000001,1.0,4.0,60.7,8.0,2.0,1.0,1.0,0.0,5.0,2.0,22.0,0.0,0.0,0.0,118.0,0.0,1.0,1.0,0
117876237,575.0440000000001,6.0530400000000055,0.0,8.0,95.26,6.0,5.0,2.0,3.0,1.0,11.0,6.0,41.0,1.0,0.0,1.0,210.0,0.0,4.0,1.0,1
659844,410.4990000000002,3.908260000000003,1.0,8.0,122.02,9.0,2.0,1.0,1.0,0.0,8.0,2.0,29.0,0.0,0.0,0.0,150.0,0.0,1.0,0.0,0
2920624,361.4420000000001,0.8866,1.0,5.0,71.11000000000001,7.0,1.0,1.0,0.0,2.0,7.0,3.0,26.0,2.0,0.0,2.0,142.0,0.0,2.0,2.0,0
3238505,381.205,3.0317000000000007,1.0,6.0,69.03999999999999,3.0,2.0,1.0,1.0,0.0,8.0,3.0,23.0,1.0,0.0,1.0,120.0,0.0,2.0,0.0,0
2955956,381.4790000000001,2.1983,1.0,6.0,88.6,4.0,2.0,1.0,1.0,2.0,9.0,4.0,25.0,2.0,0.0,2.0,134.0,0.0,3.0,1.0,0
656032,298.346,2.775920000000001,2.0,4.0,83.98,5.0,2.0,0.0,2.0,0.0,6.0,2.0,22.0,0.0,0.0,0.0,114.0,0.0,2.0,2.0,0
351912,219.291,0.7755000000000001,1.0,7.0,78.1,4.0,1.0,0.0,1.0,0.0,7.0,1.0,13.0,0.0,0.0,0.0,72.0,0.0,1.0,0.0,0
3247217,639.7740000000002,4.208100000000004,0.0,7.0,105.99,8.0,4.0,3.0,1.0,1.0,10.0,6.0,46.0,2.0,1.0,1.0,238.0,0.0,2.0,2.0,0
5307246,366.4250000000001,2.8241000000000014,1.0,7.0,84.64999999999999,4.0,3.0,1.0,2.0,1.0,8.0,4.0,27.0,1.0,0.0,1.0,140.0,0.0,3.0,1.0,0
656358,293.4360000000001,2.8084000000000007,1.0,4.0,45.23,3.0,1.0,0.0,1.0,2.0,5.0,3.0,20.0,2.0,1.0,1.0,110.0,0.0,2.0,1.0,0
655874,332.47300000000007,3.5512000000000024,1.0,5.0,59.81,2.0,2.0,0.0,2.0,0.0,6.0,3.0,23.0,1.0,1.0,0.0,124.0,0.0,2.0,1.0,0
3233088,428.5510000000001,5.543400000000006,0.0,2.0,23.550000000000004,4.0,3.0,3.0,0.0,2.0,4.0,5.0,32.0,2.0,0.0,2.0,164.0,1.0,2.0,1.0,0
691990,262.31600000000003,3.963800000000002,2.0,4.0,49.84,4.0,3.0,1.0,2.0,0.0,4.0,3.0,20.0,0.0,0.0,0.0,98.0,0.0,2.0,0.0,0
746584,289.38200000000006,4.088420000000003,0.0,3.0,29.020000000000003,4.0,3.0,2.0,1.0,0.0,3.0,3.0,22.0,0.0,0.0,0.0,110.0,0.0,1.0,0.0,0
5308153,382.5140000000002,3.6674000000000015,0.0,7.0,52.71,6.0,4.0,2.0,2.0,0.0,7.0,4.0,26.0,0.0,0.0,0.0,132.0,0.0,2.0,0.0,0
1281358,412.46700000000016,3.218600000000001,0.0,5.0,80.06000000000002,5.0,3.0,2.0,1.0,1.0,8.0,4.0,29.0,1.0,0.0,1.0,150.0,0.0,2.0,1.0,0
89536143,388.4310000000001,3.911200000000002,3.0,5.0,104.82,5.0,4.0,1.0,3.0,0.0,8.0,4.0,29.0,0.0,0.0,0.0,146.0,0.0,3.0,2.0,1
419706,210.327,2.3471,1.0,4.0,38.91,3.0,2.0,1.0,1.0,0.0,4.0,2.0,13.0,0.0,0.0,0.0,68.0,0.0,1.0,0.0,0
654080,230.14499999999995,2.2799,2.0,2.0,65.97999999999999,1.0,2.0,1.0,1.0,0.0,7.0,2.0,16.0,0.0,0.0,0.0,84.0,0.0,1.0,0.0,0
664258,422.8240000000002,4.501220000000003,0.0,6.0,85.78,3.0,4.0,2.0,2.0,0.0,8.0,5.0,30.0,1.0,0.0,1.0,150.0,0.0,3.0,1.0,0
651098,452.51100000000014,3.0111,2.0,6.0,109.86,8.0,2.0,1.0,1.0,1.0,9.0,4.0,33.0,2.0,1.0,1.0,174.0,0.0,2.0,3.0,0
3240131,271.272,2.6457000000000006,2.0,3.0,75.63,4.0,2.0,2.0,0.0,0.0,5.0,2.0,20.0,0.0,0.0,0.0,102.0,0.0,0.0,1.0,0
1255527,285.734,4.050080000000002,2.0,2.0,64.92,3.0,2.0,2.0,0.0,0.0,5.0,2.0,20.0,0.0,0.0,0.0,100.0,0.0,0.0,2.0,0
2670170,436.9650000000002,2.594400000000001,1.0,5.0,72.96,5.0,2.0,2.0,0.0,1.0,9.0,3.0,29.0,1.0,0.0,1.0,156.0,0.0,1.0,1.0,0
2213117,340.8800000000001,3.6789000000000014,1.0,6.0,65.96000000000001,8.0,2.0,1.0,1.0,0.0,7.0,2.0,22.0,0.0,0.0,0.0,120.0,0.0,1.0,0.0,0
3241802,406.435,2.736300000000001,1.0,5.0,84.94,4.0,2.0,2.0,0.0,1.0,9.0,4.0,28.0,2.0,0.0,2.0,148.0,0.0,2.0,1.0,0
135401674,285.369,0.9292999999999996,1.0,6.0,75.43,6.0,1.0,0.0,1.0,0.0,7.0,1.0,19.0,0.0,0.0,0.0,106.0,0.0,1.0,1.0,0
658907,314.3070000000001,3.150000000000002,0.0,3.0,32.78,3.0,1.0,1.0,0.0,1.0,7.0,2.0,22.0,1.0,0.0,1.0,120.0,0.0,1.0,1.0,0
650720,258.346,2.953500000000001,1.0,3.0,41.99,5.0,2.0,1.0,1.0,0.0,4.0,2.0,18.0,0.0,0.0,0.0,92.0,0.0,1.0,1.0,0
3239992,373.41200000000015,2.78,1.0,4.0,74.91,5.0,3.0,2.0,1.0,0.0,6.0,4.0,28.0,1.0,0.0,1.0,140.0,0.0,2.0,2.0,0
654833,491.63500000000033,3.0431,1.0,5.0,103.86,8.0,2.0,2.0,0.0,2.0,10.0,4.0,33.0,2.0,1.0,1.0,178.0,0.0,1.0,1.0,0
117890064,542.6150000000001,5.093220000000007,1.0,9.0,98.42000000000002,7.0,5.0,2.0,3.0,1.0,10.0,6.0,40.0,1.0,0.0,1.0,206.0,0.0,4.0,0.0,1
662566,402.5160000000001,2.590700000000001,0.0,5.0,66.92,6.0,2.0,2.0,0.0,1.0,7.0,3.0,28.0,1.0,0.0,1.0,150.0,0.0,1.0,1.0,0
3233724,338.426,3.958400000000003,0.0,2.0,23.550000000000004,2.0,2.0,2.0,0.0,2.0,4.0,4.0,25.0,2.0,0.0,2.0,130.0,1.0,2.0,1.0,0
2572931,290.392,2.2741000000000007,1.0,5.0,59.81,4.0,2.0,1.0,1.0,0.0,6.0,2.0,20.0,0.0,0.0,0.0,106.0,0.0,1.0,1.0,0
92044615,340.38700000000006,2.22072,4.0,5.0,115.82,4.0,3.0,0.0,3.0,0.0,8.0,3.0,25.0,0.0,0.0,0.0,130.0,0.0,3.0,2.0,1
2896,143.14600000000002,-1.2987000000000002,2.0,4.0,78.92,2.0,0.0,0.0,0.0,0.0,5.0,1.0,10.0,1.0,0.0,1.0,56.0,0.0,1.0,0.0,0
2999200,283.401,1.2430999999999996,1.0,6.0,72.70000000000002,4.0,1.0,0.0,1.0,1.0,7.0,2.0,19.0,1.0,1.0,0.0,106.0,0.0,1.0,1.0,0
16758734,680.7040000000005,0.5277000000000036,2.0,15.0,213.86,8.0,0.0,0.0,0.0,5.0,16.0,5.0,48.0,5.0,3.0,2.0,266.0,0.0,2.0,2.0,0
10867,214.33300000000008,4.120000000000003,0.0,1.0,0.0,4.0,2.0,2.0,0.0,0.0,1.0,2.0,15.0,0.0,0.0,0.0,76.0,0.0,0.0,0.0,0
270006,180.598,1.3156999999999994,0.0,4.0,43.6,1.0,2.0,1.0,1.0,0.0,5.0,2.0,12.0,0.0,0.0,0.0,60.0,0.0,1.0,0.0,0
2198447,273.716,2.3322000000000003,1.0,4.0,56.790000000000006,6.0,1.0,1.0,0.0,0.0,6.0,1.0,18.0,0.0,0.0,0.0,100.0,0.0,0.0,1.0,0
659336,403.448,4.350720000000004,2.0,3.0,42.5,4.0,3.0,2.0,1.0,1.0,7.0,4.0,29.0,1.0,0.0,1.0,154.0,0.0,2.0,0.0,0
658737,222.29100000000005,3.72552,2.0,1.0,41.81,1.0,3.0,2.0,1.0,0.0,2.0,3.0,17.0,0.0,0.0,0.0,84.0,0.0,1.0,0.0,0
666728,331.41200000000015,2.3765,0.0,5.0,51.91,8.0,2.0,1.0,1.0,0.0,5.0,3.0,24.0,1.0,1.0,0.0,130.0,0.0,1.0,0.0,0
3235863,429.56100000000026,3.136400000000002,1.0,6.0,72.80000000000001,8.0,2.0,1.0,1.0,1.0,7.0,3.0,31.0,1.0,0.0,1.0,170.0,0.0,2.0,1.0,0
2929617,342.4390000000001,2.981700000000002,0.0,4.0,49.85,3.0,1.0,1.0,0.0,3.0,5.0,4.0,25.0,3.0,1.0,2.0,134.0,0.0,2.0,2.0,0
3238832,334.4820000000001,1.3695,1.0,4.0,75.71000000000001,9.0,0.0,0.0,0.0,1.0,7.0,1.0,22.0,1.0,0.0,1.0,130.0,0.0,1.0,1.0,0
1082588,364.46700000000016,2.949920000000001,0.0,6.0,72.64,3.0,2.0,1.0,1.0,1.0,7.0,3.0,25.0,1.0,0.0,1.0,136.0,0.0,2.0,0.0,0
650101,276.343,3.298300000000002,0.0,4.0,43.6,1.0,3.0,1.0,2.0,0.0,4.0,4.0,21.0,1.0,0.0,1.0,104.0,0.0,3.0,0.0,0
2539361,389.3710000000002,1.2620999999999998,0.0,9.0,108.97,3.0,4.0,2.0,2.0,0.0,9.0,5.0,29.0,1.0,0.0,1.0,144.0,0.0,3.0,0.0,0
5389867,410.4700000000001,3.3286000000000024,1.0,6.0,88.96000000000001,9.0,2.0,1.0,1.0,1.0,7.0,3.0,30.0,1.0,0.0,1.0,158.0,0.0,2.0,1.0,0
2997107,287.334,3.072400000000001,1.0,2.0,46.17,1.0,1.0,1.0,0.0,0.0,4.0,3.0,21.0,2.0,1.0,1.0,110.0,0.0,1.0,1.0,0
3237585,397.3530000000003,1.7808,0.0,6.0,73.66000000000001,2.0,2.0,1.0,1.0,2.0,10.0,4.0,28.0,2.0,0.0,2.0,150.0,1.0,3.0,1.0,0
3234126,379.4450000000001,3.305000000000001,1.0,8.0,81.93,6.0,4.0,1.0,3.0,0.0,8.0,4.0,27.0,0.0,0.0,0.0,136.0,0.0,3.0,0.0,0
3234556,392.3650000000001,4.258900000000002,0.0,6.0,69.9,4.0,4.0,2.0,2.0,1.0,8.0,5.0,29.0,1.0,1.0,0.0,144.0,0.0,2.0,0.0,0
117876847,577.0160000000001,4.394220000000003,1.0,9.0,115.37000000000002,5.0,5.0,2.0,3.0,1.0,12.0,6.0,41.0,1.0,0.0,1.0,210.0,0.0,4.0,1.0,1
665902,356.42900000000003,4.275520000000003,1.0,5.0,59.81,2.0,3.0,1.0,2.0,0.0,5.0,5.0,27.0,2.0,1.0,1.0,134.0,0.0,3.0,0.0,0
2346958,300.788,3.8111200000000016,0.0,5.0,43.370000000000005,4.0,2.0,0.0,2.0,0.0,6.0,2.0,18.0,0.0,0.0,0.0,94.0,0.0,2.0,0.0,0
667299,490.6140000000002,3.3880000000000017,1.0,9.0,88.80999999999999,5.0,5.0,2.0,3.0,0.0,10.0,6.0,34.0,1.0,0.0,1.0,172.0,0.0,4.0,0.0,0
647117,452.5540000000003,1.85152,0.0,6.0,93.22,4.0,2.0,2.0,0.0,1.0,10.0,4.0,30.0,2.0,0.0,2.0,162.0,0.0,2.0,0.0,0
3236347,371.418,2.3644000000000007,0.0,6.0,93.37,4.0,3.0,2.0,1.0,0.0,8.0,4.0,26.0,1.0,0.0,1.0,134.0,0.0,2.0,1.0,0
135453558,390.4840000000001,2.3024000000000004,1.0,5.0,69.30000000000001,6.0,2.0,1.0,1.0,1.0,8.0,3.0,27.0,1.0,0.0,1.0,144.0,0.0,2.0,1.0,0
117876733,548.9810000000001,6.067720000000006,0.0,7.0,86.03,5.0,5.0,2.0,3.0,1.0,11.0,6.0,39.0,1.0,0.0,1.0,198.0,0.0,4.0,1.0,1
645866,454.6150000000003,3.711540000000002,2.0,4.0,77.67,7.0,2.0,1.0,1.0,2.0,7.0,4.0,33.0,2.0,1.0,1.0,180.0,0.0,2.0,2.0,0
644822,357.5420000000001,4.018480000000005,1.0,4.0,50.5,4.0,1.0,1.0,0.0,1.0,4.0,2.0,26.0,1.0,0.0,1.0,144.0,0.0,1.0,0.0,0
3241038,216.24,2.721520000000001,1.0,3.0,51.22,1.0,2.0,1.0,1.0,0.0,4.0,2.0,16.0,0.0,0.0,0.0,82.0,0.0,1.0,1.0,0
2330417,402.8820000000001,3.021320000000001,0.0,7.0,68.96000000000001,9.0,3.0,0.0,3.0,0.0,8.0,3.0,28.0,0.0,0.0,0.0,148.0,0.0,3.0,0.0,0
665299,408.211,4.386000000000002,1.0,4.0,79.2,2.0,4.0,2.0,2.0,0.0,7.0,5.0,26.0,1.0,0.0,1.0,126.0,0.0,3.0,2.0,1
664394,313.3570000000001,1.00642,1.0,6.0,69.16,3.0,3.0,1.0,2.0,0.0,6.0,3.0,23.0,0.0,0.0,0.0,120.0,0.0,2.0,0.0,0
2999269,407.39200000000005,3.2284000000000006,2.0,4.0,70.67,5.0,2.0,2.0,0.0,1.0,9.0,3.0,29.0,1.0,0.0,1.0,154.0,0.0,1.0,2.0,0
2846938,364.44200000000006,2.053199999999999,2.0,5.0,93.73,11.0,1.0,1.0,0.0,0.0,7.0,1.0,26.0,0.0,0.0,0.0,144.0,0.0,0.0,2.0,0
664787,257.29299999999995,2.739820000000001,1.0,5.0,64.11,4.0,2.0,1.0,1.0,0.0,5.0,2.0,19.0,0.0,0.0,0.0,98.0,0.0,1.0,0.0,0
1017508,418.3350000000001,3.851900000000003,1.0,4.0,44.81,5.0,2.0,2.0,0.0,1.0,6.0,3.0,26.0,1.0,0.0,1.0,138.0,0.0,1.0,1.0,0
2571531,456.54900000000026,3.3449000000000018,0.0,10.0,95.56,7.0,4.0,1.0,3.0,0.0,10.0,4.0,31.0,0.0,0.0,0.0,160.0,0.0,3.0,0.0,0
3236698,418.5150000000004,2.5726400000000007,0.0,6.0,81.87,5.0,2.0,1.0,1.0,2.0,8.0,4.0,29.0,2.0,0.0,2.0,156.0,1.0,3.0,1.0,0
675152,235.3269999999999,1.9122,1.0,3.0,32.7,5.0,1.0,1.0,0.0,1.0,3.0,2.0,17.0,1.0,0.0,1.0,94.0,0.0,1.0,0.0,0
2162790,362.4510000000001,2.1826,2.0,4.0,84.5,9.0,2.0,2.0,0.0,0.0,7.0,2.0,25.0,0.0,0.0,0.0,134.0,0.0,0.0,1.0,0
2862852,269.322,2.591800000000001,1.0,5.0,64.63,3.0,1.0,0.0,1.0,0.0,6.0,2.0,18.0,1.0,1.0,0.0,98.0,0.0,1.0,1.0,0
666915,392.4800000000001,4.660400000000004,0.0,6.0,65.1,3.0,4.0,1.0,3.0,1.0,6.0,5.0,28.0,1.0,1.0,0.0,142.0,0.0,3.0,0.0,0
2998986,317.37000000000006,1.36458,1.0,5.0,82.43,4.0,1.0,1.0,0.0,2.0,7.0,3.0,22.0,2.0,0.0,2.0,114.0,1.0,2.0,3.0,0
49830710,353.44700000000006,4.0131200000000025,1.0,5.0,64.11,5.0,3.0,1.0,2.0,0.0,6.0,3.0,25.0,0.0,0.0,0.0,128.0,0.0,2.0,1.0,1
135415455,376.37200000000007,2.6491000000000007,1.0,7.0,110.97,6.0,4.0,2.0,2.0,0.0,8.0,4.0,28.0,0.0,0.0,0.0,140.0,0.0,2.0,0.0,0
2828376,278.373,4.698000000000005,0.0,3.0,35.53,13.0,0.0,0.0,0.0,0.0,4.0,0.0,18.0,0.0,0.0,0.0,110.0,0.0,0.0,0.0,0
3246530,317.4290000000002,2.7018000000000004,1.0,4.0,49.77,4.0,1.0,1.0,0.0,2.0,4.0,3.0,23.0,2.0,1.0,1.0,126.0,0.0,1.0,0.0,0
1021210,431.5870000000001,4.321640000000003,1.0,8.0,81.93,8.0,3.0,1.0,2.0,0.0,9.0,3.0,29.0,0.0,0.0,0.0,154.0,0.0,2.0,1.0,0
2281640,351.64200000000017,3.520300000000001,1.0,3.0,59.06,4.0,2.0,1.0,1.0,0.0,8.0,2.0,20.0,0.0,0.0,0.0,106.0,0.0,1.0,0.0,0
11948972,636.7020000000002,3.299100000000002,0.0,10.0,144.35000000000002,11.0,1.0,1.0,0.0,2.0,13.0,5.0,46.0,4.0,1.0,3.0,246.0,0.0,3.0,4.0,0
2093024,412.4710000000002,1.0801999999999998,0.0,6.0,92.58,3.0,3.0,2.0,1.0,1.0,9.0,4.0,29.0,1.0,0.0,1.0,150.0,0.0,2.0,1.0,0
3247235,623.7290000000004,4.519820000000005,0.0,7.0,89.67000000000002,7.0,4.0,2.0,2.0,2.0,10.0,7.0,46.0,3.0,1.0,2.0,238.0,0.0,4.0,2.0,0
2999932,260.318,2.4488000000000003,0.0,4.0,46.34,3.0,2.0,0.0,2.0,1.0,5.0,3.0,18.0,1.0,0.0,1.0,92.0,0.0,3.0,1.0,0
135413577,453.5490000000001,3.4513000000000016,1.0,9.0,102.76,8.0,4.0,2.0,2.0,0.0,10.0,4.0,31.0,0.0,0.0,0.0,158.0,0.0,2.0,0.0,0
644800,489.5980000000002,1.000200000000001,3.0,6.0,129.61,8.0,2.0,1.0,1.0,1.0,11.0,3.0,34.0,1.0,0.0,1.0,184.0,0.0,2.0,3.0,0
644895,394.50000000000017,3.3839200000000025,0.0,6.0,60.25000000000001,6.0,3.0,2.0,1.0,0.0,7.0,4.0,28.0,1.0,0.0,1.0,144.0,0.0,2.0,1.0,0
5308702,485.5810000000004,3.268520000000001,1.0,6.0,92.51,9.0,3.0,2.0,1.0,0.0,9.0,4.0,34.0,1.0,0.0,1.0,180.0,0.0,2.0,1.0,0
121416704,387.44700000000006,2.9454200000000013,3.0,6.0,110.75,5.0,4.0,1.0,3.0,0.0,8.0,4.0,29.0,0.0,0.0,0.0,146.0,0.0,3.0,2.0,1
828555,252.29900000000004,0.6434199999999998,1.0,6.0,90.87,2.0,2.0,1.0,1.0,0.0,7.0,2.0,17.0,0.0,0.0,0.0,90.0,0.0,1.0,0.0,0
3241120,465.5060000000003,2.2424,0.0,8.0,82.47000000000001,5.0,3.0,2.0,1.0,1.0,9.0,5.0,34.0,2.0,0.0,2.0,178.0,0.0,3.0,1.0,0
1254594,429.9580000000001,4.799400000000003,1.0,7.0,72.18,6.0,4.0,2.0,2.0,0.0,9.0,4.0,28.0,0.0,0.0,0.0,142.0,0.0,2.0,1.0,0
658903,326.40000000000003,1.90852,1.0,5.0,63.150000000000006,4.0,3.0,1.0,2.0,1.0,6.0,4.0,24.0,1.0,0.0,1.0,126.0,0.0,3.0,0.0,0
3236873,254.3299999999999,0.5401,1.0,3.0,58.64,5.0,0.0,0.0,0.0,2.0,5.0,2.0,18.0,2.0,1.0,1.0,102.0,0.0,1.0,2.0,0
2053110,414.5020000000003,3.614900000000002,0.0,4.0,59.38,5.0,3.0,2.0,1.0,1.0,7.0,4.0,29.0,1.0,0.0,1.0,152.0,0.0,2.0,1.0,0
655980,248.242,0.8233999999999997,1.0,6.0,90.13,5.0,2.0,1.0,1.0,0.0,7.0,2.0,18.0,0.0,0.0,0.0,94.0,0.0,1.0,0.0,0
9568671,300.40200000000004,3.980120000000003,2.0,3.0,61.69,2.0,1.0,1.0,0.0,2.0,4.0,3.0,22.0,2.0,2.0,0.0,118.0,0.0,0.0,1.0,0
652337,401.4670000000002,3.041300000000001,2.0,7.0,84.98,9.0,3.0,1.0,2.0,1.0,9.0,4.0,28.0,1.0,1.0,0.0,146.0,0.0,2.0,1.0,0
663386,360.4650000000001,3.077440000000001,2.0,6.0,65.44,4.0,3.0,2.0,1.0,0.0,6.0,4.0,27.0,1.0,0.0,1.0,138.0,0.0,2.0,0.0,0
5307582,427.55600000000015,3.411100000000002,1.0,7.0,61.59,8.0,4.0,2.0,2.0,1.0,7.0,5.0,32.0,1.0,0.0,1.0,164.0,0.0,3.0,0.0,1
2288386,392.5030000000001,2.4453000000000005,1.0,5.0,67.23,9.0,3.0,2.0,1.0,0.0,6.0,3.0,29.0,0.0,0.0,0.0,152.0,0.0,1.0,1.0,0
5756549,316.451,3.3297000000000017,1.0,4.0,32.34,1.0,1.0,1.0,0.0,1.0,5.0,3.0,21.0,2.0,0.0,2.0,108.0,0.0,2.0,1.0,1
2970016,421.5010000000003,2.4983000000000004,1.0,6.0,79.70000000000002,5.0,3.0,2.0,1.0,1.0,8.0,4.0,31.0,1.0,0.0,1.0,162.0,0.0,2.0,2.0,0
648176,340.40400000000005,4.028620000000003,0.0,6.0,65.22,6.0,3.0,2.0,1.0,0.0,6.0,3.0,24.0,0.0,0.0,0.0,122.0,0.0,1.0,0.0,0
829764,232.283,2.34262,0.0,4.0,46.34,3.0,2.0,1.0,1.0,0.0,4.0,2.0,17.0,0.0,0.0,0.0,90.0,0.0,1.0,0.0,0
1313765,398.4880000000001,3.3828200000000024,1.0,7.0,78.27000000000001,8.0,3.0,2.0,1.0,0.0,8.0,3.0,28.0,0.0,0.0,0.0,146.0,0.0,1.0,1.0,0
5307420,303.4500000000001,2.948800000000001,1.0,3.0,46.92,3.0,1.0,0.0,1.0,1.0,4.0,3.0,22.0,2.0,2.0,0.0,122.0,0.0,1.0,1.0,0
935042,288.73800000000006,2.9735400000000016,0.0,5.0,52.31,3.0,3.0,1.0,2.0,0.0,6.0,3.0,20.0,0.0,0.0,0.0,102.0,0.0,2.0,0.0,0
2948210,340.814,4.086400000000003,1.0,5.0,51.97,3.0,3.0,2.0,1.0,0.0,6.0,4.0,24.0,1.0,0.0,1.0,122.0,0.0,2.0,0.0,0
3245333,314.4290000000001,2.9349200000000017,1.0,2.0,49.41,4.0,1.0,1.0,0.0,2.0,4.0,3.0,23.0,2.0,1.0,1.0,124.0,0.0,1.0,2.0,0
3240334,249.33900000000003,2.500190000000001,1.0,4.0,50.68,3.0,2.0,0.0,2.0,0.0,5.0,2.0,17.0,0.0,0.0,0.0,90.0,0.0,2.0,0.0,0
665989,494.5980000000004,4.430200000000003,1.0,9.0,87.5,8.0,4.0,2.0,2.0,0.0,10.0,5.0,34.0,1.0,0.0,1.0,174.0,0.0,3.0,1.0,0
978300,347.39200000000017,1.6465,1.0,5.0,81.7,6.0,2.0,2.0,0.0,0.0,7.0,3.0,24.0,1.0,0.0,1.0,126.0,0.0,1.0,1.0,0
660,148.16099999999997,1.5382,0.0,2.0,26.3,0.0,1.0,1.0,0.0,0.0,2.0,2.0,11.0,1.0,0.0,1.0,56.0,0.0,1.0,0.0,0
118046445,580.373,3.700400000000003,4.0,6.0,121.36,6.0,3.0,2.0,1.0,1.0,10.0,4.0,34.0,1.0,1.0,0.0,178.0,0.0,1.0,1.0,1
650727,345.3840000000002,1.6669199999999995,1.0,8.0,102.91,3.0,3.0,0.0,3.0,0.0,9.0,4.0,24.0,1.0,1.0,0.0,124.0,0.0,3.0,1.0,0
659938,390.49000000000007,2.827100000000001,0.0,9.0,86.45,5.0,3.0,1.0,2.0,0.0,9.0,3.0,26.0,0.0,0.0,0.0,136.0,0.0,2.0,0.0,0
2999881,226.23900000000003,1.2965799999999998,0.0,4.0,61.92,1.0,2.0,1.0,1.0,0.0,5.0,3.0,17.0,1.0,0.0,1.0,84.0,0.0,2.0,1.0,0
92044641,428.49600000000027,4.370120000000003,3.0,5.0,104.82,5.0,4.0,1.0,3.0,1.0,8.0,5.0,32.0,1.0,0.0,1.0,162.0,0.0,4.0,2.0,1
949919,332.408,0.1413000000000011,1.0,7.0,79.16,4.0,2.0,0.0,2.0,1.0,8.0,3.0,24.0,1.0,0.0,1.0,130.0,0.0,3.0,0.0,0
2975615,400.5000000000001,2.8287000000000004,1.0,4.0,75.71000000000001,4.0,2.0,2.0,0.0,1.0,7.0,4.0,28.0,2.0,0.0,2.0,148.0,0.0,2.0,1.0,0
2093865,359.86,2.36412,1.0,5.0,79.37,5.0,2.0,1.0,1.0,0.0,9.0,2.0,22.0,0.0,0.0,0.0,118.0,0.0,1.0,1.0,0
210074,224.26300000000003,3.1419000000000006,1.0,2.0,37.91,3.0,3.0,2.0,1.0,0.0,3.0,3.0,17.0,0.0,0.0,0.0,84.0,0.0,1.0,0.0,0
2091544,462.5790000000002,4.489900000000003,1.0,8.0,86.85999999999999,7.0,4.0,2.0,2.0,0.0,9.0,4.0,33.0,0.0,0.0,0.0,170.0,0.0,2.0,1.0,0
719144,274.324,2.1197,2.0,4.0,79.9,4.0,2.0,1.0,1.0,0.0,6.0,2.0,20.0,0.0,0.0,0.0,106.0,0.0,1.0,1.0,0
666998,419.91900000000015,3.041120000000001,1.0,8.0,85.57000000000001,4.0,4.0,1.0,3.0,0.0,10.0,4.0,27.0,0.0,0.0,0.0,138.0,0.0,3.0,0.0,0
976757,348.42800000000017,2.9107200000000013,1.0,5.0,74.77000000000001,2.0,2.0,1.0,1.0,1.0,8.0,3.0,24.0,1.0,0.0,1.0,128.0,0.0,2.0,3.0,0
135400595,260.337,1.9678999999999995,2.0,3.0,61.69,2.0,0.0,0.0,0.0,4.0,4.0,5.0,19.0,5.0,4.0,1.0,102.0,0.0,1.0,1.0,0
651734,471.5290000000003,2.956200000000001,2.0,5.0,100.88,9.0,2.0,1.0,1.0,2.0,9.0,4.0,34.0,2.0,1.0,1.0,182.0,0.0,2.0,3.0,0
6333,129.384,1.5776,0.0,0.0,0.0,0.0,0.0,0.0,0.0,0.0,2.0,0.0,3.0,0.0,0.0,0.0,20.0,0.0,0.0,0.0,0
652094,418.3750000000002,3.816200000000002,1.0,6.0,77.75000000000001,3.0,3.0,1.0,2.0,1.0,10.0,5.0,30.0,2.0,1.0,1.0,156.0,0.0,3.0,1.0,0
663906,369.5340000000003,3.880690000000002,0.0,5.0,30.290000000000003,5.0,2.0,1.0,1.0,1.0,5.0,4.0,26.0,2.0,1.0,1.0,138.0,0.0,2.0,0.0,0
2999800,491.66000000000025,4.521200000000004,0.0,8.0,85.0,9.0,3.0,2.0,1.0,0.0,10.0,4.0,32.0,1.0,0.0,1.0,170.0,0.0,2.0,0.0,0
3241646,272.34800000000007,3.1888000000000014,2.0,3.0,57.61,3.0,2.0,1.0,1.0,1.0,4.0,3.0,20.0,1.0,1.0,0.0,106.0,0.0,1.0,0.0,0
2849564,255.339,1.4845000000000004,0.0,3.0,46.61,2.0,1.0,1.0,0.0,1.0,5.0,2.0,17.0,1.0,0.0,1.0,94.0,0.0,1.0,0.0,0
1246565,232.195,1.6555999999999995,1.0,5.0,73.59,2.0,2.0,1.0,1.0,0.0,6.0,3.0,17.0,1.0,0.0,1.0,86.0,0.0,2.0,1.0,0
709746,302.32200000000006,2.749360000000001,0.0,7.0,90.66,1.0,4.0,1.0,3.0,0.0,7.0,4.0,22.0,0.0,0.0,0.0,102.0,0.0,3.0,0.0,0
2981260,472.0140000000002,4.109600000000003,1.0,7.0,72.28,8.0,3.0,2.0,1.0,1.0,9.0,4.0,32.0,1.0,0.0,1.0,168.0,0.0,2.0,1.0,0
1085680,356.40300000000013,1.416,0.0,4.0,74.76,2.0,2.0,2.0,0.0,0.0,7.0,4.0,25.0,2.0,0.0,2.0,128.0,0.0,2.0,2.0,0
5307498,409.82900000000006,3.0966000000000005,1.0,6.0,86.24000000000001,5.0,4.0,2.0,2.0,0.0,8.0,4.0,29.0,0.0,0.0,0.0,146.0,0.0,2.0,1.0,0
16758018,392.5800000000002,4.477900000000004,3.0,3.0,77.76,4.0,0.0,0.0,0.0,4.0,4.0,4.0,28.0,4.0,4.0,0.0,160.0,0.0,0.0,0.0,0
659132,205.648,2.6033800000000005,0.0,3.0,41.61,2.0,2.0,1.0,1.0,0.0,4.0,2.0,14.0,0.0,0.0,0.0,70.0,0.0,1.0,0.0,0
3235227,374.4000000000001,3.292200000000002,0.0,7.0,79.13000000000001,6.0,4.0,2.0,2.0,0.0,7.0,4.0,28.0,0.0,0.0,0.0,140.0,0.0,2.0,0.0,0
644486,411.46200000000016,2.4625000000000004,1.0,8.0,100.39,10.0,3.0,2.0,1.0,0.0,9.0,3.0,30.0,0.0,0.0,0.0,158.0,0.0,1.0,1.0,0
656255,263.128,1.5974,0.0,4.0,51.02,2.0,1.0,0.0,1.0,1.0,7.0,2.0,16.0,1.0,0.0,1.0,88.0,0.0,2.0,1.0,0
754902,190.206,0.0762,0.0,5.0,52.71,0.0,2.0,0.0,2.0,0.0,5.0,3.0,14.0,1.0,0.0,1.0,72.0,0.0,3.0,0.0,0
1637519,276.296,-0.2439000000000004,4.0,6.0,107.37,6.0,2.0,1.0,1.0,0.0,7.0,2.0,20.0,0.0,0.0,0.0,106.0,0.0,1.0,1.0,0
2168969,320.3740000000001,1.8845,2.0,6.0,96.97,6.0,2.0,1.0,1.0,0.0,8.0,2.0,22.0,0.0,0.0,0.0,116.0,0.0,1.0,1.0,0
887542,247.338,3.6912000000000034,2.0,2.0,49.33,4.0,1.0,1.0,0.0,1.0,3.0,2.0,18.0,1.0,1.0,0.0,98.0,0.0,0.0,1.0,0
664630,272.348,2.6751000000000005,1.0,2.0,53.17,4.0,2.0,1.0,1.0,0.0,4.0,2.0,20.0,0.0,0.0,0.0,106.0,0.0,1.0,1.0,0
2227730,278.109,2.4914000000000005,1.0,3.0,54.88,2.0,2.0,0.0,2.0,0.0,5.0,2.0,16.0,0.0,0.0,0.0,80.0,0.0,2.0,1.0,0
900603,327.41700000000003,2.53162,2.0,8.0,94.54,5.0,3.0,1.0,2.0,0.0,8.0,3.0,23.0,0.0,0.0,0.0,118.0,0.0,2.0,0.0,0
16758145,610.5210000000004,-1.6871000000000005,10.0,16.0,269.42999999999995,6.0,3.0,2.0,1.0,2.0,16.0,5.0,43.0,2.0,0.0,2.0,234.0,0.0,3.0,0.0,0
2575543,383.47300000000007,2.1874,2.0,6.0,84.22,8.0,3.0,2.0,1.0,0.0,7.0,3.0,27.0,0.0,0.0,0.0,140.0,0.0,1.0,1.0,0
2301870,367.4810000000001,1.7943999999999998,1.0,8.0,89.77000000000001,7.0,3.0,1.0,2.0,0.0,10.0,3.0,23.0,0.0,0.0,0.0,120.0,0.0,2.0,0.0,0
2086396,470.57600000000025,4.408280000000003,1.0,9.0,99.25,6.0,4.0,1.0,3.0,0.0,10.0,4.0,32.0,0.0,0.0,0.0,166.0,0.0,3.0,1.0,0
16758348,429.5790000000003,2.7281000000000004,1.0,7.0,90.93,4.0,0.0,0.0,0.0,0.0,8.0,1.0,29.0,1.0,0.0,1.0,166.0,0.0,1.0,1.0,0
704289,312.41600000000005,2.2670400000000006,0.0,7.0,61.19,4.0,2.0,0.0,2.0,0.0,7.0,2.0,20.0,0.0,0.0,0.0,108.0,0.0,2.0,0.0,0
3238679,419.5910000000004,3.014800000000001,0.0,4.0,60.93000000000001,4.0,1.0,1.0,0.0,2.0,7.0,4.0,29.0,3.0,0.0,3.0,160.0,0.0,3.0,1.0,0
2123527,404.5130000000002,3.609820000000002,0.0,7.0,68.73,4.0,3.0,1.0,2.0,1.0,8.0,4.0,27.0,1.0,0.0,1.0,142.0,0.0,3.0,1.0,0
2338542,251.245,2.3626000000000005,0.0,5.0,68.88,3.0,3.0,1.0,2.0,0.0,5.0,3.0,19.0,0.0,0.0,0.0,92.0,0.0,2.0,0.0,0
2155653,440.5910000000002,3.4876000000000023,1.0,7.0,105.4,10.0,2.0,1.0,1.0,0.0,10.0,2.0,29.0,0.0,0.0,0.0,160.0,0.0,1.0,1.0,0
3242321,432.4760000000003,2.32212,1.0,5.0,77.1,5.0,2.0,2.0,0.0,2.0,7.0,6.0,32.0,4.0,0.0,4.0,164.0,1.0,4.0,2.0,0
648642,316.3650000000001,0.8818399999999993,1.0,7.0,90.5,3.0,3.0,0.0,3.0,0.0,8.0,3.0,23.0,0.0,0.0,0.0,122.0,0.0,3.0,0.0,0
16758307,552.6640000000003,4.671800000000004,0.0,8.0,89.52000000000002,8.0,2.0,2.0,0.0,0.0,8.0,3.0,40.0,1.0,0.0,1.0,216.0,0.0,1.0,0.0,0
6603803,399.3140000000001,5.562400000000006,1.0,3.0,63.6,7.0,1.0,1.0,0.0,1.0,6.0,3.0,26.0,2.0,2.0,0.0,142.0,0.0,0.0,0.0,0
2200860,468.48700000000014,3.020500000000001,1.0,7.0,103.4,6.0,3.0,3.0,0.0,0.0,10.0,5.0,33.0,2.0,0.0,2.0,170.0,0.0,2.0,1.0,0
135449543,309.369,3.911100000000003,1.0,5.0,59.64,5.0,3.0,2.0,1.0,0.0,5.0,3.0,23.0,0.0,0.0,0.0,118.0,0.0,1.0,0.0,0
95416,254.28500000000005,3.173700000000002,0.0,3.0,43.370000000000005,4.0,2.0,2.0,0.0,0.0,3.0,2.0,19.0,0.0,0.0,0.0,96.0,0.0,0.0,0.0,0
3238820,321.26199999999994,2.7517000000000014,0.0,6.0,65.72,3.0,3.0,1.0,2.0,0.0,9.0,3.0,23.0,0.0,0.0,0.0,118.0,0.0,2.0,0.0,0
2056174,299.355,2.7928,0.0,6.0,48.650000000000006,3.0,3.0,1.0,2.0,0.0,6.0,4.0,21.0,1.0,0.0,1.0,106.0,0.0,3.0,0.0,0
2198,305.374,0.9016999999999992,2.0,5.0,70.0,4.0,1.0,1.0,0.0,2.0,5.0,3.0,22.0,2.0,0.0,2.0,120.0,0.0,2.0,0.0,0
16758728,486.6530000000004,4.137300000000003,2.0,6.0,99.43,7.0,0.0,0.0,0.0,4.0,7.0,4.0,35.0,4.0,3.0,1.0,194.0,0.0,1.0,2.0,0
154732825,494.9910000000002,2.3977000000000004,3.0,9.0,106.48,5.0,3.0,1.0,2.0,3.0,12.0,6.0,35.0,3.0,0.0,3.0,182.0,0.0,5.0,2.0,1
2130721,426.5450000000002,2.0894000000000004,1.0,8.0,101.49,7.0,2.0,1.0,1.0,1.0,11.0,3.0,27.0,1.0,0.0,1.0,144.0,0.0,2.0,1.0,0
22710,175.014,2.805900000000001,0.0,1.0,17.07,1.0,1.0,1.0,0.0,0.0,3.0,1.0,10.0,0.0,0.0,0.0,52.0,0.0,0.0,0.0,0
647188,383.45200000000006,0.5086000000000002,0.0,8.0,74.28999999999999,5.0,3.0,1.0,2.0,1.0,8.0,4.0,28.0,1.0,0.0,1.0,148.0,0.0,3.0,0.0,0
3233953,336.435,4.177900000000003,0.0,3.0,32.78,2.0,2.0,2.0,0.0,2.0,4.0,4.0,25.0,2.0,0.0,2.0,130.0,1.0,2.0,1.0,0
977429,225.219,1.93742,2.0,2.0,66.4,4.0,1.0,1.0,0.0,0.0,5.0,1.0,16.0,0.0,0.0,0.0,86.0,0.0,0.0,1.0,0
3243930,361.423,2.3870000000000005,0.0,6.0,71.97,6.0,2.0,1.0,1.0,1.0,8.0,3.0,25.0,1.0,0.0,1.0,132.0,0.0,2.0,2.0,0
666027,292.36299999999994,4.505580000000003,0.0,4.0,49.82,4.0,3.0,1.0,2.0,0.0,4.0,3.0,21.0,0.0,0.0,0.0,102.0,0.0,2.0,0.0,0
654377,498.58700000000033,4.626420000000004,1.0,8.0,102.07,10.0,5.0,2.0,3.0,0.0,9.0,5.0,37.0,0.0,0.0,0.0,190.0,0.0,3.0,0.0,0
5309941,377.46600000000007,1.5077,0.0,5.0,79.69,4.0,2.0,1.0,1.0,1.0,8.0,3.0,26.0,1.0,0.0,1.0,140.0,0.0,2.0,1.0,0
650488,341.4550000000001,3.582200000000002,2.0,3.0,61.440000000000005,5.0,1.0,1.0,0.0,2.0,5.0,3.0,25.0,2.0,0.0,2.0,134.0,0.0,2.0,2.0,0
3240936,293.348,2.02994,2.0,4.0,91.92,4.0,2.0,1.0,1.0,0.0,7.0,2.0,20.0,0.0,0.0,0.0,106.0,0.0,1.0,0.0,0
2999890,365.4810000000002,3.533680000000002,1.0,5.0,81.91,8.0,2.0,1.0,1.0,1.0,6.0,3.0,27.0,1.0,0.0,1.0,142.0,0.0,2.0,1.0,0
117975089,508.9850000000003,4.749000000000003,2.0,7.0,93.96,7.0,4.0,2.0,2.0,1.0,10.0,5.0,36.0,1.0,0.0,1.0,186.0,0.0,3.0,1.0,1
869610,277.345,2.946500000000001,1.0,4.0,47.56,5.0,2.0,1.0,1.0,0.0,5.0,2.0,19.0,0.0,0.0,0.0,100.0,0.0,1.0,1.0,0
1815814,290.429,1.497,1.0,3.0,66.48,7.0,0.0,0.0,0.0,1.0,6.0,1.0,19.0,1.0,1.0,0.0,112.0,0.0,0.0,1.0,0
3243568,329.4000000000002,1.555699999999999,1.0,3.0,69.72,6.0,1.0,1.0,0.0,2.0,6.0,3.0,24.0,2.0,0.0,2.0,128.0,0.0,2.0,3.0,0
2957949,294.398,3.970500000000004,0.0,2.0,33.2,1.0,2.0,1.0,1.0,0.0,3.0,3.0,22.0,1.0,0.0,1.0,114.0,0.0,2.0,1.0,0
1820,179.15,2.0052,2.0,1.0,53.09,1.0,2.0,1.0,1.0,0.0,4.0,2.0,13.0,0.0,0.0,0.0,66.0,0.0,1.0,0.0,0
6604260,422.4930000000002,2.444500000000001,2.0,6.0,100.90000000000002,3.0,0.0,0.0,0.0,3.0,7.0,4.0,30.0,4.0,4.0,0.0,166.0,0.0,0.0,0.0,0
83871,258.343,0.8851999999999998,2.0,4.0,67.42999999999999,5.0,0.0,0.0,0.0,2.0,6.0,2.0,17.0,2.0,0.0,2.0,96.0,0.0,2.0,2.0,0
1299412,368.4810000000001,3.853840000000004,1.0,4.0,67.23,4.0,2.0,1.0,1.0,1.0,6.0,3.0,27.0,1.0,0.0,1.0,144.0,0.0,2.0,2.0,0
6509749,474.5350000000004,0.1486000000000018,1.0,9.0,105.09000000000002,7.0,2.0,1.0,1.0,1.0,10.0,4.0,33.0,2.0,0.0,2.0,176.0,0.0,3.0,1.0,0
135450619,448.91400000000016,3.2361000000000013,1.0,6.0,96.77,4.0,4.0,2.0,2.0,1.0,9.0,5.0,32.0,1.0,0.0,1.0,162.0,0.0,3.0,1.0,0
662121,200.263,1.3661,2.0,4.0,65.98,1.0,1.0,0.0,1.0,0.0,5.0,1.0,13.0,0.0,0.0,0.0,72.0,0.0,1.0,0.0,0
3237241,335.49200000000013,2.159799999999999,1.0,3.0,52.650000000000006,4.0,0.0,0.0,0.0,3.0,5.0,3.0,24.0,3.0,1.0,2.0,136.0,0.0,2.0,2.0,0
3236137,316.3570000000001,2.46804,3.0,4.0,91.57,7.0,2.0,1.0,1.0,0.0,6.0,2.0,23.0,0.0,0.0,0.0,122.0,0.0,1.0,1.0,0
16757674,396.6590000000001,7.641000000000008,1.0,1.0,20.23,5.0,0.0,0.0,0.0,3.0,1.0,3.0,29.0,3.0,3.0,0.0,162.0,0.0,0.0,0.0,0
555682,230.223,1.4273,1.0,4.0,72.05000000000001,3.0,2.0,1.0,1.0,0.0,5.0,2.0,17.0,0.0,0.0,0.0,86.0,0.0,1.0,0.0,0
135449181,307.398,0.3075000000000024,3.0,6.0,89.85,10.0,1.0,0.0,1.0,0.0,7.0,1.0,22.0,0.0,0.0,0.0,122.0,0.0,1.0,1.0,0
2999249,463.55600000000027,1.6958199999999997,0.0,8.0,115.64,7.0,2.0,0.0,2.0,1.0,10.0,3.0,32.0,1.0,0.0,1.0,174.0,0.0,3.0,1.0,0
644700,427.4610000000002,2.793400000000001,1.0,9.0,109.62000000000002,10.0,3.0,2.0,1.0,0.0,10.0,3.0,31.0,0.0,0.0,0.0,164.0,0.0,1.0,1.0,0
655701,357.4980000000001,4.074720000000003,2.0,2.0,61.440000000000005,2.0,1.0,1.0,0.0,2.0,5.0,3.0,26.0,2.0,0.0,2.0,142.0,0.0,2.0,3.0,0
2372872,319.38900000000007,4.577100000000002,0.0,5.0,51.81,4.0,4.0,2.0,2.0,0.0,5.0,4.0,23.0,0.0,0.0,0.0,112.0,0.0,2.0,0.0,0
20393,278.348,3.758000000000002,1.0,3.0,63.60000000000001,8.0,1.0,1.0,0.0,0.0,4.0,1.0,20.0,0.0,0.0,0.0,110.0,0.0,0.0,0.0,0
649172,408.527,3.196000000000001,0.0,5.0,58.440000000000005,5.0,3.0,2.0,1.0,0.0,7.0,4.0,29.0,1.0,0.0,1.0,150.0,0.0,2.0,2.0,0
703931,276.248,1.4832999999999998,1.0,7.0,82.81,3.0,2.0,1.0,1.0,0.0,7.0,3.0,20.0,1.0,0.0,1.0,104.0,0.0,2.0,0.0,0
3236113,298.389,1.93862,1.0,5.0,68.29,5.0,2.0,1.0,1.0,0.0,7.0,2.0,19.0,0.0,0.0,0.0,102.0,0.0,1.0,0.0,0
656349,468.00400000000025,4.024000000000003,1.0,10.0,91.16,11.0,3.0,1.0,2.0,0.0,11.0,3.0,30.0,0.0,0.0,0.0,160.0,0.0,2.0,0.0,0
3241732,392.48400000000015,2.7611800000000013,1.0,6.0,87.78,8.0,3.0,2.0,1.0,0.0,7.0,3.0,28.0,0.0,0.0,0.0,142.0,0.0,1.0,1.0,0
3240986,448.65400000000034,4.779340000000004,1.0,5.0,72.2,10.0,2.0,1.0,1.0,1.0,7.0,3.0,30.0,1.0,1.0,0.0,164.0,0.0,1.0,1.0,0
649975,488.6610000000004,5.471320000000004,1.0,7.0,79.7,7.0,4.0,1.0,3.0,2.0,8.0,6.0,35.0,2.0,2.0,0.0,182.0,0.0,3.0,0.0,0
653067,404.22,2.6285000000000007,0.0,7.0,83.31,6.0,3.0,2.0,1.0,0.0,8.0,3.0,25.0,0.0,0.0,0.0,128.0,0.0,1.0,0.0,0
135449229,296.39199999999994,2.09812,1.0,5.0,72.05,7.0,1.0,0.0,1.0,0.0,6.0,1.0,20.0,0.0,0.0,0.0,110.0,0.0,1.0,0.0,0
2997959,391.4200000000002,2.948900000000001,1.0,7.0,96.23,11.0,2.0,1.0,1.0,0.0,8.0,2.0,28.0,0.0,0.0,0.0,152.0,0.0,1.0,1.0,0
6605174,346.5230000000001,3.775540000000003,1.0,6.0,58.870000000000005,10.0,2.0,0.0,2.0,0.0,6.0,2.0,25.0,0.0,0.0,0.0,140.0,0.0,2.0,0.0,0
3246691,780.431,10.144299999999994,2.0,4.0,44.07,4.0,7.0,6.0,1.0,0.0,7.0,8.0,43.0,1.0,0.0,1.0,206.0,0.0,2.0,0.0,0
2955434,276.34,0.1692000000000007,3.0,4.0,73.47,4.0,1.0,1.0,0.0,1.0,6.0,2.0,20.0,1.0,0.0,1.0,108.0,0.0,1.0,2.0,0
2997723,469.5570000000003,3.5903000000000027,0.0,5.0,70.16,7.0,2.0,2.0,0.0,1.0,8.0,3.0,34.0,1.0,0.0,1.0,182.0,0.0,1.0,2.0,0
3240396,262.714,1.7295,1.0,3.0,71.44,5.0,1.0,1.0,0.0,0.0,6.0,1.0,16.0,0.0,0.0,0.0,88.0,0.0,0.0,0.0,0
808384,245.257,3.173120000000001,2.0,2.0,54.02,2.0,2.0,1.0,1.0,0.0,5.0,2.0,18.0,0.0,0.0,0.0,92.0,0.0,1.0,2.0,0
16758811,335.35600000000017,0.0667999999999995,1.0,6.0,100.98,4.0,0.0,0.0,0.0,2.0,7.0,3.0,24.0,3.0,2.0,1.0,130.0,0.0,1.0,2.0,0
658463,276.299,2.3210999999999995,1.0,4.0,63.57,2.0,4.0,1.0,3.0,0.0,5.0,4.0,21.0,0.0,0.0,0.0,102.0,0.0,3.0,0.0,0
5413051,295.338,3.821520000000002,1.0,4.0,63.33,3.0,3.0,1.0,2.0,0.0,4.0,3.0,22.0,0.0,0.0,0.0,112.0,0.0,2.0,0.0,0
3245678,384.4320000000001,2.2296,1.0,5.0,84.94000000000001,7.0,1.0,1.0,0.0,2.0,7.0,4.0,28.0,3.0,2.0,1.0,148.0,0.0,1.0,3.0,0
2062280,318.40599999999995,1.1584999999999992,1.0,7.0,89.93,4.0,2.0,0.0,2.0,1.0,8.0,3.0,22.0,1.0,0.0,1.0,116.0,0.0,3.0,1.0,0
898115,328.36800000000005,3.0612000000000013,2.0,4.0,76.66,7.0,2.0,2.0,0.0,0.0,6.0,2.0,24.0,0.0,0.0,0.0,126.0,0.0,0.0,2.0,0
649832,377.4920000000002,3.649000000000002,1.0,4.0,53.4,4.0,3.0,2.0,1.0,1.0,6.0,4.0,28.0,1.0,0.0,1.0,146.0,0.0,2.0,2.0,0
3241947,487.57800000000026,4.231260000000003,1.0,7.0,110.97,10.0,3.0,2.0,1.0,0.0,10.0,3.0,34.0,0.0,0.0,0.0,182.0,0.0,1.0,1.0,0
92044576,335.411,4.108100000000003,3.0,3.0,82.7,4.0,3.0,1.0,2.0,1.0,6.0,4.0,25.0,1.0,1.0,0.0,128.0,0.0,2.0,2.0,1
2394818,346.3350000000001,2.589200000000001,0.0,7.0,72.45000000000002,6.0,2.0,2.0,0.0,0.0,7.0,3.0,25.0,1.0,0.0,1.0,132.0,0.0,1.0,0.0,0
3234927,428.49600000000027,2.3200000000000003,1.0,8.0,85.17,5.0,4.0,2.0,2.0,1.0,8.0,5.0,32.0,1.0,0.0,1.0,162.0,0.0,3.0,0.0,0
1303890,383.88200000000006,3.6239000000000026,0.0,8.0,66.24000000000001,5.0,3.0,1.0,2.0,0.0,9.0,3.0,24.0,0.0,0.0,0.0,126.0,0.0,2.0,0.0,0
650109,357.42900000000003,2.903420000000001,1.0,4.0,44.81,5.0,2.0,2.0,0.0,1.0,6.0,3.0,26.0,1.0,0.0,1.0,138.0,0.0,1.0,1.0,0
3247082,637.7800000000003,6.492000000000008,0.0,5.0,71.85000000000001,7.0,5.0,4.0,1.0,2.0,7.0,8.0,48.0,3.0,1.0,2.0,242.0,0.0,3.0,2.0,0
3245268,399.9440000000003,2.3989000000000003,1.0,3.0,69.72,5.0,1.0,1.0,0.0,2.0,8.0,3.0,26.0,2.0,0.0,2.0,144.0,0.0,2.0,1.0,0
6175,243.219,-2.563,4.0,8.0,130.82999999999998,2.0,1.0,0.0,1.0,1.0,8.0,2.0,17.0,1.0,0.0,1.0,94.0,0.0,2.0,0.0,0
154968127,645.724,3.426720000000002,1.0,10.0,146.35000000000002,6.0,5.0,1.0,4.0,2.0,13.0,8.0,48.0,3.0,0.0,3.0,244.0,1.0,7.0,2.0,1
6858418,216.244,1.5589999999999995,0.0,5.0,52.3,4.0,2.0,1.0,1.0,0.0,5.0,2.0,16.0,0.0,0.0,0.0,82.0,0.0,1.0,0.0,0
665680,402.2480000000001,4.303220000000003,2.0,6.0,90.49,4.0,3.0,2.0,1.0,0.0,7.0,3.0,25.0,0.0,0.0,0.0,128.0,0.0,1.0,0.0,0
3244324,399.4220000000002,3.878600000000003,0.0,6.0,77.69000000000001,8.0,3.0,2.0,1.0,0.0,8.0,3.0,29.0,0.0,0.0,0.0,152.0,0.0,1.0,1.0,0
667376,490.4680000000003,3.845600000000004,0.0,10.0,115.16,7.0,5.0,2.0,3.0,0.0,10.0,5.0,36.0,0.0,0.0,0.0,184.0,0.0,3.0,0.0,0
2997538,439.5840000000003,1.9168,1.0,8.0,98.13,7.0,2.0,0.0,2.0,2.0,10.0,4.0,28.0,2.0,1.0,1.0,150.0,0.0,3.0,1.0,0
89536111,399.4580000000001,3.9224200000000025,3.0,5.0,108.48,3.0,4.0,0.0,4.0,0.0,8.0,5.0,30.0,1.0,1.0,0.0,150.0,0.0,4.0,2.0,1
1306035,424.4560000000001,5.511380000000004,1.0,5.0,84.49000000000001,7.0,4.0,3.0,1.0,0.0,6.0,4.0,32.0,0.0,0.0,0.0,158.0,0.0,1.0,1.0,0
5351836,261.694,0.2566000000000002,1.0,5.0,91.84,2.0,2.0,0.0,2.0,0.0,9.0,2.0,16.0,0.0,0.0,0.0,86.0,0.0,2.0,0.0,0
135402198,449.9230000000002,5.059500000000003,1.0,7.0,89.60000000000001,6.0,5.0,2.0,3.0,0.0,9.0,5.0,31.0,0.0,0.0,0.0,154.0,0.0,3.0,0.0,0
312154,288.24300000000005,2.9499000000000004,2.0,3.0,67.43,2.0,2.0,2.0,0.0,0.0,6.0,3.0,20.0,1.0,0.0,1.0,102.0,0.0,1.0,1.0,0
1010736,350.21200000000016,2.839900000000001,0.0,3.0,38.77,3.0,2.0,2.0,0.0,1.0,5.0,3.0,21.0,1.0,0.0,1.0,110.0,0.0,1.0,1.0,0
646661,317.297,1.5394,1.0,6.0,94.84,6.0,2.0,1.0,1.0,0.0,7.0,2.0,23.0,0.0,0.0,0.0,120.0,0.0,1.0,1.0,0
9556106,569.7460000000001,6.499600000000007,0.0,7.0,65.41000000000001,12.0,3.0,2.0,1.0,0.0,7.0,5.0,42.0,2.0,0.0,2.0,222.0,0.0,3.0,0.0,0
735089,274.345,3.632800000000002,1.0,4.0,51.22,2.0,2.0,1.0,1.0,0.0,5.0,3.0,19.0,1.0,1.0,0.0,98.0,0.0,1.0,1.0,0
135498002,374.4040000000001,3.034800000000002,2.0,8.0,97.45,6.0,4.0,2.0,2.0,0.0,8.0,4.0,28.0,0.0,0.0,0.0,140.0,0.0,2.0,0.0,1
3241671,319.4490000000001,2.8284400000000014,2.0,3.0,65.2,6.0,1.0,0.0,1.0,1.0,5.0,2.0,23.0,1.0,0.0,1.0,128.0,0.0,2.0,1.0,0
2997830,346.4560000000002,2.27144,1.0,6.0,69.04,6.0,2.0,1.0,1.0,1.0,7.0,3.0,24.0,1.0,0.0,1.0,128.0,0.0,2.0,1.0,0
892462,286.335,2.19538,1.0,6.0,74.32,6.0,2.0,1.0,1.0,0.0,6.0,2.0,21.0,0.0,0.0,0.0,110.0,0.0,1.0,0.0,0
2998928,354.362,2.3498,1.0,5.0,88.85000000000001,3.0,2.0,1.0,1.0,1.0,7.0,4.0,26.0,2.0,1.0,1.0,134.0,1.0,2.0,3.0,0
2968490,459.54900000000015,2.914600000000001,1.0,7.0,97.83,6.0,3.0,2.0,1.0,0.0,10.0,4.0,31.0,1.0,0.0,1.0,162.0,0.0,2.0,1.0,0
3233197,302.341,2.7258000000000004,1.0,6.0,87.38000000000001,4.0,3.0,1.0,2.0,0.0,6.0,3.0,23.0,0.0,0.0,0.0,112.0,0.0,2.0,0.0,0
713160,313.3090000000001,2.626500000000001,1.0,5.0,73.86000000000001,4.0,2.0,2.0,0.0,0.0,6.0,3.0,23.0,1.0,0.0,1.0,118.0,0.0,1.0,1.0,0
16757946,484.5450000000003,3.492200000000002,1.0,8.0,112.27,3.0,1.0,0.0,1.0,4.0,8.0,6.0,35.0,5.0,3.0,2.0,188.0,1.0,3.0,0.0,0
135424180,323.3090000000001,-0.888399999999999,3.0,9.0,137.51,2.0,2.0,0.0,2.0,2.0,10.0,4.0,23.0,2.0,0.0,2.0,124.0,0.0,4.0,0.0,0
5308865,427.9570000000001,4.360800000000003,1.0,4.0,54.34,5.0,3.0,1.0,2.0,1.0,7.0,4.0,29.0,1.0,0.0,1.0,150.0,0.0,3.0,2.0,0
665347,379.4160000000001,2.26532,1.0,5.0,78.95,2.0,2.0,2.0,0.0,1.0,7.0,4.0,28.0,2.0,0.0,2.0,144.0,1.0,2.0,4.0,0
365383,243.331,3.7962000000000016,1.0,2.0,29.1,3.0,2.0,2.0,0.0,0.0,3.0,2.0,17.0,0.0,0.0,0.0,86.0,0.0,0.0,1.0,0
838812,295.389,2.0540000000000003,0.0,5.0,63.16,6.0,2.0,1.0,1.0,0.0,7.0,2.0,19.0,0.0,0.0,0.0,100.0,0.0,1.0,0.0,0
1285995,250.323,2.1509,0.0,4.0,41.900000000000006,3.0,1.0,1.0,0.0,1.0,5.0,2.0,17.0,1.0,0.0,1.0,90.0,0.0,1.0,1.0,0
665534,298.79900000000004,2.5718,1.0,4.0,61.88,5.0,2.0,0.0,2.0,0.0,7.0,2.0,19.0,0.0,0.0,0.0,102.0,0.0,2.0,1.0,0
1318798,436.4720000000001,2.5914,1.0,9.0,109.78000000000002,8.0,3.0,2.0,1.0,0.0,10.0,3.0,32.0,0.0,0.0,0.0,166.0,0.0,1.0,1.0,0
648766,384.50100000000015,2.9381200000000014,0.0,3.0,57.690000000000005,3.0,2.0,2.0,0.0,1.0,6.0,4.0,27.0,2.0,0.0,2.0,142.0,0.0,2.0,1.0,0
892578,217.276,1.0877999999999997,1.0,5.0,45.98,4.0,2.0,1.0,1.0,0.0,5.0,2.0,16.0,0.0,0.0,0.0,84.0,0.0,1.0,0.0,0
3236094,369.4500000000001,2.12964,2.0,6.0,96.43,6.0,3.0,1.0,2.0,0.0,8.0,3.0,26.0,0.0,0.0,0.0,134.0,0.0,2.0,0.0,0
6859930,363.2080000000001,3.0233000000000008,1.0,7.0,91.21,5.0,3.0,2.0,1.0,0.0,9.0,3.0,24.0,0.0,0.0,0.0,122.0,0.0,1.0,0.0,0
644416,480.9220000000002,4.785560000000004,2.0,6.0,76.77000000000001,4.0,3.0,1.0,2.0,0.0,11.0,4.0,33.0,1.0,0.0,1.0,176.0,0.0,3.0,1.0,0
135406132,299.24300000000005,-3.3934,6.0,9.0,179.48,2.0,2.0,0.0,2.0,1.0,11.0,3.0,21.0,1.0,0.0,1.0,114.0,0.0,3.0,0.0,0
118381367,358.377,2.647900000000001,4.0,5.0,103.96,6.0,3.0,1.0,2.0,0.0,9.0,3.0,26.0,0.0,0.0,0.0,136.0,0.0,2.0,2.0,1
662194,418.4490000000001,4.240300000000003,1.0,6.0,92.87,7.0,3.0,1.0,2.0,0.0,7.0,4.0,31.0,1.0,0.0,1.0,158.0,0.0,3.0,1.0,0
2128942,394.3830000000002,2.2273,0.0,8.0,96.72,5.0,3.0,2.0,1.0,0.0,8.0,4.0,29.0,1.0,0.0,1.0,148.0,0.0,2.0,0.0,0
146962,307.31,-1.7074999999999976,0.0,8.0,91.36,2.0,2.0,0.0,2.0,1.0,9.0,3.0,22.0,1.0,0.0,1.0,118.0,0.0,3.0,1.0,0
659974,368.4660000000001,2.2477400000000003,1.0,7.0,88.24000000000001,2.0,3.0,0.0,3.0,1.0,8.0,4.0,26.0,1.0,0.0,1.0,134.0,0.0,4.0,1.0,0
3155094,253.309,2.7931600000000003,1.0,5.0,55.11,2.0,3.0,1.0,2.0,0.0,5.0,3.0,19.0,0.0,0.0,0.0,96.0,0.0,2.0,0.0,0
3242216,418.4090000000001,3.120420000000001,1.0,8.0,100.52,4.0,4.0,2.0,2.0,0.0,9.0,5.0,31.0,1.0,0.0,1.0,156.0,0.0,3.0,1.0,0
664333,335.23800000000006,1.3361,2.0,5.0,100.88,4.0,1.0,0.0,1.0,1.0,11.0,2.0,23.0,1.0,0.0,1.0,126.0,0.0,2.0,4.0,0
5722931,301.38900000000007,0.7637999999999998,1.0,4.0,80.31,4.0,1.0,1.0,0.0,1.0,7.0,2.0,19.0,1.0,0.0,1.0,104.0,0.0,1.0,0.0,0
656350,319.40500000000003,2.6078,2.0,3.0,70.67,6.0,1.0,1.0,0.0,1.0,6.0,2.0,23.0,1.0,0.0,1.0,126.0,0.0,1.0,3.0,0
647098,412.4650000000002,2.644400000000001,0.0,6.0,59.71,5.0,3.0,1.0,2.0,1.0,8.0,4.0,30.0,1.0,0.0,1.0,158.0,0.0,3.0,1.0,0
655935,372.4210000000001,2.1985,1.0,7.0,100.74,5.0,1.0,0.0,1.0,0.0,7.0,3.0,27.0,2.0,1.0,1.0,144.0,0.0,2.0,0.0,0
646980,291.354,3.133400000000001,0.0,4.0,38.25,2.0,3.0,2.0,1.0,1.0,4.0,4.0,22.0,1.0,0.0,1.0,110.0,0.0,2.0,0.0,0
645849,274.364,3.4266000000000023,1.0,2.0,41.57000000000001,2.0,1.0,1.0,0.0,0.0,4.0,2.0,20.0,1.0,0.0,1.0,108.0,0.0,1.0,2.0,0
655411,408.4100000000003,2.5263,1.0,6.0,98.08,4.0,3.0,2.0,1.0,1.0,8.0,4.0,30.0,1.0,0.0,1.0,154.0,0.0,2.0,2.0,0
644556,435.9150000000003,4.221940000000004,0.0,6.0,66.88,3.0,4.0,1.0,3.0,1.0,8.0,5.0,31.0,1.0,0.0,1.0,158.0,0.0,4.0,1.0,0
3235493,328.37500000000006,4.444000000000003,1.0,5.0,59.93,4.0,4.0,2.0,2.0,0.0,5.0,4.0,25.0,0.0,0.0,0.0,122.0,0.0,2.0,0.0,1
6604868,348.39700000000005,2.390600000000001,1.0,5.0,52.49,6.0,2.0,1.0,1.0,1.0,7.0,3.0,25.0,1.0,0.0,1.0,134.0,0.0,2.0,0.0,0
3239753,393.76400000000007,4.304500000000003,1.0,3.0,55.400000000000006,6.0,1.0,1.0,0.0,0.0,9.0,2.0,26.0,1.0,1.0,0.0,142.0,0.0,0.0,1.0,0
1506381,321.34000000000003,2.7254000000000005,1.0,7.0,91.99,4.0,4.0,2.0,2.0,0.0,7.0,4.0,24.0,0.0,0.0,0.0,120.0,0.0,2.0,0.0,0
741729,228.682,3.654700000000002,0.0,2.0,17.3,1.0,3.0,1.0,2.0,0.0,3.0,3.0,16.0,0.0,0.0,0.0,78.0,0.0,2.0,0.0,1
2100863,252.31699999999995,4.083100000000002,1.0,3.0,33.62,3.0,2.0,2.0,0.0,0.0,3.0,3.0,19.0,1.0,0.0,1.0,96.0,0.0,1.0,0.0,0
614000,238.251,-0.1442200000000002,1.0,8.0,96.18999999999998,6.0,1.0,0.0,1.0,0.0,8.0,1.0,17.0,0.0,0.0,0.0,92.0,0.0,1.0,0.0,0
2121076,491.6160000000003,2.7776000000000014,2.0,7.0,118.79999999999998,7.0,3.0,1.0,2.0,1.0,11.0,4.0,32.0,1.0,0.0,1.0,168.0,0.0,3.0,2.0,0
761296,318.398,2.778520000000001,1.0,3.0,66.48,4.0,2.0,2.0,0.0,0.0,6.0,2.0,22.0,0.0,0.0,0.0,116.0,0.0,0.0,1.0,0
5309625,430.5740000000001,3.275620000000002,1.0,5.0,82.61,7.0,2.0,1.0,1.0,1.0,8.0,3.0,30.0,1.0,0.0,1.0,162.0,0.0,2.0,1.0,0
60198228,488.9950000000002,3.025500000000002,2.0,6.0,82.62,4.0,2.0,1.0,1.0,2.0,10.0,5.0,34.0,3.0,0.0,3.0,182.0,0.0,4.0,2.0,1
654572,324.42800000000005,3.256960000000002,1.0,4.0,58.120000000000005,3.0,2.0,1.0,1.0,1.0,5.0,3.0,24.0,1.0,0.0,1.0,126.0,0.0,2.0,1.0,0
54713096,300.35800000000006,2.6863,3.0,3.0,82.19,2.0,2.0,1.0,1.0,1.0,5.0,3.0,22.0,1.0,1.0,0.0,116.0,0.0,1.0,1.0,0
667243,336.43900000000014,2.8766200000000017,0.0,5.0,49.330000000000005,2.0,2.0,1.0,1.0,1.0,5.0,4.0,25.0,2.0,1.0,1.0,130.0,0.0,2.0,0.0,0
3246264,377.5690000000002,2.9653000000000014,3.0,4.0,63.93000000000001,5.0,0.0,0.0,0.0,3.0,4.0,4.0,27.0,4.0,4.0,0.0,154.0,0.0,0.0,0.0,0
650638,285.29900000000004,2.7341000000000006,1.0,4.0,64.63,4.0,2.0,2.0,0.0,0.0,5.0,2.0,21.0,0.0,0.0,0.0,108.0,0.0,0.0,1.0,0
1988918,369.38400000000007,4.098220000000002,1.0,6.0,85.32000000000001,3.0,5.0,2.0,3.0,0.0,7.0,5.0,28.0,0.0,0.0,0.0,136.0,0.0,3.0,1.0,0
3238120,302.124,1.4171999999999998,2.0,3.0,75.63,5.0,1.0,1.0,0.0,0.0,6.0,1.0,17.0,0.0,0.0,0.0,92.0,0.0,0.0,1.0,0
3246245,304.41,2.0755,1.0,3.0,46.53,4.0,1.0,1.0,0.0,2.0,4.0,3.0,22.0,2.0,0.0,2.0,120.0,0.0,2.0,0.0,0
3743017,434.3300000000001,3.4913000000000025,0.0,4.0,55.84,5.0,1.0,1.0,0.0,2.0,6.0,4.0,27.0,3.0,0.0,3.0,144.0,1.0,3.0,1.0,0
3235198,300.2680000000001,2.4666,0.0,5.0,60.67,2.0,3.0,1.0,2.0,1.0,7.0,4.0,22.0,1.0,1.0,0.0,110.0,0.0,2.0,0.0,0
2951054,469.5380000000004,3.2024000000000017,2.0,7.0,123.69000000000004,4.0,1.0,0.0,1.0,4.0,9.0,5.0,34.0,4.0,2.0,2.0,182.0,0.0,3.0,2.0,0
970687,285.347,3.4052000000000024,2.0,3.0,53.6,4.0,2.0,2.0,0.0,0.0,5.0,2.0,21.0,0.0,0.0,0.0,110.0,0.0,0.0,2.0,0
2998488,374.4780000000001,3.297000000000001,3.0,5.0,113.96000000000002,9.0,0.0,0.0,0.0,0.0,8.0,0.0,26.0,0.0,0.0,0.0,152.0,0.0,0.0,2.0,0
957541,344.4840000000002,3.0397000000000007,0.0,5.0,41.370000000000005,4.0,2.0,0.0,2.0,0.0,6.0,4.0,24.0,2.0,1.0,1.0,128.0,0.0,3.0,1.0,0
2970296,289.356,3.276220000000002,1.0,4.0,47.56,3.0,2.0,1.0,1.0,0.0,5.0,3.0,20.0,1.0,0.0,1.0,104.0,0.0,2.0,1.0,0
645406,292.3380000000001,3.0805000000000016,0.0,3.0,50.27,1.0,2.0,1.0,1.0,1.0,4.0,4.0,22.0,2.0,1.0,1.0,110.0,0.0,2.0,2.0,0
1247720,350.8020000000001,4.434020000000001,1.0,4.0,55.13,4.0,3.0,1.0,2.0,0.0,7.0,3.0,23.0,0.0,0.0,0.0,118.0,0.0,2.0,1.0,0
1080861,412.2360000000003,3.511420000000002,0.0,6.0,78.21000000000001,3.0,2.0,1.0,1.0,1.0,8.0,3.0,25.0,1.0,0.0,1.0,134.0,0.0,2.0,1.0,0
838549,336.3880000000001,2.226,1.0,3.0,66.48,6.0,2.0,2.0,0.0,0.0,7.0,2.0,23.0,0.0,0.0,0.0,122.0,0.0,0.0,1.0,0
2622660,343.42700000000013,2.805060000000001,2.0,3.0,78.51,3.0,1.0,1.0,0.0,2.0,6.0,3.0,25.0,2.0,1.0,1.0,134.0,1.0,1.0,4.0,0
1803157,291.372,2.948100000000001,1.0,4.0,51.47,7.0,2.0,1.0,1.0,0.0,5.0,2.0,20.0,0.0,0.0,0.0,106.0,0.0,1.0,1.0,0
2401131,344.39200000000005,2.1655800000000003,0.0,5.0,87.47,5.0,2.0,2.0,0.0,0.0,7.0,2.0,24.0,0.0,0.0,0.0,124.0,0.0,0.0,0.0,0
5309402,467.52200000000033,3.5328000000000026,1.0,6.0,97.41,6.0,2.0,2.0,0.0,1.0,9.0,4.0,34.0,2.0,0.0,2.0,180.0,0.0,2.0,3.0,0
1321523,406.46000000000015,2.2766,1.0,6.0,102.01,8.0,2.0,2.0,0.0,0.0,9.0,2.0,28.0,0.0,0.0,0.0,150.0,0.0,0.0,1.0,0
648545,361.2500000000001,4.478800000000002,0.0,6.0,65.22,7.0,2.0,1.0,1.0,0.0,8.0,2.0,22.0,0.0,0.0,0.0,118.0,0.0,1.0,0.0,0
2999280,463.51200000000017,0.3646000000000019,3.0,7.0,153.89,11.0,2.0,2.0,0.0,0.0,11.0,2.0,32.0,0.0,0.0,0.0,172.0,0.0,0.0,2.0,0
7321,183.123,1.0852,1.0,5.0,112.3,2.0,1.0,1.0,0.0,0.0,7.0,1.0,13.0,0.0,0.0,0.0,68.0,0.0,0.0,0.0,0
652028,421.4970000000001,2.743000000000001,1.0,4.0,78.95,5.0,2.0,2.0,0.0,1.0,7.0,4.0,31.0,2.0,0.0,2.0,162.0,0.0,2.0,3.0,0
644600,434.5180000000002,1.6618,2.0,7.0,109.86,12.0,2.0,1.0,1.0,0.0,10.0,2.0,30.0,0.0,0.0,0.0,162.0,0.0,1.0,3.0,0
3244264,389.45200000000017,0.9206999999999994,1.0,5.0,96.02,5.0,0.0,0.0,0.0,3.0,8.0,4.0,28.0,4.0,2.0,2.0,152.0,0.0,2.0,4.0,0
652331,458.56600000000026,3.824720000000003,1.0,7.0,88.93,8.0,4.0,2.0,2.0,1.0,8.0,5.0,34.0,1.0,1.0,0.0,176.0,0.0,2.0,0.0,0
3242161,285.244,3.5550200000000016,1.0,3.0,37.81,3.0,2.0,1.0,1.0,0.0,7.0,2.0,20.0,0.0,0.0,0.0,106.0,0.0,1.0,0.0,0
3233957,348.45000000000005,2.6349800000000005,0.0,4.0,52.27,3.0,2.0,1.0,1.0,2.0,5.0,4.0,26.0,2.0,0.0,2.0,134.0,1.0,3.0,1.0,0
5308926,248.282,2.396100000000001,1.0,4.0,68.27000000000001,5.0,2.0,0.0,2.0,0.0,5.0,2.0,18.0,0.0,0.0,0.0,96.0,0.0,2.0,1.0,0
118045920,390.41800000000006,2.9993800000000013,3.0,5.0,112.03000000000002,6.0,3.0,2.0,1.0,0.0,7.0,3.0,29.0,0.0,0.0,0.0,146.0,0.0,1.0,1.0,1
2974580,453.5610000000003,1.7050199999999995,0.0,6.0,96.46,5.0,1.0,1.0,0.0,2.0,10.0,3.0,31.0,2.0,0.0,2.0,172.0,0.0,2.0,2.0,0
5459645,211.261,1.2742,1.0,2.0,57.61,3.0,0.0,0.0,0.0,0.0,4.0,1.0,15.0,1.0,0.0,1.0,84.0,0.0,1.0,1.0,0
666950,337.4190000000001,3.3203000000000022,0.0,3.0,38.77,4.0,2.0,2.0,0.0,1.0,4.0,4.0,25.0,2.0,1.0,1.0,130.0,0.0,1.0,1.0,0
5309640,483.59000000000026,3.1404000000000023,1.0,6.0,101.62,7.0,3.0,2.0,1.0,0.0,9.0,4.0,34.0,1.0,0.0,1.0,180.0,0.0,2.0,1.0,0
655312,489.5980000000003,1.7019999999999995,1.0,10.0,109.38000000000002,11.0,3.0,1.0,2.0,0.0,11.0,3.0,34.0,0.0,0.0,0.0,184.0,0.0,2.0,1.0,0
12301,104.105,0.1075000000000001,1.0,2.0,46.53,3.0,0.0,0.0,0.0,0.0,3.0,0.0,7.0,0.0,0.0,0.0,42.0,0.0,0.0,0.0,0
647573,419.53200000000015,3.273740000000002,0.0,10.0,95.93,9.0,3.0,0.0,3.0,0.0,10.0,3.0,28.0,0.0,0.0,0.0,148.0,0.0,3.0,0.0,0
652421,228.255,1.504,0.0,5.0,64.7,0.0,2.0,0.0,2.0,0.0,5.0,4.0,17.0,2.0,2.0,0.0,86.0,0.0,2.0,0.0,0
2947994,367.452,1.9435,1.0,6.0,88.60000000000001,5.0,2.0,1.0,1.0,1.0,9.0,3.0,24.0,1.0,0.0,1.0,128.0,0.0,2.0,1.0,0
6603859,189.171,-1.4221999999999992,4.0,3.0,139.0,5.0,0.0,0.0,0.0,0.0,7.0,0.0,13.0,0.0,0.0,0.0,74.0,0.0,0.0,0.0,0
2405292,277.30500000000006,3.2267400000000013,0.0,7.0,78.09,4.0,3.0,0.0,3.0,0.0,7.0,3.0,19.0,0.0,0.0,0.0,98.0,0.0,3.0,0.0,0
667107,396.45100000000014,0.3806000000000011,0.0,9.0,77.53000000000002,4.0,3.0,1.0,2.0,1.0,9.0,5.0,29.0,2.0,0.0,2.0,152.0,0.0,4.0,0.0,0
654815,253.041,0.4042,2.0,4.0,84.5,1.0,0.0,0.0,0.0,0.0,8.0,1.0,15.0,1.0,0.0,1.0,82.0,0.0,1.0,3.0,0
3243965,462.5490000000001,1.6649999999999998,0.0,6.0,101.06,5.0,2.0,2.0,0.0,1.0,10.0,4.0,31.0,2.0,0.0,2.0,164.0,0.0,2.0,1.0,0
652525,373.8650000000001,4.471300000000003,0.0,5.0,59.23,3.0,3.0,1.0,2.0,1.0,7.0,4.0,25.0,1.0,0.0,1.0,128.0,0.0,3.0,1.0,0
2101083,340.3860000000001,5.1884200000000025,2.0,3.0,70.5,3.0,5.0,2.0,3.0,0.0,5.0,5.0,26.0,0.0,0.0,0.0,126.0,0.0,3.0,0.0,0
1090054,353.4220000000002,2.8095000000000008,1.0,5.0,54.040000000000006,4.0,2.0,2.0,0.0,1.0,6.0,4.0,26.0,2.0,0.0,2.0,136.0,0.0,2.0,1.0,0
1618543,272.34800000000007,2.4311000000000007,1.0,4.0,43.38,7.0,2.0,1.0,1.0,0.0,4.0,2.0,20.0,0.0,0.0,0.0,106.0,0.0,1.0,0.0,0
3241454,294.379,1.0682999999999998,0.0,9.0,78.38,6.0,1.0,0.0,1.0,0.0,9.0,1.0,17.0,0.0,0.0,0.0,94.0,0.0,1.0,0.0,0
247882,240.30299999999988,0.7714999999999992,3.0,3.0,92.42,3.0,0.0,0.0,0.0,2.0,5.0,2.0,17.0,2.0,2.0,0.0,96.0,0.0,0.0,1.0,0
1246767,207.189,1.53174,1.0,5.0,81.16000000000001,2.0,2.0,0.0,2.0,0.0,6.0,2.0,15.0,0.0,0.0,0.0,78.0,0.0,2.0,1.0,0
707165,244.338,3.091400000000002,1.0,1.0,32.34,1.0,1.0,1.0,0.0,1.0,3.0,3.0,18.0,2.0,1.0,1.0,96.0,0.0,1.0,2.0,0
5771628,252.22199999999995,1.1333000000000002,2.0,4.0,93.06000000000002,5.0,1.0,1.0,0.0,0.0,6.0,2.0,18.0,1.0,0.0,1.0,96.0,0.0,1.0,0.0,0
5309928,351.4310000000001,3.021700000000002,1.0,5.0,56.03,3.0,4.0,1.0,3.0,0.0,6.0,4.0,25.0,0.0,0.0,0.0,126.0,0.0,3.0,1.0,0
647452,390.4880000000002,0.2604000000000008,2.0,8.0,99.39,5.0,2.0,0.0,2.0,2.0,9.0,4.0,28.0,2.0,0.0,2.0,154.0,0.0,4.0,0.0,0
648793,437.39900000000006,4.272800000000002,1.0,7.0,94.32,6.0,3.0,1.0,2.0,0.0,11.0,3.0,30.0,0.0,0.0,0.0,156.0,0.0,2.0,1.0,0
135426166,249.266,1.6013,2.0,5.0,83.03,4.0,1.0,0.0,1.0,0.0,5.0,2.0,18.0,1.0,1.0,0.0,96.0,0.0,1.0,0.0,0
938245,342.4640000000001,3.1361000000000017,0.0,4.0,32.78,5.0,2.0,2.0,0.0,1.0,5.0,3.0,24.0,1.0,0.0,1.0,126.0,0.0,1.0,1.0,0
121416680,392.46300000000014,2.6957000000000004,3.0,5.0,100.94,7.0,3.0,1.0,2.0,0.0,8.0,3.0,29.0,0.0,0.0,0.0,150.0,0.0,2.0,3.0,1
650306,243.33100000000005,3.365020000000001,0.0,3.0,29.96,4.0,2.0,1.0,1.0,0.0,3.0,2.0,17.0,0.0,0.0,0.0,86.0,0.0,1.0,0.0,0
647391,299.359,2.04978,2.0,6.0,104.69,4.0,2.0,1.0,1.0,0.0,7.0,2.0,21.0,0.0,0.0,0.0,106.0,0.0,1.0,1.0,0
2941732,463.3570000000002,3.8244000000000016,2.0,6.0,103.15,5.0,3.0,0.0,3.0,0.0,9.0,4.0,28.0,1.0,1.0,0.0,146.0,0.0,3.0,2.0,0
3242982,376.4670000000001,2.868800000000001,1.0,9.0,98.73,8.0,3.0,0.0,3.0,0.0,10.0,3.0,25.0,0.0,0.0,0.0,130.0,0.0,3.0,1.0,0
654247,315.3,2.903300000000001,1.0,4.0,70.75,4.0,2.0,1.0,1.0,0.0,6.0,3.0,23.0,1.0,0.0,1.0,118.0,0.0,2.0,1.0,0
648321,382.30100000000016,0.6697000000000002,4.0,4.0,98.66,12.0,0.0,0.0,0.0,0.0,12.0,0.0,25.0,0.0,0.0,0.0,148.0,0.0,0.0,2.0,0
653614,458.5220000000002,3.6636000000000015,1.0,8.0,93.88,6.0,4.0,2.0,2.0,1.0,9.0,5.0,34.0,1.0,0.0,1.0,174.0,0.0,3.0,1.0,0
2849921,256.305,2.4529000000000005,2.0,2.0,64.35,4.0,2.0,2.0,0.0,0.0,4.0,2.0,19.0,0.0,0.0,0.0,98.0,0.0,0.0,2.0,0
3232836,355.3980000000002,1.9403,1.0,8.0,91.16000000000004,7.0,3.0,1.0,2.0,0.0,8.0,3.0,26.0,0.0,0.0,0.0,136.0,0.0,2.0,0.0,0
660103,461.5220000000002,3.3658400000000013,1.0,8.0,145.39,6.0,1.0,1.0,0.0,0.0,9.0,3.0,34.0,2.0,1.0,1.0,176.0,0.0,1.0,1.0,0
644829,215.253,-1.2514,3.0,3.0,101.29,5.0,0.0,0.0,0.0,0.0,6.0,0.0,15.0,0.0,0.0,0.0,86.0,0.0,0.0,3.0,0
3241709,294.40500000000003,2.2061900000000003,2.0,6.0,72.94,4.0,2.0,0.0,2.0,0.0,7.0,2.0,19.0,0.0,0.0,0.0,100.0,0.0,2.0,1.0,0
667246,433.4640000000002,3.4235000000000024,1.0,8.0,112.64,6.0,3.0,1.0,2.0,0.0,8.0,4.0,32.0,1.0,0.0,1.0,164.0,0.0,3.0,0.0,0
2998041,480.59400000000034,3.6874400000000014,1.0,8.0,113.84000000000002,8.0,3.0,0.0,3.0,1.0,10.0,4.0,34.0,1.0,0.0,1.0,178.0,0.0,4.0,1.0,0
3233652,275.31199999999995,0.7972999999999995,1.0,7.0,81.93,4.0,2.0,0.0,2.0,1.0,7.0,3.0,20.0,1.0,0.0,1.0,106.0,0.0,3.0,0.0,0
3234943,268.276,1.3024999999999998,0.0,6.0,69.9,3.0,3.0,1.0,2.0,0.0,6.0,3.0,20.0,0.0,0.0,0.0,100.0,0.0,2.0,0.0,0
2950466,276.292,0.1903000000000005,1.0,4.0,75.71000000000001,3.0,1.0,1.0,0.0,1.0,6.0,2.0,20.0,1.0,0.0,1.0,106.0,0.0,1.0,2.0,0
2220297,252.36399999999995,2.570640000000001,0.0,5.0,34.89,0.0,2.0,0.0,2.0,0.0,5.0,3.0,16.0,1.0,0.0,1.0,84.0,0.0,3.0,0.0,0
16758704,395.4560000000002,0.6398999999999997,3.0,7.0,128.53,2.0,0.0,0.0,0.0,3.0,9.0,3.0,28.0,3.0,2.0,1.0,156.0,0.0,1.0,3.0,0
648578,299.355,3.11002,2.0,4.0,78.87,4.0,3.0,1.0,2.0,0.0,6.0,3.0,21.0,0.0,0.0,0.0,106.0,0.0,2.0,0.0,0
2997573,374.4910000000002,3.843320000000002,1.0,7.0,80.91000000000001,4.0,3.0,0.0,3.0,0.0,8.0,4.0,25.0,1.0,1.0,0.0,130.0,0.0,3.0,1.0,0
3245557,288.34700000000004,1.7222000000000002,1.0,3.0,58.64,4.0,1.0,1.0,0.0,2.0,5.0,3.0,21.0,2.0,0.0,2.0,112.0,0.0,2.0,2.0,0
934505,323.468,2.9414000000000016,0.0,6.0,46.09,4.0,2.0,1.0,1.0,0.0,7.0,3.0,20.0,1.0,0.0,1.0,104.0,0.0,2.0,1.0,0
1535318,351.45300000000003,2.1825,1.0,5.0,79.37,4.0,2.0,0.0,2.0,1.0,8.0,3.0,23.0,1.0,0.0,1.0,122.0,0.0,3.0,1.0,0
3246089,404.5380000000002,6.637900000000005,2.0,1.0,24.06,2.0,4.0,4.0,0.0,0.0,3.0,6.0,30.0,2.0,2.0,0.0,144.0,0.0,0.0,0.0,0
16758597,543.5230000000004,2.513100000000001,3.0,8.0,137.76000000000002,5.0,2.0,2.0,0.0,3.0,12.0,5.0,39.0,3.0,2.0,1.0,206.0,0.0,1.0,3.0,0
649044,326.4400000000001,3.769200000000003,0.0,4.0,36.690000000000005,3.0,2.0,1.0,1.0,2.0,4.0,4.0,24.0,2.0,0.0,2.0,128.0,0.0,3.0,0.0,0
1249685,311.34099999999995,1.8063,1.0,4.0,71.53,3.0,2.0,1.0,1.0,1.0,6.0,3.0,23.0,1.0,0.0,1.0,118.0,0.0,2.0,2.0,0
650509,428.51400000000007,4.444820000000003,1.0,7.0,72.94999999999999,7.0,4.0,1.0,3.0,0.0,9.0,4.0,29.0,0.0,0.0,0.0,148.0,0.0,3.0,1.0,0
5389949,433.46400000000006,3.3115000000000023,1.0,7.0,97.8,6.0,3.0,1.0,2.0,1.0,8.0,5.0,32.0,2.0,0.0,2.0,164.0,0.0,4.0,1.0,0
649183,343.412,2.1167,1.0,7.0,81.93,7.0,3.0,1.0,2.0,0.0,8.0,3.0,24.0,0.0,0.0,0.0,124.0,0.0,2.0,1.0,0
2078763,384.84500000000025,2.4583200000000005,1.0,6.0,105.4,4.0,2.0,1.0,1.0,1.0,10.0,3.0,25.0,1.0,0.0,1.0,134.0,0.0,2.0,1.0,0
3244452,321.354,1.8719,2.0,4.0,92.7,6.0,2.0,2.0,0.0,0.0,7.0,2.0,22.0,0.0,0.0,0.0,116.0,0.0,0.0,0.0,0
2568704,373.25000000000006,3.0473000000000017,0.0,2.0,40.620000000000005,2.0,2.0,2.0,0.0,1.0,5.0,3.0,23.0,1.0,0.0,1.0,118.0,0.0,1.0,2.0,0
3570748,414.54600000000016,4.138300000000004,1.0,3.0,45.33,7.0,3.0,2.0,1.0,1.0,6.0,4.0,29.0,1.0,0.0,1.0,154.0,0.0,2.0,0.0,0
654119,357.47900000000004,3.3050000000000024,1.0,4.0,52.650000000000006,4.0,2.0,1.0,1.0,1.0,6.0,3.0,25.0,1.0,0.0,1.0,132.0,0.0,2.0,2.0,0
3693566,612.6270000000003,3.5504000000000016,3.0,8.0,143.14,11.0,2.0,2.0,0.0,2.0,15.0,4.0,42.0,2.0,0.0,2.0,228.0,1.0,2.0,3.0,0
118046278,480.34100000000007,4.562900000000003,2.0,5.0,85.83,5.0,4.0,2.0,2.0,0.0,8.0,4.0,31.0,0.0,0.0,0.0,156.0,0.0,2.0,1.0,1
121416617,447.47400000000016,2.8039200000000006,3.0,7.0,105.99,5.0,4.0,1.0,3.0,1.0,10.0,5.0,33.0,1.0,0.0,1.0,168.0,0.0,4.0,2.0,1
5771584,200.238,-0.1528000000000001,3.0,3.0,92.42,3.0,0.0,0.0,0.0,1.0,5.0,1.0,14.0,1.0,1.0,0.0,80.0,0.0,0.0,1.0,0
328773,311.3850000000001,2.3598,1.0,4.0,66.64,5.0,2.0,2.0,0.0,0.0,5.0,3.0,23.0,1.0,0.0,1.0,120.0,0.0,1.0,2.0,0
225738,238.246,1.6789999999999996,1.0,3.0,54.86,1.0,3.0,2.0,1.0,0.0,4.0,3.0,18.0,0.0,0.0,0.0,88.0,0.0,1.0,0.0,0
663482,339.26900000000006,2.0764,1.0,3.0,66.84,2.0,1.0,1.0,0.0,2.0,8.0,4.0,24.0,3.0,0.0,3.0,126.0,1.0,3.0,1.0,0
646626,237.255,1.4328,1.0,5.0,56.790000000000006,4.0,1.0,1.0,0.0,0.0,5.0,2.0,17.0,1.0,0.0,1.0,92.0,0.0,1.0,0.0,0
3244323,457.55600000000027,1.0078000000000007,1.0,6.0,102.92,6.0,2.0,1.0,1.0,1.0,10.0,4.0,32.0,2.0,0.0,2.0,170.0,0.0,3.0,2.0,0
645990,264.329,0.4555999999999993,1.0,5.0,67.35,5.0,1.0,0.0,1.0,1.0,6.0,2.0,19.0,1.0,0.0,1.0,104.0,0.0,2.0,1.0,0
931001,330.391,3.682400000000002,1.0,4.0,54.04,2.0,4.0,2.0,2.0,0.0,5.0,5.0,25.0,1.0,0.0,1.0,124.0,0.0,3.0,0.0,1
4119,266.296,3.777020000000003,0.0,3.0,39.44,2.0,3.0,2.0,1.0,0.0,3.0,3.0,20.0,0.0,0.0,0.0,100.0,0.0,1.0,0.0,0
3232717,400.52200000000016,5.469400000000006,0.0,3.0,36.690000000000005,3.0,3.0,2.0,1.0,2.0,4.0,5.0,30.0,2.0,0.0,2.0,154.0,1.0,3.0,1.0,0
2188626,415.47400000000016,3.985120000000004,0.0,7.0,69.63,5.0,5.0,2.0,3.0,0.0,7.0,5.0,30.0,0.0,0.0,0.0,148.0,0.0,3.0,0.0,0
2974906,449.5290000000003,1.884,4.0,6.0,133.82999999999998,10.0,2.0,2.0,0.0,0.0,10.0,2.0,31.0,0.0,0.0,0.0,168.0,0.0,0.0,2.0,0
599710,246.266,1.4187999999999998,1.0,4.0,72.05,4.0,2.0,1.0,1.0,0.0,5.0,2.0,18.0,0.0,0.0,0.0,94.0,0.0,1.0,0.0,0
653915,441.5030000000002,3.3533000000000017,2.0,4.0,91.65,9.0,2.0,1.0,1.0,1.0,8.0,3.0,32.0,1.0,1.0,0.0,170.0,0.0,1.0,3.0,0
1080508,359.846,3.2415199999999995,2.0,8.0,102.5,5.0,3.0,1.0,2.0,0.0,9.0,3.0,24.0,0.0,0.0,0.0,122.0,0.0,2.0,0.0,0
5600879,241.25000000000003,2.15518,1.0,5.0,74.48,2.0,1.0,1.0,0.0,0.0,5.0,2.0,18.0,1.0,0.0,1.0,90.0,0.0,1.0,0.0,0
649938,386.4770000000001,3.496500000000002,1.0,7.0,78.27000000000001,8.0,3.0,1.0,2.0,0.0,8.0,3.0,27.0,0.0,0.0,0.0,142.0,0.0,2.0,1.0,0
1001145,445.54100000000017,2.567100000000001,0.0,5.0,87.22999999999999,6.0,2.0,2.0,0.0,1.0,9.0,3.0,31.0,1.0,0.0,1.0,166.0,0.0,1.0,2.0,0
5310759,337.4190000000001,4.397500000000004,1.0,4.0,53.68,6.0,3.0,2.0,1.0,0.0,4.0,3.0,25.0,0.0,0.0,0.0,130.0,0.0,1.0,0.0,0
6604916,272.13500000000005,1.7237,2.0,3.0,44.370000000000005,0.0,1.0,1.0,0.0,1.0,6.0,3.0,17.0,2.0,0.0,2.0,90.0,0.0,2.0,1.0,0
1289024,353.78700000000015,2.3389000000000006,0.0,7.0,83.31000000000002,4.0,3.0,2.0,1.0,0.0,9.0,3.0,23.0,0.0,0.0,0.0,120.0,0.0,1.0,0.0,0
655032,342.37400000000014,3.073080000000002,2.0,5.0,96.95,2.0,2.0,1.0,1.0,0.0,7.0,3.0,25.0,1.0,0.0,1.0,130.0,0.0,2.0,0.0,0
5345365,228.295,3.244900000000002,2.0,2.0,48.38,1.0,2.0,1.0,1.0,0.0,3.0,3.0,17.0,1.0,1.0,0.0,88.0,0.0,1.0,0.0,0
135521904,446.96400000000006,2.8856100000000007,3.0,7.0,108.68,6.0,3.0,1.0,2.0,1.0,10.0,4.0,30.0,1.0,0.0,1.0,158.0,0.0,3.0,1.0,0
3234048,388.4270000000001,3.1308200000000017,0.0,7.0,79.13000000000001,6.0,4.0,2.0,2.0,0.0,7.0,4.0,29.0,0.0,0.0,0.0,146.0,0.0,2.0,0.0,0
1304072,426.49800000000016,3.3016000000000023,1.0,8.0,95.34,9.0,3.0,2.0,1.0,0.0,9.0,3.0,30.0,0.0,0.0,0.0,156.0,0.0,1.0,1.0,0
133076,417.9590000000002,2.1549,2.0,6.0,101.73,9.0,1.0,1.0,0.0,1.0,9.0,2.0,27.0,1.0,0.0,1.0,152.0,0.0,1.0,0.0,0
613092,266.32199999999995,2.11992,1.0,6.0,74.44,3.0,2.0,0.0,2.0,0.0,6.0,2.0,18.0,0.0,0.0,0.0,96.0,0.0,2.0,0.0,0
25674,163.24200000000002,0.5415000000000001,2.0,3.0,63.32000000000001,5.0,0.0,0.0,0.0,0.0,4.0,0.0,10.0,0.0,0.0,0.0,60.0,0.0,0.0,0.0,0
5389897,424.4970000000002,2.5925200000000004,2.0,7.0,86.38,6.0,3.0,2.0,1.0,1.0,7.0,4.0,31.0,1.0,0.0,1.0,164.0,0.0,2.0,0.0,0
651014,437.5880000000003,3.049240000000001,2.0,5.0,87.22000000000001,7.0,2.0,1.0,1.0,1.0,7.0,3.0,32.0,1.0,0.0,1.0,172.0,0.0,2.0,2.0,0
2157554,356.4470000000001,3.2075400000000016,1.0,4.0,68.17,4.0,3.0,2.0,1.0,0.0,6.0,3.0,25.0,0.0,0.0,0.0,130.0,0.0,1.0,1.0,0
5308613,375.4320000000001,2.1863,0.0,6.0,63.49000000000001,3.0,3.0,1.0,2.0,1.0,7.0,5.0,28.0,2.0,0.0,2.0,142.0,0.0,4.0,1.0,0
121416485,396.4260000000001,2.904200000000001,3.0,5.0,100.94,4.0,3.0,1.0,2.0,1.0,9.0,4.0,29.0,1.0,0.0,1.0,150.0,0.0,3.0,3.0,1
3232900,377.4480000000002,2.1432,0.0,7.0,73.14000000000001,5.0,3.0,1.0,2.0,2.0,7.0,5.0,28.0,2.0,1.0,1.0,144.0,0.0,3.0,0.0,0
983914,403.5980000000004,4.970120000000004,0.0,7.0,47.78,5.0,3.0,0.0,3.0,0.0,7.0,4.0,26.0,1.0,1.0,0.0,136.0,0.0,3.0,0.0,0
893343,311.345,3.011000000000001,2.0,5.0,81.07,4.0,3.0,2.0,1.0,0.0,7.0,3.0,23.0,0.0,0.0,0.0,118.0,0.0,1.0,2.0,0
645743,374.437,3.6434200000000017,1.0,5.0,60.33,6.0,3.0,1.0,2.0,0.0,7.0,3.0,26.0,0.0,0.0,0.0,136.0,0.0,2.0,1.0,0
719523,283.32200000000006,1.5407999999999995,1.0,3.0,35.58,4.0,1.0,1.0,0.0,1.0,6.0,2.0,20.0,1.0,0.0,1.0,110.0,0.0,1.0,1.0,0
3246043,352.8650000000002,4.730700000000004,2.0,3.0,45.150000000000006,3.0,3.0,2.0,1.0,1.0,4.0,4.0,25.0,1.0,0.0,1.0,128.0,0.0,2.0,0.0,0
649684,303.38300000000004,2.981340000000001,1.0,3.0,55.4,5.0,2.0,2.0,0.0,0.0,5.0,2.0,21.0,0.0,0.0,0.0,110.0,0.0,0.0,1.0,0
404637,305.341,2.7377,1.0,6.0,64.86,3.0,3.0,2.0,1.0,0.0,6.0,4.0,23.0,1.0,0.0,1.0,114.0,0.0,2.0,0.0,0
2135723,359.42900000000026,3.8633700000000015,2.0,4.0,69.33,2.0,3.0,2.0,1.0,0.0,5.0,5.0,27.0,2.0,0.0,2.0,136.0,0.0,3.0,1.0,0
1266779,374.3780000000001,1.343,1.0,8.0,124.27,6.0,3.0,2.0,1.0,0.0,10.0,3.0,26.0,0.0,0.0,0.0,134.0,0.0,1.0,0.0,0
228532,239.274,2.876000000000001,1.0,2.0,46.17,3.0,2.0,2.0,0.0,0.0,3.0,2.0,18.0,0.0,0.0,0.0,90.0,0.0,0.0,1.0,0
3239962,345.46500000000026,0.3342000000000011,1.0,4.0,78.95,5.0,0.0,0.0,0.0,3.0,8.0,3.0,23.0,3.0,0.0,3.0,132.0,0.0,3.0,1.0,0
2292924,279.325,0.9494999999999998,1.0,7.0,81.93,5.0,2.0,1.0,1.0,0.0,8.0,2.0,19.0,0.0,0.0,0.0,100.0,0.0,1.0,1.0,0
658431,378.42200000000025,-1.1603999999999937,2.0,8.0,118.0,4.0,0.0,0.0,0.0,1.0,10.0,1.0,26.0,1.0,0.0,1.0,152.0,0.0,1.0,0.0,0
3246756,244.279,2.3127000000000004,0.0,6.0,60.260000000000005,1.0,2.0,1.0,1.0,0.0,6.0,3.0,17.0,1.0,0.0,1.0,84.0,0.0,2.0,0.0,0
3247115,631.7330000000002,4.689500000000004,1.0,7.0,109.76,8.0,5.0,3.0,2.0,1.0,10.0,7.0,47.0,2.0,1.0,1.0,240.0,0.0,3.0,2.0,0
241399,417.593,6.899600000000008,2.0,3.0,43.7,5.0,3.0,3.0,0.0,0.0,3.0,3.0,31.0,0.0,0.0,0.0,164.0,0.0,0.0,0.0,0
644780,306.39500000000004,1.90742,1.0,7.0,85.59,7.0,2.0,0.0,2.0,0.0,8.0,2.0,21.0,0.0,0.0,0.0,112.0,0.0,2.0,1.0,0
651018,275.312,0.2094999999999998,1.0,6.0,75.92000000000002,3.0,2.0,0.0,2.0,1.0,7.0,3.0,20.0,1.0,0.0,1.0,106.0,0.0,3.0,0.0,0
3243351,225.248,2.25922,1.0,5.0,77.25000000000001,2.0,1.0,0.0,1.0,1.0,6.0,2.0,16.0,1.0,1.0,0.0,88.0,0.0,1.0,1.0,0
417800,262.37299999999993,3.119000000000001,0.0,2.0,30.21,4.0,1.0,0.0,1.0,3.0,3.0,4.0,19.0,3.0,1.0,2.0,104.0,0.0,3.0,0.0,0
6604336,293.272,-2.5801999999999974,5.0,7.0,145.55,5.0,0.0,0.0,0.0,1.0,9.0,1.0,20.0,1.0,0.0,1.0,116.0,0.0,1.0,1.0,0
866661,348.4280000000002,2.554500000000001,1.0,7.0,76.58,6.0,2.0,1.0,1.0,1.0,8.0,3.0,24.0,1.0,0.0,1.0,128.0,0.0,2.0,1.0,0
418541,265.294,0.8408700000000001,2.0,5.0,96.48000000000002,4.0,1.0,1.0,0.0,0.0,7.0,2.0,18.0,1.0,0.0,1.0,94.0,0.0,1.0,2.0,0
2158895,460.9430000000004,4.2070000000000025,1.0,6.0,105.4,5.0,3.0,2.0,1.0,1.0,10.0,4.0,31.0,1.0,0.0,1.0,162.0,0.0,2.0,1.0,0
662894,367.40900000000016,3.2897200000000018,1.0,8.0,91.16,7.0,3.0,1.0,2.0,0.0,8.0,3.0,27.0,0.0,0.0,0.0,140.0,0.0,2.0,0.0,0
659055,170.208,1.2022,1.0,3.0,46.53,0.0,0.0,0.0,0.0,2.0,3.0,2.0,12.0,2.0,1.0,1.0,68.0,0.0,1.0,0.0,0
5307876,355.86900000000014,3.9158000000000026,0.0,3.0,26.79,3.0,2.0,2.0,0.0,2.0,5.0,4.0,25.0,2.0,0.0,2.0,130.0,0.0,2.0,1.0,0
658777,455.48600000000033,3.4977000000000027,2.0,6.0,92.89,7.0,3.0,2.0,1.0,0.0,9.0,4.0,33.0,1.0,0.0,1.0,174.0,0.0,2.0,1.0,0
5389686,259.305,3.100200000000001,1.0,4.0,47.56,2.0,1.0,1.0,0.0,1.0,4.0,3.0,19.0,2.0,1.0,1.0,100.0,0.0,1.0,0.0,0
16758363,423.5090000000004,4.7614000000000045,0.0,5.0,57.23,6.0,2.0,2.0,0.0,1.0,6.0,4.0,31.0,2.0,0.0,2.0,164.0,0.0,2.0,1.0,0
646917,387.8670000000001,4.292020000000003,2.0,3.0,70.67,4.0,2.0,2.0,0.0,1.0,7.0,3.0,27.0,1.0,0.0,1.0,142.0,0.0,1.0,3.0,0
762734,251.32899999999995,3.5896000000000017,0.0,1.0,20.31,2.0,2.0,2.0,0.0,1.0,2.0,3.0,19.0,1.0,0.0,1.0,96.0,0.0,1.0,1.0,0
6903048,354.723,3.326620000000003,0.0,6.0,60.89,3.0,3.0,1.0,2.0,0.0,10.0,3.0,24.0,0.0,0.0,0.0,124.0,0.0,2.0,0.0,0
580038,266.38499999999993,1.6406999999999998,0.0,4.0,32.78,4.0,0.0,0.0,0.0,3.0,4.0,3.0,19.0,3.0,0.0,3.0,108.0,0.0,3.0,0.0,0
654430,452.57600000000025,3.951800000000004,0.0,4.0,70.83000000000001,8.0,3.0,2.0,1.0,1.0,7.0,4.0,32.0,1.0,0.0,1.0,168.0,0.0,2.0,1.0,0
974802,316.3570000000001,2.6785200000000007,1.0,5.0,73.59,4.0,2.0,1.0,1.0,1.0,6.0,3.0,23.0,1.0,0.0,1.0,122.0,0.0,2.0,1.0,0
2837920,356.2600000000001,3.232800000000002,0.0,4.0,38.77,5.0,1.0,1.0,0.0,1.0,5.0,2.0,21.0,1.0,0.0,1.0,116.0,0.0,1.0,0.0,0
977540,332.381,1.339,2.0,4.0,106.32999999999998,6.0,2.0,2.0,0.0,0.0,7.0,2.0,23.0,0.0,0.0,0.0,120.0,0.0,0.0,2.0,0
266770,259.181,0.5134999999999998,1.0,6.0,122.09,2.0,2.0,1.0,1.0,0.0,9.0,3.0,19.0,1.0,0.0,1.0,94.0,0.0,2.0,2.0,0
2537876,334.3970000000001,2.01696,1.0,6.0,77.4,5.0,2.0,1.0,1.0,0.0,7.0,2.0,23.0,0.0,0.0,0.0,122.0,0.0,1.0,1.0,0
2312128,285.351,2.4996,2.0,4.0,71.84,4.0,2.0,1.0,1.0,0.0,6.0,2.0,21.0,0.0,0.0,0.0,110.0,0.0,1.0,2.0,0
2998117,305.3740000000001,1.5936999999999997,1.0,4.0,72.47,4.0,0.0,0.0,0.0,5.0,5.0,5.0,22.0,5.0,4.0,1.0,120.0,0.0,1.0,1.0,0
644466,279.274,3.601580000000002,1.0,4.0,75.84,2.0,3.0,1.0,2.0,0.0,5.0,3.0,21.0,0.0,0.0,0.0,102.0,0.0,2.0,0.0,0
3241428,487.5120000000003,4.488300000000003,2.0,6.0,98.36,4.0,3.0,3.0,0.0,1.0,9.0,6.0,36.0,3.0,0.0,3.0,184.0,0.0,3.0,3.0,0
2304231,292.7260000000001,1.3930999999999998,0.0,5.0,60.25,2.0,2.0,1.0,1.0,1.0,7.0,3.0,20.0,1.0,0.0,1.0,104.0,0.0,2.0,1.0,0
645121,376.47800000000007,3.066600000000001,2.0,4.0,88.41,6.0,2.0,1.0,1.0,1.0,7.0,3.0,26.0,1.0,1.0,0.0,140.0,0.0,1.0,1.0,0
2938991,323.40000000000003,3.0232400000000013,1.0,6.0,64.86,4.0,3.0,1.0,2.0,1.0,6.0,4.0,24.0,1.0,0.0,1.0,124.0,0.0,3.0,0.0,0
2961755,260.249,0.6876999999999993,2.0,4.0,84.50000000000001,2.0,1.0,1.0,0.0,1.0,6.0,3.0,19.0,2.0,0.0,2.0,98.0,0.0,2.0,3.0,0
611317,292.18,3.9079600000000014,1.0,3.0,37.81,2.0,2.0,1.0,1.0,0.0,4.0,2.0,17.0,0.0,0.0,0.0,88.0,0.0,1.0,0.0,0
2943589,316.3570000000001,1.9232,0.0,5.0,59.08000000000001,2.0,1.0,1.0,0.0,2.0,6.0,4.0,23.0,3.0,0.0,3.0,122.0,0.0,3.0,2.0,0
3238925,274.345,3.137500000000001,1.0,4.0,55.13,3.0,2.0,1.0,1.0,0.0,5.0,3.0,19.0,1.0,1.0,0.0,98.0,0.0,1.0,1.0,0
650336,431.5180000000002,2.2891200000000005,1.0,8.0,108.23,10.0,3.0,2.0,1.0,0.0,10.0,3.0,30.0,0.0,0.0,0.0,160.0,0.0,1.0,0.0,0
1091576,372.8990000000001,2.921000000000001,0.0,5.0,49.85,4.0,2.0,1.0,1.0,1.0,8.0,3.0,23.0,1.0,0.0,1.0,124.0,0.0,2.0,0.0,0
975999,258.306,1.3048200000000003,0.0,6.0,60.14,1.0,2.0,1.0,1.0,0.0,6.0,3.0,18.0,1.0,0.0,1.0,90.0,0.0,2.0,0.0,0
8029,68.07499999999999,1.2795999999999998,0.0,1.0,13.14,0.0,1.0,0.0,1.0,0.0,1.0,1.0,5.0,0.0,0.0,0.0,26.0,0.0,1.0,0.0,0
665143,324.35800000000006,1.553,1.0,6.0,84.94000000000001,3.0,1.0,1.0,0.0,1.0,8.0,2.0,22.0,1.0,0.0,1.0,118.0,0.0,1.0,2.0,0
5309036,273.292,1.56812,2.0,4.0,76.24,3.0,2.0,1.0,1.0,0.0,6.0,3.0,20.0,1.0,0.0,1.0,104.0,0.0,2.0,1.0,0
894278,333.4340000000001,3.534900000000002,0.0,5.0,60.17,6.0,3.0,2.0,1.0,0.0,6.0,3.0,22.0,0.0,0.0,0.0,114.0,0.0,1.0,0.0,0
2784599,254.41799999999984,3.930900000000003,1.0,1.0,32.34,1.0,0.0,0.0,0.0,1.0,3.0,1.0,18.0,1.0,1.0,0.0,106.0,0.0,0.0,2.0,0
77793,252.269,3.468600000000002,0.0,3.0,39.44,2.0,3.0,2.0,1.0,0.0,3.0,3.0,19.0,0.0,0.0,0.0,94.0,0.0,1.0,0.0,0
2789683,263.322,2.2012,1.0,5.0,67.87,5.0,2.0,1.0,1.0,0.0,6.0,2.0,18.0,0.0,0.0,0.0,94.0,0.0,1.0,0.0,0
1090611,362.407,1.7411,1.0,5.0,84.94,5.0,2.0,2.0,0.0,0.0,8.0,3.0,25.0,1.0,0.0,1.0,132.0,0.0,1.0,1.0,0
664330,401.5360000000001,2.2061,1.0,6.0,78.42999999999999,8.0,2.0,1.0,1.0,1.0,8.0,3.0,28.0,1.0,0.0,1.0,150.0,0.0,2.0,2.0,0
3239738,361.4670000000001,2.935640000000001,1.0,5.0,81.06,2.0,2.0,1.0,1.0,0.0,7.0,3.0,25.0,1.0,0.0,1.0,134.0,0.0,2.0,1.0,0
2883423,295.34200000000004,2.38162,1.0,3.0,62.3,3.0,2.0,1.0,1.0,1.0,5.0,3.0,22.0,1.0,0.0,1.0,112.0,0.0,2.0,2.0,0
5390009,431.4710000000002,3.291000000000002,0.0,7.0,65.06,4.0,4.0,2.0,2.0,0.0,8.0,5.0,32.0,1.0,0.0,1.0,162.0,0.0,3.0,0.0,0
28207,194.234,1.6259,2.0,3.0,64.35,3.0,1.0,1.0,0.0,0.0,4.0,1.0,14.0,0.0,0.0,0.0,76.0,0.0,0.0,1.0,0
3234275,293.4360000000001,2.3676000000000004,0.0,4.0,36.440000000000005,2.0,1.0,0.0,1.0,2.0,5.0,3.0,20.0,2.0,0.0,2.0,110.0,1.0,3.0,1.0,0
647478,201.18099999999995,2.24262,0.0,4.0,56.24,0.0,3.0,1.0,2.0,0.0,4.0,3.0,15.0,0.0,0.0,0.0,74.0,0.0,2.0,0.0,0
652918,241.272,-0.6065,1.0,5.0,89.02,2.0,1.0,0.0,1.0,1.0,7.0,2.0,16.0,1.0,0.0,1.0,86.0,0.0,2.0,1.0,0
3243958,342.439,4.255140000000004,1.0,3.0,62.400000000000006,7.0,2.0,1.0,1.0,0.0,5.0,2.0,25.0,0.0,0.0,0.0,134.0,0.0,1.0,1.0,0
1538766,373.45900000000006,3.0618000000000016,0.0,8.0,74.08,7.0,3.0,1.0,2.0,0.0,8.0,3.0,25.0,0.0,0.0,0.0,128.0,0.0,2.0,0.0,0
3245764,395.5250000000003,2.698840000000001,1.0,5.0,92.51,6.0,1.0,0.0,1.0,1.0,8.0,3.0,27.0,2.0,1.0,1.0,150.0,0.0,2.0,1.0,0
2325032,274.279,3.171400000000002,0.0,4.0,48.03,0.0,4.0,2.0,2.0,0.0,4.0,5.0,21.0,1.0,0.0,1.0,100.0,0.0,3.0,0.0,0
1254764,362.83500000000015,1.8114,0.0,5.0,76.15,4.0,1.0,1.0,0.0,1.0,9.0,2.0,23.0,1.0,0.0,1.0,128.0,0.0,1.0,1.0,0
778398,323.37000000000006,2.5132000000000003,1.0,5.0,73.86,6.0,2.0,2.0,0.0,0.0,7.0,2.0,22.0,0.0,0.0,0.0,118.0,0.0,0.0,0.0,0
145995640,458.9130000000002,4.0355000000000025,1.0,9.0,95.05,5.0,5.0,1.0,4.0,0.0,10.0,6.0,33.0,1.0,0.0,1.0,164.0,0.0,5.0,0.0,1
3234954,416.4370000000002,3.997900000000002,0.0,8.0,88.36,6.0,4.0,2.0,2.0,1.0,8.0,5.0,31.0,1.0,1.0,0.0,156.0,0.0,2.0,0.0,0
390807,190.198,2.11002,0.0,3.0,39.44,1.0,2.0,1.0,1.0,0.0,3.0,2.0,14.0,0.0,0.0,0.0,72.0,0.0,1.0,0.0,0
659056,327.34000000000003,1.6578,1.0,7.0,86.47000000000001,6.0,3.0,2.0,1.0,0.0,7.0,3.0,24.0,0.0,0.0,0.0,124.0,0.0,1.0,0.0,0
75106,172.187,1.4368999999999998,1.0,2.0,45.75,1.0,2.0,1.0,1.0,0.0,3.0,2.0,13.0,0.0,0.0,0.0,64.0,0.0,1.0,0.0,0
267548,208.213,1.6912,1.0,3.0,55.760000000000005,3.0,1.0,1.0,0.0,0.0,4.0,2.0,15.0,1.0,0.0,1.0,80.0,0.0,1.0,0.0,0
654625,378.4500000000001,2.4986000000000006,1.0,5.0,84.94,8.0,2.0,2.0,0.0,0.0,8.0,2.0,26.0,0.0,0.0,0.0,140.0,0.0,0.0,1.0,0
16758008,284.267,1.191599999999999,3.0,5.0,86.99000000000001,0.0,1.0,1.0,0.0,0.0,5.0,4.0,21.0,3.0,2.0,1.0,106.0,0.0,1.0,0.0,0
656068,277.276,2.1244,1.0,5.0,81.67999999999999,6.0,2.0,0.0,2.0,0.0,6.0,2.0,20.0,0.0,0.0,0.0,106.0,0.0,2.0,1.0,0
666074,376.4120000000001,4.191900000000003,0.0,6.0,78.24000000000001,3.0,4.0,1.0,3.0,1.0,6.0,5.0,28.0,1.0,1.0,0.0,142.0,0.0,3.0,0.0,0
2087349,328.3720000000002,1.1373,1.0,5.0,84.41999999999999,7.0,2.0,1.0,1.0,1.0,7.0,3.0,24.0,1.0,0.0,1.0,126.0,0.0,2.0,2.0,0
646455,266.3449999999999,1.9053,0.0,6.0,60.370000000000005,5.0,1.0,0.0,1.0,1.0,6.0,2.0,19.0,1.0,0.0,1.0,106.0,0.0,2.0,0.0,0
34312,252.273,2.6422000000000008,1.0,2.0,63.400000000000006,0.0,2.0,2.0,0.0,0.0,4.0,3.0,19.0,1.0,0.0,1.0,94.0,0.0,1.0,2.0,0
662249,358.232,-0.1937000000000001,3.0,6.0,126.20000000000002,2.0,2.0,0.0,2.0,0.0,12.0,3.0,25.0,1.0,0.0,1.0,132.0,0.0,3.0,2.0,0
3240957,474.5540000000004,3.651640000000002,2.0,6.0,118.16,13.0,2.0,1.0,1.0,0.0,9.0,2.0,34.0,0.0,0.0,0.0,186.0,0.0,1.0,1.0,0
2999419,432.3400000000004,2.977500000000001,1.0,5.0,80.22999999999999,4.0,1.0,1.0,0.0,1.0,9.0,3.0,25.0,2.0,0.0,2.0,138.0,0.0,2.0,0.0,0
651065,445.3130000000001,3.3240000000000025,2.0,4.0,82.63,7.0,3.0,2.0,1.0,0.0,7.0,3.0,28.0,0.0,0.0,0.0,146.0,0.0,1.0,1.0,0
118045445,625.4330000000002,4.265600000000003,4.0,6.0,113.16,7.0,3.0,2.0,1.0,1.0,11.0,4.0,37.0,1.0,1.0,0.0,196.0,0.0,1.0,1.0,1
664552,255.273,2.2328,0.0,3.0,50.52,1.0,2.0,1.0,1.0,0.0,4.0,3.0,19.0,1.0,0.0,1.0,96.0,0.0,2.0,1.0,0
2999768,408.4620000000002,1.4741999999999995,1.0,8.0,94.4,7.0,3.0,2.0,1.0,1.0,9.0,4.0,30.0,1.0,0.0,1.0,156.0,0.0,2.0,1.0,0
1087733,335.38500000000016,2.01982,1.0,5.0,92.51,4.0,2.0,1.0,1.0,1.0,8.0,3.0,23.0,1.0,0.0,1.0,122.0,0.0,2.0,1.0,0
11948951,474.5170000000003,2.8654,2.0,6.0,120.93,4.0,2.0,1.0,1.0,3.0,9.0,6.0,35.0,4.0,1.0,3.0,180.0,0.0,4.0,4.0,0
117876730,547.0340000000001,5.952420000000007,1.0,8.0,89.19,6.0,5.0,2.0,3.0,1.0,10.0,6.0,39.0,1.0,0.0,1.0,200.0,0.0,4.0,0.0,1
5309832,283.375,2.955020000000001,1.0,3.0,46.92,3.0,2.0,1.0,1.0,0.0,4.0,3.0,21.0,1.0,1.0,0.0,110.0,0.0,1.0,1.0,0
751092,219.24400000000003,0.8254999999999997,2.0,3.0,67.00999999999999,4.0,2.0,1.0,1.0,0.0,5.0,2.0,16.0,0.0,0.0,0.0,84.0,0.0,1.0,1.0,0
655650,290.7500000000001,3.872900000000003,0.0,3.0,42.43,1.0,2.0,1.0,1.0,1.0,5.0,3.0,20.0,1.0,0.0,1.0,104.0,0.0,2.0,1.0,0
3234298,362.433,2.8352000000000013,0.0,5.0,58.56,3.0,3.0,2.0,1.0,1.0,6.0,4.0,27.0,1.0,0.0,1.0,138.0,0.0,2.0,1.0,0
802603,282.097,2.3928200000000004,1.0,4.0,68.02000000000001,2.0,2.0,1.0,1.0,0.0,6.0,2.0,16.0,0.0,0.0,0.0,82.0,0.0,1.0,1.0,0
1051635,375.5380000000002,3.7793800000000015,0.0,6.0,58.38000000000001,5.0,1.0,0.0,1.0,1.0,6.0,3.0,26.0,2.0,0.0,2.0,142.0,0.0,3.0,0.0,0
5308571,386.4770000000001,3.6712000000000025,0.0,7.0,52.71,5.0,4.0,2.0,2.0,0.0,8.0,4.0,26.0,0.0,0.0,0.0,132.0,0.0,2.0,0.0,0
16759069,319.313,1.4025999999999998,0.0,6.0,95.74,7.0,1.0,1.0,0.0,0.0,7.0,1.0,23.0,0.0,0.0,0.0,122.0,0.0,0.0,0.0,0
5308360,328.4180000000001,4.324720000000002,1.0,5.0,51.22,2.0,3.0,1.0,2.0,0.0,6.0,4.0,22.0,1.0,0.0,1.0,110.0,0.0,3.0,1.0,0
637759,146.189,2.2888,0.0,1.0,17.07,2.0,1.0,1.0,0.0,0.0,1.0,1.0,11.0,0.0,0.0,0.0,56.0,0.0,0.0,0.0,0
751748,305.363,1.3803999999999998,3.0,7.0,116.15,5.0,2.0,1.0,1.0,0.0,8.0,2.0,21.0,0.0,0.0,0.0,110.0,0.0,1.0,1.0,0
255081,167.168,0.2407999999999998,1.0,4.0,66.32000000000001,2.0,1.0,0.0,1.0,0.0,5.0,1.0,12.0,0.0,0.0,0.0,64.0,0.0,1.0,0.0,0
16758766,442.51600000000025,1.542399999999999,1.0,9.0,103.28,6.0,2.0,1.0,1.0,2.0,9.0,5.0,32.0,3.0,1.0,2.0,172.0,0.0,3.0,0.0,0
768764,288.27399999999994,2.9956000000000014,1.0,4.0,63.6,5.0,2.0,2.0,0.0,0.0,5.0,2.0,21.0,0.0,0.0,0.0,108.0,0.0,0.0,0.0,0
5351717,192.24599999999995,-0.3765999999999995,2.0,2.0,80.64,3.0,1.0,0.0,1.0,0.0,5.0,1.0,14.0,0.0,0.0,0.0,74.0,0.0,1.0,0.0,0
2878100,227.69100000000003,2.1047,1.0,2.0,38.33,4.0,1.0,1.0,0.0,0.0,4.0,1.0,15.0,0.0,0.0,0.0,82.0,0.0,0.0,1.0,0
647987,408.90700000000027,2.9305200000000013,0.0,5.0,59.08000000000001,3.0,2.0,2.0,0.0,1.0,8.0,4.0,27.0,2.0,0.0,2.0,144.0,0.0,2.0,0.0,0
645337,210.258,2.374900000000001,0.0,4.0,46.38,1.0,1.0,0.0,1.0,0.0,5.0,2.0,14.0,1.0,0.0,1.0,74.0,0.0,2.0,0.0,0
2952637,321.362,0.5090000000000003,2.0,7.0,123.99,8.0,2.0,1.0,1.0,0.0,9.0,2.0,22.0,0.0,0.0,0.0,116.0,0.0,1.0,1.0,0
2999303,265.33399999999995,1.5188199999999998,1.0,4.0,55.4,4.0,1.0,1.0,0.0,1.0,5.0,2.0,18.0,1.0,0.0,1.0,96.0,0.0,1.0,1.0,0
653343,296.37,2.6243000000000007,1.0,3.0,41.57,4.0,2.0,2.0,0.0,1.0,4.0,3.0,22.0,1.0,0.0,1.0,114.0,0.0,1.0,1.0,0
5307147,494.01600000000025,4.054700000000003,0.0,4.0,60.93,3.0,3.0,3.0,0.0,1.0,8.0,5.0,34.0,2.0,0.0,2.0,174.0,0.0,2.0,2.0,0
3834220,206.241,2.0288,1.0,2.0,46.53,3.0,1.0,1.0,0.0,0.0,3.0,2.0,15.0,1.0,1.0,0.0,80.0,0.0,0.0,0.0,0
225069,327.3440000000001,-0.0672000000000008,2.0,6.0,101.78,4.0,3.0,1.0,2.0,0.0,8.0,3.0,24.0,0.0,0.0,0.0,124.0,0.0,2.0,1.0,0
3244971,325.397,3.1076200000000007,1.0,7.0,64.86,3.0,3.0,1.0,2.0,0.0,7.0,4.0,23.0,1.0,0.0,1.0,116.0,0.0,3.0,0.0,0
3240777,266.341,2.3365400000000003,2.0,3.0,71.19,3.0,1.0,0.0,1.0,0.0,5.0,1.0,19.0,0.0,0.0,0.0,106.0,0.0,1.0,1.0,0
1310031,385.2900000000001,4.374120000000003,0.0,5.0,43.07,2.0,3.0,2.0,1.0,0.0,6.0,4.0,23.0,1.0,0.0,1.0,114.0,0.0,2.0,0.0,0
135449528,127.147,0.0505000000000001,2.0,2.0,61.54,2.0,1.0,0.0,1.0,0.0,4.0,1.0,9.0,0.0,0.0,0.0,50.0,0.0,1.0,0.0,0
5308352,425.53900000000016,2.5229,1.0,8.0,95.8,8.0,4.0,2.0,2.0,0.0,9.0,4.0,29.0,0.0,0.0,0.0,148.0,0.0,2.0,1.0,0
976124,279.343,2.947900000000001,0.0,4.0,39.94,6.0,3.0,2.0,1.0,0.0,4.0,3.0,21.0,0.0,0.0,0.0,106.0,0.0,1.0,0.0,0
92044575,307.3570000000001,3.157000000000001,3.0,3.0,82.7,4.0,3.0,1.0,2.0,1.0,6.0,4.0,23.0,1.0,1.0,0.0,116.0,0.0,2.0,2.0,1
2124830,261.346,2.6156000000000006,1.0,3.0,38.33,5.0,2.0,1.0,1.0,0.0,4.0,2.0,18.0,0.0,0.0,0.0,94.0,0.0,1.0,1.0,0
5307577,282.75199999999995,3.6106200000000017,1.0,4.0,55.13,3.0,2.0,1.0,1.0,0.0,6.0,2.0,18.0,0.0,0.0,0.0,94.0,0.0,1.0,1.0,0
8130,114.188,2.1557000000000004,0.0,1.0,17.07,5.0,0.0,0.0,0.0,0.0,1.0,0.0,8.0,0.0,0.0,0.0,48.0,0.0,0.0,0.0,0
736191,292.34200000000004,3.824720000000001,2.0,3.0,58.95,3.0,3.0,2.0,1.0,0.0,5.0,3.0,22.0,0.0,0.0,0.0,110.0,0.0,1.0,2.0,0
3233826,330.47200000000004,4.019400000000004,0.0,3.0,32.78,3.0,1.0,1.0,0.0,2.0,4.0,3.0,24.0,2.0,0.0,2.0,132.0,1.0,2.0,1.0,0
71555460,268.28000000000003,1.81892,3.0,4.0,109.58,2.0,3.0,0.0,3.0,0.0,7.0,3.0,20.0,0.0,0.0,0.0,100.0,0.0,3.0,2.0,1
2227064,429.8070000000001,4.8541000000000025,1.0,6.0,85.09,5.0,3.0,1.0,2.0,0.0,11.0,3.0,28.0,0.0,0.0,0.0,146.0,0.0,2.0,1.0,0
2960897,348.443,3.3533000000000017,1.0,4.0,67.87,9.0,1.0,1.0,0.0,1.0,6.0,2.0,25.0,1.0,0.0,1.0,138.0,0.0,1.0,3.0,0
5307809,312.344,2.7803000000000004,1.0,2.0,49.41,4.0,2.0,2.0,0.0,1.0,5.0,3.0,23.0,1.0,0.0,1.0,118.0,0.0,1.0,2.0,0
723219,297.3100000000001,2.6693000000000007,1.0,4.0,64.63000000000001,4.0,2.0,2.0,0.0,0.0,5.0,3.0,22.0,1.0,0.0,1.0,112.0,0.0,1.0,1.0,0
5129101,310.398,0.8029999999999995,2.0,6.0,90.69,8.0,1.0,0.0,1.0,0.0,7.0,1.0,22.0,0.0,0.0,0.0,124.0,0.0,1.0,0.0,0
2290248,279.38000000000005,3.0219000000000014,1.0,3.0,47.56,10.0,1.0,1.0,0.0,0.0,4.0,1.0,20.0,0.0,0.0,0.0,112.0,0.0,0.0,1.0,0
750061,211.22800000000004,1.5189199999999998,0.0,5.0,56.49,1.0,3.0,1.0,2.0,0.0,5.0,3.0,16.0,0.0,0.0,0.0,78.0,0.0,2.0,0.0,0
2951040,412.85100000000017,1.6167200000000002,3.0,5.0,135.79,8.0,2.0,2.0,0.0,0.0,10.0,2.0,27.0,0.0,0.0,0.0,144.0,0.0,0.0,1.0,0
884141,247.32300000000004,2.39654,1.0,4.0,58.64,4.0,2.0,1.0,1.0,0.0,5.0,2.0,17.0,0.0,0.0,0.0,88.0,0.0,1.0,0.0,0
646892,327.189,1.7577999999999996,1.0,6.0,77.52,6.0,1.0,0.0,1.0,0.0,9.0,1.0,19.0,0.0,0.0,0.0,106.0,0.0,1.0,1.0,0
752198,243.382,2.903740000000001,0.0,6.0,38.67,3.0,2.0,0.0,2.0,0.0,6.0,2.0,14.0,0.0,0.0,0.0,74.0,0.0,2.0,0.0,0
648042,395.5320000000001,3.1866200000000013,2.0,6.0,71.84,9.0,3.0,2.0,1.0,0.0,7.0,3.0,28.0,0.0,0.0,0.0,146.0,0.0,1.0,1.0,0
2160365,395.4840000000002,3.5123400000000027,1.0,5.0,73.22,4.0,3.0,2.0,1.0,0.0,7.0,4.0,28.0,1.0,0.0,1.0,144.0,0.0,2.0,1.0,0
663140,340.33000000000004,3.563000000000001,1.0,6.0,69.87,4.0,3.0,1.0,2.0,0.0,9.0,3.0,23.0,0.0,0.0,0.0,120.0,0.0,2.0,0.0,0
3242286,421.4530000000002,2.3734,0.0,7.0,82.89000000000001,3.0,3.0,2.0,1.0,2.0,8.0,5.0,31.0,2.0,0.0,2.0,160.0,1.0,3.0,1.0,0
54683810,324.3360000000001,2.1763000000000003,2.0,5.0,84.47,3.0,3.0,1.0,2.0,0.0,6.0,4.0,24.0,1.0,0.0,1.0,122.0,0.0,3.0,1.0,0
2855787,358.4380000000002,3.589100000000002,2.0,4.0,76.66000000000001,5.0,1.0,1.0,0.0,1.0,6.0,3.0,26.0,2.0,1.0,1.0,140.0,0.0,1.0,2.0,0
646642,373.4380000000001,2.7297400000000005,1.0,8.0,95.07,7.0,3.0,1.0,2.0,0.0,9.0,3.0,26.0,0.0,0.0,0.0,136.0,0.0,2.0,1.0,0
71529080,524.9840000000002,3.6270000000000016,3.0,8.0,114.19,7.0,4.0,2.0,2.0,1.0,11.0,5.0,37.0,1.0,0.0,1.0,192.0,0.0,3.0,1.0,1
943516,282.12600000000003,3.7454000000000014,0.0,3.0,39.19,3.0,2.0,1.0,1.0,0.0,5.0,2.0,18.0,0.0,0.0,0.0,92.0,0.0,1.0,0.0,0
1345801,297.108,1.7304199999999994,1.0,3.0,66.48,1.0,1.0,1.0,0.0,1.0,6.0,2.0,17.0,1.0,0.0,1.0,88.0,0.0,1.0,4.0,0
654099,339.4240000000001,2.1602,1.0,6.0,86.69,7.0,3.0,1.0,2.0,0.0,7.0,3.0,24.0,0.0,0.0,0.0,122.0,0.0,2.0,1.0,0
649047,478.5450000000003,4.444900000000004,2.0,6.0,101.24,9.0,3.0,2.0,1.0,1.0,8.0,4.0,35.0,1.0,1.0,0.0,184.0,0.0,1.0,2.0,0
650555,394.4600000000002,2.02964,1.0,8.0,98.46,4.0,4.0,1.0,3.0,0.0,9.0,4.0,28.0,0.0,0.0,0.0,142.0,0.0,3.0,0.0,0
2258047,258.277,2.800120000000001,1.0,5.0,64.36,5.0,2.0,1.0,1.0,0.0,5.0,2.0,19.0,0.0,0.0,0.0,98.0,0.0,1.0,0.0,0
5309619,471.5350000000002,3.0524000000000013,1.0,7.0,107.06000000000002,7.0,3.0,2.0,1.0,1.0,10.0,4.0,33.0,1.0,0.0,1.0,174.0,0.0,2.0,1.0,0
1871019,293.4099999999999,4.486600000000004,0.0,2.0,20.31,5.0,2.0,2.0,0.0,1.0,2.0,3.0,22.0,1.0,0.0,1.0,114.0,0.0,1.0,0.0,0
3241759,456.5130000000004,2.3077,2.0,8.0,86.63999999999999,7.0,1.0,0.0,1.0,5.0,11.0,6.0,32.0,5.0,4.0,1.0,178.0,0.0,2.0,0.0,0
3238838,472.6550000000002,3.857720000000002,2.0,5.0,81.75,10.0,2.0,2.0,0.0,1.0,8.0,3.0,33.0,1.0,0.0,1.0,180.0,0.0,1.0,1.0,0
3238542,460.9430000000002,2.869200000000001,2.0,7.0,106.35,11.0,3.0,2.0,1.0,0.0,10.0,3.0,31.0,0.0,0.0,0.0,162.0,0.0,1.0,2.0,0
92044584,349.39400000000006,3.4806000000000017,3.0,4.0,91.93,3.0,3.0,1.0,2.0,1.0,7.0,5.0,26.0,2.0,1.0,1.0,132.0,0.0,3.0,2.0,1
650676,267.314,0.6944999999999997,1.0,7.0,85.84,6.0,2.0,0.0,2.0,0.0,8.0,2.0,18.0,0.0,0.0,0.0,96.0,0.0,2.0,1.0,0
3236482,323.374,3.8122000000000007,1.0,7.0,64.11,4.0,3.0,1.0,2.0,0.0,8.0,3.0,21.0,0.0,0.0,0.0,108.0,0.0,2.0,0.0,0
5307367,411.5020000000002,1.3842999999999996,0.0,7.0,70.16,6.0,2.0,2.0,0.0,2.0,7.0,4.0,30.0,2.0,0.0,2.0,160.0,0.0,2.0,0.0,0
712660,222.338,2.810270000000001,1.0,4.0,49.81,0.0,1.0,0.0,1.0,0.0,4.0,2.0,14.0,1.0,1.0,0.0,72.0,0.0,1.0,0.0,0
16758248,437.5330000000003,2.2722,0.0,7.0,91.37,2.0,0.0,0.0,0.0,1.0,8.0,2.0,31.0,2.0,0.0,2.0,174.0,0.0,2.0,1.0,0
655264,462.57600000000025,3.7040200000000025,2.0,9.0,93.96000000000002,9.0,3.0,1.0,2.0,1.0,11.0,4.0,31.0,1.0,0.0,1.0,164.0,0.0,3.0,1.0,0
17709,213.236,3.047200000000001,1.0,2.0,38.33,4.0,2.0,2.0,0.0,0.0,3.0,2.0,16.0,0.0,0.0,0.0,80.0,0.0,0.0,1.0,0
646970,406.4380000000001,3.4092000000000025,3.0,5.0,102.86,6.0,3.0,2.0,1.0,0.0,7.0,4.0,30.0,1.0,0.0,1.0,154.0,0.0,2.0,1.0,0
699697,201.628,2.8276000000000003,1.0,1.0,29.1,2.0,1.0,1.0,0.0,0.0,4.0,1.0,13.0,0.0,0.0,0.0,70.0,0.0,0.0,1.0,0
1255614,403.3940000000002,3.075020000000001,2.0,5.0,108.72,5.0,3.0,2.0,1.0,0.0,8.0,4.0,30.0,1.0,0.0,1.0,150.0,0.0,2.0,4.0,0
1169203,352.354,0.849,1.0,7.0,101.72,3.0,3.0,1.0,2.0,1.0,9.0,4.0,26.0,1.0,0.0,1.0,132.0,0.0,3.0,2.0,0
3232989,292.342,3.159300000000001,1.0,5.0,59.93,5.0,3.0,1.0,2.0,0.0,5.0,3.0,22.0,0.0,0.0,0.0,110.0,0.0,2.0,0.0,0
2126247,375.3880000000001,2.4085400000000003,0.0,8.0,91.9,4.0,4.0,2.0,2.0,0.0,8.0,4.0,28.0,0.0,0.0,0.0,140.0,0.0,2.0,0.0,0
3246192,439.8780000000002,0.7874000000000001,0.0,6.0,55.38000000000001,4.0,3.0,3.0,0.0,3.0,9.0,6.0,33.0,3.0,0.0,3.0,164.0,0.0,3.0,0.0,0
5771798,441.6150000000001,7.927600000000008,1.0,2.0,38.33,10.0,3.0,3.0,0.0,1.0,3.0,4.0,33.0,1.0,1.0,0.0,172.0,0.0,0.0,1.0,0
89536182,445.37600000000015,4.984300000000002,3.0,4.0,91.93,5.0,4.0,2.0,2.0,0.0,11.0,4.0,32.0,0.0,0.0,0.0,164.0,0.0,2.0,2.0,1
3247272,381.472,4.489400000000004,1.0,4.0,64.63,7.0,2.0,2.0,0.0,1.0,5.0,3.0,28.0,1.0,1.0,0.0,148.0,0.0,0.0,1.0,0
653439,306.37600000000003,1.6200199999999996,1.0,8.0,85.07000000000001,4.0,3.0,0.0,3.0,0.0,9.0,3.0,20.0,0.0,0.0,0.0,102.0,0.0,3.0,1.0,0
3239621,250.685,2.566420000000001,1.0,3.0,55.13,3.0,2.0,1.0,1.0,0.0,5.0,2.0,17.0,0.0,0.0,0.0,88.0,0.0,1.0,1.0,0
3234447,390.4180000000001,3.1677000000000017,0.0,6.0,69.9,6.0,4.0,2.0,2.0,0.0,7.0,4.0,29.0,0.0,0.0,0.0,146.0,0.0,2.0,0.0,0
3242371,424.4970000000001,4.049000000000002,1.0,6.0,82.82000000000001,11.0,3.0,2.0,1.0,0.0,7.0,3.0,31.0,0.0,0.0,0.0,164.0,0.0,1.0,1.0,0
16759024,364.43500000000006,6.077300000000005,0.0,1.0,17.07,3.0,2.0,2.0,0.0,1.0,3.0,4.0,27.0,2.0,2.0,0.0,138.0,0.0,0.0,0.0,0
870380,213.28,2.8734400000000013,1.0,1.0,32.86,2.0,2.0,1.0,1.0,0.0,2.0,2.0,16.0,0.0,0.0,0.0,82.0,0.0,1.0,0.0,0
128018,375.472,4.200700000000004,2.0,4.0,65.46000000000001,7.0,3.0,2.0,1.0,0.0,5.0,3.0,28.0,0.0,0.0,0.0,144.0,0.0,1.0,1.0,0
1262407,321.33600000000007,3.487620000000001,2.0,4.0,84.23,4.0,3.0,1.0,2.0,0.0,6.0,3.0,24.0,0.0,0.0,0.0,120.0,0.0,2.0,2.0,0
948801,285.73400000000004,3.479000000000002,1.0,3.0,46.92,2.0,3.0,2.0,1.0,0.0,5.0,3.0,20.0,0.0,0.0,0.0,100.0,0.0,1.0,1.0,0
2336012,359.3590000000001,0.9665999999999996,1.0,6.0,106.61,3.0,2.0,2.0,0.0,0.0,8.0,3.0,25.0,1.0,0.0,1.0,128.0,0.0,1.0,1.0,0
651555,490.59300000000025,2.11452,0.0,10.0,110.0,7.0,4.0,2.0,2.0,1.0,11.0,5.0,35.0,1.0,0.0,1.0,180.0,0.0,3.0,0.0,0
2162375,336.3470000000001,3.308720000000002,1.0,5.0,73.59,4.0,3.0,2.0,1.0,0.0,6.0,4.0,25.0,1.0,0.0,1.0,126.0,0.0,2.0,1.0,0
3243858,277.276,2.1944,1.0,5.0,77.77,5.0,2.0,1.0,1.0,0.0,6.0,2.0,20.0,0.0,0.0,0.0,106.0,0.0,1.0,1.0,0
665009,456.5970000000003,3.061600000000001,1.0,9.0,88.81,6.0,4.0,1.0,3.0,1.0,10.0,5.0,31.0,1.0,0.0,1.0,162.0,0.0,4.0,0.0,0
652536,267.328,2.6149400000000007,0.0,2.0,37.38,1.0,1.0,1.0,0.0,2.0,3.0,4.0,20.0,3.0,2.0,1.0,102.0,0.0,1.0,2.0,0
2997727,427.55100000000016,3.992000000000002,1.0,5.0,79.37,5.0,3.0,2.0,1.0,1.0,8.0,4.0,29.0,1.0,0.0,1.0,150.0,0.0,2.0,1.0,0
657968,268.341,3.103540000000001,0.0,4.0,34.89,0.0,3.0,1.0,2.0,0.0,4.0,4.0,19.0,1.0,0.0,1.0,94.0,0.0,3.0,0.0,0
784284,260.38500000000005,2.1773,0.0,4.0,32.260000000000005,2.0,1.0,0.0,1.0,2.0,4.0,3.0,19.0,2.0,1.0,1.0,104.0,0.0,2.0,0.0,0
5741681,248.351,3.0740000000000016,1.0,3.0,41.99,2.0,1.0,0.0,1.0,1.0,4.0,3.0,17.0,2.0,2.0,0.0,90.0,0.0,1.0,1.0,0
1548698,344.4360000000001,3.031820000000001,1.0,3.0,66.48,4.0,2.0,2.0,0.0,1.0,6.0,3.0,24.0,1.0,0.0,1.0,126.0,0.0,1.0,1.0,0
135403554,185.252,0.8542000000000001,2.0,4.0,71.77,3.0,1.0,0.0,1.0,0.0,5.0,1.0,12.0,0.0,0.0,0.0,66.0,0.0,1.0,0.0,0
176158,371.22300000000007,4.0523000000000025,1.0,3.0,51.1,2.0,3.0,2.0,1.0,0.0,6.0,4.0,25.0,1.0,0.0,1.0,124.0,0.0,2.0,2.0,0
2193181,421.4540000000001,1.0138999999999998,3.0,7.0,118.62999999999997,5.0,2.0,1.0,1.0,1.0,11.0,3.0,29.0,1.0,0.0,1.0,154.0,0.0,2.0,2.0,0
660825,308.382,2.48548,1.0,4.0,68.49000000000001,5.0,1.0,1.0,0.0,0.0,7.0,1.0,21.0,0.0,0.0,0.0,112.0,0.0,0.0,1.0,0
674996,266.297,1.6992,1.0,3.0,59.06,4.0,2.0,1.0,1.0,0.0,6.0,2.0,18.0,0.0,0.0,0.0,94.0,0.0,1.0,0.0,0
648213,499.5520000000002,4.235380000000003,1.0,9.0,119.13,9.0,4.0,3.0,1.0,0.0,10.0,4.0,36.0,0.0,0.0,0.0,180.0,0.0,1.0,1.0,0
644528,441.51300000000015,2.9532000000000007,2.0,9.0,107.37,9.0,3.0,2.0,1.0,0.0,10.0,3.0,31.0,0.0,0.0,0.0,162.0,0.0,1.0,1.0,0
655674,312.391,0.9843999999999996,1.0,4.0,75.71000000000001,5.0,1.0,1.0,0.0,1.0,7.0,2.0,21.0,1.0,0.0,1.0,116.0,0.0,1.0,1.0,0
5307565,488.9930000000003,4.186320000000004,0.0,6.0,80.06,6.0,3.0,2.0,1.0,1.0,9.0,4.0,33.0,1.0,0.0,1.0,174.0,0.0,2.0,1.0,0
3233483,352.4010000000001,3.879000000000002,1.0,6.0,87.38000000000001,4.0,4.0,2.0,2.0,0.0,6.0,4.0,27.0,0.0,0.0,0.0,130.0,0.0,2.0,0.0,0
649594,202.217,1.0674,1.0,4.0,59.81,2.0,2.0,0.0,2.0,0.0,5.0,2.0,15.0,0.0,0.0,0.0,76.0,0.0,2.0,1.0,0
3233465,385.4140000000001,3.7349000000000014,1.0,2.0,52.650000000000006,2.0,2.0,2.0,0.0,2.0,7.0,4.0,28.0,2.0,0.0,2.0,146.0,1.0,2.0,3.0,0
118380754,318.36600000000004,1.5629,4.0,7.0,120.51,5.0,3.0,0.0,3.0,0.0,10.0,3.0,22.0,0.0,0.0,0.0,114.0,0.0,3.0,2.0,1
2832697,248.179,3.375820000000001,1.0,2.0,37.91,2.0,2.0,1.0,1.0,0.0,7.0,2.0,17.0,0.0,0.0,0.0,92.0,0.0,1.0,0.0,0
3241011,311.8380000000001,3.054290000000001,1.0,4.0,41.03,5.0,2.0,1.0,1.0,0.0,6.0,2.0,20.0,0.0,0.0,0.0,108.0,0.0,1.0,0.0,0
3243080,395.3750000000001,1.1702999999999997,2.0,8.0,138.42999999999998,7.0,3.0,2.0,1.0,0.0,10.0,3.0,29.0,0.0,0.0,0.0,148.0,0.0,1.0,2.0,0
2078591,340.21000000000026,3.3279000000000023,0.0,4.0,55.32,3.0,2.0,1.0,1.0,1.0,7.0,3.0,22.0,1.0,0.0,1.0,116.0,0.0,2.0,1.0,0
646092,215.296,3.0242000000000013,2.0,2.0,32.26,5.0,2.0,2.0,0.0,0.0,2.0,2.0,16.0,0.0,0.0,0.0,84.0,0.0,0.0,0.0,0
653602,346.43300000000005,2.849800000000001,1.0,5.0,76.13,5.0,3.0,2.0,1.0,0.0,7.0,3.0,23.0,0.0,0.0,0.0,118.0,0.0,1.0,1.0,1
655554,433.5300000000002,1.6731000000000005,0.0,6.0,79.39,7.0,2.0,2.0,0.0,1.0,9.0,3.0,30.0,1.0,0.0,1.0,162.0,0.0,1.0,1.0,0
2905319,353.4180000000001,3.894200000000003,0.0,4.0,55.84,5.0,2.0,2.0,0.0,1.0,5.0,3.0,26.0,1.0,0.0,1.0,136.0,0.0,1.0,1.0,0
3239053,364.43000000000006,4.208620000000003,1.0,6.0,72.95,5.0,4.0,1.0,3.0,0.0,7.0,4.0,26.0,0.0,0.0,0.0,130.0,0.0,3.0,1.0,0
3237482,279.29200000000003,2.2143,3.0,3.0,103.7,7.0,1.0,1.0,0.0,0.0,6.0,1.0,20.0,0.0,0.0,0.0,108.0,0.0,0.0,1.0,0
3233574,394.3590000000001,4.282100000000003,0.0,2.0,23.55,1.0,1.0,1.0,0.0,2.0,9.0,3.0,27.0,2.0,0.0,2.0,150.0,1.0,2.0,1.0,0
2998341,425.49200000000025,2.802200000000001,0.0,6.0,71.33000000000001,4.0,4.0,2.0,2.0,1.0,7.0,5.0,32.0,1.0,0.0,1.0,160.0,0.0,3.0,1.0,0
646271,490.5890000000003,3.9729600000000014,1.0,8.0,106.15,8.0,4.0,1.0,3.0,1.0,10.0,5.0,35.0,1.0,1.0,0.0,180.0,0.0,3.0,2.0,0
653971,355.4630000000002,3.1106200000000017,1.0,5.0,75.01,5.0,2.0,1.0,1.0,1.0,6.0,3.0,25.0,1.0,0.0,1.0,130.0,0.0,2.0,1.0,0
2998826,375.5010000000001,4.613600000000004,0.0,6.0,48.53,5.0,4.0,2.0,2.0,0.0,6.0,5.0,27.0,1.0,0.0,1.0,136.0,0.0,3.0,0.0,0
2905937,356.38100000000014,3.379620000000002,0.0,4.0,63.41,1.0,3.0,2.0,1.0,1.0,5.0,7.0,27.0,4.0,3.0,1.0,132.0,0.0,2.0,2.0,0
5309960,407.5390000000001,3.749900000000003,1.0,4.0,54.34,6.0,3.0,1.0,2.0,1.0,6.0,4.0,29.0,1.0,0.0,1.0,150.0,0.0,3.0,2.0,0
2630170,280.338,0.5717999999999996,0.0,9.0,77.97,3.0,3.0,0.0,3.0,0.0,9.0,3.0,18.0,0.0,0.0,0.0,92.0,0.0,3.0,0.0,0
2172307,307.33500000000004,1.0270999999999997,1.0,8.0,99.0,5.0,2.0,1.0,1.0,0.0,9.0,2.0,21.0,0.0,0.0,0.0,110.0,0.0,1.0,2.0,0
94428,423.42400000000015,2.495,4.0,7.0,161.56,4.0,3.0,3.0,0.0,0.0,11.0,3.0,28.0,0.0,0.0,0.0,146.0,0.0,0.0,0.0,0
654880,243.266,1.4337999999999995,0.0,5.0,49.05,1.0,3.0,1.0,2.0,0.0,5.0,3.0,18.0,0.0,0.0,0.0,92.0,0.0,2.0,0.0,0
5337535,198.229,1.8254,0.0,4.0,43.07,3.0,2.0,1.0,1.0,0.0,4.0,2.0,15.0,0.0,0.0,0.0,74.0,0.0,1.0,0.0,0
54699177,353.33000000000004,3.517800000000003,1.0,6.0,110.65,5.0,3.0,2.0,1.0,0.0,7.0,3.0,26.0,0.0,0.0,0.0,132.0,0.0,1.0,0.0,0
284017,203.245,1.3995,1.0,3.0,41.150000000000006,1.0,2.0,1.0,1.0,1.0,4.0,3.0,15.0,1.0,0.0,1.0,78.0,0.0,2.0,0.0,0
833835,296.334,1.5779999999999992,2.0,7.0,90.88,6.0,3.0,2.0,1.0,0.0,7.0,3.0,22.0,0.0,0.0,0.0,112.0,0.0,1.0,0.0,0
654077,350.4290000000001,2.4487200000000007,1.0,9.0,98.73,6.0,3.0,0.0,3.0,0.0,10.0,3.0,23.0,0.0,0.0,0.0,120.0,0.0,3.0,1.0,0
664281,321.38400000000007,2.6586000000000007,2.0,6.0,65.69,4.0,3.0,2.0,1.0,0.0,6.0,4.0,24.0,1.0,0.0,1.0,122.0,0.0,2.0,0.0,0
3245553,389.4150000000001,2.0881199999999995,0.0,8.0,91.9,6.0,4.0,2.0,2.0,0.0,8.0,4.0,29.0,0.0,0.0,0.0,146.0,0.0,2.0,0.0,0
5771830,347.91100000000006,5.6989000000000045,1.0,2.0,29.1,7.0,2.0,1.0,1.0,1.0,4.0,3.0,23.0,1.0,1.0,0.0,122.0,0.0,1.0,1.0,0
81994,354.3550000000001,1.6375,0.0,8.0,97.36000000000004,9.0,1.0,1.0,0.0,0.0,8.0,1.0,25.0,0.0,0.0,0.0,138.0,0.0,0.0,0.0,0
98771,218.178,2.4567000000000005,2.0,1.0,41.13,1.0,1.0,1.0,0.0,0.0,6.0,1.0,15.0,0.0,0.0,0.0,82.0,0.0,0.0,2.0,0
2975239,339.3550000000001,2.27112,1.0,7.0,98.48,5.0,3.0,2.0,1.0,0.0,8.0,3.0,25.0,0.0,0.0,0.0,128.0,0.0,1.0,0.0,1
16758136,703.8260000000002,1.364600000000001,6.0,13.0,187.84,5.0,1.0,1.0,0.0,7.0,13.0,8.0,50.0,7.0,4.0,3.0,278.0,1.0,3.0,0.0,0
117889814,541.5870000000001,5.179620000000005,1.0,8.0,121.28,5.0,5.0,2.0,3.0,1.0,11.0,6.0,40.0,1.0,0.0,1.0,204.0,0.0,4.0,2.0,1
646150,424.5740000000003,3.7699000000000025,0.0,8.0,59.31,6.0,3.0,1.0,2.0,2.0,8.0,5.0,30.0,2.0,1.0,1.0,158.0,0.0,3.0,0.0,0
118380785,428.42400000000015,3.3171000000000017,4.0,6.0,130.26,5.0,3.0,1.0,2.0,1.0,11.0,4.0,31.0,1.0,0.0,1.0,162.0,0.0,3.0,3.0,1
2999595,348.4720000000001,3.0202000000000018,2.0,5.0,76.02000000000001,7.0,2.0,1.0,1.0,0.0,7.0,2.0,24.0,0.0,0.0,0.0,130.0,0.0,1.0,3.0,0
2872342,378.3540000000001,4.022700000000003,0.0,5.0,63.64,2.0,3.0,0.0,3.0,1.0,9.0,4.0,27.0,1.0,0.0,1.0,142.0,0.0,4.0,1.0,0
3238449,287.38800000000003,3.2760200000000017,1.0,4.0,46.92,3.0,2.0,1.0,1.0,0.0,5.0,3.0,20.0,1.0,0.0,1.0,104.0,0.0,2.0,1.0,0
973422,330.29,2.589600000000001,1.0,3.0,66.48,4.0,2.0,2.0,0.0,0.0,7.0,3.0,24.0,1.0,0.0,1.0,122.0,0.0,1.0,3.0,0
16757935,468.5460000000003,4.364000000000004,0.0,7.0,99.88,3.0,1.0,0.0,1.0,3.0,7.0,5.0,34.0,4.0,3.0,1.0,182.0,0.0,2.0,0.0,0
2787417,349.3640000000002,2.5828000000000007,1.0,7.0,94.84,4.0,2.0,0.0,2.0,0.0,8.0,3.0,24.0,1.0,1.0,0.0,126.0,0.0,2.0,1.0,0
3238610,454.5520000000003,2.800600000000001,1.0,7.0,97.44,9.0,3.0,1.0,2.0,1.0,9.0,4.0,32.0,1.0,0.0,1.0,168.0,0.0,3.0,2.0,0
2409878,399.907,3.3838000000000017,1.0,6.0,77.04,4.0,3.0,2.0,1.0,0.0,8.0,4.0,27.0,1.0,0.0,1.0,138.0,0.0,2.0,1.0,0
3246362,401.4730000000001,1.71789,1.0,8.0,92.99,4.0,3.0,1.0,2.0,0.0,10.0,4.0,27.0,1.0,0.0,1.0,138.0,0.0,3.0,2.0,0
2961854,438.5970000000003,3.7598600000000015,2.0,5.0,105.78,4.0,0.0,0.0,0.0,5.0,7.0,6.0,31.0,6.0,5.0,1.0,164.0,1.0,1.0,2.0,0
3613389,154.125,0.8825999999999998,2.0,4.0,89.39,1.0,1.0,1.0,0.0,0.0,5.0,1.0,11.0,0.0,0.0,0.0,58.0,0.0,0.0,0.0,0
1246798,208.242,2.2968200000000003,1.0,4.0,55.13,2.0,2.0,0.0,2.0,0.0,5.0,2.0,14.0,0.0,0.0,0.0,72.0,0.0,2.0,1.0,0
3963998,371.4410000000001,1.8384,2.0,7.0,105.27,8.0,2.0,0.0,2.0,0.0,8.0,3.0,27.0,1.0,1.0,0.0,144.0,0.0,2.0,0.0,0
3233192,276.343,3.4591200000000013,1.0,4.0,50.7,4.0,3.0,1.0,2.0,0.0,4.0,3.0,21.0,0.0,0.0,0.0,104.0,0.0,2.0,0.0,0
666711,295.298,3.1140000000000008,0.0,6.0,78.11,4.0,3.0,1.0,2.0,0.0,6.0,3.0,22.0,0.0,0.0,0.0,110.0,0.0,2.0,0.0,0
5389902,461.5220000000003,2.1000399999999995,1.0,8.0,100.27,5.0,3.0,0.0,3.0,2.0,9.0,5.0,34.0,2.0,0.0,2.0,176.0,0.0,5.0,1.0,0
805501,226.254,3.4488200000000013,0.0,2.0,17.3,1.0,3.0,1.0,2.0,0.0,3.0,3.0,17.0,0.0,0.0,0.0,84.0,0.0,2.0,0.0,0
3240068,392.33000000000015,1.5223999999999998,3.0,6.0,106.12,5.0,1.0,1.0,0.0,1.0,11.0,2.0,27.0,1.0,0.0,1.0,150.0,0.0,1.0,2.0,0
2084826,331.3530000000001,2.538900000000001,2.0,6.0,97.37,5.0,3.0,1.0,2.0,0.0,8.0,3.0,23.0,0.0,0.0,0.0,118.0,0.0,2.0,3.0,0
3235129,347.4150000000001,1.7978999999999998,1.0,4.0,71.11,4.0,1.0,1.0,0.0,2.0,7.0,3.0,25.0,2.0,0.0,2.0,136.0,1.0,2.0,3.0,0
645397,392.45900000000006,2.7563400000000007,1.0,5.0,88.18,5.0,3.0,1.0,2.0,1.0,7.0,4.0,29.0,1.0,0.0,1.0,150.0,0.0,3.0,1.0,0
5307742,301.277,2.3225000000000007,1.0,5.0,81.16000000000001,5.0,3.0,1.0,2.0,0.0,7.0,3.0,22.0,0.0,0.0,0.0,112.0,0.0,2.0,1.0,0
238309,164.252,1.5758,0.0,2.0,16.130000000000003,4.0,1.0,0.0,1.0,0.0,2.0,1.0,12.0,0.0,0.0,0.0,66.0,0.0,1.0,0.0,0
6604251,442.7280000000003,6.997200000000009,2.0,2.0,40.46,2.0,0.0,0.0,0.0,5.0,2.0,5.0,32.0,5.0,5.0,0.0,182.0,0.0,0.0,0.0,0
1246999,415.5400000000001,3.089700000000001,1.0,5.0,69.72,4.0,3.0,2.0,1.0,1.0,8.0,4.0,28.0,1.0,0.0,1.0,146.0,0.0,2.0,1.0,0
973175,341.2930000000002,1.2177,0.0,6.0,73.14,3.0,2.0,1.0,1.0,1.0,10.0,3.0,24.0,1.0,0.0,1.0,128.0,0.0,2.0,1.0,0
970473,342.3510000000001,3.278500000000002,2.0,5.0,85.89,4.0,2.0,2.0,0.0,0.0,7.0,3.0,25.0,1.0,0.0,1.0,130.0,0.0,1.0,2.0,1
666162,365.4580000000002,4.115920000000003,0.0,5.0,60.48,2.0,2.0,1.0,1.0,1.0,6.0,4.0,26.0,2.0,0.0,2.0,132.0,0.0,3.0,1.0,0
134490,118.13599999999998,-1.2528999999999997,3.0,3.0,89.34,3.0,0.0,0.0,0.0,0.0,4.0,0.0,8.0,0.0,0.0,0.0,48.0,0.0,0.0,0.0,0
16758513,396.4440000000002,1.0440999999999996,1.0,10.0,117.29,10.0,1.0,0.0,1.0,1.0,10.0,2.0,28.0,1.0,0.0,1.0,156.0,0.0,2.0,0.0,0
647629,235.312,2.2126,0.0,5.0,39.940000000000005,3.0,2.0,1.0,1.0,0.0,5.0,2.0,16.0,0.0,0.0,0.0,84.0,0.0,1.0,0.0,0
3241207,365.3890000000001,3.4585000000000017,1.0,6.0,76.83,6.0,3.0,1.0,2.0,0.0,7.0,4.0,27.0,1.0,0.0,1.0,138.0,0.0,3.0,1.0,0
118365231,385.42400000000015,2.2267,4.0,6.0,121.39,8.0,3.0,1.0,2.0,0.0,9.0,3.0,28.0,0.0,0.0,0.0,148.0,0.0,2.0,2.0,1
647726,231.346,2.3887,1.0,5.0,54.88,5.0,1.0,0.0,1.0,0.0,6.0,1.0,14.0,0.0,0.0,0.0,78.0,0.0,1.0,1.0,0
3233344,302.41800000000006,2.5420000000000007,0.0,3.0,32.78,3.0,1.0,1.0,0.0,2.0,4.0,3.0,22.0,2.0,0.0,2.0,120.0,1.0,2.0,1.0,0
866382,266.34700000000004,2.63709,1.0,6.0,57.25,2.0,2.0,1.0,1.0,0.0,6.0,2.0,17.0,0.0,0.0,0.0,88.0,0.0,1.0,0.0,0
5309543,378.45400000000006,1.76612,2.0,5.0,104.39,5.0,2.0,1.0,1.0,1.0,9.0,3.0,26.0,1.0,0.0,1.0,140.0,0.0,2.0,1.0,0
772352,268.3159999999999,2.3568000000000007,2.0,2.0,72.19,5.0,2.0,2.0,0.0,0.0,4.0,2.0,20.0,0.0,0.0,0.0,102.0,0.0,0.0,2.0,0
3236933,264.369,1.978799999999999,1.0,2.0,49.41,3.0,0.0,0.0,0.0,3.0,4.0,3.0,19.0,3.0,2.0,1.0,106.0,0.0,1.0,2.0,0
3241846,368.4800000000001,2.36662,1.0,5.0,79.62,5.0,2.0,0.0,2.0,1.0,8.0,3.0,24.0,1.0,0.0,1.0,130.0,0.0,3.0,1.0,0
1589630,456.6110000000002,3.642540000000003,1.0,7.0,92.78,6.0,2.0,0.0,2.0,1.0,10.0,3.0,29.0,1.0,0.0,1.0,158.0,0.0,3.0,1.0,0
1299482,374.37400000000014,1.1923,1.0,5.0,112.06000000000002,4.0,2.0,2.0,0.0,0.0,9.0,3.0,26.0,1.0,0.0,1.0,134.0,0.0,1.0,2.0,0
92044681,436.4470000000002,3.676800000000002,3.0,6.0,114.05,7.0,4.0,1.0,3.0,0.0,10.0,4.0,32.0,0.0,0.0,0.0,164.0,0.0,3.0,2.0,1
2565436,247.254,0.7827799999999999,2.0,4.0,91.22,4.0,1.0,1.0,0.0,0.0,6.0,1.0,18.0,0.0,0.0,0.0,94.0,0.0,0.0,3.0,0
647858,277.349,1.9082,1.0,5.0,64.11000000000001,6.0,2.0,1.0,1.0,0.0,6.0,2.0,19.0,0.0,0.0,0.0,100.0,0.0,1.0,1.0,0
3242687,340.379,2.1270999999999995,1.0,4.0,67.87,6.0,2.0,2.0,0.0,0.0,6.0,3.0,25.0,1.0,0.0,1.0,130.0,0.0,1.0,2.0,0
652339,361.467,2.0173,2.0,4.0,88.16,8.0,2.0,1.0,1.0,0.0,7.0,2.0,25.0,0.0,0.0,0.0,134.0,0.0,1.0,1.0,0
2079329,324.35400000000004,3.269300000000002,0.0,7.0,78.88,7.0,2.0,0.0,2.0,0.0,7.0,2.0,22.0,0.0,0.0,0.0,118.0,0.0,2.0,0.0,0
3236490,396.4620000000001,3.6890000000000014,0.0,3.0,49.85,5.0,2.0,2.0,0.0,2.0,6.0,4.0,29.0,2.0,1.0,1.0,152.0,0.0,1.0,2.0,0
2216658,421.50000000000017,2.39994,1.0,9.0,103.43,6.0,3.0,0.0,3.0,0.0,10.0,3.0,28.0,0.0,0.0,0.0,148.0,0.0,3.0,1.0,0
5771828,341.88200000000006,5.637400000000005,1.0,1.0,29.1,7.0,2.0,2.0,0.0,1.0,3.0,3.0,24.0,1.0,1.0,0.0,126.0,0.0,0.0,1.0,0
860469,334.42600000000004,2.5451000000000006,1.0,7.0,72.95,6.0,3.0,0.0,3.0,0.0,8.0,3.0,22.0,0.0,0.0,0.0,114.0,0.0,3.0,1.0,0
5459495,235.283,0.983,1.0,4.0,55.400000000000006,1.0,0.0,0.0,0.0,0.0,4.0,2.0,17.0,2.0,1.0,1.0,92.0,0.0,1.0,0.0,0
5760135,413.4800000000001,2.0546,3.0,6.0,98.74,4.0,2.0,2.0,0.0,1.0,9.0,3.0,28.0,1.0,0.0,1.0,142.0,0.0,1.0,3.0,1
674305,272.329,3.519400000000001,2.0,4.0,58.14,3.0,3.0,1.0,2.0,0.0,5.0,3.0,19.0,0.0,0.0,0.0,96.0,0.0,2.0,0.0,0
5307709,392.4770000000002,2.20252,1.0,6.0,90.66,8.0,2.0,1.0,1.0,1.0,8.0,3.0,27.0,1.0,0.0,1.0,146.0,0.0,2.0,1.0,0
3237239,434.49600000000015,3.872340000000002,1.0,7.0,90.89,8.0,4.0,1.0,3.0,0.0,8.0,4.0,32.0,0.0,0.0,0.0,166.0,0.0,3.0,1.0,0
3241035,418.42700000000025,1.9453,2.0,7.0,127.87,5.0,2.0,2.0,0.0,0.0,10.0,3.0,29.0,1.0,0.0,1.0,152.0,0.0,1.0,1.0,0
650401,232.32700000000003,2.668200000000001,1.0,2.0,41.99,5.0,1.0,0.0,1.0,1.0,3.0,2.0,17.0,1.0,1.0,0.0,92.0,0.0,1.0,1.0,0
3241424,463.5340000000003,4.410900000000003,1.0,7.0,89.99000000000001,7.0,3.0,2.0,1.0,1.0,8.0,4.0,34.0,1.0,0.0,1.0,178.0,0.0,2.0,1.0,0
71528939,479.5560000000004,3.5915000000000017,3.0,7.0,97.4,7.0,3.0,2.0,1.0,2.0,9.0,5.0,35.0,2.0,0.0,2.0,184.0,0.0,3.0,1.0,1
3233771,201.229,2.3109,1.0,4.0,50.95,3.0,2.0,0.0,2.0,1.0,4.0,3.0,15.0,1.0,1.0,0.0,76.0,0.0,2.0,0.0,0
3584988,272.3,3.092800000000002,2.0,4.0,66.76,4.0,2.0,2.0,0.0,0.0,4.0,2.0,20.0,0.0,0.0,0.0,104.0,0.0,0.0,0.0,0
2999839,316.364,3.4537000000000013,0.0,5.0,44.87,2.0,4.0,2.0,2.0,0.0,5.0,5.0,24.0,1.0,0.0,1.0,118.0,0.0,3.0,0.0,0
2214016,290.3880000000001,3.718700000000003,1.0,5.0,43.38,8.0,2.0,1.0,1.0,0.0,5.0,2.0,20.0,0.0,0.0,0.0,106.0,0.0,1.0,0.0,0
7589,220.36,4.107400000000003,2.0,2.0,24.06,6.0,1.0,1.0,0.0,0.0,2.0,1.0,16.0,0.0,0.0,0.0,90.0,0.0,0.0,0.0,0
6603969,385.4240000000001,0.4808999999999999,4.0,9.0,125.55,6.0,3.0,1.0,2.0,1.0,9.0,4.0,28.0,1.0,0.0,1.0,148.0,0.0,3.0,0.0,0
2622789,374.3970000000001,0.4286000000000005,1.0,5.0,103.17,3.0,1.0,0.0,1.0,3.0,9.0,4.0,27.0,3.0,1.0,2.0,144.0,1.0,3.0,5.0,0
5459621,526.6330000000003,6.170700000000006,1.0,5.0,84.94000000000001,11.0,3.0,3.0,0.0,0.0,7.0,4.0,39.0,1.0,0.0,1.0,202.0,0.0,1.0,2.0,0
1305851,463.5370000000003,1.6444,1.0,6.0,120.93,5.0,2.0,2.0,0.0,1.0,11.0,4.0,31.0,2.0,0.0,2.0,164.0,0.0,2.0,2.0,0
2435656,458.49200000000025,2.586500000000001,1.0,7.0,115.15,9.0,3.0,2.0,1.0,0.0,10.0,3.0,32.0,0.0,0.0,0.0,168.0,0.0,1.0,1.0,0
5307800,475.5740000000003,3.909600000000003,1.0,8.0,83.20000000000002,9.0,4.0,2.0,2.0,0.0,9.0,5.0,34.0,1.0,0.0,1.0,174.0,0.0,3.0,1.0,1
5037,245.326,2.3047200000000005,1.0,4.0,38.96,3.0,2.0,1.0,1.0,0.0,4.0,2.0,18.0,0.0,0.0,0.0,96.0,0.0,1.0,0.0,0
2962707,293.327,-0.4383999999999999,1.0,8.0,83.08000000000001,3.0,2.0,0.0,2.0,1.0,8.0,3.0,21.0,1.0,0.0,1.0,114.0,0.0,3.0,0.0,0
655574,480.52800000000025,3.818620000000003,1.0,7.0,106.15,8.0,5.0,2.0,3.0,0.0,9.0,5.0,36.0,0.0,0.0,0.0,180.0,0.0,3.0,2.0,0
1149599,368.275,2.2834200000000004,2.0,3.0,75.43,5.0,1.0,1.0,0.0,1.0,6.0,2.0,22.0,1.0,0.0,1.0,120.0,0.0,1.0,2.0,0
135399986,368.4120000000001,2.2005,2.0,4.0,78.09,7.0,3.0,2.0,1.0,0.0,7.0,3.0,27.0,0.0,0.0,0.0,140.0,0.0,1.0,1.0,0
3237513,390.5090000000002,1.87329,1.0,6.0,70.57,6.0,2.0,1.0,1.0,1.0,8.0,3.0,27.0,1.0,0.0,1.0,146.0,0.0,2.0,1.0,0
98356,232.279,2.4650000000000007,0.0,3.0,35.53,4.0,1.0,1.0,0.0,0.0,3.0,2.0,17.0,1.0,0.0,1.0,90.0,0.0,1.0,0.0,0
664729,399.4540000000002,4.490980000000003,1.0,7.0,88.89999999999999,9.0,4.0,2.0,2.0,0.0,7.0,4.0,30.0,0.0,0.0,0.0,150.0,0.0,2.0,0.0,0
118380789,408.4620000000003,3.202420000000001,4.0,5.0,123.24,5.0,3.0,1.0,2.0,1.0,9.0,4.0,30.0,1.0,0.0,1.0,156.0,0.0,3.0,2.0,1
963163,347.4650000000001,3.6180600000000025,1.0,6.0,68.02000000000001,5.0,3.0,0.0,3.0,0.0,7.0,3.0,23.0,0.0,0.0,0.0,120.0,0.0,3.0,1.0,0
2366527,300.2800000000001,2.0429,1.0,2.0,63.400000000000006,2.0,1.0,1.0,0.0,1.0,7.0,2.0,21.0,1.0,0.0,1.0,114.0,0.0,1.0,2.0,0
659702,345.34899999999993,4.518800000000003,1.0,3.0,53.93000000000001,4.0,2.0,2.0,0.0,0.0,7.0,3.0,25.0,1.0,0.0,1.0,130.0,0.0,1.0,2.0,0
179503,224.643,2.763420000000001,0.0,3.0,39.44,1.0,2.0,1.0,1.0,0.0,4.0,2.0,15.0,0.0,0.0,0.0,78.0,0.0,1.0,0.0,0
677574,252.277,1.7545,3.0,4.0,97.79,1.0,3.0,2.0,1.0,0.0,5.0,3.0,19.0,0.0,0.0,0.0,94.0,0.0,1.0,0.0,0
2155329,497.5980000000004,3.7814000000000014,1.0,9.0,91.68,7.0,3.0,2.0,1.0,0.0,10.0,5.0,34.0,2.0,0.0,2.0,176.0,0.0,3.0,1.0,0
753415,315.46100000000007,3.3019000000000016,1.0,2.0,35.580000000000005,4.0,1.0,1.0,0.0,1.0,4.0,2.0,23.0,1.0,0.0,1.0,126.0,0.0,1.0,2.0,0
663201,362.4100000000001,3.804800000000003,1.0,5.0,62.66,8.0,2.0,1.0,1.0,0.0,6.0,2.0,25.0,0.0,0.0,0.0,136.0,0.0,1.0,0.0,0
226105,336.3680000000001,3.243400000000002,1.0,3.0,71.44,3.0,3.0,3.0,0.0,0.0,5.0,4.0,24.0,1.0,1.0,0.0,118.0,0.0,0.0,0.0,0
665453,333.38800000000003,0.6022999999999998,1.0,7.0,93.66,2.0,1.0,0.0,1.0,2.0,7.0,3.0,24.0,2.0,2.0,0.0,130.0,0.0,1.0,0.0,0
5309219,358.4190000000001,1.7092,1.0,4.0,75.71000000000001,4.0,2.0,2.0,0.0,0.0,7.0,3.0,25.0,1.0,0.0,1.0,130.0,0.0,1.0,2.0,0
5309421,451.52700000000016,4.075100000000003,1.0,7.0,73.97,8.0,4.0,2.0,2.0,0.0,9.0,4.0,32.0,0.0,0.0,0.0,164.0,0.0,2.0,1.0,0
2999576,312.44200000000006,3.927060000000002,0.0,5.0,43.6,1.0,3.0,0.0,3.0,0.0,5.0,4.0,22.0,1.0,1.0,0.0,114.0,0.0,3.0,0.0,0
760279,322.43000000000006,1.7391,2.0,4.0,89.25999999999999,5.0,1.0,1.0,0.0,0.0,6.0,2.0,22.0,1.0,1.0,0.0,120.0,0.0,0.0,0.0,0
2855196,398.4150000000001,2.7807000000000013,3.0,6.0,106.12,6.0,2.0,2.0,0.0,0.0,8.0,3.0,29.0,1.0,0.0,1.0,152.0,0.0,1.0,2.0,0
135417574,403.4860000000001,3.489020000000001,2.0,6.0,92.15,2.0,3.0,1.0,2.0,0.0,7.0,5.0,30.0,2.0,1.0,1.0,154.0,0.0,3.0,0.0,0
5309104,406.4640000000001,1.6257999999999997,2.0,6.0,121.46,6.0,2.0,1.0,1.0,1.0,10.0,3.0,28.0,1.0,0.0,1.0,150.0,0.0,2.0,1.0,0
330385,294.496,0.9371999999999998,3.0,8.0,48.45,2.0,0.0,0.0,0.0,2.0,8.0,3.0,16.0,3.0,0.0,3.0,90.0,1.0,3.0,0.0,0
3247290,424.5410000000001,3.8134000000000015,3.0,4.0,87.66000000000001,9.0,2.0,2.0,0.0,1.0,6.0,3.0,31.0,1.0,1.0,0.0,166.0,0.0,0.0,2.0,0
660994,358.52600000000024,3.5980000000000025,0.0,2.0,40.620000000000005,2.0,0.0,0.0,0.0,6.0,4.0,6.0,26.0,6.0,4.0,2.0,144.0,0.0,2.0,2.0,0
665684,375.42800000000017,4.150100000000003,1.0,6.0,73.34,5.0,3.0,2.0,1.0,0.0,6.0,4.0,28.0,1.0,1.0,0.0,142.0,0.0,1.0,0.0,0
5307504,496.5480000000002,3.7159800000000014,1.0,8.0,110.03,7.0,5.0,2.0,3.0,0.0,9.0,5.0,36.0,0.0,0.0,0.0,178.0,0.0,3.0,1.0,0
653328,365.49900000000014,2.3782000000000005,3.0,4.0,87.30000000000001,7.0,1.0,1.0,0.0,2.0,7.0,3.0,25.0,2.0,2.0,0.0,138.0,0.0,0.0,1.0,0
6604817,544.7370000000002,1.061599999999999,4.0,9.0,134.42,5.0,3.0,1.0,2.0,1.0,12.0,4.0,30.0,1.0,0.0,1.0,158.0,0.0,3.0,1.0,1
645009,314.39500000000004,3.4933000000000014,0.0,7.0,52.31,4.0,4.0,1.0,3.0,0.0,7.0,4.0,21.0,0.0,0.0,0.0,104.0,0.0,3.0,0.0,0
219778,239.28200000000004,1.9754,1.0,5.0,55.63,3.0,3.0,1.0,2.0,0.0,5.0,3.0,18.0,0.0,0.0,0.0,90.0,0.0,2.0,0.0,0
3000131,346.4340000000001,2.9955000000000016,1.0,4.0,48.470000000000006,4.0,3.0,2.0,1.0,1.0,5.0,4.0,26.0,1.0,0.0,1.0,132.0,0.0,2.0,1.0,0
3241238,284.315,2.1981,2.0,3.0,67.42999999999999,4.0,2.0,2.0,0.0,0.0,5.0,2.0,21.0,0.0,0.0,0.0,108.0,0.0,0.0,2.0,0
408996,288.35,3.963400000000002,1.0,3.0,37.53,3.0,3.0,2.0,1.0,0.0,3.0,4.0,22.0,1.0,0.0,1.0,108.0,0.0,2.0,0.0,0
6605089,354.4580000000002,2.15762,2.0,7.0,79.10000000000001,8.0,3.0,1.0,2.0,0.0,7.0,3.0,26.0,0.0,0.0,0.0,138.0,0.0,2.0,0.0,0
2212108,358.3530000000001,4.475800000000002,1.0,5.0,73.59,3.0,4.0,3.0,1.0,0.0,6.0,5.0,27.0,1.0,0.0,1.0,132.0,0.0,2.0,1.0,0
2157582,400.4560000000002,2.844800000000001,1.0,6.0,86.63000000000001,5.0,3.0,2.0,1.0,0.0,8.0,4.0,28.0,1.0,0.0,1.0,146.0,0.0,2.0,1.0,0
2947255,224.285,1.5010400000000002,0.0,5.0,52.08,2.0,1.0,0.0,1.0,1.0,5.0,2.0,15.0,1.0,0.0,1.0,80.0,0.0,2.0,0.0,0
3233094,251.289,3.348700000000001,1.0,4.0,50.95,4.0,3.0,1.0,2.0,0.0,4.0,3.0,19.0,0.0,0.0,0.0,94.0,0.0,2.0,0.0,0
585642,285.324,3.8183000000000016,1.0,4.0,63.33,4.0,3.0,2.0,1.0,0.0,5.0,3.0,20.0,0.0,0.0,0.0,100.0,0.0,1.0,0.0,0
653689,269.3,2.782420000000001,0.0,4.0,60.17,2.0,2.0,1.0,1.0,1.0,4.0,3.0,20.0,1.0,1.0,0.0,102.0,0.0,1.0,0.0,0
16758875,300.40200000000004,2.1135,2.0,3.0,52.57,3.0,1.0,1.0,0.0,1.0,4.0,2.0,22.0,1.0,0.0,1.0,118.0,0.0,1.0,0.0,0
2972595,273.332,3.036920000000001,1.0,4.0,51.46,3.0,2.0,1.0,1.0,1.0,4.0,3.0,20.0,1.0,0.0,1.0,106.0,0.0,2.0,0.0,0
2232224,270.332,3.512800000000002,1.0,3.0,51.22,6.0,2.0,1.0,1.0,0.0,4.0,2.0,20.0,0.0,0.0,0.0,104.0,0.0,1.0,1.0,0
3236876,498.5610000000003,2.2424,1.0,8.0,127.67,6.0,3.0,2.0,1.0,1.0,11.0,4.0,35.0,1.0,0.0,1.0,184.0,0.0,2.0,1.0,0
5771783,421.5840000000002,5.080900000000005,1.0,5.0,72.47,10.0,2.0,1.0,1.0,0.0,7.0,2.0,28.0,0.0,0.0,0.0,152.0,0.0,1.0,0.0,0
646414,344.41100000000006,2.3334,1.0,6.0,67.86999999999999,4.0,1.0,1.0,0.0,0.0,6.0,2.0,25.0,1.0,0.0,1.0,134.0,0.0,1.0,0.0,0
401019,293.3740000000001,2.2801,1.0,4.0,48.05,3.0,3.0,1.0,2.0,1.0,5.0,4.0,22.0,1.0,0.0,1.0,112.0,0.0,3.0,0.0,0
2314340,303.33900000000006,2.4174,0.0,4.0,63.68000000000001,1.0,2.0,2.0,0.0,0.0,6.0,3.0,21.0,1.0,0.0,1.0,108.0,0.0,1.0,1.0,0
652038,345.4650000000002,0.3046000000000006,1.0,4.0,100.78,5.0,0.0,0.0,0.0,2.0,8.0,2.0,23.0,2.0,1.0,1.0,132.0,0.0,1.0,2.0,0
2302000,289.33500000000004,1.1010199999999997,1.0,5.0,73.22,5.0,2.0,0.0,2.0,0.0,6.0,2.0,21.0,0.0,0.0,0.0,112.0,0.0,2.0,1.0,0
3234866,320.377,2.963300000000001,0.0,6.0,60.67,3.0,4.0,1.0,3.0,0.0,6.0,4.0,23.0,0.0,0.0,0.0,112.0,0.0,3.0,0.0,0
118045207,439.5120000000001,3.3020000000000023,2.0,5.0,102.15,5.0,3.0,2.0,1.0,1.0,8.0,4.0,31.0,1.0,0.0,1.0,160.0,0.0,2.0,1.0,1
619876,252.273,2.7879000000000014,1.0,3.0,55.12,3.0,3.0,2.0,1.0,0.0,4.0,3.0,19.0,0.0,0.0,0.0,94.0,0.0,1.0,0.0,0
5739939,295.766,3.084420000000001,1.0,4.0,53.68,3.0,2.0,1.0,1.0,0.0,5.0,2.0,20.0,0.0,0.0,0.0,108.0,0.0,1.0,0.0,0
652225,343.3790000000001,3.195100000000001,1.0,5.0,66.02,5.0,2.0,2.0,0.0,0.0,6.0,3.0,25.0,1.0,0.0,1.0,132.0,0.0,1.0,1.0,0
894934,290.36300000000006,1.83822,0.0,3.0,49.85,3.0,1.0,1.0,0.0,1.0,5.0,2.0,21.0,1.0,0.0,1.0,114.0,0.0,1.0,2.0,0
647330,273.357,2.815700000000001,0.0,4.0,29.540000000000003,3.0,2.0,1.0,1.0,1.0,4.0,3.0,19.0,1.0,0.0,1.0,98.0,0.0,2.0,0.0,0
2990940,325.315,4.429000000000002,1.0,5.0,50.95,4.0,3.0,0.0,3.0,0.0,8.0,3.0,22.0,0.0,0.0,0.0,114.0,0.0,3.0,0.0,0
3242092,390.3950000000001,4.469900000000004,2.0,6.0,93.82,5.0,4.0,3.0,1.0,0.0,7.0,4.0,29.0,0.0,0.0,0.0,146.0,0.0,1.0,1.0,0
970938,269.366,2.09654,0.0,3.0,46.61000000000001,3.0,1.0,1.0,0.0,1.0,5.0,2.0,18.0,1.0,0.0,1.0,100.0,0.0,1.0,0.0,0
251641,289.36,2.5278,1.0,6.0,78.1,5.0,2.0,1.0,1.0,0.0,6.0,2.0,20.0,0.0,0.0,0.0,104.0,0.0,1.0,0.0,0
607388,373.23200000000026,2.2503,0.0,6.0,55.55,3.0,2.0,0.0,2.0,1.0,13.0,3.0,25.0,1.0,0.0,1.0,138.0,0.0,3.0,0.0,0
5085871,294.807,3.181400000000002,0.0,3.0,32.67,3.0,1.0,1.0,0.0,1.0,5.0,3.0,19.0,2.0,1.0,1.0,100.0,0.0,1.0,1.0,0
2997744,328.3590000000001,4.185400000000003,1.0,2.0,32.34,1.0,1.0,1.0,0.0,1.0,7.0,3.0,22.0,2.0,0.0,2.0,118.0,0.0,2.0,2.0,0
662202,332.407,4.041220000000002,1.0,5.0,51.97,4.0,3.0,2.0,1.0,0.0,5.0,4.0,25.0,1.0,0.0,1.0,126.0,0.0,2.0,0.0,0
645728,247.323,2.913800000000001,1.0,4.0,54.88,3.0,2.0,1.0,1.0,0.0,5.0,2.0,17.0,0.0,0.0,0.0,88.0,0.0,1.0,1.0,0
673661,305.38000000000005,3.968200000000002,0.0,6.0,52.33,4.0,3.0,1.0,2.0,0.0,6.0,3.0,20.0,0.0,0.0,0.0,102.0,0.0,2.0,0.0,0
629147,318.41700000000003,2.743000000000001,1.0,3.0,58.64,7.0,1.0,1.0,0.0,1.0,5.0,2.0,23.0,1.0,0.0,1.0,126.0,0.0,1.0,2.0,0
648306,306.749,1.7788,1.0,4.0,58.64,4.0,1.0,1.0,0.0,1.0,6.0,3.0,21.0,2.0,0.0,2.0,110.0,0.0,2.0,2.0,0
2302115,370.43,3.6263000000000014,2.0,5.0,80.56,7.0,3.0,1.0,2.0,0.0,7.0,3.0,26.0,0.0,0.0,0.0,134.0,0.0,2.0,1.0,0
3247187,591.7080000000004,5.240220000000005,0.0,6.0,84.99000000000001,7.0,4.0,2.0,2.0,2.0,8.0,7.0,44.0,3.0,1.0,2.0,226.0,0.0,4.0,2.0,0
655658,311.76500000000004,2.653220000000001,2.0,5.0,71.7,6.0,2.0,1.0,1.0,0.0,6.0,2.0,21.0,0.0,0.0,0.0,114.0,0.0,1.0,0.0,0
5459707,250.3419999999999,1.6122999999999996,1.0,2.0,49.41,1.0,0.0,0.0,0.0,1.0,4.0,2.0,18.0,2.0,1.0,1.0,100.0,1.0,1.0,2.0,0
655668,350.37400000000014,4.101220000000002,2.0,4.0,80.57,5.0,3.0,2.0,1.0,0.0,6.0,3.0,26.0,0.0,0.0,0.0,132.0,0.0,1.0,2.0,0
665403,312.395,1.1143999999999994,2.0,6.0,93.21,7.0,1.0,0.0,1.0,1.0,8.0,2.0,21.0,1.0,0.0,1.0,116.0,0.0,2.0,2.0,0
5308826,389.50600000000026,1.9543,0.0,8.0,73.02,5.0,3.0,1.0,2.0,1.0,9.0,4.0,26.0,1.0,0.0,1.0,136.0,0.0,3.0,1.0,0
3239023,327.311,2.2547999999999995,0.0,4.0,55.84,3.0,2.0,2.0,0.0,1.0,6.0,4.0,24.0,2.0,0.0,2.0,122.0,1.0,2.0,1.0,0
3238214,299.326,3.2041000000000013,1.0,5.0,56.790000000000006,5.0,2.0,2.0,0.0,0.0,5.0,3.0,22.0,1.0,0.0,1.0,114.0,0.0,1.0,0.0,0
665329,354.3370000000001,2.1224,0.0,5.0,68.19999999999999,4.0,2.0,2.0,0.0,1.0,7.0,4.0,26.0,2.0,0.0,2.0,132.0,0.0,2.0,2.0,0
663658,448.4790000000002,3.350200000000002,0.0,8.0,108.17,7.0,4.0,0.0,4.0,0.0,9.0,4.0,33.0,0.0,0.0,0.0,170.0,0.0,4.0,1.0,0
655003,279.299,3.297320000000001,1.0,4.0,68.02000000000001,3.0,3.0,1.0,2.0,0.0,5.0,3.0,21.0,0.0,0.0,0.0,104.0,0.0,2.0,1.0,0
2496240,491.5730000000002,2.918640000000001,2.0,7.0,115.09,7.0,4.0,2.0,2.0,0.0,10.0,4.0,35.0,0.0,0.0,0.0,180.0,0.0,2.0,1.0,0
804602,265.265,1.7505,2.0,4.0,84.86,5.0,1.0,1.0,0.0,1.0,6.0,2.0,19.0,1.0,1.0,0.0,102.0,0.0,0.0,1.0,0
1148713,360.43500000000006,1.9687,0.0,5.0,59.08000000000001,3.0,2.0,2.0,0.0,1.0,7.0,4.0,25.0,2.0,0.0,2.0,132.0,0.0,2.0,0.0,0
13711,227.22,-1.5338000000000005,3.0,7.0,110.6,2.0,1.0,0.0,1.0,1.0,7.0,2.0,16.0,1.0,0.0,1.0,88.0,0.0,2.0,0.0,0
663101,402.5160000000002,2.3473000000000006,0.0,5.0,66.92,7.0,2.0,2.0,0.0,1.0,7.0,3.0,28.0,1.0,0.0,1.0,150.0,0.0,1.0,1.0,0
4646739,388.32800000000015,1.3315,3.0,8.0,131.75,3.0,2.0,2.0,0.0,0.0,9.0,4.0,28.0,2.0,0.0,2.0,146.0,0.0,2.0,0.0,0
654844,329.40000000000003,1.5062000000000004,0.0,3.0,60.93000000000001,2.0,1.0,1.0,0.0,1.0,6.0,3.0,24.0,2.0,0.0,2.0,128.0,0.0,2.0,3.0,0
3236444,274.751,3.355100000000002,0.0,3.0,26.52,3.0,2.0,1.0,1.0,0.0,4.0,3.0,19.0,1.0,0.0,1.0,98.0,0.0,2.0,0.0,0
3718,281.311,3.0351000000000017,1.0,2.0,57.61,3.0,2.0,2.0,0.0,0.0,4.0,3.0,21.0,1.0,0.0,1.0,106.0,0.0,1.0,1.0,0
2982778,268.272,2.2844,1.0,4.0,60.45,1.0,2.0,1.0,1.0,0.0,5.0,4.0,20.0,2.0,0.0,2.0,100.0,0.0,3.0,1.0,0
2997691,413.4700000000002,2.6588000000000003,1.0,6.0,90.93,5.0,1.0,1.0,0.0,4.0,7.0,6.0,30.0,5.0,4.0,1.0,160.0,0.0,1.0,1.0,0
272209,389.52400000000017,4.216500000000004,0.0,4.0,26.79,2.0,3.0,3.0,0.0,1.0,5.0,5.0,28.0,2.0,0.0,2.0,142.0,0.0,2.0,1.0,0
954445,263.26199999999994,4.225600000000003,0.0,1.0,3.24,1.0,2.0,2.0,0.0,0.0,4.0,3.0,19.0,1.0,0.0,1.0,98.0,0.0,1.0,0.0,0
3236624,445.5920000000002,3.859720000000003,0.0,6.0,52.57000000000001,4.0,3.0,2.0,1.0,1.0,7.0,5.0,32.0,2.0,0.0,2.0,164.0,0.0,3.0,1.0,0
3235571,338.3460000000001,1.97228,0.0,7.0,87.7,4.0,3.0,1.0,2.0,0.0,8.0,3.0,25.0,0.0,0.0,0.0,126.0,0.0,2.0,0.0,0
2953868,449.3120000000001,1.2515000000000005,0.0,6.0,101.06,5.0,1.0,1.0,0.0,1.0,11.0,3.0,28.0,2.0,0.0,2.0,152.0,0.0,2.0,3.0,0
5459456,484.6400000000002,5.701920000000006,0.0,4.0,51.540000000000006,6.0,3.0,2.0,1.0,1.0,5.0,5.0,36.0,2.0,1.0,1.0,188.0,0.0,2.0,1.0,0
3242411,380.4440000000001,3.530820000000003,0.0,5.0,60.77000000000001,5.0,3.0,2.0,1.0,0.0,6.0,3.0,28.0,0.0,0.0,0.0,146.0,0.0,1.0,1.0,0
2183437,330.1780000000001,2.4574000000000007,0.0,4.0,59.75,3.0,1.0,0.0,1.0,1.0,6.0,2.0,19.0,1.0,0.0,1.0,104.0,0.0,2.0,1.0,0
3238630,443.8940000000002,5.573840000000003,1.0,6.0,85.32000000000001,4.0,5.0,2.0,3.0,0.0,8.0,5.0,32.0,0.0,0.0,0.0,158.0,0.0,3.0,1.0,0
3244669,432.5610000000002,3.565100000000002,0.0,5.0,68.31,10.0,1.0,1.0,0.0,2.0,7.0,3.0,31.0,2.0,1.0,1.0,172.0,0.0,1.0,2.0,0
329202,332.88100000000003,5.338000000000003,1.0,4.0,38.91,4.0,3.0,2.0,1.0,0.0,5.0,3.0,21.0,0.0,0.0,0.0,106.0,0.0,1.0,0.0,0
662990,407.5570000000002,3.3481400000000026,0.0,5.0,63.68,6.0,2.0,1.0,1.0,1.0,7.0,3.0,27.0,1.0,0.0,1.0,146.0,0.0,2.0,1.0,0
3235875,435.5210000000001,1.7562999999999998,2.0,5.0,87.74000000000001,9.0,2.0,2.0,0.0,1.0,9.0,3.0,30.0,1.0,0.0,1.0,162.0,0.0,1.0,1.0,0
2219848,332.3560000000001,2.0632,1.0,5.0,84.94000000000001,7.0,1.0,1.0,0.0,1.0,7.0,3.0,24.0,2.0,0.0,2.0,128.0,0.0,2.0,3.0,0
3237895,413.51800000000014,2.390600000000001,1.0,7.0,78.95,10.0,2.0,2.0,0.0,1.0,7.0,3.0,30.0,1.0,0.0,1.0,162.0,0.0,1.0,0.0,0
2999514,435.5680000000002,3.802600000000002,1.0,4.0,61.88,7.0,2.0,2.0,0.0,2.0,6.0,4.0,32.0,2.0,1.0,1.0,170.0,0.0,1.0,2.0,0
5769020,421.5410000000001,3.8520400000000015,1.0,5.0,73.74000000000001,8.0,2.0,1.0,1.0,1.0,6.0,3.0,31.0,1.0,0.0,1.0,164.0,0.0,2.0,1.0,0
1244186,389.43300000000016,3.554380000000002,2.0,6.0,114.44,5.0,3.0,1.0,2.0,0.0,9.0,3.0,27.0,0.0,0.0,0.0,142.0,0.0,2.0,1.0,0
650326,435.50900000000007,3.7295000000000025,1.0,8.0,95.07,9.0,4.0,1.0,3.0,0.0,9.0,4.0,31.0,0.0,0.0,0.0,158.0,0.0,3.0,1.0,0
2217871,272.326,0.4342999999999995,2.0,4.0,84.5,6.0,1.0,1.0,0.0,0.0,7.0,1.0,18.0,0.0,0.0,0.0,100.0,0.0,0.0,1.0,0
646426,456.52000000000027,3.5368200000000023,1.0,6.0,98.07999999999998,6.0,3.0,2.0,1.0,1.0,9.0,4.0,32.0,1.0,0.0,1.0,168.0,0.0,2.0,1.0,1
3244752,402.2810000000002,4.610800000000004,0.0,4.0,49.580000000000005,3.0,3.0,2.0,1.0,1.0,7.0,4.0,27.0,1.0,0.0,1.0,138.0,0.0,2.0,1.0,0
654436,237.262,2.08912,0.0,4.0,47.78,1.0,3.0,1.0,2.0,0.0,4.0,3.0,18.0,0.0,0.0,0.0,88.0,0.0,2.0,0.0,0
644412,376.4120000000001,4.180500000000004,2.0,5.0,71.03,4.0,3.0,3.0,0.0,0.0,6.0,4.0,28.0,1.0,0.0,1.0,142.0,0.0,1.0,1.0,0
43544,310.39700000000005,3.217900000000002,2.0,3.0,52.57,5.0,2.0,2.0,0.0,1.0,4.0,3.0,23.0,1.0,0.0,1.0,120.0,0.0,1.0,0.0,0
656262,232.239,1.0434999999999997,1.0,4.0,72.19,3.0,2.0,1.0,1.0,0.0,5.0,2.0,17.0,0.0,0.0,0.0,88.0,0.0,1.0,0.0,0
2967427,356.403,1.8469,1.0,5.0,79.61000000000001,4.0,3.0,2.0,1.0,0.0,7.0,4.0,25.0,1.0,0.0,1.0,128.0,0.0,2.0,1.0,0
646181,361.4050000000001,2.2614400000000003,2.0,6.0,96.69,4.0,4.0,2.0,2.0,0.0,7.0,4.0,27.0,0.0,0.0,0.0,136.0,0.0,2.0,0.0,0
290219,163.18,1.4218399999999998,1.0,4.0,64.94,0.0,2.0,0.0,2.0,0.0,4.0,2.0,12.0,0.0,0.0,0.0,62.0,0.0,2.0,0.0,0
658370,321.42800000000017,3.8127400000000025,0.0,5.0,46.84,2.0,3.0,1.0,2.0,1.0,5.0,4.0,24.0,1.0,0.0,1.0,124.0,0.0,3.0,0.0,0
2850157,235.283,1.7427,1.0,3.0,47.56,4.0,1.0,1.0,0.0,0.0,4.0,2.0,17.0,1.0,0.0,1.0,92.0,0.0,1.0,1.0,0
650446,362.3850000000001,2.879500000000001,1.0,5.0,81.31,4.0,3.0,1.0,2.0,0.0,6.0,4.0,27.0,1.0,1.0,0.0,136.0,0.0,2.0,1.0,0
3234698,305.385,3.216700000000002,1.0,5.0,53.94,5.0,3.0,1.0,2.0,0.0,5.0,3.0,23.0,0.0,0.0,0.0,116.0,0.0,2.0,0.0,0
118365369,345.7900000000001,3.502600000000001,3.0,4.0,91.93,4.0,3.0,1.0,2.0,0.0,8.0,3.0,24.0,0.0,0.0,0.0,124.0,0.0,2.0,2.0,1
4122240,440.5910000000004,1.4712799999999997,0.0,6.0,101.78999999999998,6.0,1.0,1.0,0.0,2.0,10.0,3.0,29.0,2.0,0.0,2.0,160.0,0.0,2.0,0.0,0
2346297,278.348,2.922320000000001,0.0,4.0,52.6,6.0,1.0,1.0,0.0,0.0,4.0,1.0,20.0,0.0,0.0,0.0,110.0,0.0,0.0,0.0,0
412128,257.34099999999995,1.826,0.0,5.0,46.84,4.0,2.0,1.0,1.0,1.0,5.0,3.0,19.0,1.0,0.0,1.0,100.0,0.0,2.0,0.0,0
145995658,495.54700000000014,3.3648000000000016,1.0,10.0,115.36,6.0,5.0,1.0,4.0,0.0,11.0,6.0,37.0,1.0,0.0,1.0,186.0,0.0,5.0,1.0,1
3234370,417.5060000000001,3.5344000000000024,1.0,3.0,69.72,3.0,2.0,2.0,0.0,2.0,8.0,4.0,29.0,2.0,0.0,2.0,154.0,1.0,2.0,2.0,0
802770,328.82500000000005,2.2389,1.0,6.0,72.68,4.0,2.0,0.0,2.0,0.0,8.0,2.0,21.0,0.0,0.0,0.0,114.0,0.0,2.0,0.0,0
2853053,358.52600000000024,3.5980000000000025,0.0,2.0,40.620000000000005,4.0,0.0,0.0,0.0,6.0,4.0,6.0,26.0,6.0,4.0,2.0,144.0,0.0,2.0,2.0,0
2865632,279.33900000000006,3.117220000000001,0.0,2.0,37.38,3.0,2.0,2.0,0.0,1.0,3.0,3.0,21.0,1.0,0.0,1.0,106.0,0.0,1.0,2.0,0
3245359,460.5080000000004,2.7918200000000013,1.0,7.0,111.22,5.0,3.0,1.0,2.0,2.0,10.0,5.0,32.0,2.0,0.0,2.0,170.0,1.0,4.0,1.0,0
2948907,272.135,3.054000000000001,0.0,4.0,39.94,5.0,2.0,1.0,1.0,0.0,6.0,2.0,17.0,0.0,0.0,0.0,90.0,0.0,1.0,0.0,0
3237574,430.5520000000002,3.680500000000002,2.0,3.0,68.44,6.0,3.0,2.0,1.0,1.0,6.0,5.0,32.0,2.0,0.0,2.0,166.0,0.0,3.0,2.0,0
5307882,416.4300000000002,0.9873999999999994,1.0,7.0,103.4,7.0,1.0,1.0,0.0,2.0,9.0,4.0,30.0,3.0,0.0,3.0,160.0,1.0,3.0,2.0,0
3234455,345.40200000000004,4.534800000000004,0.0,5.0,51.39,5.0,4.0,2.0,2.0,0.0,5.0,4.0,26.0,0.0,0.0,0.0,130.0,0.0,2.0,0.0,0
648198,216.284,2.25584,2.0,3.0,45.15,3.0,2.0,1.0,1.0,0.0,3.0,2.0,16.0,0.0,0.0,0.0,84.0,0.0,1.0,0.0,0
1247743,317.36999999999995,1.8678,1.0,5.0,71.53,3.0,2.0,0.0,2.0,1.0,7.0,3.0,22.0,1.0,0.0,1.0,114.0,0.0,3.0,2.0,0
7841,120.977,1.5673,0.0,0.0,0.0,1.0,0.0,0.0,0.0,0.0,1.0,0.0,4.0,0.0,0.0,0.0,24.0,0.0,0.0,0.0,0
16758753,386.4480000000001,1.3319999999999994,2.0,6.0,99.43,4.0,1.0,1.0,0.0,3.0,7.0,4.0,28.0,3.0,2.0,1.0,150.0,0.0,1.0,2.0,0
2827720,299.73500000000007,1.7896999999999998,1.0,4.0,74.68,4.0,1.0,1.0,0.0,1.0,7.0,2.0,19.0,1.0,0.0,1.0,100.0,0.0,1.0,2.0,0
5308805,461.3670000000002,3.0124000000000013,1.0,6.0,88.85000000000001,8.0,2.0,1.0,1.0,1.0,10.0,3.0,29.0,1.0,0.0,1.0,158.0,0.0,2.0,1.0,0
847796,283.393,2.6146200000000004,1.0,3.0,55.400000000000006,4.0,1.0,1.0,0.0,1.0,5.0,2.0,19.0,1.0,1.0,0.0,106.0,0.0,0.0,0.0,0
2541167,366.3730000000001,2.4202000000000004,1.0,6.0,98.35,6.0,3.0,2.0,1.0,0.0,7.0,3.0,27.0,0.0,0.0,0.0,138.0,0.0,1.0,0.0,0
165521,254.241,2.8712000000000013,2.0,4.0,70.67,1.0,3.0,2.0,1.0,0.0,4.0,3.0,19.0,0.0,0.0,0.0,94.0,0.0,1.0,0.0,1
16759050,140.22599999999997,2.3776,0.0,1.0,9.23,1.0,0.0,0.0,0.0,0.0,1.0,1.0,10.0,1.0,0.0,1.0,58.0,0.0,1.0,0.0,0
663834,331.37900000000013,3.560120000000002,1.0,5.0,72.7,3.0,4.0,1.0,3.0,0.0,6.0,4.0,25.0,0.0,0.0,0.0,124.0,0.0,3.0,1.0,0
763095,302.20100000000014,3.7748000000000026,0.0,2.0,29.54,3.0,1.0,1.0,0.0,1.0,5.0,2.0,19.0,1.0,0.0,1.0,104.0,0.0,1.0,1.0,0
912382,289.37499999999994,3.3241000000000023,1.0,3.0,47.56,6.0,1.0,1.0,0.0,0.0,4.0,2.0,21.0,1.0,1.0,0.0,114.0,0.0,0.0,1.0,0
2887381,321.329,1.5204999999999995,2.0,5.0,94.09000000000002,5.0,1.0,1.0,0.0,2.0,7.0,3.0,23.0,2.0,0.0,2.0,124.0,0.0,2.0,1.0,0
3239714,494.5410000000003,3.8399000000000014,1.0,7.0,98.5,8.0,3.0,2.0,1.0,1.0,11.0,4.0,33.0,1.0,0.0,1.0,174.0,0.0,2.0,1.0,0
3151,425.9200000000001,3.353200000000002,2.0,5.0,78.82,5.0,4.0,2.0,2.0,1.0,8.0,5.0,30.0,1.0,0.0,1.0,156.0,0.0,3.0,0.0,0
646594,390.4940000000001,2.6354000000000006,1.0,9.0,94.82000000000002,7.0,3.0,1.0,2.0,0.0,10.0,3.0,26.0,0.0,0.0,0.0,136.0,0.0,2.0,1.0,0
2999119,410.56500000000005,2.5884,1.0,6.0,98.29,7.0,2.0,1.0,1.0,1.0,9.0,3.0,27.0,1.0,0.0,1.0,148.0,0.0,2.0,1.0,0
656094,480.57100000000025,4.133740000000003,1.0,7.0,109.16,6.0,5.0,2.0,3.0,0.0,10.0,5.0,33.0,0.0,0.0,0.0,168.0,0.0,3.0,0.0,0
3243647,260.293,2.4884000000000004,1.0,4.0,64.36,4.0,2.0,1.0,1.0,0.0,5.0,2.0,19.0,0.0,0.0,0.0,100.0,0.0,1.0,1.0,0
6570,70.091,0.7614,0.0,1.0,17.07,1.0,0.0,0.0,0.0,0.0,1.0,0.0,5.0,0.0,0.0,0.0,28.0,0.0,0.0,0.0,0
129078357,562.0700000000002,3.981900000000003,2.0,7.0,107.89,6.0,3.0,2.0,1.0,1.0,10.0,6.0,40.0,3.0,0.0,3.0,208.0,0.0,4.0,2.0,1
651839,401.4400000000003,3.769800000000002,1.0,6.0,94.84,5.0,3.0,2.0,1.0,0.0,8.0,4.0,28.0,1.0,1.0,0.0,146.0,0.0,1.0,0.0,0
828706,241.25,2.4186000000000005,1.0,4.0,60.06,2.0,3.0,1.0,2.0,0.0,5.0,3.0,18.0,0.0,0.0,0.0,90.0,0.0,2.0,1.0,0
3243313,370.44900000000007,4.183120000000003,1.0,4.0,51.1,6.0,3.0,1.0,2.0,0.0,6.0,3.0,26.0,0.0,0.0,0.0,134.0,0.0,2.0,1.0,0
71247195,478.5530000000002,3.5577000000000023,2.0,8.0,93.96,7.0,4.0,2.0,2.0,1.0,10.0,5.0,34.0,1.0,0.0,1.0,174.0,0.0,3.0,1.0,1
71529078,495.9080000000001,5.008100000000002,3.0,5.0,78.94,6.0,3.0,2.0,1.0,1.0,11.0,4.0,34.0,1.0,0.0,1.0,180.0,0.0,2.0,1.0,1
2079985,477.5640000000003,2.515600000000001,1.0,8.0,107.06,7.0,3.0,2.0,1.0,1.0,11.0,4.0,32.0,1.0,0.0,1.0,170.0,0.0,2.0,1.0,0
5308547,469.5480000000003,2.3770000000000007,1.0,10.0,100.27,7.0,4.0,2.0,2.0,0.0,11.0,5.0,32.0,1.0,0.0,1.0,164.0,0.0,3.0,1.0,0
665445,303.38000000000005,0.9786999999999996,0.0,5.0,65.07000000000001,9.0,1.0,1.0,0.0,0.0,7.0,1.0,20.0,0.0,0.0,0.0,114.0,0.0,0.0,0.0,0
3247282,456.5860000000002,5.632800000000005,2.0,3.0,67.43,9.0,3.0,3.0,0.0,1.0,5.0,4.0,34.0,1.0,1.0,0.0,176.0,0.0,0.0,2.0,0
5309266,407.5170000000001,2.817020000000001,2.0,6.0,101.3,7.0,3.0,1.0,2.0,0.0,9.0,3.0,27.0,0.0,0.0,0.0,144.0,0.0,2.0,1.0,0
3236292,335.40700000000004,3.9490400000000014,0.0,4.0,59.23,5.0,3.0,2.0,1.0,0.0,5.0,3.0,25.0,0.0,0.0,0.0,128.0,0.0,1.0,1.0,0
3234656,355.8250000000001,4.426300000000003,1.0,5.0,56.27,6.0,3.0,2.0,1.0,0.0,6.0,3.0,25.0,0.0,0.0,0.0,128.0,0.0,1.0,0.0,1
711270,251.286,0.7189999999999996,0.0,3.0,57.00000000000001,1.0,1.0,0.0,1.0,1.0,6.0,2.0,18.0,1.0,0.0,1.0,98.0,0.0,2.0,3.0,0
3246141,302.319,2.1356,2.0,7.0,123.62,4.0,3.0,1.0,2.0,0.0,9.0,3.0,21.0,0.0,0.0,0.0,106.0,0.0,2.0,0.0,0
5308969,382.5140000000001,4.093100000000003,0.0,7.0,52.71,5.0,4.0,2.0,2.0,0.0,7.0,4.0,26.0,0.0,0.0,0.0,132.0,0.0,2.0,0.0,0
3240650,409.4860000000002,2.541200000000001,0.0,6.0,63.60000000000001,6.0,2.0,2.0,0.0,1.0,7.0,4.0,30.0,2.0,0.0,2.0,158.0,0.0,2.0,1.0,0
2999978,407.4990000000001,3.3114800000000004,1.0,7.0,97.17,8.0,3.0,2.0,1.0,0.0,8.0,3.0,29.0,0.0,0.0,0.0,148.0,0.0,1.0,1.0,0
5308899,365.38900000000007,2.873200000000001,1.0,6.0,90.27,6.0,4.0,1.0,3.0,0.0,7.0,4.0,27.0,0.0,0.0,0.0,138.0,0.0,3.0,1.0,0
3235395,381.4980000000001,2.3647,1.0,4.0,78.95,3.0,1.0,1.0,0.0,2.0,8.0,3.0,26.0,2.0,0.0,2.0,144.0,1.0,2.0,2.0,0
5307415,475.61100000000033,2.883400000000001,1.0,6.0,97.71,7.0,2.0,1.0,1.0,2.0,9.0,4.0,33.0,2.0,1.0,1.0,180.0,0.0,2.0,1.0,0
3232902,241.338,1.74368,1.0,3.0,39.06,2.0,1.0,1.0,0.0,2.0,3.0,3.0,18.0,2.0,0.0,2.0,94.0,1.0,2.0,0.0,0
652426,410.5170000000003,2.670600000000001,1.0,5.0,92.78,6.0,2.0,2.0,0.0,1.0,9.0,3.0,27.0,1.0,0.0,1.0,146.0,0.0,1.0,0.0,0
5307750,455.5650000000001,3.3693000000000017,1.0,9.0,91.04,8.0,4.0,2.0,2.0,0.0,10.0,4.0,31.0,0.0,0.0,0.0,160.0,0.0,2.0,1.0,0
654122,348.45300000000003,3.918020000000002,2.0,8.0,82.29,5.0,3.0,1.0,2.0,0.0,8.0,3.0,23.0,0.0,0.0,0.0,120.0,0.0,2.0,0.0,0
75680,193.633,2.489920000000001,1.0,1.0,32.86,0.0,2.0,1.0,1.0,0.0,3.0,2.0,13.0,0.0,0.0,0.0,66.0,0.0,1.0,0.0,0
655654,437.49200000000025,3.822600000000003,2.0,7.0,94.09000000000002,6.0,2.0,2.0,0.0,0.0,7.0,4.0,32.0,2.0,1.0,1.0,168.0,0.0,1.0,0.0,0
653951,374.42200000000025,2.1303,0.0,8.0,86.53,6.0,3.0,0.0,3.0,1.0,9.0,4.0,26.0,1.0,0.0,1.0,136.0,0.0,4.0,1.0,0
5771399,466.9910000000002,2.8858200000000016,1.0,6.0,95.75,7.0,2.0,1.0,1.0,1.0,10.0,3.0,31.0,1.0,0.0,1.0,168.0,0.0,2.0,1.0,0
5389756,387.8710000000002,2.2309,1.0,7.0,73.85,6.0,3.0,1.0,2.0,0.0,8.0,3.0,27.0,0.0,0.0,0.0,142.0,0.0,2.0,0.0,0
649167,298.302,0.9351699999999994,1.0,7.0,89.45,2.0,3.0,0.0,3.0,0.0,7.0,3.0,22.0,0.0,0.0,0.0,112.0,0.0,3.0,0.0,0
5214133,415.48600000000016,3.836420000000003,1.0,6.0,86.85000000000001,9.0,2.0,1.0,1.0,0.0,7.0,3.0,30.0,1.0,1.0,0.0,162.0,0.0,1.0,0.0,0
135470833,248.31100000000004,1.5260999999999998,2.0,5.0,84.66,3.0,2.0,1.0,1.0,0.0,6.0,2.0,17.0,0.0,0.0,0.0,88.0,0.0,1.0,0.0,0
121416579,366.4250000000001,2.6720200000000007,2.0,6.0,93.96,5.0,3.0,0.0,3.0,1.0,8.0,4.0,27.0,1.0,0.0,1.0,140.0,0.0,4.0,2.0,1
1046666,360.21900000000005,2.44374,1.0,7.0,81.41000000000001,4.0,3.0,1.0,2.0,0.0,8.0,3.0,22.0,0.0,0.0,0.0,112.0,0.0,2.0,0.0,1
110993,280.331,2.0714,3.0,3.0,83.8,4.0,3.0,2.0,1.0,0.0,5.0,3.0,21.0,0.0,0.0,0.0,106.0,0.0,1.0,1.0,0
651151,469.5670000000002,3.258500000000001,2.0,8.0,109.58,10.0,3.0,2.0,1.0,0.0,10.0,3.0,33.0,0.0,0.0,0.0,174.0,0.0,1.0,2.0,0
783651,334.822,3.8099000000000034,0.0,3.0,15.71,4.0,2.0,2.0,0.0,1.0,5.0,3.0,23.0,1.0,0.0,1.0,122.0,0.0,1.0,0.0,0
2972732,245.307,2.0033,0.0,5.0,47.78,2.0,2.0,1.0,1.0,0.0,5.0,3.0,17.0,1.0,0.0,1.0,86.0,0.0,2.0,0.0,0
2997551,425.4450000000002,3.809000000000002,0.0,9.0,88.09,5.0,4.0,2.0,2.0,0.0,10.0,5.0,30.0,1.0,0.0,1.0,152.0,0.0,3.0,0.0,0
1246103,336.2220000000001,3.350800000000002,0.0,3.0,36.440000000000005,2.0,2.0,1.0,1.0,1.0,6.0,3.0,22.0,1.0,0.0,1.0,114.0,0.0,2.0,1.0,0
646336,388.49300000000017,2.1847000000000003,1.0,7.0,81.91,9.0,3.0,1.0,2.0,0.0,8.0,3.0,27.0,0.0,0.0,0.0,144.0,0.0,2.0,0.0,0
5307794,454.55200000000025,2.543000000000001,1.0,6.0,101.37,9.0,3.0,1.0,2.0,0.0,9.0,3.0,32.0,0.0,0.0,0.0,168.0,0.0,2.0,1.0,0
650762,443.6170000000004,3.7906400000000033,1.0,7.0,72.28,8.0,2.0,1.0,1.0,2.0,8.0,4.0,31.0,2.0,0.0,2.0,168.0,0.0,3.0,1.0,0
646277,349.41600000000017,1.394,0.0,8.0,82.37,6.0,2.0,1.0,1.0,1.0,9.0,3.0,24.0,1.0,0.0,1.0,128.0,0.0,2.0,1.0,0
3236373,247.637,2.4784000000000006,1.0,3.0,57.61,0.0,2.0,2.0,0.0,0.0,5.0,3.0,17.0,1.0,0.0,1.0,84.0,0.0,1.0,2.0,0
666555,466.5340000000004,3.6837200000000014,1.0,6.0,90.09,8.0,3.0,2.0,1.0,1.0,8.0,4.0,34.0,1.0,0.0,1.0,180.0,0.0,2.0,1.0,0
3241589,320.43300000000005,3.2712400000000024,1.0,4.0,60.330000000000005,4.0,1.0,0.0,1.0,1.0,5.0,2.0,23.0,1.0,1.0,0.0,128.0,0.0,1.0,1.0,0
121416560,362.3970000000001,2.17912,2.0,7.0,102.55,4.0,4.0,0.0,4.0,0.0,9.0,4.0,27.0,0.0,0.0,0.0,136.0,0.0,4.0,2.0,1
90424,131.22299999999998,-0.903699999999998,2.0,3.0,41.29,5.0,0.0,0.0,0.0,0.0,3.0,0.0,9.0,0.0,0.0,0.0,56.0,0.0,0.0,0.0,0
19244,156.269,2.439500000000001,1.0,1.0,20.23,1.0,0.0,0.0,0.0,1.0,1.0,1.0,11.0,1.0,1.0,0.0,66.0,0.0,0.0,0.0,0
3236319,342.4430000000001,1.6767199999999995,1.0,5.0,67.23,8.0,2.0,1.0,1.0,0.0,6.0,2.0,25.0,0.0,0.0,0.0,134.0,0.0,1.0,1.0,0
2197468,397.4560000000002,2.508,1.0,5.0,88.6,4.0,3.0,2.0,1.0,1.0,8.0,4.0,28.0,1.0,0.0,1.0,144.0,0.0,2.0,1.0,0
3242122,373.4970000000002,2.569700000000001,1.0,4.0,61.88,6.0,1.0,1.0,0.0,1.0,6.0,3.0,27.0,2.0,0.0,2.0,148.0,0.0,2.0,2.0,0
5060860,337.379,4.239700000000003,1.0,5.0,80.12,6.0,2.0,2.0,0.0,1.0,6.0,3.0,25.0,1.0,1.0,0.0,128.0,0.0,0.0,1.0,1
3233548,422.3910000000002,4.267500000000004,0.0,7.0,79.13000000000001,5.0,4.0,2.0,2.0,1.0,9.0,5.0,31.0,1.0,1.0,0.0,156.0,0.0,2.0,0.0,0
92044693,368.4160000000001,2.837200000000001,3.0,4.0,85.94000000000001,4.0,3.0,1.0,2.0,1.0,8.0,4.0,27.0,1.0,0.0,1.0,140.0,0.0,3.0,2.0,1
649206,305.41900000000004,-2.100499999999994,3.0,7.0,79.64,6.0,0.0,0.0,0.0,1.0,7.0,1.0,21.0,1.0,0.0,1.0,126.0,0.0,1.0,0.0,0
652924,393.48700000000025,3.5457600000000022,1.0,6.0,77.12,5.0,3.0,1.0,2.0,0.0,6.0,4.0,29.0,1.0,1.0,0.0,152.0,0.0,2.0,0.0,0
645058,412.87700000000007,3.787320000000002,1.0,7.0,103.16,4.0,2.0,1.0,1.0,0.0,8.0,3.0,29.0,1.0,0.0,1.0,150.0,0.0,2.0,0.0,0
118380802,382.424,1.6495999999999995,4.0,6.0,115.4,5.0,3.0,1.0,2.0,1.0,9.0,4.0,28.0,1.0,0.0,1.0,146.0,0.0,3.0,2.0,1
1266350,318.336,2.6636,1.0,5.0,72.28,4.0,4.0,2.0,2.0,0.0,6.0,4.0,24.0,0.0,0.0,0.0,118.0,0.0,2.0,0.0,0
664033,314.17900000000003,2.664500000000001,0.0,3.0,50.52,1.0,1.0,0.0,1.0,1.0,5.0,2.0,18.0,1.0,0.0,1.0,98.0,0.0,2.0,1.0,0
2998028,305.35900000000004,1.34122,1.0,5.0,79.37,3.0,1.0,0.0,1.0,1.0,7.0,3.0,21.0,2.0,1.0,1.0,110.0,0.0,2.0,3.0,0
3243909,382.5080000000001,3.3374200000000016,2.0,4.0,56.84,7.0,2.0,2.0,0.0,1.0,6.0,3.0,28.0,1.0,0.0,1.0,150.0,0.0,1.0,2.0,0
3234152,409.4900000000001,3.0355000000000016,1.0,5.0,87.66000000000001,3.0,2.0,1.0,1.0,2.0,8.0,4.0,30.0,2.0,0.0,2.0,158.0,1.0,3.0,3.0,0
2323124,374.318,5.2229000000000045,2.0,4.0,71.28,3.0,4.0,2.0,2.0,0.0,8.0,4.0,27.0,0.0,0.0,0.0,138.0,0.0,2.0,0.0,0
6881141,387.4470000000001,2.9738000000000016,2.0,7.0,111.08,6.0,4.0,1.0,3.0,0.0,8.0,4.0,29.0,0.0,0.0,0.0,146.0,0.0,3.0,1.0,0
644583,223.253,2.393,1.0,4.0,63.33,3.0,2.0,1.0,1.0,0.0,5.0,2.0,15.0,0.0,0.0,0.0,78.0,0.0,1.0,0.0,0
652472,417.4870000000002,2.3546,3.0,5.0,113.6,7.0,2.0,2.0,0.0,1.0,9.0,3.0,29.0,1.0,0.0,1.0,154.0,0.0,1.0,2.0,0
895260,317.4330000000001,2.859500000000001,1.0,3.0,44.81,3.0,1.0,1.0,0.0,2.0,5.0,3.0,23.0,2.0,1.0,1.0,126.0,0.0,1.0,2.0,0
658773,401.46300000000014,2.4765200000000007,2.0,6.0,100.73000000000002,6.0,2.0,1.0,1.0,1.0,8.0,3.0,29.0,1.0,0.0,1.0,156.0,0.0,2.0,1.0,0
654038,480.5280000000002,3.5058000000000025,1.0,7.0,106.15,9.0,5.0,2.0,3.0,0.0,9.0,5.0,36.0,0.0,0.0,0.0,180.0,0.0,3.0,2.0,0
3245487,474.6080000000003,3.400590000000002,3.0,7.0,104.7,8.0,3.0,1.0,2.0,1.0,10.0,4.0,32.0,1.0,0.0,1.0,170.0,0.0,3.0,2.0,0
1259308,331.3380000000001,2.0296000000000003,0.0,4.0,47.36,2.0,1.0,0.0,1.0,1.0,8.0,3.0,23.0,2.0,1.0,1.0,128.0,0.0,2.0,1.0,0
662872,352.41900000000004,3.320400000000002,0.0,7.0,61.53,4.0,3.0,2.0,1.0,0.0,7.0,4.0,25.0,1.0,0.0,1.0,126.0,0.0,2.0,0.0,1
3241273,311.35900000000004,1.3674,0.0,5.0,72.91,4.0,1.0,1.0,0.0,0.0,7.0,2.0,21.0,1.0,0.0,1.0,114.0,0.0,1.0,1.0,0
653714,369.4400000000001,3.0637000000000016,2.0,2.0,61.440000000000005,5.0,2.0,2.0,0.0,1.0,6.0,3.0,27.0,1.0,0.0,1.0,142.0,0.0,1.0,3.0,0
644432,373.41200000000015,3.453500000000002,1.0,4.0,74.91,5.0,3.0,2.0,1.0,0.0,6.0,4.0,28.0,1.0,0.0,1.0,140.0,0.0,2.0,2.0,0
667121,286.375,2.15724,0.0,4.0,36.69,2.0,2.0,1.0,1.0,1.0,4.0,3.0,21.0,1.0,0.0,1.0,112.0,0.0,2.0,0.0,0
644514,362.4340000000001,0.3152000000000022,2.0,7.0,119.01,6.0,2.0,0.0,2.0,1.0,9.0,3.0,26.0,1.0,0.0,1.0,142.0,0.0,3.0,1.0,0
645567,420.3470000000001,4.117400000000002,2.0,7.0,90.55,3.0,3.0,1.0,2.0,0.0,11.0,5.0,30.0,2.0,0.0,2.0,156.0,0.0,4.0,1.0,0
648079,314.78000000000003,2.5232,0.0,6.0,59.73,3.0,3.0,1.0,2.0,1.0,7.0,4.0,22.0,1.0,0.0,1.0,112.0,0.0,3.0,0.0,0
3236380,417.252,2.2081,1.0,7.0,103.04000000000002,5.0,1.0,0.0,1.0,1.0,8.0,2.0,25.0,1.0,1.0,0.0,138.0,0.0,1.0,0.0,0
1503465,344.3920000000001,3.9351400000000014,1.0,6.0,81.42999999999999,4.0,3.0,0.0,3.0,0.0,7.0,3.0,24.0,0.0,0.0,0.0,124.0,0.0,3.0,1.0,0
2712659,290.3190000000001,1.1575999999999993,1.0,4.0,67.87,5.0,1.0,1.0,0.0,1.0,6.0,3.0,21.0,2.0,0.0,2.0,112.0,0.0,2.0,2.0,0
967559,285.321,0.8282,0.0,5.0,80.75,5.0,1.0,1.0,0.0,0.0,7.0,1.0,19.0,0.0,0.0,0.0,104.0,0.0,0.0,0.0,0
2864982,259.305,2.1272,1.0,3.0,55.4,3.0,1.0,1.0,0.0,0.0,4.0,2.0,19.0,1.0,0.0,1.0,100.0,0.0,1.0,1.0,0
660708,462.58400000000046,2.543800000000002,0.0,8.0,96.0,6.0,0.0,0.0,0.0,1.0,10.0,1.0,32.0,1.0,0.0,1.0,188.0,0.0,1.0,2.0,0
651280,330.3810000000001,0.3348999999999995,2.0,4.0,86.71000000000001,5.0,1.0,1.0,0.0,1.0,8.0,2.0,22.0,1.0,0.0,1.0,122.0,0.0,1.0,1.0,0
3240903,346.3830000000001,3.0777400000000013,2.0,5.0,89.65,6.0,2.0,1.0,1.0,0.0,7.0,2.0,25.0,0.0,0.0,0.0,134.0,0.0,1.0,1.0,0
655169,378.3980000000001,3.9673400000000014,1.0,4.0,58.120000000000005,3.0,2.0,1.0,1.0,1.0,8.0,3.0,27.0,1.0,0.0,1.0,144.0,0.0,2.0,1.0,0
885285,206.241,2.2965,1.0,2.0,54.370000000000005,5.0,1.0,1.0,0.0,0.0,3.0,1.0,15.0,0.0,0.0,0.0,80.0,0.0,0.0,0.0,0
76072292,355.398,2.865800000000001,3.0,5.0,101.16,7.0,3.0,1.0,2.0,0.0,8.0,3.0,26.0,0.0,0.0,0.0,136.0,0.0,2.0,2.0,1
1356335,410.87900000000025,2.621800000000001,1.0,5.0,84.94,5.0,2.0,2.0,0.0,1.0,9.0,3.0,27.0,1.0,0.0,1.0,144.0,0.0,1.0,1.0,0
2983089,431.89500000000015,3.696100000000003,1.0,5.0,61.88,5.0,2.0,2.0,0.0,2.0,8.0,4.0,30.0,2.0,0.0,2.0,158.0,0.0,2.0,2.0,0
2233423,360.4830000000002,3.6022000000000025,1.0,6.0,69.03999999999999,6.0,2.0,1.0,1.0,1.0,7.0,3.0,25.0,1.0,1.0,0.0,134.0,0.0,1.0,1.0,0
665526,388.22100000000006,3.9948000000000015,2.0,6.0,90.49,4.0,3.0,2.0,1.0,0.0,7.0,3.0,24.0,0.0,0.0,0.0,122.0,0.0,1.0,0.0,0
65188,228.247,2.9772000000000007,0.0,3.0,39.44,0.0,2.0,1.0,1.0,0.0,3.0,3.0,17.0,1.0,0.0,1.0,86.0,0.0,2.0,0.0,0
665140,287.31499999999994,2.05872,1.0,4.0,68.39,3.0,2.0,1.0,1.0,1.0,5.0,3.0,21.0,1.0,0.0,1.0,110.0,0.0,2.0,0.0,0
1265263,370.8210000000001,4.732300000000003,0.0,7.0,77.84,5.0,4.0,2.0,2.0,0.0,8.0,4.0,25.0,0.0,0.0,0.0,124.0,0.0,2.0,0.0,0
654232,419.4850000000002,2.7983,2.0,5.0,96.33,6.0,3.0,2.0,1.0,1.0,8.0,4.0,31.0,1.0,0.0,1.0,160.0,0.0,2.0,3.0,0
2426621,357.479,2.969720000000001,0.0,5.0,45.67,6.0,2.0,1.0,1.0,1.0,6.0,3.0,25.0,1.0,0.0,1.0,132.0,0.0,2.0,1.0,0
16758982,417.5020000000002,3.757900000000002,1.0,6.0,90.93,10.0,1.0,1.0,0.0,0.0,7.0,1.0,30.0,0.0,0.0,0.0,164.0,0.0,0.0,1.0,0
2236013,281.355,4.338300000000004,0.0,2.0,29.54,2.0,2.0,2.0,0.0,1.0,3.0,3.0,21.0,1.0,0.0,1.0,108.0,0.0,1.0,1.0,0
2852160,314.168,3.0439000000000007,1.0,3.0,55.4,2.0,1.0,1.0,0.0,0.0,6.0,2.0,20.0,1.0,0.0,1.0,106.0,0.0,1.0,1.0,0
976770,326.37700000000007,3.774600000000001,2.0,4.0,71.34,5.0,3.0,1.0,2.0,0.0,6.0,3.0,23.0,0.0,0.0,0.0,116.0,0.0,2.0,2.0,0
665425,332.4110000000001,3.403420000000001,1.0,6.0,60.040000000000006,6.0,4.0,1.0,3.0,0.0,6.0,4.0,25.0,0.0,0.0,0.0,126.0,0.0,3.0,0.0,0
647413,303.81500000000005,1.2684000000000006,0.0,3.0,43.86000000000001,3.0,1.0,1.0,0.0,1.0,7.0,2.0,19.0,1.0,0.0,1.0,106.0,0.0,1.0,0.0,0
1190260,380.4910000000003,2.9240000000000013,1.0,7.0,67.87,6.0,2.0,0.0,2.0,1.0,8.0,3.0,25.0,1.0,0.0,1.0,134.0,0.0,3.0,1.0,0
973024,219.244,0.8353999999999999,1.0,4.0,56.03,1.0,2.0,1.0,1.0,0.0,5.0,2.0,16.0,0.0,0.0,0.0,84.0,0.0,1.0,1.0,0
71098,181.191,0.3466,3.0,3.0,83.55,3.0,1.0,1.0,0.0,0.0,4.0,1.0,13.0,0.0,0.0,0.0,70.0,0.0,0.0,0.0,0
651084,377.43700000000007,2.0246,1.0,7.0,102.79000000000002,5.0,1.0,0.0,1.0,1.0,7.0,2.0,27.0,1.0,1.0,0.0,148.0,0.0,1.0,0.0,0
575165,242.235,-0.6581999999999997,0.0,8.0,96.2,6.0,1.0,0.0,1.0,0.0,8.0,1.0,17.0,0.0,0.0,0.0,94.0,0.0,1.0,0.0,0
137495810,568.0490000000003,4.029520000000002,3.0,7.0,116.68000000000002,8.0,3.0,2.0,1.0,1.0,11.0,5.0,40.0,2.0,0.0,2.0,210.0,0.0,3.0,2.0,1
3244769,414.4310000000001,4.497600000000004,0.0,5.0,41.49,4.0,3.0,2.0,1.0,1.0,8.0,4.0,30.0,1.0,0.0,1.0,156.0,0.0,2.0,0.0,0
5323714,225.16,0.9739,0.0,6.0,98.18,3.0,1.0,0.0,1.0,1.0,8.0,2.0,16.0,1.0,0.0,1.0,84.0,0.0,2.0,1.0,0
665673,404.42600000000016,2.3710400000000007,0.0,8.0,88.24000000000001,6.0,4.0,2.0,2.0,0.0,8.0,4.0,30.0,0.0,0.0,0.0,152.0,0.0,2.0,0.0,0
6603816,172.188,0.8018000000000001,0.0,2.0,65.34,0.0,0.0,0.0,0.0,0.0,6.0,0.0,12.0,0.0,0.0,0.0,68.0,0.0,0.0,4.0,0
1304689,413.4300000000002,3.6179400000000026,0.0,9.0,105.8,7.0,3.0,1.0,2.0,0.0,9.0,3.0,30.0,0.0,0.0,0.0,158.0,0.0,2.0,0.0,0
2193358,430.9210000000003,2.8831000000000016,1.0,8.0,85.17,6.0,3.0,2.0,1.0,1.0,10.0,4.0,29.0,1.0,0.0,1.0,150.0,0.0,2.0,1.0,0
667265,331.37200000000007,1.5477999999999992,2.0,5.0,101.29000000000002,9.0,2.0,1.0,1.0,0.0,7.0,2.0,24.0,0.0,0.0,0.0,128.0,0.0,1.0,1.0,0
3125900,390.4610000000002,2.0977,2.0,5.0,101.57,8.0,2.0,2.0,0.0,0.0,8.0,2.0,27.0,0.0,0.0,0.0,144.0,0.0,0.0,1.0,0
945786,261.369,3.482740000000001,1.0,3.0,50.68,5.0,2.0,0.0,2.0,0.0,4.0,2.0,19.0,0.0,0.0,0.0,104.0,0.0,2.0,0.0,0
2868949,312.7530000000001,0.3629,0.0,4.0,66.92,2.0,0.0,0.0,0.0,2.0,7.0,3.0,21.0,3.0,1.0,2.0,114.0,0.0,2.0,3.0,0
1077813,387.4610000000002,2.681800000000001,2.0,4.0,95.58,5.0,2.0,2.0,0.0,1.0,8.0,3.0,27.0,1.0,0.0,1.0,142.0,0.0,1.0,2.0,0
3067696,314.36300000000006,1.2758999999999998,1.0,5.0,84.94,4.0,1.0,1.0,0.0,1.0,8.0,2.0,21.0,1.0,0.0,1.0,116.0,0.0,1.0,1.0,0
5307558,235.218,1.1591,1.0,4.0,68.02000000000001,3.0,2.0,1.0,1.0,0.0,6.0,2.0,17.0,0.0,0.0,0.0,88.0,0.0,1.0,1.0,0
2087787,294.37600000000003,1.8554,1.0,5.0,59.92,5.0,1.0,1.0,0.0,0.0,6.0,2.0,20.0,1.0,0.0,1.0,108.0,0.0,1.0,1.0,0
5771837,375.434,6.002800000000004,1.0,1.0,29.1,7.0,2.0,2.0,0.0,1.0,5.0,3.0,27.0,1.0,1.0,0.0,144.0,0.0,0.0,1.0,0
58881916,309.333,2.3048,3.0,6.0,104.72,4.0,3.0,0.0,3.0,0.0,8.0,3.0,23.0,0.0,0.0,0.0,116.0,0.0,3.0,2.0,1
650479,316.38200000000006,3.1603800000000017,0.0,6.0,72.21000000000001,6.0,2.0,1.0,1.0,0.0,6.0,2.0,22.0,0.0,0.0,0.0,114.0,0.0,1.0,0.0,0
2113703,417.3280000000001,5.399360000000003,0.0,5.0,55.99,5.0,3.0,2.0,1.0,0.0,6.0,3.0,25.0,0.0,0.0,0.0,128.0,0.0,1.0,0.0,0
3163338,255.657,1.2383999999999995,0.0,4.0,55.84,2.0,1.0,1.0,0.0,0.0,6.0,2.0,17.0,1.0,0.0,1.0,90.0,0.0,1.0,1.0,0
653643,217.23200000000003,0.7708199999999998,1.0,5.0,72.7,2.0,2.0,1.0,1.0,0.0,6.0,2.0,16.0,0.0,0.0,0.0,82.0,0.0,1.0,1.0,0
658599,290.348,1.7956599999999998,1.0,7.0,112.79,4.0,1.0,0.0,1.0,0.0,7.0,1.0,20.0,0.0,0.0,0.0,104.0,0.0,1.0,0.0,0
665742,385.44900000000007,1.6459999999999997,1.0,8.0,99.0,8.0,3.0,1.0,2.0,0.0,9.0,3.0,27.0,0.0,0.0,0.0,140.0,0.0,2.0,1.0,0
3236332,332.74700000000007,1.9696,0.0,7.0,79.01,3.0,3.0,1.0,2.0,0.0,8.0,3.0,23.0,0.0,0.0,0.0,118.0,0.0,2.0,0.0,0
644833,304.40900000000005,3.3510000000000018,1.0,2.0,32.34,4.0,1.0,1.0,0.0,2.0,4.0,3.0,22.0,2.0,0.0,2.0,120.0,0.0,2.0,1.0,0
882167,279.38,2.798700000000001,1.0,3.0,47.56,8.0,1.0,1.0,0.0,0.0,4.0,1.0,20.0,0.0,0.0,0.0,112.0,0.0,0.0,1.0,0
118365321,309.3260000000001,0.8807999999999995,3.0,6.0,110.39,7.0,2.0,0.0,2.0,0.0,9.0,2.0,22.0,0.0,0.0,0.0,120.0,0.0,2.0,2.0,1
2970022,378.42800000000005,3.568700000000001,2.0,3.0,86.71000000000001,5.0,2.0,2.0,0.0,0.0,6.0,3.0,28.0,1.0,1.0,0.0,144.0,0.0,0.0,2.0,0
16758604,512.5590000000003,1.4827999999999988,3.0,9.0,142.03000000000003,9.0,2.0,1.0,1.0,3.0,10.0,5.0,37.0,3.0,2.0,1.0,198.0,0.0,2.0,2.0,0
650407,320.41400000000004,2.8814400000000013,0.0,6.0,80.05000000000001,6.0,1.0,0.0,1.0,0.0,6.0,1.0,22.0,0.0,0.0,0.0,118.0,0.0,1.0,0.0,0
3238454,266.3,3.286100000000002,1.0,3.0,55.120000000000005,3.0,3.0,2.0,1.0,0.0,4.0,3.0,20.0,0.0,0.0,0.0,100.0,0.0,1.0,0.0,0
2281855,353.4650000000001,2.774400000000001,1.0,5.0,64.63000000000001,8.0,2.0,2.0,0.0,0.0,7.0,2.0,23.0,0.0,0.0,0.0,124.0,0.0,0.0,0.0,0
2058390,197.25900000000004,1.4419,1.0,3.0,50.19,5.0,1.0,0.0,1.0,0.0,4.0,1.0,13.0,0.0,0.0,0.0,70.0,0.0,1.0,0.0,0
2194675,247.38199999999992,3.639920000000002,0.0,2.0,12.47,5.0,1.0,1.0,0.0,1.0,2.0,2.0,18.0,1.0,0.0,1.0,100.0,0.0,1.0,0.0,0
2998733,464.49600000000027,2.3686000000000007,1.0,10.0,138.37,9.0,2.0,0.0,2.0,1.0,11.0,3.0,32.0,1.0,0.0,1.0,172.0,0.0,3.0,1.0,0
3236208,492.39900000000017,2.6605000000000008,2.0,5.0,98.4,5.0,3.0,2.0,1.0,1.0,10.0,4.0,30.0,1.0,0.0,1.0,158.0,0.0,2.0,1.0,0
650754,151.173,0.1237799999999998,1.0,5.0,66.53,2.0,1.0,0.0,1.0,0.0,5.0,1.0,11.0,0.0,0.0,0.0,58.0,0.0,1.0,0.0,0
770820,343.37000000000006,4.431460000000003,1.0,2.0,46.17,3.0,2.0,2.0,0.0,0.0,7.0,2.0,23.0,0.0,0.0,0.0,124.0,0.0,0.0,0.0,0
54686777,456.4950000000002,1.3719999999999994,5.0,8.0,161.39,3.0,1.0,1.0,0.0,1.0,9.0,4.0,33.0,3.0,3.0,0.0,176.0,0.0,0.0,1.0,0
3232702,263.30400000000003,2.545700000000001,1.0,5.0,63.59,4.0,3.0,0.0,3.0,0.0,5.0,3.0,20.0,0.0,0.0,0.0,98.0,0.0,3.0,0.0,0
2215490,344.827,4.560500000000003,2.0,5.0,66.91,4.0,3.0,1.0,2.0,0.0,7.0,3.0,23.0,0.0,0.0,0.0,116.0,0.0,2.0,1.0,1
659333,269.29999999999995,2.9063000000000008,1.0,3.0,47.56,3.0,2.0,2.0,0.0,0.0,4.0,3.0,20.0,1.0,0.0,1.0,102.0,0.0,1.0,1.0,0
2216919,355.41900000000004,2.9381000000000013,0.0,7.0,92.94,7.0,2.0,0.0,2.0,0.0,7.0,2.0,25.0,0.0,0.0,0.0,128.0,0.0,2.0,0.0,0
655307,277.349,0.6921000000000004,2.0,4.0,84.55,4.0,1.0,1.0,0.0,0.0,6.0,2.0,19.0,1.0,0.0,1.0,100.0,0.0,1.0,2.0,0
653834,399.50100000000026,3.2193000000000014,1.0,8.0,85.32000000000001,5.0,4.0,0.0,4.0,0.0,9.0,5.0,27.0,1.0,1.0,0.0,138.0,0.0,4.0,1.0,0
3236171,457.4900000000004,3.434300000000001,2.0,7.0,126.49,3.0,3.0,2.0,1.0,1.0,9.0,5.0,34.0,2.0,0.0,2.0,172.0,0.0,3.0,1.0,0
663020,290.315,2.907420000000001,1.0,4.0,76.74,6.0,2.0,1.0,1.0,0.0,5.0,2.0,21.0,0.0,0.0,0.0,112.0,0.0,1.0,0.0,0
5308626,343.43000000000006,4.723520000000003,1.0,3.0,45.23,4.0,3.0,2.0,1.0,0.0,4.0,4.0,26.0,1.0,0.0,1.0,130.0,0.0,2.0,1.0,0
682232,218.256,2.12784,0.0,4.0,43.6,2.0,2.0,0.0,2.0,0.0,4.0,2.0,16.0,0.0,0.0,0.0,84.0,0.0,2.0,0.0,0
135449249,240.306,2.86392,1.0,2.0,45.75,3.0,2.0,1.0,1.0,0.0,3.0,2.0,18.0,0.0,0.0,0.0,92.0,0.0,1.0,0.0,0
16758705,487.55300000000034,1.8287999999999995,3.0,8.0,137.76000000000002,4.0,1.0,1.0,0.0,3.0,10.0,4.0,35.0,3.0,2.0,1.0,190.0,0.0,1.0,3.0,0
5402604,308.42800000000005,2.679120000000001,1.0,2.0,58.53,4.0,2.0,2.0,0.0,0.0,6.0,2.0,20.0,0.0,0.0,0.0,106.0,0.0,0.0,0.0,0
2211013,379.4600000000001,3.336100000000002,1.0,4.0,61.88,5.0,2.0,2.0,0.0,1.0,6.0,3.0,28.0,1.0,0.0,1.0,146.0,0.0,1.0,2.0,0
3238477,497.5920000000003,2.645100000000001,1.0,7.0,89.57000000000001,9.0,2.0,2.0,0.0,2.0,9.0,4.0,36.0,2.0,0.0,2.0,194.0,0.0,2.0,2.0,0
3242168,473.6240000000002,2.734700000000001,1.0,7.0,95.5,8.0,3.0,2.0,1.0,1.0,10.0,4.0,32.0,1.0,0.0,1.0,170.0,0.0,2.0,1.0,0
652777,487.5570000000002,3.1023,3.0,7.0,144.55,10.0,3.0,1.0,2.0,0.0,11.0,3.0,34.0,0.0,0.0,0.0,180.0,0.0,2.0,3.0,0
652323,294.288,1.0187000000000002,2.0,5.0,103.78000000000002,4.0,1.0,1.0,0.0,1.0,8.0,2.0,20.0,1.0,0.0,1.0,104.0,0.0,1.0,3.0,0
54676763,336.34700000000004,2.8510000000000018,3.0,5.0,91.56,4.0,3.0,2.0,1.0,0.0,6.0,3.0,25.0,0.0,0.0,0.0,126.0,0.0,1.0,1.0,0
767690,255.295,1.1693,1.0,3.0,74.67999999999999,3.0,1.0,1.0,0.0,1.0,6.0,2.0,17.0,1.0,0.0,1.0,92.0,0.0,1.0,0.0,0
891628,256.396,3.255510000000002,0.0,5.0,34.89,4.0,1.0,0.0,1.0,0.0,5.0,1.0,16.0,0.0,0.0,0.0,88.0,0.0,1.0,0.0,0
2365802,367.4300000000001,3.036200000000001,1.0,6.0,73.22,6.0,3.0,1.0,2.0,1.0,7.0,4.0,26.0,1.0,1.0,0.0,132.0,0.0,2.0,1.0,0
1090461,359.78700000000003,1.9633,1.0,6.0,94.84,7.0,2.0,1.0,1.0,0.0,9.0,2.0,23.0,0.0,0.0,0.0,124.0,0.0,1.0,0.0,0
655145,392.41900000000015,2.3359,2.0,7.0,111.03,7.0,3.0,2.0,1.0,1.0,9.0,4.0,29.0,1.0,1.0,0.0,148.0,0.0,1.0,2.0,0
2223900,426.87800000000016,2.772900000000001,2.0,6.0,102.96,7.0,2.0,2.0,0.0,0.0,10.0,3.0,28.0,1.0,0.0,1.0,150.0,0.0,1.0,1.0,0
92044650,406.4210000000001,4.050300000000002,3.0,5.0,104.82,5.0,4.0,1.0,3.0,0.0,9.0,4.0,30.0,0.0,0.0,0.0,152.0,0.0,3.0,2.0,1
68066,374.34500000000014,2.546960000000001,3.0,8.0,130.36,4.0,2.0,2.0,0.0,0.0,8.0,2.0,27.0,0.0,0.0,0.0,142.0,0.0,0.0,0.0,0
65065,175.14,-0.9496,3.0,3.0,103.7,4.0,0.0,0.0,0.0,0.0,6.0,0.0,12.0,0.0,0.0,0.0,68.0,0.0,0.0,1.0,0
266964,187.23899999999995,-0.4001000000000005,3.0,4.0,61.72,2.0,0.0,0.0,0.0,2.0,4.0,2.0,13.0,2.0,1.0,1.0,76.0,1.0,1.0,0.0,0
667100,381.43300000000016,-1.603899999999996,2.0,10.0,114.75,5.0,2.0,0.0,2.0,1.0,10.0,3.0,27.0,1.0,0.0,1.0,150.0,0.0,3.0,0.0,0
3237772,416.4300000000002,2.861300000000001,1.0,8.0,96.84000000000002,8.0,2.0,2.0,0.0,0.0,9.0,3.0,30.0,1.0,0.0,1.0,160.0,0.0,1.0,1.0,0
4748,403.9790000000002,3.942700000000003,1.0,5.0,29.950000000000003,6.0,2.0,2.0,0.0,1.0,6.0,4.0,27.0,2.0,0.0,2.0,144.0,0.0,2.0,0.0,0
364626,317.334,1.6699999999999997,0.0,9.0,104.56,4.0,3.0,0.0,3.0,0.0,10.0,3.0,22.0,0.0,0.0,0.0,112.0,0.0,3.0,0.0,0
2958006,337.8070000000001,2.0189,1.0,3.0,69.72,6.0,1.0,1.0,0.0,1.0,7.0,2.0,23.0,1.0,0.0,1.0,124.0,0.0,1.0,4.0,0
3233356,317.389,1.7893,1.0,3.0,61.88,3.0,1.0,1.0,0.0,2.0,6.0,3.0,23.0,2.0,0.0,2.0,124.0,1.0,2.0,3.0,0
3239670,366.76100000000025,1.4518199999999994,1.0,8.0,112.41,5.0,2.0,1.0,1.0,0.0,10.0,2.0,25.0,0.0,0.0,0.0,132.0,0.0,1.0,1.0,0
646978,475.57100000000025,1.3119,1.0,10.0,109.38000000000002,10.0,3.0,1.0,2.0,0.0,11.0,3.0,33.0,0.0,0.0,0.0,178.0,0.0,2.0,1.0,0
2244067,329.278,1.723,2.0,4.0,78.51,1.0,0.0,0.0,0.0,1.0,9.0,2.0,23.0,2.0,0.0,2.0,124.0,0.0,2.0,4.0,0
262397,240.288,-0.5674000000000003,2.0,6.0,72.68,2.0,2.0,0.0,2.0,0.0,7.0,2.0,16.0,0.0,0.0,0.0,86.0,0.0,2.0,0.0,0
6605198,302.426,1.99344,0.0,6.0,50.080000000000005,4.0,2.0,0.0,2.0,1.0,6.0,3.0,22.0,1.0,0.0,1.0,120.0,0.0,3.0,0.0,0
658281,258.369,2.617900000000001,1.0,4.0,56.73,6.0,2.0,0.0,2.0,0.0,4.0,2.0,19.0,0.0,0.0,0.0,102.0,0.0,2.0,0.0,0
662519,349.43500000000023,2.9095000000000013,2.0,6.0,85.83,5.0,2.0,1.0,1.0,1.0,8.0,3.0,24.0,1.0,1.0,0.0,128.0,0.0,1.0,1.0,0
118046443,392.4340000000001,3.205700000000001,3.0,5.0,101.13,6.0,3.0,2.0,1.0,1.0,7.0,4.0,29.0,1.0,1.0,0.0,148.0,0.0,1.0,1.0,1
850042,289.7840000000001,2.523200000000001,0.0,3.0,46.61000000000001,4.0,1.0,1.0,0.0,1.0,6.0,2.0,18.0,1.0,0.0,1.0,100.0,0.0,1.0,0.0,0
653185,257.38100000000003,3.256780000000002,1.0,3.0,39.06,5.0,1.0,1.0,0.0,1.0,3.0,2.0,19.0,1.0,0.0,1.0,102.0,0.0,1.0,0.0,0
652432,344.4580000000002,1.1593999999999998,1.0,4.0,83.55,6.0,1.0,1.0,0.0,2.0,8.0,3.0,22.0,2.0,1.0,1.0,122.0,0.0,1.0,0.0,0
652085,416.38600000000025,-0.1811999999999993,0.0,10.0,130.74,8.0,3.0,1.0,2.0,0.0,10.0,3.0,30.0,0.0,0.0,0.0,158.0,0.0,2.0,0.0,0
54687453,263.68,2.479800000000001,2.0,3.0,70.16,2.0,2.0,1.0,1.0,1.0,5.0,3.0,18.0,1.0,1.0,0.0,92.0,0.0,1.0,0.0,0
135415543,359.495,3.2517000000000023,1.0,4.0,66.06,8.0,2.0,1.0,1.0,0.0,6.0,2.0,25.0,0.0,0.0,0.0,134.0,0.0,1.0,1.0,0
118380777,410.4780000000002,3.0580000000000016,4.0,6.0,113.19,7.0,3.0,1.0,2.0,1.0,9.0,4.0,30.0,1.0,0.0,1.0,158.0,0.0,3.0,2.0,1
2877810,256.261,1.8601,1.0,4.0,60.45,2.0,2.0,1.0,1.0,0.0,5.0,3.0,19.0,1.0,0.0,1.0,96.0,0.0,2.0,1.0,0
3237521,430.48600000000016,2.579220000000001,1.0,7.0,114.63,5.0,3.0,2.0,1.0,1.0,10.0,4.0,30.0,1.0,0.0,1.0,158.0,0.0,2.0,1.0,0
3242369,421.5690000000001,3.7056200000000015,1.0,6.0,79.37,4.0,3.0,1.0,2.0,1.0,9.0,4.0,27.0,1.0,0.0,1.0,142.0,0.0,3.0,1.0,1
2961839,374.237,1.9784,3.0,4.0,101.65,5.0,1.0,1.0,0.0,0.0,12.0,1.0,25.0,0.0,0.0,0.0,140.0,0.0,0.0,2.0,0
3238300,331.393,2.740700000000001,2.0,3.0,83.47,4.0,2.0,2.0,0.0,0.0,6.0,3.0,23.0,1.0,1.0,0.0,120.0,0.0,0.0,0.0,0
3244787,384.3920000000001,0.8084999999999993,2.0,7.0,115.31000000000002,7.0,3.0,1.0,2.0,0.0,9.0,3.0,28.0,0.0,0.0,0.0,146.0,0.0,2.0,1.0,0
912578,310.35300000000007,4.037640000000002,0.0,5.0,57.38000000000001,4.0,3.0,2.0,1.0,0.0,5.0,3.0,23.0,0.0,0.0,0.0,118.0,0.0,1.0,0.0,0
2535257,413.31800000000015,4.824220000000002,0.0,7.0,65.22,5.0,3.0,1.0,2.0,0.0,8.0,3.0,23.0,0.0,0.0,0.0,120.0,0.0,2.0,0.0,0
1154655,380.5100000000002,2.17722,0.0,4.0,66.92,5.0,1.0,1.0,0.0,2.0,7.0,3.0,26.0,2.0,1.0,1.0,144.0,0.0,1.0,1.0,0
3245451,429.6710000000004,3.7863000000000016,1.0,3.0,69.72,8.0,0.0,0.0,0.0,2.0,7.0,2.0,29.0,2.0,1.0,1.0,170.0,0.0,1.0,1.0,0
725675,267.284,3.6937000000000015,1.0,3.0,51.47,3.0,3.0,2.0,1.0,0.0,4.0,3.0,20.0,0.0,0.0,0.0,100.0,0.0,1.0,1.0,0
648708,432.4500000000001,3.8237400000000017,2.0,6.0,76.77000000000001,4.0,3.0,1.0,2.0,0.0,10.0,4.0,31.0,1.0,0.0,1.0,164.0,0.0,3.0,1.0,0
49830527,423.2960000000001,2.8633000000000006,2.0,8.0,101.8,5.0,3.0,1.0,2.0,0.0,10.0,3.0,25.0,0.0,0.0,0.0,130.0,0.0,2.0,0.0,1
649500,220.228,2.7863000000000007,1.0,4.0,64.36,3.0,2.0,1.0,1.0,0.0,5.0,2.0,16.0,0.0,0.0,0.0,84.0,0.0,1.0,1.0,0
2229128,344.4360000000001,2.7464000000000013,0.0,4.0,53.760000000000005,5.0,2.0,1.0,1.0,1.0,6.0,3.0,24.0,1.0,0.0,1.0,126.0,0.0,2.0,2.0,0
3233151,305.38100000000003,4.072720000000002,1.0,4.0,47.04,5.0,3.0,2.0,1.0,0.0,4.0,3.0,23.0,0.0,0.0,0.0,116.0,0.0,1.0,0.0,0
3651651,378.43600000000015,5.078620000000004,0.0,7.0,88.92,7.0,3.0,2.0,1.0,0.0,8.0,3.0,28.0,0.0,0.0,0.0,144.0,0.0,1.0,0.0,1
975117,336.3910000000002,4.0325200000000025,1.0,4.0,64.36,4.0,3.0,1.0,2.0,0.0,5.0,4.0,25.0,1.0,1.0,0.0,128.0,0.0,2.0,1.0,0
75879,356.4220000000002,2.7722000000000016,0.0,4.0,74.76,2.0,1.0,1.0,0.0,2.0,6.0,3.0,26.0,2.0,0.0,2.0,138.0,0.0,2.0,4.0,0
3244322,392.4480000000001,2.3352000000000004,2.0,7.0,110.13000000000002,5.0,1.0,1.0,0.0,1.0,7.0,2.0,28.0,1.0,1.0,0.0,154.0,0.0,0.0,0.0,0
5308441,333.43200000000013,1.809599999999999,0.0,5.0,64.43,4.0,1.0,0.0,1.0,1.0,6.0,3.0,24.0,2.0,1.0,1.0,132.0,0.0,2.0,1.0,0
4087450,306.369,3.4330000000000007,1.0,5.0,51.97,3.0,3.0,2.0,1.0,0.0,5.0,4.0,23.0,1.0,0.0,1.0,116.0,0.0,2.0,0.0,0
5459708,330.4280000000002,3.0841200000000013,1.0,3.0,62.55,3.0,1.0,0.0,1.0,1.0,5.0,3.0,24.0,2.0,1.0,1.0,130.0,1.0,2.0,2.0,0
6537502,1229.3230000000008,-6.504500000000019,17.0,29.0,454.6700000000001,14.0,0.0,0.0,0.0,11.0,29.0,11.0,85.0,11.0,4.0,7.0,490.0,1.0,7.0,0.0,1
958619,279.343,3.1023000000000014,0.0,4.0,49.15,3.0,2.0,1.0,1.0,0.0,4.0,3.0,21.0,1.0,0.0,1.0,106.0,0.0,2.0,0.0,0
655427,488.5880000000003,2.756800000000001,0.0,6.0,81.24000000000001,10.0,2.0,2.0,0.0,1.0,8.0,5.0,36.0,3.0,0.0,3.0,188.0,0.0,3.0,4.0,0
653412,448.5040000000001,3.478100000000002,2.0,8.0,98.5,6.0,4.0,3.0,1.0,0.0,9.0,5.0,32.0,1.0,0.0,1.0,162.0,0.0,2.0,1.0,0
3239716,392.48100000000017,2.0745399999999994,2.0,5.0,104.39,5.0,2.0,1.0,1.0,1.0,9.0,3.0,27.0,1.0,0.0,1.0,146.0,0.0,2.0,1.0,0
1547484,368.5240000000001,5.1070000000000055,0.0,2.0,6.48,6.0,3.0,3.0,0.0,1.0,2.0,4.0,28.0,1.0,0.0,1.0,142.0,0.0,1.0,0.0,0
11957499,523.6300000000003,5.529800000000005,3.0,7.0,126.68000000000002,7.0,3.0,1.0,2.0,2.0,9.0,5.0,38.0,2.0,0.0,2.0,204.0,1.0,4.0,0.0,1
732237,296.33000000000004,2.48782,1.0,6.0,83.03,3.0,3.0,1.0,2.0,0.0,6.0,3.0,22.0,0.0,0.0,0.0,112.0,0.0,2.0,0.0,0
2952363,464.408,3.089300000000001,1.0,7.0,99.13000000000002,8.0,1.0,1.0,0.0,1.0,11.0,2.0,32.0,1.0,1.0,0.0,178.0,0.0,0.0,0.0,0
3236811,346.3900000000001,3.1968400000000017,0.0,6.0,61.94,3.0,4.0,2.0,2.0,0.0,6.0,4.0,26.0,0.0,0.0,0.0,130.0,0.0,2.0,0.0,0
1257549,398.2780000000002,3.2623000000000024,0.0,4.0,55.84,4.0,2.0,2.0,0.0,1.0,7.0,3.0,23.0,1.0,0.0,1.0,122.0,0.0,1.0,0.0,0
662244,369.8950000000002,3.2310000000000016,0.0,4.0,54.45,4.0,2.0,1.0,1.0,1.0,7.0,3.0,23.0,1.0,0.0,1.0,122.0,0.0,2.0,1.0,0
562945,294.376,3.1264200000000013,1.0,4.0,72.2,6.0,2.0,1.0,1.0,0.0,6.0,2.0,20.0,0.0,0.0,0.0,108.0,0.0,1.0,0.0,0
5307368,354.4600000000001,3.4139000000000017,0.0,7.0,52.71,4.0,4.0,2.0,2.0,0.0,7.0,4.0,24.0,0.0,0.0,0.0,120.0,0.0,2.0,0.0,0
5309124,361.4630000000002,3.578120000000003,0.0,4.0,67.59,4.0,2.0,1.0,1.0,1.0,6.0,3.0,25.0,1.0,0.0,1.0,134.0,0.0,2.0,1.0,0
3247144,651.7600000000002,4.721800000000004,1.0,8.0,110.54,10.0,4.0,3.0,1.0,1.0,10.0,6.0,48.0,2.0,1.0,1.0,250.0,0.0,2.0,2.0,0
1157606,379.8030000000001,4.560700000000003,1.0,5.0,77.25,5.0,4.0,2.0,2.0,0.0,7.0,4.0,27.0,0.0,0.0,0.0,134.0,0.0,2.0,1.0,0
2354153,324.33600000000007,3.7928200000000016,1.0,5.0,73.59,6.0,3.0,2.0,1.0,0.0,6.0,3.0,24.0,0.0,0.0,0.0,122.0,0.0,1.0,1.0,0
664283,439.5340000000002,0.7373200000000015,3.0,5.0,132.88,8.0,1.0,1.0,0.0,1.0,10.0,2.0,30.0,1.0,0.0,1.0,166.0,0.0,1.0,2.0,0
3238744,483.5210000000003,1.1227000000000005,3.0,7.0,134.26999999999998,9.0,2.0,2.0,0.0,1.0,10.0,3.0,35.0,1.0,0.0,1.0,186.0,0.0,1.0,3.0,0
2338011,307.3020000000001,0.7427999999999997,1.0,6.0,83.09,6.0,1.0,1.0,0.0,0.0,7.0,2.0,22.0,1.0,0.0,1.0,118.0,0.0,1.0,1.0,0
16758818,357.4060000000002,1.0696,2.0,5.0,94.91,2.0,1.0,1.0,0.0,3.0,6.0,4.0,26.0,3.0,2.0,1.0,138.0,0.0,1.0,2.0,0
657765,343.427,3.7280000000000015,2.0,4.0,84.21999999999998,9.0,2.0,1.0,1.0,0.0,6.0,2.0,25.0,0.0,0.0,0.0,134.0,0.0,1.0,1.0,0
2576,260.334,2.0227,2.0,4.0,90.65,7.0,0.0,0.0,0.0,0.0,6.0,0.0,18.0,0.0,0.0,0.0,106.0,0.0,0.0,2.0,0
16758196,456.5390000000002,1.6412999999999998,1.0,8.0,88.53999999999999,4.0,1.0,1.0,0.0,2.0,8.0,5.0,33.0,4.0,1.0,3.0,178.0,1.0,3.0,0.0,0
663826,319.36800000000005,3.299240000000002,1.0,6.0,80.66000000000001,2.0,3.0,1.0,2.0,0.0,6.0,4.0,24.0,1.0,1.0,0.0,120.0,0.0,2.0,0.0,0
16758364,439.50800000000015,4.484600000000005,0.0,7.0,75.58000000000001,10.0,2.0,2.0,0.0,0.0,7.0,3.0,32.0,1.0,0.0,1.0,170.0,0.0,1.0,0.0,0
259998,236.27400000000003,3.7120200000000017,0.0,3.0,38.92,2.0,3.0,2.0,1.0,0.0,3.0,3.0,18.0,0.0,0.0,0.0,88.0,0.0,1.0,0.0,0
644965,359.8090000000002,3.787220000000002,0.0,5.0,77.24,3.0,2.0,1.0,1.0,1.0,6.0,3.0,25.0,1.0,1.0,0.0,130.0,0.0,1.0,0.0,0
736241,310.33100000000013,-0.3100999999999998,0.0,5.0,83.99000000000001,2.0,1.0,1.0,0.0,1.0,8.0,3.0,21.0,2.0,0.0,2.0,112.0,0.0,2.0,2.0,0
222786,360.45000000000016,1.9898,2.0,5.0,91.67,2.0,0.0,0.0,0.0,3.0,5.0,4.0,26.0,4.0,4.0,0.0,142.0,0.0,0.0,0.0,0
648109,347.484,2.6209000000000007,0.0,6.0,47.36,7.0,2.0,1.0,1.0,1.0,6.0,3.0,24.0,1.0,0.0,1.0,130.0,0.0,2.0,0.0,0
2997787,305.355,2.4593000000000007,1.0,5.0,60.7,5.0,2.0,1.0,1.0,0.0,6.0,3.0,21.0,1.0,0.0,1.0,110.0,0.0,2.0,1.0,0
664084,433.4640000000002,3.6674000000000015,1.0,7.0,99.64,6.0,3.0,2.0,1.0,0.0,8.0,4.0,32.0,1.0,1.0,0.0,164.0,0.0,1.0,1.0,0
3233401,352.3980000000001,0.9023199999999992,1.0,8.0,85.17,3.0,3.0,1.0,2.0,1.0,8.0,4.0,26.0,1.0,0.0,1.0,134.0,0.0,3.0,0.0,0
3233669,316.445,2.889200000000001,0.0,3.0,32.78,4.0,1.0,1.0,0.0,2.0,4.0,3.0,23.0,2.0,0.0,2.0,126.0,1.0,2.0,1.0,0
935269,328.39300000000003,2.3488000000000007,1.0,3.0,70.24000000000001,4.0,3.0,2.0,1.0,0.0,6.0,3.0,23.0,0.0,0.0,0.0,118.0,0.0,1.0,0.0,0
8374,156.56799999999998,2.0382,1.0,1.0,37.3,1.0,1.0,1.0,0.0,0.0,3.0,1.0,10.0,0.0,0.0,0.0,52.0,0.0,0.0,0.0,0
3244991,355.463,3.6206200000000015,0.0,5.0,46.84,2.0,3.0,1.0,2.0,1.0,6.0,4.0,25.0,1.0,0.0,1.0,130.0,0.0,3.0,1.0,0
135406347,434.52500000000015,2.573100000000001,1.0,7.0,96.77,5.0,4.0,1.0,3.0,1.0,9.0,5.0,31.0,1.0,0.0,1.0,158.0,0.0,4.0,1.0,0
2124377,315.285,1.2135,2.0,6.0,106.48,4.0,3.0,1.0,2.0,0.0,8.0,3.0,23.0,0.0,0.0,0.0,118.0,0.0,2.0,3.0,0
3125473,477.62900000000025,4.688000000000004,0.0,8.0,72.91,4.0,1.0,1.0,0.0,0.0,9.0,3.0,31.0,2.0,0.0,2.0,164.0,0.0,2.0,1.0,1
645796,351.5200000000002,3.279100000000001,0.0,6.0,63.91,6.0,1.0,0.0,1.0,2.0,7.0,3.0,24.0,2.0,2.0,0.0,134.0,0.0,1.0,1.0,0
875453,260.156,2.1676,1.0,2.0,43.09,4.0,1.0,1.0,0.0,0.0,4.0,1.0,13.0,0.0,0.0,0.0,70.0,0.0,0.0,1.0,0
652064,420.4210000000001,3.475720000000003,2.0,7.0,113.1,6.0,3.0,1.0,2.0,0.0,8.0,4.0,31.0,1.0,0.0,1.0,158.0,0.0,3.0,1.0,0
847892,326.30800000000005,1.6762,2.0,5.0,85.89000000000001,3.0,2.0,2.0,0.0,0.0,7.0,4.0,24.0,2.0,0.0,2.0,122.0,0.0,2.0,2.0,0
3236196,243.35,2.4054,1.0,2.0,23.47,5.0,1.0,1.0,0.0,0.0,2.0,1.0,18.0,0.0,0.0,0.0,96.0,0.0,0.0,0.0,0
15718,208.257,2.4475,1.0,2.0,46.53,3.0,1.0,1.0,0.0,0.0,3.0,1.0,15.0,0.0,0.0,0.0,82.0,0.0,0.0,0.0,0
5459520,246.3539999999999,1.6392,0.0,2.0,23.550000000000004,3.0,1.0,1.0,0.0,1.0,3.0,2.0,18.0,1.0,0.0,1.0,98.0,0.0,1.0,1.0,0
3236313,414.8490000000002,2.415400000000001,0.0,6.0,84.22,2.0,3.0,1.0,2.0,1.0,9.0,4.0,29.0,1.0,0.0,1.0,150.0,0.0,3.0,2.0,0
648214,326.40000000000003,1.8741,0.0,6.0,52.17,4.0,3.0,1.0,2.0,0.0,6.0,3.0,24.0,0.0,0.0,0.0,126.0,0.0,2.0,0.0,0
647801,343.46800000000013,1.942,3.0,4.0,110.51999999999998,8.0,0.0,0.0,0.0,0.0,7.0,0.0,24.0,0.0,0.0,0.0,140.0,0.0,0.0,3.0,0
135479114,345.21100000000007,2.5109200000000005,2.0,5.0,87.74000000000001,4.0,2.0,1.0,1.0,0.0,9.0,2.0,21.0,0.0,0.0,0.0,110.0,0.0,1.0,1.0,0
1242818,284.36499999999995,4.546080000000002,0.0,5.0,49.82,3.0,3.0,1.0,2.0,0.0,5.0,3.0,19.0,0.0,0.0,0.0,92.0,0.0,2.0,0.0,0
1304906,389.4290000000002,2.556800000000001,0.0,6.0,82.14,5.0,2.0,2.0,0.0,1.0,8.0,4.0,27.0,2.0,0.0,2.0,142.0,0.0,2.0,0.0,0
647366,340.3830000000002,2.3688200000000004,1.0,6.0,76.58000000000001,3.0,2.0,1.0,1.0,1.0,7.0,4.0,25.0,2.0,0.0,2.0,130.0,0.0,3.0,1.0,0
5307486,409.53000000000026,3.049400000000001,2.0,5.0,78.51,6.0,2.0,2.0,0.0,2.0,6.0,4.0,30.0,2.0,1.0,1.0,160.0,0.0,1.0,1.0,0
305,104.173,-0.3150999999999999,1.0,1.0,20.23,2.0,0.0,0.0,0.0,0.0,2.0,0.0,7.0,0.0,0.0,0.0,44.0,0.0,0.0,0.0,0
5351841,239.26,-0.1828000000000004,2.0,5.0,100.63,4.0,2.0,0.0,2.0,0.0,8.0,2.0,16.0,0.0,0.0,0.0,84.0,0.0,2.0,0.0,0
3242817,382.44100000000014,3.480900000000002,1.0,6.0,69.56,5.0,3.0,2.0,1.0,0.0,7.0,4.0,27.0,1.0,0.0,1.0,138.0,0.0,2.0,1.0,0
2897594,347.418,3.9985000000000026,1.0,4.0,62.3,2.0,2.0,1.0,1.0,0.0,5.0,4.0,26.0,2.0,1.0,1.0,132.0,0.0,2.0,1.0,0
2063687,169.253,1.7778999999999998,1.0,4.0,51.8,1.0,1.0,0.0,1.0,1.0,4.0,2.0,11.0,1.0,1.0,0.0,60.0,0.0,1.0,0.0,0
971024,293.33,2.1953,1.0,6.0,86.69,4.0,3.0,1.0,2.0,0.0,6.0,3.0,22.0,0.0,0.0,0.0,110.0,0.0,2.0,0.0,0
3238552,351.78599999999994,3.9559000000000015,1.0,3.0,57.61,3.0,2.0,2.0,0.0,1.0,7.0,3.0,23.0,1.0,0.0,1.0,118.0,0.0,1.0,1.0,0
2848884,270.332,2.690080000000001,1.0,4.0,76.11000000000001,1.0,0.0,0.0,0.0,0.0,4.0,3.0,20.0,3.0,2.0,1.0,104.0,0.0,1.0,0.0,0
3244874,325.36800000000005,2.44332,2.0,4.0,94.98,5.0,2.0,1.0,1.0,0.0,6.0,2.0,24.0,0.0,0.0,0.0,124.0,0.0,1.0,1.0,0
89536003,380.33,2.3730200000000004,4.0,5.0,115.82,4.0,3.0,0.0,3.0,0.0,11.0,3.0,27.0,0.0,0.0,0.0,142.0,0.0,3.0,2.0,1
658614,320.396,3.1459800000000007,1.0,5.0,75.17,4.0,2.0,1.0,1.0,0.0,5.0,3.0,24.0,1.0,0.0,1.0,122.0,0.0,2.0,0.0,0
2575484,455.3410000000001,3.748300000000003,0.0,8.0,78.49,6.0,4.0,2.0,2.0,0.0,9.0,4.0,28.0,0.0,0.0,0.0,140.0,0.0,2.0,0.0,0
5307207,353.4220000000001,2.4189,2.0,4.0,70.67000000000002,7.0,2.0,2.0,0.0,0.0,6.0,3.0,26.0,1.0,0.0,1.0,136.0,0.0,1.0,2.0,0
653534,294.35400000000004,4.304020000000003,1.0,4.0,43.38,4.0,3.0,2.0,1.0,0.0,4.0,3.0,22.0,0.0,0.0,0.0,112.0,0.0,1.0,0.0,0
2407516,321.4020000000002,3.212800000000001,0.0,6.0,72.37,5.0,2.0,0.0,2.0,1.0,7.0,3.0,22.0,1.0,1.0,0.0,118.0,0.0,2.0,1.0,0
4518605,486.5690000000002,2.212299999999999,1.0,5.0,90.03,4.0,2.0,2.0,0.0,2.0,10.0,5.0,34.0,3.0,0.0,3.0,180.0,0.0,3.0,2.0,0
653867,316.38199999999995,2.4728000000000003,1.0,4.0,58.64,3.0,2.0,1.0,1.0,1.0,6.0,3.0,22.0,1.0,0.0,1.0,114.0,0.0,2.0,2.0,0
664949,282.372,3.1694000000000013,0.0,5.0,43.6,4.0,3.0,1.0,2.0,0.0,5.0,3.0,20.0,0.0,0.0,0.0,100.0,0.0,2.0,0.0,0
647810,297.357,1.9248,2.0,4.0,83.47,5.0,2.0,1.0,1.0,0.0,7.0,2.0,19.0,0.0,0.0,0.0,100.0,0.0,1.0,0.0,0
976403,326.3520000000001,2.6041000000000007,1.0,4.0,79.62,3.0,2.0,1.0,1.0,0.0,6.0,3.0,24.0,1.0,0.0,1.0,124.0,0.0,2.0,3.0,0
666620,299.33399999999995,1.6551399999999996,2.0,6.0,84.31,4.0,3.0,1.0,2.0,0.0,7.0,3.0,22.0,0.0,0.0,0.0,114.0,0.0,2.0,0.0,0
665493,404.455,3.927100000000002,1.0,8.0,90.22,5.0,5.0,2.0,3.0,0.0,9.0,5.0,29.0,0.0,0.0,0.0,144.0,0.0,3.0,0.0,0
2941550,315.8040000000001,4.348980000000004,0.0,4.0,53.06,2.0,2.0,1.0,1.0,1.0,5.0,3.0,22.0,1.0,0.0,1.0,114.0,0.0,2.0,0.0,0
967265,287.293,0.3543,0.0,6.0,82.13999999999999,4.0,1.0,1.0,0.0,0.0,8.0,2.0,19.0,1.0,0.0,1.0,104.0,0.0,1.0,0.0,0
89536095,409.4530000000001,4.198220000000002,3.0,5.0,108.48,4.0,5.0,1.0,4.0,0.0,8.0,5.0,31.0,0.0,0.0,0.0,152.0,0.0,4.0,2.0,1
71554730,445.9140000000001,5.047700000000003,3.0,5.0,100.52,4.0,5.0,2.0,3.0,0.0,9.0,5.0,32.0,0.0,0.0,0.0,160.0,0.0,3.0,2.0,1
658458,367.249,3.0151000000000003,2.0,4.0,67.16,5.0,2.0,0.0,2.0,0.0,11.0,2.0,25.0,0.0,0.0,0.0,136.0,0.0,2.0,1.0,0
2219277,217.272,1.246499999999999,3.0,2.0,70.91,4.0,2.0,1.0,1.0,0.0,4.0,2.0,16.0,0.0,0.0,0.0,84.0,0.0,1.0,1.0,0
712563,220.18400000000003,0.1523000000000001,1.0,4.0,87.57,3.0,1.0,0.0,1.0,0.0,6.0,2.0,16.0,1.0,0.0,1.0,82.0,0.0,2.0,2.0,0
1315015,372.49000000000007,3.1972200000000024,0.0,3.0,57.690000000000005,5.0,2.0,2.0,0.0,1.0,6.0,3.0,26.0,1.0,0.0,1.0,138.0,0.0,1.0,1.0,0
2999262,248.282,1.2258999999999998,2.0,3.0,67.43,4.0,1.0,1.0,0.0,1.0,5.0,2.0,18.0,1.0,0.0,1.0,96.0,0.0,1.0,3.0,0
646627,252.314,2.671500000000001,0.0,3.0,32.67,1.0,1.0,1.0,0.0,0.0,5.0,2.0,17.0,1.0,0.0,1.0,90.0,0.0,1.0,1.0,0
1085641,369.44300000000015,0.9967000000000004,0.0,5.0,87.22999999999999,4.0,1.0,1.0,0.0,1.0,9.0,2.0,25.0,1.0,0.0,1.0,138.0,0.0,1.0,2.0,0
655027,444.49200000000025,2.3388,2.0,7.0,118.87,7.0,3.0,2.0,1.0,1.0,11.0,4.0,31.0,1.0,1.0,0.0,162.0,0.0,1.0,1.0,0
3238743,341.4110000000002,1.1675,1.0,5.0,63.57000000000001,7.0,2.0,1.0,1.0,1.0,6.0,3.0,25.0,1.0,0.0,1.0,132.0,0.0,2.0,1.0,0
595568,271.28800000000007,3.334220000000002,1.0,3.0,42.09,3.0,2.0,1.0,1.0,0.0,6.0,2.0,18.0,0.0,0.0,0.0,96.0,0.0,1.0,0.0,0
888373,304.777,3.208800000000001,1.0,3.0,51.22,5.0,2.0,1.0,1.0,0.0,5.0,2.0,21.0,0.0,0.0,0.0,110.0,0.0,1.0,1.0,0
73505019,444.4670000000002,1.6694999999999998,5.0,7.0,135.63,6.0,3.0,1.0,2.0,1.0,11.0,4.0,32.0,1.0,0.0,1.0,170.0,0.0,3.0,2.0,1
3238262,497.5840000000002,4.179820000000002,1.0,9.0,103.14,8.0,6.0,2.0,4.0,0.0,10.0,6.0,36.0,0.0,0.0,0.0,180.0,0.0,4.0,1.0,0
129077764,580.4830000000003,3.6911000000000014,3.0,7.0,116.68,8.0,3.0,2.0,1.0,1.0,10.0,5.0,38.0,2.0,0.0,2.0,198.0,0.0,3.0,2.0,1
121432312,462.4850000000001,4.298300000000003,3.0,6.0,110.17,6.0,4.0,2.0,2.0,0.0,10.0,4.0,34.0,0.0,0.0,0.0,174.0,0.0,2.0,3.0,1
3236470,499.6140000000003,4.027400000000003,1.0,9.0,91.68,9.0,3.0,2.0,1.0,0.0,10.0,4.0,34.0,1.0,0.0,1.0,178.0,0.0,2.0,1.0,0
649795,334.42600000000004,2.505700000000001,1.0,7.0,76.88,5.0,3.0,1.0,2.0,0.0,8.0,3.0,22.0,0.0,0.0,0.0,114.0,0.0,2.0,1.0,0
3242261,483.57500000000016,2.4634,1.0,10.0,108.11,9.0,4.0,2.0,2.0,0.0,11.0,4.0,33.0,0.0,0.0,0.0,170.0,0.0,2.0,1.0,0
852125,268.36299999999994,2.4900200000000003,1.0,4.0,59.06,3.0,2.0,1.0,1.0,0.0,6.0,2.0,17.0,0.0,0.0,0.0,90.0,0.0,1.0,0.0,0
2323827,387.4180000000001,4.647680000000003,1.0,5.0,83.60000000000001,5.0,4.0,2.0,2.0,0.0,7.0,4.0,29.0,0.0,0.0,0.0,144.0,0.0,2.0,1.0,0
652180,383.4290000000001,2.878300000000001,1.0,6.0,80.23000000000002,3.0,2.0,2.0,0.0,1.0,8.0,4.0,27.0,2.0,0.0,2.0,138.0,0.0,2.0,2.0,0
2997591,283.35600000000005,2.3187000000000006,0.0,5.0,37.61,2.0,3.0,1.0,2.0,0.0,5.0,4.0,20.0,1.0,0.0,1.0,100.0,0.0,3.0,0.0,0
1856074,382.85100000000017,3.444600000000002,0.0,5.0,62.47,3.0,3.0,2.0,1.0,1.0,7.0,4.0,27.0,1.0,0.0,1.0,138.0,0.0,2.0,1.0,0
664210,483.52800000000025,3.211390000000001,2.0,8.0,114.62,7.0,5.0,1.0,4.0,0.0,9.0,5.0,36.0,0.0,0.0,0.0,182.0,0.0,4.0,1.0,0
2095831,464.5250000000003,4.605800000000005,0.0,6.0,81.23,4.0,5.0,3.0,2.0,1.0,7.0,6.0,35.0,1.0,0.0,1.0,174.0,0.0,3.0,1.0,0
6858477,313.3820000000001,3.120420000000002,0.0,6.0,60.39,2.0,3.0,0.0,3.0,0.0,6.0,4.0,22.0,1.0,1.0,0.0,112.0,0.0,3.0,0.0,0
2950893,404.48800000000017,1.8391,2.0,5.0,93.73,9.0,2.0,2.0,0.0,1.0,8.0,3.0,28.0,1.0,0.0,1.0,150.0,0.0,1.0,1.0,0
662096,310.35300000000007,2.8311400000000013,1.0,4.0,60.85,3.0,2.0,2.0,0.0,1.0,5.0,3.0,23.0,1.0,0.0,1.0,118.0,0.0,1.0,2.0,0
118380948,410.4780000000002,2.4281999999999995,4.0,6.0,115.4,5.0,3.0,1.0,2.0,1.0,9.0,4.0,30.0,1.0,0.0,1.0,158.0,0.0,3.0,2.0,1
1258023,331.416,3.5283000000000024,0.0,5.0,68.46000000000001,5.0,2.0,1.0,1.0,0.0,6.0,2.0,24.0,0.0,0.0,0.0,130.0,0.0,1.0,1.0,0
664183,376.4380000000001,2.4253,2.0,7.0,102.44,7.0,2.0,1.0,1.0,0.0,9.0,3.0,26.0,1.0,0.0,1.0,138.0,0.0,2.0,2.0,0
135439686,350.16100000000006,2.475600000000001,3.0,4.0,98.31,2.0,2.0,1.0,1.0,0.0,8.0,3.0,23.0,1.0,0.0,1.0,116.0,0.0,2.0,0.0,1
957338,330.7710000000001,3.998000000000004,0.0,5.0,57.38000000000001,5.0,3.0,2.0,1.0,0.0,6.0,3.0,23.0,0.0,0.0,0.0,118.0,0.0,1.0,0.0,0
654255,339.35100000000006,1.7460999999999995,2.0,6.0,114.44,2.0,1.0,1.0,0.0,0.0,7.0,3.0,25.0,2.0,0.0,2.0,128.0,1.0,2.0,1.0,0
3003880,423.56100000000015,5.38679,2.0,4.0,61.54,3.0,2.0,1.0,1.0,0.0,11.0,2.0,21.0,0.0,0.0,0.0,112.0,0.0,1.0,0.0,0
849903,331.82500000000005,0.9042000000000006,0.0,3.0,60.93000000000001,3.0,1.0,1.0,0.0,1.0,8.0,2.0,21.0,1.0,0.0,1.0,116.0,0.0,1.0,1.0,0
970152,286.297,4.113300000000003,1.0,1.0,32.34,1.0,1.0,1.0,0.0,1.0,6.0,2.0,20.0,1.0,0.0,1.0,110.0,0.0,1.0,2.0,0
3000098,305.252,0.8101,2.0,4.0,75.63,6.0,1.0,1.0,0.0,0.0,8.0,1.0,21.0,0.0,0.0,0.0,116.0,0.0,0.0,1.0,0
654281,418.52200000000016,4.820020000000003,1.0,6.0,72.94999999999999,8.0,4.0,2.0,2.0,0.0,7.0,4.0,30.0,0.0,0.0,0.0,152.0,0.0,2.0,1.0,0
771697,274.36400000000003,1.8361,1.0,3.0,41.57,4.0,1.0,1.0,0.0,1.0,4.0,3.0,20.0,2.0,1.0,1.0,108.0,0.0,1.0,1.0,0
2998553,478.5990000000002,4.853780000000004,1.0,8.0,100.92000000000002,7.0,4.0,1.0,3.0,0.0,9.0,4.0,33.0,0.0,0.0,0.0,168.0,0.0,3.0,1.0,0
658117,318.19200000000006,1.7607,1.0,4.0,66.73,2.0,1.0,1.0,0.0,1.0,6.0,2.0,17.0,1.0,0.0,1.0,92.0,0.0,1.0,0.0,0
3237095,484.57400000000047,3.507240000000003,1.0,6.0,98.08,5.0,3.0,2.0,1.0,2.0,9.0,5.0,34.0,2.0,0.0,2.0,180.0,1.0,3.0,1.0,0
828743,286.7440000000001,1.3784999999999998,1.0,6.0,90.87,3.0,2.0,1.0,1.0,0.0,8.0,2.0,18.0,0.0,0.0,0.0,96.0,0.0,1.0,0.0,0
6890025,381.39900000000006,2.757600000000001,0.0,8.0,90.85,4.0,5.0,1.0,4.0,0.0,8.0,5.0,29.0,0.0,0.0,0.0,140.0,0.0,4.0,0.0,0
649339,324.3620000000001,1.3346999999999998,0.0,9.0,88.36000000000001,7.0,2.0,1.0,1.0,0.0,9.0,2.0,22.0,0.0,0.0,0.0,118.0,0.0,1.0,0.0,0
647059,421.5510000000002,4.525700000000003,1.0,8.0,72.7,8.0,4.0,2.0,2.0,0.0,8.0,4.0,29.0,0.0,0.0,0.0,146.0,0.0,2.0,0.0,0
611239,257.293,2.21092,1.0,5.0,78.1,3.0,2.0,1.0,1.0,0.0,5.0,2.0,19.0,0.0,0.0,0.0,98.0,0.0,1.0,0.0,0
3241701,382.41600000000017,2.3739,2.0,5.0,85.89,5.0,2.0,2.0,0.0,1.0,7.0,4.0,28.0,2.0,0.0,2.0,146.0,0.0,2.0,2.0,0
73506721,380.45200000000017,3.065700000000001,3.0,5.0,95.17,5.0,3.0,1.0,2.0,1.0,8.0,4.0,28.0,1.0,0.0,1.0,146.0,0.0,3.0,2.0,1
92044613,333.355,2.506,3.0,5.0,119.38,3.0,3.0,0.0,3.0,1.0,8.0,4.0,25.0,1.0,1.0,0.0,124.0,0.0,3.0,2.0,1
664862,304.44,3.160800000000002,0.0,4.0,23.550000000000004,2.0,1.0,1.0,0.0,1.0,5.0,3.0,20.0,2.0,0.0,2.0,104.0,0.0,2.0,1.0,0
655708,391.4930000000002,3.370700000000002,0.0,8.0,75.47,8.0,2.0,1.0,1.0,1.0,8.0,3.0,27.0,1.0,1.0,0.0,146.0,0.0,1.0,0.0,0
869793,241.3379999999999,3.174520000000002,0.0,3.0,29.020000000000003,1.0,2.0,1.0,1.0,1.0,3.0,3.0,18.0,1.0,0.0,1.0,94.0,0.0,2.0,0.0,0
3238764,453.3140000000001,2.623400000000001,3.0,5.0,112.57,6.0,2.0,2.0,0.0,0.0,9.0,3.0,27.0,1.0,0.0,1.0,142.0,0.0,1.0,1.0,0
2088447,365.4830000000001,4.275800000000003,1.0,5.0,48.99,3.0,4.0,1.0,3.0,0.0,6.0,5.0,25.0,1.0,0.0,1.0,124.0,0.0,4.0,0.0,0
2850704,291.372,2.2971000000000004,1.0,3.0,55.400000000000006,4.0,2.0,2.0,0.0,1.0,5.0,3.0,20.0,1.0,0.0,1.0,106.0,0.0,1.0,0.0,0
688424,338.77200000000005,0.9242,3.0,4.0,109.49,2.0,2.0,2.0,0.0,0.0,8.0,3.0,22.0,1.0,0.0,1.0,114.0,0.0,1.0,1.0,0
135449540,319.38000000000005,2.891800000000001,2.0,3.0,70.56,5.0,1.0,1.0,0.0,1.0,6.0,2.0,23.0,1.0,0.0,1.0,124.0,0.0,1.0,2.0,0
16759130,316.39700000000005,2.952100000000002,1.0,4.0,47.92,6.0,1.0,1.0,0.0,0.0,4.0,2.0,23.0,1.0,0.0,1.0,124.0,0.0,1.0,0.0,0
650759,303.4310000000001,3.160800000000002,0.0,4.0,38.13,4.0,2.0,1.0,1.0,1.0,5.0,3.0,21.0,1.0,0.0,1.0,112.0,0.0,2.0,1.0,0
5307254,400.5000000000001,2.4974000000000007,1.0,4.0,75.71000000000001,8.0,2.0,2.0,0.0,0.0,7.0,3.0,28.0,1.0,0.0,1.0,148.0,0.0,1.0,2.0,0
95552,255.314,-0.2096600000000001,5.0,5.0,92.95,6.0,1.0,1.0,0.0,0.0,5.0,1.0,18.0,0.0,0.0,0.0,102.0,0.0,0.0,0.0,0
3233019,312.3730000000001,2.0344800000000003,1.0,3.0,76.44,1.0,1.0,1.0,0.0,2.0,6.0,3.0,23.0,2.0,0.0,2.0,120.0,1.0,2.0,3.0,0
5771634,754.8740000000004,4.815720000000004,6.0,13.0,204.54999999999995,4.0,2.0,2.0,0.0,0.0,14.0,5.0,54.0,3.0,0.0,3.0,296.0,0.0,3.0,1.0,0
890988,266.18999999999994,2.801800000000001,1.0,2.0,46.53,6.0,1.0,1.0,0.0,0.0,7.0,1.0,18.0,0.0,0.0,0.0,100.0,0.0,0.0,0.0,0
2207638,265.70000000000005,1.2900999999999998,2.0,5.0,67.15,4.0,2.0,1.0,1.0,0.0,6.0,2.0,18.0,0.0,0.0,0.0,94.0,0.0,1.0,0.0,0
5271544,284.311,3.410300000000002,0.0,4.0,44.760000000000005,3.0,2.0,2.0,0.0,0.0,4.0,3.0,21.0,1.0,0.0,1.0,108.0,0.0,1.0,0.0,0
744685,302.783,2.2705,2.0,3.0,75.27000000000001,3.0,1.0,1.0,0.0,1.0,7.0,2.0,19.0,1.0,1.0,0.0,104.0,0.0,0.0,2.0,0
224270,303.102,-1.938,4.0,3.0,123.93,4.0,1.0,1.0,0.0,0.0,8.0,1.0,17.0,0.0,0.0,0.0,92.0,0.0,0.0,1.0,0
649540,447.4870000000002,4.513320000000005,2.0,6.0,100.21,8.0,3.0,2.0,1.0,0.0,7.0,4.0,33.0,1.0,0.0,1.0,170.0,0.0,2.0,1.0,0
3235025,351.49400000000014,3.5435000000000025,0.0,3.0,28.480000000000004,3.0,2.0,1.0,1.0,2.0,4.0,4.0,26.0,2.0,0.0,2.0,138.0,1.0,3.0,1.0,0
16758611,516.5850000000003,4.287400000000003,2.0,6.0,99.43,7.0,1.0,1.0,0.0,3.0,9.0,4.0,37.0,3.0,2.0,1.0,200.0,0.0,1.0,2.0,0
2917796,314.3450000000001,2.1732,1.0,7.0,78.27,4.0,2.0,1.0,1.0,0.0,7.0,3.0,23.0,1.0,0.0,1.0,120.0,0.0,2.0,0.0,0
3238936,441.5500000000004,0.651500000000002,1.0,6.0,97.41,8.0,1.0,1.0,0.0,2.0,10.0,3.0,30.0,2.0,0.0,2.0,168.0,0.0,2.0,1.0,0
3246437,416.41700000000014,6.420520000000006,0.0,4.0,62.56,5.0,3.0,3.0,0.0,0.0,6.0,4.0,30.0,1.0,0.0,1.0,150.0,0.0,1.0,0.0,0
653805,282.372,2.3699600000000007,2.0,5.0,99.62,3.0,1.0,1.0,0.0,0.0,5.0,2.0,20.0,1.0,0.0,1.0,100.0,0.0,1.0,0.0,0
647384,397.5040000000001,2.824420000000001,0.0,7.0,67.4,5.0,3.0,1.0,2.0,1.0,8.0,4.0,28.0,1.0,0.0,1.0,146.0,0.0,3.0,1.0,0
3236194,396.4910000000002,2.747,1.0,6.0,70.84,7.0,3.0,1.0,2.0,1.0,7.0,4.0,29.0,1.0,0.0,1.0,154.0,0.0,3.0,1.0,0
71247559,490.9300000000001,4.152300000000002,2.0,8.0,102.55,6.0,5.0,2.0,3.0,0.0,11.0,5.0,35.0,0.0,0.0,0.0,176.0,0.0,3.0,1.0,1
675065,261.28099999999995,0.485,3.0,4.0,111.35,3.0,1.0,0.0,1.0,0.0,6.0,2.0,19.0,1.0,0.0,1.0,100.0,0.0,2.0,2.0,0
3237922,478.55200000000025,2.231420000000001,1.0,10.0,125.02,9.0,3.0,1.0,2.0,0.0,12.0,3.0,32.0,0.0,0.0,0.0,170.0,0.0,2.0,2.0,0
818488,250.301,3.6358200000000025,0.0,3.0,38.92,3.0,3.0,2.0,1.0,0.0,3.0,3.0,19.0,0.0,0.0,0.0,94.0,0.0,1.0,0.0,0
2902043,387.4550000000001,2.9937000000000014,1.0,5.0,54.040000000000006,7.0,2.0,2.0,0.0,1.0,7.0,3.0,28.0,1.0,0.0,1.0,150.0,0.0,1.0,1.0,0
649106,475.5010000000002,3.984900000000003,1.0,7.0,107.04,10.0,4.0,2.0,2.0,0.0,9.0,4.0,35.0,0.0,0.0,0.0,180.0,0.0,2.0,2.0,0
118374006,355.3980000000001,2.902500000000001,4.0,5.0,112.16,5.0,3.0,1.0,2.0,0.0,8.0,3.0,26.0,0.0,0.0,0.0,136.0,0.0,2.0,2.0,1
648366,344.4360000000001,2.8760000000000003,1.0,5.0,79.19,5.0,1.0,1.0,0.0,0.0,6.0,2.0,24.0,1.0,0.0,1.0,126.0,0.0,1.0,1.0,0
3240449,480.5240000000002,5.1208000000000045,0.0,7.0,84.84,5.0,5.0,2.0,3.0,1.0,8.0,6.0,36.0,1.0,0.0,1.0,180.0,0.0,4.0,1.0,1
3246443,325.36400000000003,2.785000000000001,1.0,5.0,51.16000000000001,1.0,2.0,2.0,0.0,0.0,5.0,5.0,24.0,3.0,0.0,3.0,124.0,0.0,3.0,0.0,0
673507,304.371,1.9053,2.0,3.0,89.25999999999999,5.0,2.0,2.0,0.0,0.0,6.0,2.0,21.0,0.0,0.0,0.0,110.0,0.0,0.0,1.0,0
457288,224.267,2.175,1.0,4.0,42.74,3.0,3.0,2.0,1.0,0.0,4.0,3.0,17.0,0.0,0.0,0.0,84.0,0.0,1.0,0.0,0
1250015,295.31300000000005,4.0157000000000025,1.0,2.0,42.24,4.0,3.0,2.0,1.0,0.0,4.0,3.0,22.0,0.0,0.0,0.0,110.0,0.0,1.0,1.0,1
5309793,409.57700000000017,3.166120000000001,1.0,5.0,79.36999999999999,5.0,2.0,1.0,1.0,1.0,8.0,3.0,27.0,1.0,0.0,1.0,148.0,0.0,2.0,1.0,0
659576,272.307,4.556800000000003,0.0,3.0,38.92,2.0,4.0,3.0,1.0,0.0,3.0,4.0,21.0,0.0,0.0,0.0,100.0,0.0,1.0,0.0,0
3232966,348.45000000000005,3.195000000000002,0.0,5.0,41.49000000000001,4.0,3.0,2.0,1.0,1.0,5.0,4.0,26.0,1.0,0.0,1.0,134.0,0.0,2.0,0.0,0
3241472,396.4660000000002,4.461800000000004,1.0,5.0,72.95000000000002,4.0,3.0,1.0,2.0,0.0,7.0,4.0,29.0,1.0,1.0,0.0,152.0,0.0,2.0,1.0,0
2922045,258.321,2.24182,2.0,4.0,54.38000000000001,6.0,2.0,1.0,1.0,0.0,4.0,2.0,19.0,0.0,0.0,0.0,100.0,0.0,1.0,0.0,0
135413839,231.29899999999995,2.4565400000000004,1.0,3.0,50.68,1.0,2.0,0.0,2.0,1.0,4.0,3.0,17.0,1.0,1.0,0.0,90.0,0.0,2.0,0.0,0
666726,265.309,2.386,2.0,3.0,75.63,7.0,1.0,1.0,0.0,0.0,5.0,1.0,19.0,0.0,0.0,0.0,104.0,0.0,0.0,1.0,0
118380920,330.3230000000001,2.0095,4.0,5.0,117.95,4.0,3.0,1.0,2.0,0.0,9.0,3.0,24.0,0.0,0.0,0.0,124.0,0.0,2.0,2.0,1
3000064,420.4660000000001,1.7480000000000002,2.0,8.0,140.63,10.0,2.0,0.0,2.0,0.0,10.0,2.0,30.0,0.0,0.0,0.0,164.0,0.0,2.0,1.0,0
1352026,350.29600000000005,4.439600000000003,0.0,5.0,57.38000000000001,4.0,3.0,2.0,1.0,0.0,8.0,3.0,25.0,0.0,0.0,0.0,130.0,0.0,1.0,0.0,0
741871,291.42,3.1276800000000016,2.0,4.0,64.92,2.0,1.0,0.0,1.0,0.0,5.0,2.0,20.0,1.0,0.0,1.0,108.0,0.0,2.0,1.0,0
3243168,328.28000000000003,0.8063000000000002,1.0,6.0,105.92,5.0,2.0,1.0,1.0,0.0,8.0,3.0,24.0,1.0,0.0,1.0,122.0,0.0,2.0,3.0,0
2949650,418.8990000000002,1.4763200000000003,1.0,6.0,116.0,7.0,1.0,1.0,0.0,1.0,10.0,2.0,27.0,1.0,0.0,1.0,150.0,0.0,1.0,1.0,0
1147959,394.8800000000001,2.4953000000000003,0.0,4.0,66.92000000000002,4.0,2.0,2.0,0.0,1.0,8.0,3.0,26.0,1.0,0.0,1.0,138.0,0.0,1.0,1.0,0
5459553,410.47000000000014,3.3790000000000022,2.0,5.0,93.73,8.0,2.0,2.0,0.0,0.0,7.0,2.0,30.0,0.0,0.0,0.0,158.0,0.0,0.0,2.0,0
2124287,324.38000000000005,4.055980000000003,0.0,5.0,57.260000000000005,4.0,3.0,1.0,2.0,0.0,5.0,3.0,24.0,0.0,0.0,0.0,124.0,0.0,2.0,0.0,0
667258,424.50500000000017,0.3737000000000021,1.0,8.0,108.15,6.0,3.0,1.0,2.0,1.0,9.0,4.0,31.0,1.0,0.0,1.0,164.0,0.0,3.0,1.0,0
653036,390.4610000000002,2.3585000000000003,1.0,5.0,84.94,6.0,2.0,2.0,0.0,1.0,8.0,3.0,27.0,1.0,0.0,1.0,144.0,0.0,1.0,1.0,0
879154,239.278,2.3064400000000003,1.0,3.0,50.16,1.0,3.0,1.0,2.0,0.0,4.0,3.0,18.0,0.0,0.0,0.0,90.0,0.0,2.0,0.0,0
121416757,431.47500000000014,3.663420000000002,2.0,6.0,87.97000000000001,4.0,4.0,1.0,3.0,1.0,9.0,5.0,32.0,1.0,0.0,1.0,162.0,0.0,4.0,2.0,1
2353039,264.26500000000004,2.668740000000001,0.0,4.0,44.12,3.0,2.0,1.0,1.0,0.0,5.0,2.0,18.0,0.0,0.0,0.0,96.0,0.0,1.0,0.0,0
658800,311.447,1.8962,1.0,3.0,63.24,2.0,0.0,0.0,0.0,5.0,5.0,5.0,21.0,5.0,4.0,1.0,118.0,0.0,1.0,1.0,0
5282759,282.4679999999999,6.108500000000007,1.0,1.0,37.3,15.0,0.0,0.0,0.0,0.0,2.0,0.0,20.0,0.0,0.0,0.0,118.0,0.0,0.0,0.0,0
95687,233.16,1.01334,3.0,4.0,99.88,3.0,1.0,0.0,1.0,0.0,7.0,1.0,15.0,0.0,0.0,0.0,84.0,0.0,1.0,0.0,0
2243194,336.3840000000001,2.572800000000001,0.0,6.0,78.90000000000002,9.0,1.0,1.0,0.0,0.0,6.0,1.0,24.0,0.0,0.0,0.0,132.0,0.0,0.0,0.0,0
977151,299.355,3.142900000000001,0.0,6.0,60.92,4.0,3.0,1.0,2.0,0.0,6.0,3.0,21.0,0.0,0.0,0.0,106.0,0.0,2.0,0.0,0
6604767,233.231,0.1251999999999996,3.0,5.0,117.78000000000002,3.0,2.0,1.0,1.0,0.0,7.0,2.0,17.0,0.0,0.0,0.0,88.0,0.0,1.0,0.0,0
1048411,381.2260000000001,3.8975000000000017,2.0,4.0,80.57,5.0,2.0,1.0,1.0,0.0,7.0,2.0,23.0,0.0,0.0,0.0,122.0,0.0,1.0,2.0,0
786607,309.115,3.4639000000000024,0.0,4.0,56.510000000000005,3.0,2.0,1.0,1.0,0.0,5.0,2.0,18.0,0.0,0.0,0.0,92.0,0.0,1.0,0.0,0
3245362,430.4610000000001,2.5558000000000005,2.0,7.0,106.35,9.0,3.0,2.0,1.0,0.0,10.0,3.0,30.0,0.0,0.0,0.0,156.0,0.0,1.0,2.0,0
1255928,284.315,2.0637,2.0,3.0,67.43,5.0,2.0,2.0,0.0,0.0,5.0,2.0,21.0,0.0,0.0,0.0,108.0,0.0,0.0,2.0,0
5771726,440.5150000000002,3.9879000000000033,1.0,5.0,70.08,9.0,2.0,2.0,0.0,1.0,7.0,3.0,32.0,1.0,0.0,1.0,170.0,0.0,1.0,1.0,0
10682175,251.285,2.911100000000001,1.0,3.0,42.23,1.0,3.0,2.0,1.0,0.0,3.0,3.0,19.0,0.0,0.0,0.0,94.0,0.0,1.0,0.0,0
3245015,311.8380000000001,3.054290000000001,1.0,4.0,41.03,5.0,2.0,1.0,1.0,0.0,6.0,2.0,20.0,0.0,0.0,0.0,108.0,0.0,1.0,0.0,0
3239101,462.5090000000002,2.0569,2.0,9.0,132.53,7.0,4.0,2.0,2.0,0.0,12.0,4.0,31.0,0.0,0.0,0.0,162.0,0.0,2.0,1.0,0
652758,301.29800000000006,1.0661999999999998,1.0,4.0,76.07,3.0,1.0,1.0,0.0,2.0,6.0,4.0,22.0,3.0,0.0,3.0,114.0,1.0,3.0,1.0,0
3246779,208.257,2.54544,1.0,2.0,46.53,4.0,1.0,1.0,0.0,0.0,3.0,1.0,15.0,0.0,0.0,0.0,82.0,0.0,0.0,0.0,0
92044791,364.4340000000001,3.711520000000001,3.0,5.0,95.59,4.0,4.0,0.0,4.0,0.0,8.0,4.0,26.0,0.0,0.0,0.0,130.0,0.0,4.0,2.0,1
576494,273.336,1.2775,2.0,3.0,61.440000000000005,1.0,1.0,1.0,0.0,2.0,5.0,3.0,20.0,2.0,0.0,2.0,106.0,1.0,2.0,3.0,0
2932548,352.36500000000007,2.789600000000001,0.0,3.0,57.690000000000005,2.0,2.0,2.0,0.0,0.0,6.0,4.0,26.0,2.0,0.0,2.0,132.0,0.0,2.0,3.0,0
5308145,415.5150000000002,1.9871,3.0,4.0,104.37,8.0,2.0,2.0,0.0,0.0,8.0,3.0,29.0,1.0,0.0,1.0,154.0,0.0,1.0,2.0,0
2301640,240.30600000000004,3.316720000000001,2.0,1.0,41.13,3.0,2.0,2.0,0.0,0.0,3.0,2.0,18.0,0.0,0.0,0.0,92.0,0.0,0.0,2.0,0
644964,441.49100000000016,2.912100000000001,0.0,7.0,90.09000000000002,8.0,4.0,2.0,2.0,0.0,8.0,5.0,33.0,1.0,0.0,1.0,166.0,0.0,3.0,2.0,0
2849814,235.3269999999999,1.9835,0.0,3.0,29.54,3.0,0.0,0.0,0.0,1.0,3.0,1.0,17.0,1.0,0.0,1.0,94.0,0.0,1.0,0.0,0
651430,339.80000000000007,3.091500000000001,2.0,4.0,83.47,4.0,2.0,2.0,0.0,0.0,7.0,2.0,22.0,0.0,0.0,0.0,116.0,0.0,0.0,1.0,0
2434011,303.321,2.760700000000001,1.0,4.0,67.75,3.0,4.0,2.0,2.0,0.0,5.0,4.0,23.0,0.0,0.0,0.0,112.0,0.0,2.0,0.0,0
3235073,326.4030000000001,4.612320000000003,1.0,4.0,50.7,4.0,4.0,2.0,2.0,0.0,4.0,4.0,25.0,0.0,0.0,0.0,122.0,0.0,2.0,0.0,0
4139196,445.50100000000015,1.6770999999999996,2.0,9.0,131.95999999999998,9.0,3.0,1.0,2.0,0.0,11.0,3.0,31.0,0.0,0.0,0.0,164.0,0.0,2.0,0.0,0
54713175,858.8870000000002,3.665600000000003,2.0,18.0,239.08999999999995,9.0,1.0,0.0,1.0,7.0,18.0,8.0,61.0,7.0,4.0,3.0,334.0,2.0,4.0,0.0,0
650556,265.316,3.4967200000000016,2.0,2.0,57.78,2.0,3.0,2.0,1.0,0.0,4.0,3.0,20.0,0.0,0.0,0.0,100.0,0.0,1.0,1.0,0
2998693,349.3900000000001,3.6835800000000014,0.0,6.0,77.14000000000001,6.0,3.0,2.0,1.0,0.0,6.0,3.0,26.0,0.0,0.0,0.0,132.0,0.0,1.0,0.0,0
661924,324.384,3.165500000000001,1.0,6.0,83.03,5.0,3.0,1.0,2.0,0.0,6.0,3.0,24.0,0.0,0.0,0.0,124.0,0.0,2.0,0.0,0
3242614,479.57700000000034,2.6416000000000004,2.0,5.0,96.97,6.0,1.0,1.0,0.0,4.0,8.0,6.0,35.0,5.0,2.0,3.0,186.0,1.0,3.0,3.0,0
668614,310.386,2.8847000000000005,2.0,7.0,89.61,5.0,3.0,1.0,2.0,0.0,7.0,3.0,22.0,0.0,0.0,0.0,110.0,0.0,2.0,0.0,0
424326,274.3640000000001,1.1665999999999992,1.0,3.0,41.57,2.0,1.0,1.0,0.0,2.0,4.0,3.0,20.0,2.0,0.0,2.0,108.0,0.0,2.0,1.0,0
2890313,433.53000000000014,2.763600000000001,2.0,5.0,104.81,9.0,2.0,2.0,0.0,0.0,9.0,2.0,30.0,0.0,0.0,0.0,162.0,0.0,0.0,2.0,0
2952399,412.5150000000001,2.3833200000000003,2.0,4.0,95.16,6.0,3.0,2.0,1.0,1.0,8.0,4.0,29.0,1.0,0.0,1.0,152.0,0.0,2.0,1.0,0
2998245,450.5320000000004,2.2143,1.0,8.0,111.24,8.0,0.0,0.0,0.0,1.0,9.0,2.0,32.0,2.0,0.0,2.0,178.0,0.0,2.0,1.0,0
146201083,598.5350000000002,5.089800000000004,3.0,8.0,121.37,9.0,3.0,1.0,2.0,1.0,12.0,5.0,41.0,2.0,0.0,2.0,216.0,0.0,4.0,2.0,1
657449,402.4990000000002,1.6167999999999985,3.0,7.0,113.81,5.0,2.0,0.0,2.0,2.0,9.0,4.0,29.0,2.0,2.0,0.0,158.0,0.0,2.0,1.0,0
3235737,297.333,3.512620000000002,1.0,3.0,46.92,4.0,3.0,2.0,1.0,0.0,5.0,3.0,22.0,0.0,0.0,0.0,112.0,0.0,1.0,1.0,0
118365305,355.3980000000001,2.6002,4.0,5.0,112.16,6.0,3.0,1.0,2.0,0.0,8.0,3.0,26.0,0.0,0.0,0.0,136.0,0.0,2.0,2.0,1
2952929,314.38899999999995,2.4418000000000006,2.0,4.0,76.02000000000001,8.0,2.0,1.0,1.0,0.0,6.0,2.0,23.0,0.0,0.0,0.0,122.0,0.0,1.0,2.0,0
1252494,350.46500000000003,3.0566000000000013,1.0,4.0,66.48,5.0,2.0,2.0,0.0,0.0,7.0,2.0,23.0,0.0,0.0,0.0,122.0,0.0,0.0,1.0,0
637892,124.998,2.3678,0.0,0.0,0.0,1.0,0.0,0.0,0.0,0.0,2.0,0.0,6.0,0.0,0.0,0.0,36.0,0.0,0.0,0.0,0
655508,305.35500000000013,2.5795200000000005,0.0,6.0,57.650000000000006,3.0,2.0,1.0,1.0,0.0,6.0,3.0,21.0,1.0,0.0,1.0,110.0,0.0,2.0,0.0,0
825714,346.4150000000001,3.697060000000001,2.0,6.0,108.85,3.0,2.0,2.0,0.0,0.0,6.0,3.0,25.0,1.0,0.0,1.0,122.0,0.0,1.0,0.0,0
655537,361.5110000000002,3.253720000000002,0.0,6.0,66.22,8.0,1.0,0.0,1.0,1.0,6.0,2.0,25.0,1.0,0.0,1.0,136.0,0.0,2.0,0.0,0
7966,100.161,1.3114,1.0,1.0,20.23,0.0,0.0,0.0,0.0,1.0,1.0,1.0,7.0,1.0,1.0,0.0,42.0,0.0,0.0,0.0,0
3243716,313.744,2.7422200000000005,1.0,4.0,63.99,2.0,3.0,2.0,1.0,0.0,6.0,3.0,22.0,0.0,0.0,0.0,110.0,0.0,1.0,1.0,0
396090,286.3119999999999,1.9987,0.0,6.0,65.1,0.0,3.0,1.0,2.0,0.0,6.0,4.0,20.0,1.0,0.0,1.0,100.0,0.0,3.0,0.0,0
135449571,204.23299999999995,0.8459999999999999,1.0,4.0,63.57,0.0,2.0,0.0,2.0,0.0,5.0,3.0,15.0,1.0,0.0,1.0,78.0,0.0,3.0,0.0,0
653360,360.4680000000001,2.5255400000000003,1.0,8.0,85.59,6.0,3.0,1.0,2.0,0.0,9.0,3.0,24.0,0.0,0.0,0.0,124.0,0.0,2.0,1.0,0
712541,238.356,2.2293,1.0,3.0,46.33,5.0,1.0,1.0,0.0,0.0,4.0,1.0,16.0,0.0,0.0,0.0,88.0,0.0,0.0,1.0,0
16758718,380.4850000000002,1.5663999999999991,2.0,6.0,99.43,3.0,0.0,0.0,0.0,3.0,7.0,3.0,27.0,3.0,2.0,1.0,152.0,0.0,1.0,2.0,0
2099429,266.30400000000003,3.071440000000001,0.0,5.0,52.830000000000005,3.0,3.0,2.0,1.0,0.0,5.0,3.0,20.0,0.0,0.0,0.0,100.0,0.0,1.0,0.0,0
689674,282.372,2.46716,2.0,5.0,99.62,2.0,1.0,1.0,0.0,0.0,5.0,2.0,20.0,1.0,0.0,1.0,100.0,0.0,1.0,0.0,0
2214554,481.5120000000002,5.630400000000004,2.0,7.0,105.66,5.0,5.0,2.0,3.0,1.0,9.0,6.0,36.0,1.0,0.0,1.0,180.0,0.0,4.0,2.0,0
3403514,368.3970000000001,2.2863,1.0,9.0,104.05,7.0,3.0,1.0,2.0,0.0,9.0,3.0,27.0,0.0,0.0,0.0,140.0,0.0,2.0,0.0,0
3237673,285.259,1.6297,2.0,5.0,109.25,4.0,2.0,1.0,1.0,0.0,7.0,2.0,21.0,0.0,0.0,0.0,106.0,0.0,1.0,1.0,0
6537491,618.8079999999999,3.487000000000002,4.0,9.0,130.37,2.0,0.0,0.0,0.0,9.0,9.0,9.0,44.0,9.0,5.0,4.0,248.0,3.0,4.0,0.0,0
1361027,378.45000000000016,2.41692,1.0,5.0,84.94000000000001,7.0,2.0,2.0,0.0,0.0,8.0,2.0,26.0,0.0,0.0,0.0,140.0,0.0,0.0,1.0,0
644427,323.776,2.8659000000000017,0.0,4.0,59.75,5.0,2.0,1.0,1.0,0.0,6.0,2.0,22.0,0.0,0.0,0.0,118.0,0.0,1.0,1.0,0
2224447,252.343,1.86974,0.0,6.0,52.31,5.0,2.0,0.0,2.0,0.0,6.0,2.0,17.0,0.0,0.0,0.0,92.0,0.0,2.0,0.0,0
5307134,431.9200000000002,2.0421,0.0,7.0,70.16,5.0,2.0,2.0,0.0,2.0,8.0,4.0,30.0,2.0,0.0,2.0,160.0,0.0,2.0,0.0,0
118380897,366.42500000000007,2.677200000000001,3.0,5.0,95.17,6.0,3.0,1.0,2.0,1.0,8.0,4.0,27.0,1.0,0.0,1.0,140.0,0.0,3.0,2.0,1
2104995,330.365,1.8190999999999995,1.0,5.0,75.71,4.0,2.0,1.0,1.0,0.0,7.0,3.0,23.0,1.0,0.0,1.0,118.0,0.0,2.0,2.0,0
73099,277.305,0.7048999999999994,2.0,4.0,88.16000000000001,4.0,2.0,1.0,1.0,0.0,7.0,2.0,19.0,0.0,0.0,0.0,98.0,0.0,1.0,1.0,0
1903614,322.361,1.1861999999999997,3.0,4.0,104.73,10.0,1.0,1.0,0.0,0.0,7.0,1.0,23.0,0.0,0.0,0.0,126.0,0.0,0.0,2.0,0
653745,353.4920000000002,1.1882999999999997,1.0,7.0,72.28,6.0,1.0,0.0,1.0,2.0,8.0,3.0,24.0,2.0,1.0,1.0,134.0,0.0,2.0,1.0,0
2869367,243.69,1.4813999999999994,1.0,3.0,47.56,6.0,1.0,1.0,0.0,0.0,5.0,1.0,16.0,0.0,0.0,0.0,88.0,0.0,0.0,1.0,0
3243662,408.49800000000016,4.267700000000004,0.0,5.0,60.77000000000001,7.0,3.0,2.0,1.0,0.0,6.0,3.0,30.0,0.0,0.0,0.0,158.0,0.0,1.0,1.0,0
655617,415.4710000000001,3.408920000000002,0.0,7.0,106.51,5.0,3.0,1.0,2.0,1.0,9.0,4.0,29.0,1.0,0.0,1.0,152.0,0.0,3.0,0.0,0
118046258,436.878,3.8488000000000016,2.0,6.0,98.72,5.0,4.0,1.0,3.0,0.0,9.0,4.0,31.0,0.0,0.0,0.0,156.0,0.0,3.0,1.0,1
3238493,298.298,2.8732000000000006,1.0,5.0,77.5,5.0,3.0,1.0,2.0,0.0,6.0,3.0,22.0,0.0,0.0,0.0,112.0,0.0,2.0,1.0,0
135429188,420.51300000000026,3.976200000000002,2.0,4.0,87.32,6.0,3.0,2.0,1.0,1.0,7.0,4.0,31.0,1.0,1.0,0.0,162.0,0.0,1.0,2.0,0
3583494,325.41200000000003,3.916000000000003,0.0,5.0,62.29,4.0,2.0,1.0,1.0,1.0,5.0,3.0,24.0,1.0,0.0,1.0,126.0,0.0,2.0,0.0,0
3242104,257.311,1.1365200000000002,2.0,3.0,83.47,5.0,1.0,1.0,0.0,0.0,6.0,1.0,17.0,0.0,0.0,0.0,94.0,0.0,0.0,0.0,0
121416677,457.5380000000002,3.318920000000002,2.0,7.0,97.2,6.0,4.0,1.0,3.0,1.0,9.0,5.0,34.0,1.0,0.0,1.0,174.0,0.0,4.0,2.0,1
2302351,391.4710000000001,2.9724000000000013,1.0,5.0,63.69,6.0,3.0,2.0,1.0,1.0,6.0,4.0,29.0,1.0,0.0,1.0,150.0,0.0,2.0,1.0,0
3000174,299.374,2.242,1.0,4.0,63.99,2.0,2.0,1.0,1.0,1.0,5.0,3.0,22.0,1.0,1.0,0.0,116.0,0.0,1.0,1.0,0
3242341,380.4930000000002,2.5394000000000005,1.0,8.0,92.71,9.0,1.0,0.0,1.0,1.0,9.0,2.0,27.0,1.0,0.0,1.0,152.0,0.0,2.0,1.0,0
396455,422.56100000000015,3.029780000000001,0.0,11.0,95.56,6.0,3.0,0.0,3.0,0.0,11.0,3.0,27.0,0.0,0.0,0.0,142.0,0.0,3.0,0.0,0
3240791,348.4310000000001,4.326940000000003,1.0,5.0,59.290000000000006,3.0,4.0,1.0,3.0,0.0,6.0,4.0,25.0,0.0,0.0,0.0,124.0,0.0,3.0,1.0,0
3234147,392.8460000000002,3.758200000000002,0.0,6.0,69.9,5.0,4.0,2.0,2.0,0.0,7.0,4.0,28.0,0.0,0.0,0.0,140.0,0.0,2.0,0.0,0
747117,345.4240000000002,2.5085000000000006,1.0,4.0,79.36999999999999,4.0,2.0,1.0,1.0,1.0,7.0,3.0,24.0,1.0,0.0,1.0,126.0,0.0,2.0,1.0,0
3233846,481.4400000000001,5.334080000000005,0.0,3.0,47.34,3.0,2.0,2.0,0.0,2.0,10.0,4.0,34.0,2.0,0.0,2.0,180.0,1.0,2.0,1.0,0
8081,90.078,-0.0776999999999999,0.0,3.0,27.69,0.0,0.0,0.0,0.0,1.0,3.0,1.0,6.0,1.0,0.0,1.0,36.0,0.0,1.0,0.0,0
2231318,478.57800000000026,2.9518400000000016,0.0,8.0,93.45,5.0,4.0,2.0,2.0,1.0,10.0,5.0,34.0,1.0,0.0,1.0,176.0,0.0,3.0,0.0,0
970916,257.249,2.4543,2.0,4.0,72.48,2.0,2.0,1.0,1.0,0.0,6.0,3.0,19.0,1.0,0.0,1.0,96.0,0.0,2.0,2.0,0
2204323,415.931,4.545420000000003,1.0,7.0,72.18,5.0,4.0,2.0,2.0,0.0,9.0,4.0,27.0,0.0,0.0,0.0,136.0,0.0,2.0,1.0,0
663859,381.3920000000002,2.48822,1.0,9.0,100.39,6.0,3.0,1.0,2.0,0.0,9.0,4.0,28.0,1.0,0.0,1.0,144.0,0.0,3.0,0.0,0
665883,369.4060000000002,2.9406000000000008,0.0,9.0,83.66000000000001,5.0,4.0,1.0,3.0,0.0,9.0,4.0,26.0,0.0,0.0,0.0,132.0,0.0,3.0,0.0,0
118021205,408.50600000000014,2.777700000000001,1.0,6.0,83.48,3.0,2.0,0.0,2.0,2.0,8.0,5.0,30.0,3.0,0.0,3.0,158.0,0.0,5.0,2.0,1
663329,380.4770000000001,3.268740000000002,1.0,7.0,85.59,7.0,3.0,1.0,2.0,0.0,8.0,3.0,27.0,0.0,0.0,0.0,138.0,0.0,2.0,1.0,0
3242815,406.4640000000002,2.138,0.0,8.0,98.0,6.0,2.0,1.0,1.0,1.0,10.0,3.0,28.0,1.0,0.0,1.0,150.0,0.0,2.0,2.0,0
654110,319.3690000000001,0.2925000000000015,3.0,8.0,119.98,6.0,2.0,1.0,1.0,0.0,9.0,2.0,23.0,0.0,0.0,0.0,124.0,0.0,1.0,1.0,0
92044882,436.4970000000002,3.0535200000000016,3.0,6.0,129.73,5.0,4.0,1.0,3.0,0.0,10.0,4.0,31.0,0.0,0.0,0.0,158.0,0.0,3.0,2.0,1
3242426,403.44600000000014,1.0269999999999997,0.0,8.0,89.15,3.0,4.0,1.0,3.0,1.0,9.0,5.0,30.0,1.0,0.0,1.0,152.0,0.0,4.0,1.0,0
2999002,312.753,1.3742,2.0,5.0,90.65000000000002,5.0,1.0,1.0,0.0,1.0,7.0,2.0,21.0,1.0,0.0,1.0,114.0,0.0,1.0,1.0,0
744447,270.284,2.723200000000001,2.0,2.0,74.6,5.0,2.0,2.0,0.0,0.0,4.0,2.0,20.0,0.0,0.0,0.0,102.0,0.0,0.0,0.0,0
58881819,338.3710000000001,2.918400000000001,3.0,6.0,101.06,5.0,3.0,1.0,2.0,0.0,8.0,3.0,25.0,0.0,0.0,0.0,128.0,0.0,2.0,2.0,1
5307477,429.5860000000002,3.578000000000002,1.0,4.0,79.37,5.0,2.0,1.0,1.0,2.0,7.0,4.0,30.0,2.0,1.0,1.0,162.0,0.0,2.0,1.0,0
3239628,442.56300000000033,0.9496199999999996,1.0,8.0,110.6,7.0,2.0,0.0,2.0,1.0,11.0,3.0,29.0,1.0,0.0,1.0,160.0,0.0,3.0,1.0,0
1291811,421.4240000000001,4.441320000000004,0.0,5.0,72.89,7.0,4.0,2.0,2.0,0.0,7.0,4.0,31.0,0.0,0.0,0.0,158.0,0.0,2.0,1.0,0
715902,293.308,1.1537999999999995,2.0,7.0,110.01,5.0,2.0,0.0,2.0,0.0,9.0,2.0,20.0,0.0,0.0,0.0,104.0,0.0,2.0,2.0,0
653167,387.46500000000015,3.008820000000002,1.0,8.0,95.07,9.0,3.0,0.0,3.0,0.0,9.0,3.0,27.0,0.0,0.0,0.0,142.0,0.0,3.0,1.0,0
121416588,472.59700000000026,3.657820000000002,3.0,7.0,100.0,9.0,4.0,1.0,3.0,0.0,9.0,4.0,35.0,0.0,0.0,0.0,182.0,0.0,3.0,2.0,1
118380985,396.45100000000014,4.0451000000000015,4.0,5.0,121.03,6.0,3.0,1.0,2.0,0.0,9.0,3.0,29.0,0.0,0.0,0.0,152.0,0.0,2.0,3.0,1
136420,312.321,3.485800000000002,0.0,5.0,57.9,4.0,3.0,2.0,1.0,0.0,5.0,3.0,23.0,0.0,0.0,0.0,118.0,0.0,1.0,0.0,0
824791,291.354,3.608900000000003,1.0,4.0,50.940000000000005,1.0,3.0,2.0,1.0,0.0,4.0,4.0,22.0,1.0,0.0,1.0,110.0,0.0,2.0,0.0,0
6604928,337.4490000000001,3.8157000000000014,2.0,7.0,92.98,6.0,1.0,0.0,1.0,2.0,8.0,3.0,23.0,2.0,2.0,0.0,126.0,0.0,1.0,0.0,0
977052,306.32500000000005,3.4137000000000013,2.0,4.0,75.85,3.0,4.0,1.0,3.0,0.0,6.0,4.0,23.0,0.0,0.0,0.0,114.0,0.0,3.0,1.0,0
3242541,425.48500000000007,2.1187000000000005,0.0,7.0,74.93,4.0,3.0,1.0,2.0,2.0,8.0,5.0,31.0,2.0,0.0,2.0,164.0,1.0,4.0,1.0,0
734582,215.278,1.2789999999999997,1.0,5.0,64.11000000000001,4.0,1.0,0.0,1.0,0.0,6.0,1.0,14.0,0.0,0.0,0.0,78.0,0.0,1.0,1.0,0
2999147,427.5260000000003,2.4258000000000006,0.0,6.0,62.32000000000001,4.0,2.0,1.0,1.0,2.0,8.0,5.0,30.0,3.0,0.0,3.0,158.0,0.0,4.0,2.0,0
3236053,371.52500000000015,3.2612200000000007,1.0,3.0,52.650000000000006,8.0,1.0,1.0,0.0,2.0,5.0,3.0,27.0,2.0,1.0,1.0,148.0,0.0,1.0,2.0,0
665790,359.42600000000016,3.1353000000000018,1.0,6.0,86.48,7.0,2.0,1.0,1.0,1.0,7.0,3.0,26.0,1.0,1.0,0.0,140.0,0.0,1.0,1.0,0
976338,233.227,1.797,0.0,5.0,68.46000000000001,2.0,2.0,1.0,1.0,0.0,6.0,2.0,17.0,0.0,0.0,0.0,88.0,0.0,1.0,1.0,0
1034153,378.4720000000002,4.329060000000004,0.0,4.0,45.92,3.0,3.0,2.0,1.0,1.0,5.0,4.0,28.0,1.0,0.0,1.0,146.0,0.0,2.0,1.0,0
3240351,276.38300000000004,3.736600000000003,0.0,2.0,8.17,2.0,3.0,2.0,1.0,0.0,2.0,4.0,21.0,1.0,0.0,1.0,106.0,0.0,2.0,0.0,0
978127,225.045,2.4991000000000003,0.0,3.0,38.92,1.0,2.0,1.0,1.0,0.0,4.0,2.0,12.0,0.0,0.0,0.0,60.0,0.0,1.0,0.0,0
666441,352.7390000000001,4.983600000000002,1.0,5.0,60.45,2.0,3.0,2.0,1.0,0.0,8.0,4.0,22.0,1.0,0.0,1.0,112.0,0.0,2.0,0.0,0
2241020,453.14,4.897500000000002,1.0,4.0,59.290000000000006,4.0,3.0,1.0,2.0,0.0,12.0,3.0,27.0,0.0,0.0,0.0,142.0,0.0,2.0,1.0,0
3237052,328.3430000000001,2.643700000000001,1.0,4.0,59.92,5.0,2.0,2.0,0.0,0.0,6.0,3.0,24.0,1.0,0.0,1.0,124.0,0.0,1.0,1.0,0
3239116,418.45300000000015,4.164320000000003,1.0,7.0,91.41,7.0,4.0,2.0,2.0,0.0,8.0,4.0,31.0,0.0,0.0,0.0,158.0,0.0,2.0,1.0,0
1319508,395.8680000000001,2.703100000000001,2.0,4.0,95.58,6.0,2.0,2.0,0.0,0.0,9.0,2.0,26.0,0.0,0.0,0.0,138.0,0.0,0.0,2.0,0
855323,269.351,1.5003999999999995,1.0,5.0,71.95,4.0,2.0,1.0,1.0,0.0,7.0,2.0,17.0,0.0,0.0,0.0,90.0,0.0,1.0,0.0,0
3243095,361.3940000000002,1.9748,0.0,6.0,82.14,4.0,1.0,1.0,0.0,1.0,7.0,3.0,26.0,2.0,0.0,2.0,140.0,1.0,2.0,1.0,0
3238926,453.49900000000025,2.0993000000000004,2.0,6.0,117.21999999999998,7.0,2.0,2.0,0.0,0.0,10.0,4.0,32.0,2.0,0.0,2.0,164.0,0.0,2.0,3.0,0
16758816,397.4270000000002,1.0092,1.0,6.0,88.60000000000001,2.0,1.0,1.0,0.0,4.0,7.0,6.0,29.0,5.0,2.0,3.0,152.0,1.0,3.0,2.0,0
2856716,347.41400000000016,2.717300000000001,1.0,3.0,57.61,4.0,2.0,2.0,0.0,1.0,4.0,4.0,26.0,2.0,1.0,1.0,132.0,0.0,1.0,2.0,0
655460,313.357,3.445700000000002,2.0,4.0,84.23,4.0,2.0,0.0,2.0,1.0,6.0,3.0,23.0,1.0,1.0,0.0,120.0,0.0,2.0,2.0,0
2906489,257.362,3.888890000000002,1.0,3.0,33.61,2.0,2.0,1.0,1.0,0.0,4.0,3.0,18.0,1.0,1.0,0.0,92.0,0.0,1.0,0.0,0
1570036,262.334,2.940800000000001,1.0,4.0,51.22,6.0,2.0,1.0,1.0,0.0,5.0,2.0,18.0,0.0,0.0,0.0,94.0,0.0,1.0,1.0,0
135413736,372.4940000000001,2.1633000000000004,1.0,5.0,69.30000000000001,6.0,2.0,1.0,1.0,1.0,7.0,3.0,26.0,1.0,0.0,1.0,138.0,0.0,2.0,1.0,0
6413100,395.4220000000001,-0.1717999999999988,4.0,9.0,158.21000000000004,5.0,1.0,0.0,1.0,1.0,12.0,3.0,26.0,2.0,0.0,2.0,136.0,0.0,3.0,2.0,0
11949145,435.5210000000003,-1.2281999999999964,4.0,9.0,116.94,4.0,1.0,1.0,0.0,3.0,9.0,4.0,31.0,3.0,1.0,2.0,172.0,0.0,2.0,0.0,0
1068286,378.407,3.4997000000000025,1.0,4.0,67.23,4.0,3.0,2.0,1.0,1.0,7.0,4.0,28.0,1.0,0.0,1.0,142.0,0.0,2.0,2.0,0
135415434,458.56500000000017,1.85672,1.0,6.0,103.44,5.0,3.0,2.0,1.0,1.0,10.0,4.0,31.0,1.0,0.0,1.0,162.0,0.0,2.0,1.0,0
646291,407.5620000000002,3.2754800000000017,0.0,5.0,52.57,3.0,2.0,1.0,1.0,2.0,6.0,4.0,30.0,2.0,0.0,2.0,160.0,0.0,3.0,1.0,0
652930,378.4360000000002,2.1238200000000003,1.0,7.0,85.17,5.0,3.0,2.0,1.0,1.0,8.0,4.0,28.0,1.0,0.0,1.0,144.0,0.0,2.0,1.0,0
1091094,298.298,2.6260000000000003,2.0,4.0,76.66000000000001,3.0,2.0,2.0,0.0,0.0,6.0,3.0,22.0,1.0,0.0,1.0,112.0,0.0,1.0,2.0,0
92044715,414.4690000000002,4.147720000000002,3.0,5.0,104.82,5.0,4.0,1.0,3.0,1.0,8.0,5.0,31.0,1.0,1.0,0.0,156.0,0.0,3.0,2.0,1
667281,350.8020000000001,2.7205000000000013,0.0,5.0,62.99,3.0,2.0,1.0,1.0,1.0,7.0,3.0,24.0,1.0,0.0,1.0,128.0,0.0,2.0,1.0,0
3242149,360.46,3.8500000000000014,1.0,6.0,60.33,5.0,3.0,1.0,2.0,0.0,7.0,3.0,24.0,0.0,0.0,0.0,124.0,0.0,2.0,1.0,0
2964934,289.35600000000005,3.0839200000000018,1.0,4.0,59.16,2.0,2.0,0.0,2.0,0.0,5.0,3.0,20.0,1.0,1.0,0.0,104.0,0.0,2.0,0.0,0
660649,355.82500000000005,4.420100000000003,2.0,2.0,57.36,2.0,3.0,2.0,1.0,0.0,6.0,4.0,25.0,1.0,0.0,1.0,128.0,0.0,2.0,2.0,1
1251717,387.4610000000001,1.6814999999999996,1.0,6.0,90.17,6.0,3.0,2.0,1.0,0.0,8.0,3.0,27.0,0.0,0.0,0.0,142.0,0.0,1.0,0.0,0
5309235,394.49600000000015,3.483620000000002,0.0,4.0,63.41,5.0,3.0,2.0,1.0,0.0,6.0,4.0,28.0,1.0,0.0,1.0,144.0,0.0,2.0,1.0,0
2904303,267.35,2.1634,0.0,4.0,46.61,3.0,1.0,0.0,1.0,1.0,5.0,2.0,18.0,1.0,0.0,1.0,98.0,0.0,2.0,1.0,0
664616,427.389,2.4781000000000004,2.0,4.0,53.60000000000001,8.0,1.0,1.0,0.0,1.0,11.0,2.0,29.0,1.0,0.0,1.0,164.0,0.0,1.0,1.0,0
2515057,283.357,0.6755999999999995,2.0,6.0,88.91,4.0,1.0,0.0,1.0,1.0,8.0,2.0,19.0,1.0,1.0,0.0,104.0,0.0,1.0,3.0,0
3243364,364.48900000000015,3.906980000000004,0.0,2.0,40.620000000000005,2.0,2.0,2.0,0.0,1.0,4.0,3.0,27.0,1.0,0.0,1.0,142.0,0.0,1.0,2.0,0
1743800,381.6840000000001,4.3050000000000015,1.0,3.0,47.56,4.0,2.0,2.0,0.0,0.0,10.0,2.0,25.0,0.0,0.0,0.0,134.0,0.0,0.0,1.0,0
2216070,308.403,2.1257,1.0,4.0,58.64000000000001,7.0,1.0,1.0,0.0,1.0,6.0,2.0,21.0,1.0,0.0,1.0,114.0,0.0,1.0,3.0,0
649612,496.6180000000003,4.258300000000003,1.0,10.0,104.05,9.0,4.0,1.0,3.0,1.0,11.0,5.0,34.0,1.0,0.0,1.0,176.0,0.0,4.0,1.0,0
135408622,305.33700000000005,3.0944000000000025,2.0,4.0,74.58,3.0,3.0,2.0,1.0,0.0,5.0,3.0,23.0,0.0,0.0,0.0,114.0,0.0,1.0,1.0,0
71250308,524.9840000000002,3.6270000000000016,3.0,8.0,114.19,7.0,4.0,2.0,2.0,1.0,11.0,5.0,37.0,1.0,0.0,1.0,192.0,0.0,3.0,1.0,1
6636553,310.346,0.9894,1.0,6.0,82.06000000000002,0.0,0.0,0.0,0.0,0.0,6.0,2.0,22.0,2.0,0.0,2.0,122.0,0.0,2.0,0.0,0
665209,359.4260000000003,2.7776000000000014,2.0,5.0,83.66000000000001,6.0,2.0,1.0,1.0,1.0,7.0,3.0,26.0,1.0,0.0,1.0,140.0,0.0,2.0,1.0,0
570153,230.22700000000003,1.2595999999999998,2.0,4.0,87.74000000000001,3.0,2.0,1.0,1.0,0.0,6.0,2.0,17.0,0.0,0.0,0.0,86.0,0.0,1.0,1.0,0
3237341,307.35299999999995,3.908900000000002,1.0,3.0,58.370000000000005,5.0,3.0,1.0,2.0,0.0,5.0,3.0,23.0,0.0,0.0,0.0,116.0,0.0,2.0,2.0,0
2936597,358.8470000000002,1.3518999999999997,0.0,4.0,66.92,3.0,1.0,1.0,0.0,2.0,8.0,3.0,23.0,2.0,0.0,2.0,126.0,0.0,2.0,1.0,0
652270,337.3790000000002,2.8893400000000016,1.0,5.0,63.16000000000001,2.0,2.0,2.0,0.0,0.0,6.0,4.0,25.0,2.0,0.0,2.0,128.0,0.0,2.0,1.0,0
1158037,365.36300000000017,1.6006,2.0,6.0,111.16,6.0,2.0,2.0,0.0,0.0,9.0,3.0,25.0,1.0,0.0,1.0,132.0,0.0,1.0,0.0,0
3243632,349.4370000000001,1.9094,2.0,6.0,83.96000000000001,6.0,3.0,0.0,3.0,0.0,8.0,3.0,23.0,0.0,0.0,0.0,120.0,0.0,3.0,1.0,0
135406278,316.42600000000004,3.4984800000000016,1.0,4.0,62.82,4.0,2.0,1.0,1.0,0.0,5.0,2.0,22.0,0.0,0.0,0.0,116.0,0.0,1.0,0.0,0
647851,269.329,2.7582000000000013,0.0,4.0,38.13,1.0,3.0,1.0,2.0,0.0,5.0,4.0,19.0,1.0,0.0,1.0,94.0,0.0,3.0,1.0,0
2951388,365.47600000000017,2.836820000000001,1.0,5.0,64.63000000000001,6.0,2.0,2.0,0.0,0.0,7.0,3.0,24.0,1.0,0.0,1.0,128.0,0.0,1.0,0.0,0
3238022,375.3840000000001,2.917300000000001,1.0,6.0,86.36000000000001,5.0,4.0,2.0,2.0,0.0,7.0,4.0,28.0,0.0,0.0,0.0,140.0,0.0,2.0,1.0,0
661521,323.356,2.8239800000000006,1.0,7.0,88.89999999999999,8.0,3.0,1.0,2.0,0.0,7.0,3.0,24.0,0.0,0.0,0.0,122.0,0.0,2.0,0.0,0
6603817,288.43100000000004,3.879200000000004,1.0,2.0,37.3,0.0,0.0,0.0,0.0,3.0,2.0,4.0,21.0,4.0,4.0,0.0,116.0,0.0,0.0,0.0,0
645214,305.309,2.8696200000000003,2.0,4.0,84.23,6.0,2.0,1.0,1.0,0.0,7.0,2.0,22.0,0.0,0.0,0.0,116.0,0.0,1.0,2.0,0
3241677,488.5880000000002,3.872600000000002,0.0,6.0,84.74000000000001,6.0,3.0,2.0,1.0,1.0,8.0,5.0,36.0,2.0,0.0,2.0,188.0,0.0,3.0,2.0,0
664503,369.37300000000016,2.9109000000000007,1.0,6.0,86.85000000000001,6.0,3.0,2.0,1.0,0.0,7.0,3.0,27.0,0.0,0.0,0.0,140.0,0.0,1.0,0.0,0
1519307,370.4050000000001,3.2871400000000017,1.0,6.0,94.59000000000002,5.0,2.0,1.0,1.0,0.0,7.0,2.0,27.0,0.0,0.0,0.0,142.0,0.0,1.0,1.0,0
3243221,474.5890000000003,3.4876200000000024,1.0,8.0,101.49,4.0,4.0,2.0,2.0,1.0,11.0,5.0,31.0,1.0,0.0,1.0,160.0,0.0,3.0,1.0,0
3235905,409.5960000000002,2.8611000000000013,1.0,4.0,69.72,11.0,1.0,1.0,0.0,1.0,7.0,2.0,28.0,1.0,0.0,1.0,158.0,0.0,1.0,1.0,0
16758887,538.6880000000003,4.732600000000005,0.0,4.0,59.08,4.0,2.0,2.0,0.0,3.0,6.0,5.0,40.0,3.0,0.0,3.0,208.0,0.0,3.0,2.0,0
655306,487.6070000000004,2.716700000000001,1.0,8.0,106.42,8.0,3.0,2.0,1.0,1.0,11.0,4.0,33.0,1.0,0.0,1.0,174.0,0.0,2.0,1.0,0
66722,231.251,1.2675,3.0,3.0,69.56,3.0,2.0,2.0,0.0,0.0,4.0,2.0,17.0,0.0,0.0,0.0,88.0,0.0,0.0,1.0,0
77832,170.256,1.7572,2.0,3.0,44.620000000000005,0.0,0.0,0.0,0.0,1.0,3.0,1.0,12.0,1.0,0.0,1.0,70.0,0.0,1.0,0.0,0
3240158,351.41,1.9373,0.0,6.0,73.02000000000001,2.0,3.0,1.0,2.0,0.0,7.0,4.0,26.0,1.0,0.0,1.0,134.0,0.0,3.0,1.0,0
76071570,409.47500000000014,3.676120000000002,3.0,7.0,117.71,5.0,4.0,1.0,3.0,0.0,10.0,4.0,29.0,0.0,0.0,0.0,148.0,0.0,3.0,2.0,1
653467,340.44500000000016,1.629199999999999,1.0,4.0,75.71000000000001,6.0,1.0,1.0,0.0,1.0,7.0,2.0,23.0,1.0,0.0,1.0,128.0,0.0,1.0,1.0,0
230460,194.18599999999995,1.3742,0.0,4.0,44.760000000000005,2.0,1.0,1.0,0.0,0.0,4.0,2.0,14.0,1.0,0.0,1.0,74.0,0.0,1.0,0.0,0
135423651,339.8220000000001,5.309520000000004,1.0,3.0,49.66,3.0,2.0,2.0,0.0,0.0,4.0,3.0,24.0,1.0,1.0,0.0,122.0,0.0,0.0,0.0,1
3245778,466.5630000000003,3.216090000000001,1.0,6.0,87.63999999999999,5.0,3.0,2.0,1.0,1.0,9.0,4.0,33.0,1.0,0.0,1.0,172.0,0.0,2.0,2.0,0
2906356,346.42700000000013,3.3987000000000025,1.0,4.0,67.86999999999999,7.0,1.0,1.0,0.0,0.0,6.0,2.0,25.0,1.0,0.0,1.0,136.0,0.0,1.0,2.0,0
3241952,242.278,2.5760200000000006,0.0,3.0,46.34,1.0,2.0,1.0,1.0,0.0,4.0,3.0,18.0,1.0,0.0,1.0,92.0,0.0,2.0,1.0,0
1797604,272.301,0.4061999999999999,2.0,3.0,75.27000000000001,6.0,1.0,1.0,0.0,0.0,7.0,1.0,18.0,0.0,0.0,0.0,98.0,0.0,0.0,1.0,0
664107,288.38800000000003,1.9917,3.0,3.0,87.66000000000001,11.0,0.0,0.0,0.0,0.0,6.0,0.0,20.0,0.0,0.0,0.0,118.0,0.0,0.0,2.0,0
1072534,404.5360000000002,2.658300000000001,1.0,8.0,80.91999999999999,3.0,2.0,0.0,2.0,1.0,8.0,4.0,28.0,2.0,0.0,2.0,152.0,0.0,4.0,0.0,0
3236722,371.4810000000004,2.294299999999999,3.0,3.0,87.30000000000001,6.0,1.0,1.0,0.0,2.0,6.0,3.0,27.0,2.0,2.0,0.0,146.0,0.0,0.0,3.0,0
16758551,393.2330000000001,3.763200000000002,0.0,5.0,57.290000000000006,7.0,2.0,2.0,0.0,1.0,6.0,3.0,24.0,1.0,0.0,1.0,126.0,0.0,1.0,0.0,0
135406141,261.34599999999995,3.481340000000001,1.0,4.0,49.66,2.0,1.0,1.0,0.0,0.0,4.0,2.0,18.0,1.0,0.0,1.0,94.0,0.0,1.0,0.0,0
648620,496.56400000000025,3.988120000000003,2.0,7.0,126.91,10.0,3.0,1.0,2.0,0.0,10.0,3.0,36.0,0.0,0.0,0.0,192.0,0.0,2.0,3.0,0
2292580,442.4970000000001,2.9203400000000013,2.0,7.0,119.51,8.0,3.0,2.0,1.0,0.0,10.0,3.0,31.0,0.0,0.0,0.0,162.0,0.0,1.0,1.0,0
2813774,347.7620000000001,1.2527999999999997,0.0,8.0,91.9,5.0,3.0,1.0,2.0,0.0,9.0,3.0,24.0,0.0,0.0,0.0,124.0,0.0,2.0,0.0,0
665829,318.3980000000001,1.5515999999999996,1.0,4.0,58.64,3.0,1.0,1.0,0.0,2.0,6.0,4.0,22.0,3.0,0.0,3.0,116.0,0.0,3.0,2.0,0
135438785,273.33199999999994,2.398400000000001,2.0,4.0,69.89,5.0,1.0,1.0,0.0,0.0,4.0,2.0,20.0,1.0,1.0,0.0,106.0,0.0,0.0,0.0,0
3241727,337.466,2.6778200000000005,1.0,4.0,63.24,7.0,2.0,1.0,1.0,0.0,6.0,2.0,22.0,0.0,0.0,0.0,118.0,0.0,1.0,1.0,0
3233593,361.4010000000001,4.5191000000000034,1.0,6.0,69.41,6.0,4.0,2.0,2.0,0.0,6.0,4.0,27.0,0.0,0.0,0.0,136.0,0.0,2.0,0.0,0
16758564,246.306,2.2435,1.0,3.0,46.53,5.0,1.0,1.0,0.0,0.0,3.0,2.0,18.0,1.0,1.0,0.0,96.0,0.0,0.0,0.0,0
5309799,370.456,1.7873399999999997,1.0,7.0,105.4,4.0,2.0,0.0,2.0,1.0,10.0,3.0,24.0,1.0,0.0,1.0,130.0,0.0,3.0,1.0,0
5459607,607.7070000000002,5.275200000000005,3.0,7.0,126.85,13.0,4.0,3.0,1.0,0.0,9.0,4.0,45.0,0.0,0.0,0.0,232.0,0.0,1.0,2.0,0
649944,252.72600000000003,3.2360000000000007,2.0,3.0,55.12,2.0,2.0,1.0,1.0,0.0,5.0,2.0,16.0,0.0,0.0,0.0,82.0,0.0,1.0,1.0,0
2388866,335.45400000000006,1.8521,0.0,5.0,52.98,2.0,1.0,1.0,0.0,0.0,7.0,4.0,22.0,3.0,0.0,3.0,116.0,0.0,3.0,0.0,0
2998175,473.9640000000002,4.043200000000003,1.0,6.0,70.47,4.0,4.0,3.0,1.0,1.0,8.0,5.0,34.0,1.0,0.0,1.0,172.0,0.0,2.0,1.0,0
651225,295.342,2.934700000000001,2.0,4.0,81.0,5.0,3.0,2.0,1.0,0.0,5.0,3.0,22.0,0.0,0.0,0.0,112.0,0.0,1.0,0.0,0
658334,216.244,0.4540799999999999,2.0,4.0,91.8,3.0,1.0,0.0,1.0,0.0,5.0,1.0,16.0,0.0,0.0,0.0,82.0,0.0,1.0,1.0,0
869802,281.31500000000005,2.6614000000000004,0.0,5.0,57.010000000000005,4.0,3.0,1.0,2.0,0.0,5.0,3.0,21.0,0.0,0.0,0.0,106.0,0.0,2.0,0.0,0
660442,300.38700000000006,1.9851,2.0,5.0,57.260000000000005,1.0,2.0,0.0,2.0,0.0,6.0,4.0,21.0,2.0,0.0,2.0,108.0,0.0,4.0,1.0,0
2082035,463.8650000000001,2.0536000000000003,0.0,5.0,79.69,4.0,2.0,1.0,1.0,1.0,12.0,3.0,30.0,1.0,0.0,1.0,162.0,0.0,2.0,1.0,0
3244273,441.5510000000001,2.8667000000000007,2.0,5.0,67.92,9.0,2.0,2.0,0.0,1.0,8.0,3.0,32.0,1.0,0.0,1.0,172.0,0.0,1.0,2.0,0
2884552,396.48400000000026,-0.1695999999999971,2.0,8.0,83.86,10.0,1.0,1.0,0.0,2.0,8.0,3.0,28.0,2.0,0.0,2.0,158.0,0.0,2.0,0.0,0
3237589,330.409,3.0134000000000016,0.0,5.0,59.5,6.0,2.0,1.0,1.0,0.0,6.0,2.0,23.0,0.0,0.0,0.0,120.0,0.0,1.0,1.0,0
3237132,423.5130000000001,3.128300000000001,0.0,6.0,65.7,3.0,3.0,1.0,2.0,2.0,7.0,5.0,31.0,2.0,0.0,2.0,164.0,1.0,4.0,1.0,0
647471,360.464,3.2830000000000013,1.0,7.0,69.03999999999999,6.0,3.0,1.0,2.0,0.0,8.0,3.0,24.0,0.0,0.0,0.0,124.0,0.0,2.0,1.0,0
3234377,276.343,3.4591200000000013,1.0,4.0,50.7,4.0,3.0,1.0,2.0,0.0,4.0,3.0,21.0,0.0,0.0,0.0,104.0,0.0,2.0,0.0,0
654069,344.43600000000004,2.2849000000000004,1.0,4.0,70.5,3.0,2.0,1.0,1.0,2.0,6.0,4.0,24.0,2.0,0.0,2.0,126.0,0.0,3.0,0.0,0
653454,493.5390000000003,4.0691200000000025,2.0,6.0,117.43,9.0,3.0,1.0,2.0,1.0,10.0,4.0,36.0,1.0,1.0,0.0,188.0,0.0,2.0,3.0,0
2214825,317.43300000000005,2.8739000000000017,1.0,3.0,52.650000000000006,6.0,1.0,1.0,0.0,1.0,5.0,2.0,23.0,1.0,0.0,1.0,126.0,0.0,1.0,2.0,1
3239336,330.3840000000002,1.8226,1.0,4.0,67.86999999999999,4.0,1.0,1.0,0.0,2.0,6.0,4.0,24.0,3.0,1.0,2.0,128.0,0.0,2.0,2.0,0
659233,422.3230000000003,3.9216000000000015,2.0,4.0,74.42999999999999,6.0,2.0,1.0,1.0,1.0,7.0,3.0,26.0,1.0,0.0,1.0,140.0,0.0,2.0,1.0,0
651995,412.5330000000001,1.57684,2.0,5.0,101.57,10.0,2.0,2.0,0.0,0.0,9.0,2.0,27.0,0.0,0.0,0.0,148.0,0.0,0.0,0.0,0
2999742,466.56300000000033,3.678320000000003,2.0,6.0,100.1,6.0,2.0,2.0,0.0,1.0,9.0,4.0,33.0,2.0,0.0,2.0,172.0,0.0,2.0,3.0,0
647393,377.46600000000007,1.853599999999999,2.0,5.0,97.39,9.0,2.0,1.0,1.0,0.0,8.0,2.0,26.0,0.0,0.0,0.0,140.0,0.0,1.0,1.0,0
3237288,366.4210000000001,3.835320000000002,1.0,5.0,59.290000000000006,4.0,4.0,1.0,3.0,0.0,7.0,4.0,26.0,0.0,0.0,0.0,130.0,0.0,3.0,1.0,0
651399,279.336,1.9538,2.0,3.0,75.63,6.0,1.0,1.0,0.0,0.0,5.0,1.0,20.0,0.0,0.0,0.0,110.0,0.0,0.0,1.0,0
5307203,452.5550000000002,2.42172,2.0,6.0,83.14000000000001,8.0,2.0,2.0,0.0,1.0,8.0,4.0,33.0,2.0,0.0,2.0,176.0,0.0,2.0,2.0,0
2553831,392.4590000000002,1.4705999999999997,2.0,5.0,87.2,5.0,3.0,2.0,1.0,1.0,7.0,4.0,29.0,1.0,0.0,1.0,150.0,0.0,2.0,1.0,0
5307844,421.5040000000001,1.0111999999999992,1.0,10.0,108.11,8.0,3.0,1.0,2.0,0.0,11.0,3.0,28.0,0.0,0.0,0.0,148.0,0.0,2.0,1.0,0
6604749,380.2310000000001,4.125000000000002,4.0,3.0,90.46,3.0,2.0,2.0,0.0,0.0,8.0,3.0,25.0,1.0,0.0,1.0,130.0,0.0,1.0,2.0,0
2219114,341.77200000000005,2.8781000000000008,1.0,5.0,73.86000000000001,4.0,2.0,2.0,0.0,0.0,8.0,3.0,22.0,1.0,0.0,1.0,116.0,0.0,1.0,0.0,0
655526,395.5130000000001,4.200440000000003,1.0,7.0,72.18,5.0,4.0,1.0,3.0,0.0,8.0,4.0,27.0,0.0,0.0,0.0,136.0,0.0,3.0,1.0,0
990808,402.90700000000015,4.106320000000003,1.0,6.0,69.03999999999999,7.0,3.0,2.0,1.0,0.0,8.0,3.0,27.0,0.0,0.0,0.0,140.0,0.0,1.0,1.0,0
11883,182.135,1.81142,0.0,4.0,86.28,2.0,1.0,1.0,0.0,0.0,6.0,1.0,13.0,0.0,0.0,0.0,68.0,0.0,0.0,0.0,0
2918622,354.4060000000001,3.2346200000000023,0.0,5.0,62.99,5.0,2.0,1.0,1.0,2.0,6.0,4.0,26.0,2.0,0.0,2.0,136.0,0.0,3.0,2.0,0
14569,183.254,3.738620000000002,1.0,1.0,12.03,2.0,2.0,2.0,0.0,0.0,1.0,2.0,14.0,0.0,0.0,0.0,70.0,0.0,0.0,0.0,0
413284,371.82400000000007,3.137800000000002,1.0,4.0,78.97,4.0,2.0,2.0,0.0,0.0,7.0,3.0,26.0,1.0,0.0,1.0,134.0,0.0,1.0,0.0,0
666670,388.4270000000002,3.3911000000000016,2.0,5.0,89.16000000000001,6.0,4.0,2.0,2.0,0.0,7.0,4.0,29.0,0.0,0.0,0.0,146.0,0.0,2.0,2.0,0
666370,396.4430000000001,2.20332,1.0,7.0,92.78,4.0,2.0,1.0,1.0,1.0,7.0,4.0,29.0,2.0,0.0,2.0,152.0,0.0,3.0,0.0,0
3242398,397.45000000000016,3.910520000000002,1.0,5.0,71.51,6.0,3.0,1.0,2.0,1.0,7.0,4.0,29.0,1.0,0.0,1.0,152.0,0.0,3.0,1.0,0
3237733,448.5160000000004,2.0808,1.0,5.0,84.94000000000001,6.0,2.0,2.0,0.0,2.0,9.0,4.0,31.0,2.0,0.0,2.0,166.0,1.0,2.0,1.0,0
874190,342.41700000000014,2.893520000000001,1.0,6.0,84.93999999999998,6.0,1.0,0.0,1.0,0.0,8.0,1.0,23.0,0.0,0.0,0.0,128.0,0.0,1.0,2.0,0
664079,298.29800000000006,3.288800000000001,3.0,5.0,87.60000000000001,4.0,3.0,2.0,1.0,0.0,6.0,3.0,22.0,0.0,0.0,0.0,112.0,0.0,1.0,0.0,0
3233082,413.4680000000001,4.515100000000004,1.0,2.0,52.650000000000006,2.0,2.0,2.0,0.0,2.0,7.0,4.0,30.0,2.0,0.0,2.0,158.0,1.0,2.0,3.0,0
651856,398.2600000000001,3.675100000000002,1.0,4.0,63.99,4.0,3.0,2.0,1.0,1.0,6.0,4.0,25.0,1.0,1.0,0.0,126.0,0.0,1.0,1.0,0
649585,374.447,2.5201,2.0,6.0,101.05,6.0,3.0,1.0,2.0,0.0,9.0,3.0,25.0,0.0,0.0,0.0,128.0,0.0,2.0,1.0,0
5425,149.10199999999998,-2.1562,4.0,4.0,120.85,3.0,0.0,0.0,0.0,0.0,6.0,0.0,10.0,0.0,0.0,0.0,58.0,0.0,0.0,0.0,0
3237160,294.31,3.1331000000000016,0.0,4.0,59.48,2.0,3.0,1.0,2.0,0.0,5.0,4.0,22.0,1.0,0.0,1.0,110.0,0.0,3.0,1.0,0
16758880,249.31,2.209,2.0,3.0,58.56,3.0,1.0,1.0,0.0,1.0,4.0,2.0,18.0,1.0,0.0,1.0,98.0,0.0,1.0,0.0,0
2533589,441.5530000000002,1.8846,0.0,4.0,78.0,5.0,2.0,2.0,0.0,1.0,8.0,4.0,31.0,2.0,0.0,2.0,164.0,0.0,2.0,2.0,0
654188,369.5090000000002,3.8442000000000025,2.0,2.0,61.440000000000005,3.0,1.0,1.0,0.0,3.0,5.0,4.0,27.0,3.0,1.0,2.0,146.0,0.0,2.0,3.0,0
3241981,393.4870000000002,2.3651,1.0,4.0,61.88,6.0,2.0,2.0,0.0,0.0,6.0,4.0,29.0,2.0,0.0,2.0,152.0,0.0,2.0,2.0,0
3000106,355.48800000000006,4.584700000000003,0.0,6.0,39.94,6.0,4.0,2.0,2.0,0.0,6.0,4.0,24.0,0.0,0.0,0.0,122.0,0.0,2.0,0.0,0
1244217,382.44100000000014,3.5917200000000022,1.0,4.0,79.62,4.0,3.0,2.0,1.0,0.0,7.0,4.0,27.0,1.0,0.0,1.0,138.0,0.0,2.0,1.0,0
2998961,390.4610000000001,2.4956000000000005,1.0,5.0,84.94000000000001,6.0,2.0,2.0,0.0,0.0,8.0,3.0,27.0,1.0,0.0,1.0,144.0,0.0,1.0,1.0,0
670139,316.42600000000004,2.648000000000001,0.0,4.0,32.78,4.0,2.0,1.0,1.0,1.0,5.0,3.0,22.0,1.0,0.0,1.0,116.0,0.0,2.0,1.0,0
647923,446.5250000000004,1.6782,0.0,6.0,85.38000000000001,5.0,2.0,2.0,0.0,1.0,9.0,4.0,31.0,2.0,0.0,2.0,166.0,0.0,2.0,1.0,0
653589,405.5020000000002,3.224590000000002,2.0,6.0,92.25,3.0,3.0,0.0,3.0,2.0,7.0,5.0,30.0,2.0,2.0,0.0,156.0,0.0,3.0,1.0,0
2999631,389.49600000000027,2.9957400000000014,1.0,5.0,80.64,6.0,1.0,0.0,1.0,2.0,7.0,3.0,28.0,2.0,1.0,1.0,154.0,1.0,2.0,3.0,0
11948992,484.5530000000003,2.954500000000001,1.0,7.0,117.61,6.0,0.0,0.0,0.0,3.0,10.0,5.0,35.0,5.0,2.0,3.0,188.0,0.0,3.0,4.0,0
648164,300.362,1.74232,1.0,5.0,85.25000000000001,4.0,2.0,1.0,1.0,1.0,6.0,3.0,22.0,1.0,0.0,1.0,116.0,0.0,2.0,1.0,0
1301551,399.4280000000001,3.291100000000001,3.0,5.0,117.51,6.0,3.0,2.0,1.0,0.0,9.0,3.0,28.0,0.0,0.0,0.0,144.0,0.0,1.0,2.0,0
7515,107.15599999999998,1.7283,1.0,1.0,12.03,1.0,1.0,1.0,0.0,0.0,1.0,1.0,8.0,0.0,0.0,0.0,42.0,0.0,0.0,0.0,0
1815779,356.46900000000005,1.479,1.0,5.0,83.55000000000001,5.0,1.0,1.0,0.0,0.0,8.0,2.0,23.0,1.0,0.0,1.0,126.0,0.0,1.0,2.0,0
3240295,391.49300000000017,2.868990000000001,1.0,6.0,76.56,8.0,2.0,1.0,1.0,1.0,8.0,3.0,27.0,1.0,0.0,1.0,146.0,0.0,2.0,1.0,0
8616,258.273,3.6712000000000025,0.0,4.0,52.580000000000005,2.0,3.0,1.0,2.0,0.0,4.0,3.0,19.0,0.0,0.0,0.0,98.0,0.0,2.0,0.0,0
3247255,533.6000000000004,2.887700000000001,1.0,6.0,92.08,7.0,3.0,2.0,1.0,1.0,9.0,5.0,39.0,2.0,1.0,1.0,204.0,0.0,2.0,2.0,0
1338210,364.44900000000007,3.123420000000001,1.0,5.0,73.25999999999999,5.0,3.0,2.0,1.0,0.0,6.0,3.0,27.0,0.0,0.0,0.0,140.0,0.0,1.0,1.0,0
804304,253.323,2.05974,2.0,3.0,66.4,5.0,1.0,1.0,0.0,0.0,5.0,1.0,17.0,0.0,0.0,0.0,92.0,0.0,0.0,1.0,0
1167735,435.54900000000015,5.374420000000005,0.0,6.0,68.46000000000001,5.0,3.0,2.0,1.0,0.0,7.0,4.0,31.0,1.0,0.0,1.0,160.0,0.0,2.0,1.0,0
1043575,409.37700000000007,3.0408000000000017,1.0,8.0,112.14,6.0,4.0,2.0,2.0,0.0,10.0,4.0,30.0,0.0,0.0,0.0,152.0,0.0,2.0,1.0,0
2929579,319.744,2.634000000000001,0.0,4.0,63.68,2.0,1.0,1.0,0.0,1.0,6.0,3.0,22.0,2.0,1.0,1.0,114.0,0.0,1.0,2.0,0
3238194,357.81500000000005,2.2831,1.0,5.0,85.61,7.0,2.0,1.0,1.0,0.0,8.0,2.0,23.0,0.0,0.0,0.0,124.0,0.0,1.0,1.0,0
3240824,364.4090000000001,2.3681400000000004,3.0,6.0,114.93,5.0,3.0,2.0,1.0,0.0,8.0,3.0,27.0,0.0,0.0,0.0,138.0,0.0,1.0,2.0,0
738371,334.4630000000001,4.181800000000004,0.0,2.0,23.550000000000004,2.0,2.0,2.0,0.0,1.0,3.0,4.0,25.0,2.0,0.0,2.0,130.0,0.0,2.0,1.0,0
3237868,421.5190000000002,1.5941999999999998,1.0,6.0,97.71,10.0,2.0,1.0,1.0,0.0,9.0,2.0,29.0,0.0,0.0,0.0,158.0,0.0,1.0,1.0,0
786532,330.8810000000001,2.8828000000000014,1.0,3.0,49.41,5.0,1.0,1.0,0.0,1.0,6.0,2.0,21.0,1.0,0.0,1.0,118.0,0.0,1.0,0.0,0
3244925,372.38400000000007,4.059500000000002,1.0,6.0,90.14,5.0,4.0,2.0,2.0,0.0,7.0,4.0,28.0,0.0,0.0,0.0,138.0,0.0,2.0,1.0,0
6604214,666.7240000000003,4.697800000000004,1.0,12.0,144.08,9.0,3.0,2.0,1.0,2.0,13.0,6.0,48.0,3.0,1.0,2.0,258.0,0.0,3.0,0.0,0
6518171,495.5790000000002,4.935600000000004,2.0,6.0,91.76,12.0,4.0,3.0,1.0,0.0,7.0,4.0,37.0,0.0,0.0,0.0,188.0,0.0,1.0,0.0,0
986954,372.4060000000001,2.7395400000000008,2.0,6.0,114.19,5.0,3.0,1.0,2.0,0.0,9.0,3.0,26.0,0.0,0.0,0.0,134.0,0.0,2.0,1.0,0
653456,391.49700000000007,2.405900000000001,0.0,7.0,90.21,4.0,2.0,1.0,1.0,2.0,9.0,4.0,27.0,2.0,1.0,1.0,146.0,1.0,2.0,0.0,0
16758839,334.41200000000003,2.778600000000001,0.0,5.0,61.830000000000005,4.0,0.0,0.0,0.0,1.0,5.0,2.0,24.0,2.0,1.0,1.0,132.0,0.0,1.0,0.0,0
4611614,390.27400000000006,4.322000000000002,2.0,6.0,77.99000000000001,3.0,3.0,2.0,1.0,0.0,8.0,4.0,26.0,1.0,0.0,1.0,134.0,0.0,2.0,0.0,0
3240695,402.5200000000003,3.2009000000000016,0.0,6.0,65.98,3.0,2.0,1.0,1.0,2.0,8.0,4.0,28.0,2.0,0.0,2.0,150.0,0.0,3.0,2.0,0
2226422,294.4200000000001,1.6172000000000002,1.0,4.0,41.57000000000001,7.0,1.0,1.0,0.0,1.0,5.0,2.0,20.0,1.0,0.0,1.0,110.0,0.0,1.0,1.0,0
1242695,356.37400000000014,3.5016000000000025,1.0,6.0,82.06,4.0,2.0,2.0,0.0,0.0,6.0,3.0,26.0,1.0,0.0,1.0,136.0,0.0,1.0,0.0,0
3000197,443.5880000000003,2.6964,2.0,5.0,79.89999999999999,9.0,1.0,1.0,0.0,4.0,7.0,5.0,32.0,4.0,4.0,0.0,176.0,0.0,0.0,2.0,0
645650,357.3690000000001,4.3324000000000025,2.0,4.0,84.23,4.0,4.0,2.0,2.0,0.0,6.0,4.0,27.0,0.0,0.0,0.0,132.0,0.0,2.0,2.0,0
662511,410.3820000000001,3.3815400000000024,2.0,8.0,126.24,5.0,3.0,1.0,2.0,0.0,9.0,4.0,30.0,1.0,0.0,1.0,154.0,0.0,3.0,1.0,0
654866,294.35400000000004,2.7669000000000006,0.0,4.0,34.47,2.0,3.0,2.0,1.0,1.0,4.0,4.0,22.0,1.0,0.0,1.0,112.0,0.0,2.0,0.0,0
1084415,358.78500000000014,2.8864,1.0,7.0,92.26,4.0,3.0,2.0,1.0,0.0,8.0,3.0,25.0,0.0,0.0,0.0,128.0,0.0,1.0,0.0,0
1295615,499.6110000000003,2.139,1.0,7.0,122.32,11.0,2.0,2.0,0.0,0.0,12.0,2.0,33.0,0.0,0.0,0.0,182.0,0.0,0.0,1.0,0
2576539,367.5030000000001,4.570420000000003,0.0,7.0,56.49,5.0,4.0,1.0,3.0,0.0,7.0,4.0,25.0,0.0,0.0,0.0,126.0,0.0,3.0,0.0,0
5309016,462.5720000000002,2.8717400000000017,1.0,7.0,104.98,7.0,2.0,1.0,1.0,1.0,10.0,3.0,32.0,1.0,0.0,1.0,174.0,0.0,2.0,1.0,0
3243551,434.26500000000016,3.895800000000002,1.0,5.0,77.25,7.0,3.0,2.0,1.0,0.0,8.0,3.0,27.0,0.0,0.0,0.0,140.0,0.0,1.0,1.0,0
92044551,435.5090000000001,3.911100000000002,3.0,5.0,116.84,5.0,4.0,2.0,2.0,0.0,9.0,4.0,31.0,0.0,0.0,0.0,158.0,0.0,2.0,2.0,1
629349,320.23599999999993,4.555600000000001,2.0,2.0,52.04,1.0,2.0,2.0,0.0,0.0,8.0,2.0,22.0,0.0,0.0,0.0,118.0,0.0,0.0,0.0,0
2998569,473.5510000000004,2.0977999999999994,1.0,6.0,105.25,7.0,2.0,2.0,0.0,2.0,10.0,4.0,33.0,2.0,0.0,2.0,176.0,0.0,2.0,2.0,0
3243844,402.4470000000001,3.766340000000002,2.0,4.0,88.41,6.0,3.0,2.0,1.0,0.0,8.0,3.0,28.0,0.0,0.0,0.0,146.0,0.0,1.0,1.0,0
667181,329.381,2.3673,1.0,5.0,73.22,3.0,3.0,2.0,1.0,0.0,7.0,4.0,23.0,1.0,0.0,1.0,118.0,0.0,2.0,0.0,0
3711835,369.8560000000001,4.058700000000002,2.0,6.0,77.99000000000001,4.0,3.0,2.0,1.0,0.0,7.0,4.0,26.0,1.0,0.0,1.0,134.0,0.0,2.0,0.0,0
673500,277.22600000000006,2.945800000000001,1.0,3.0,47.56,2.0,2.0,2.0,0.0,0.0,6.0,3.0,20.0,1.0,0.0,1.0,102.0,0.0,1.0,1.0,0
324144,296.39500000000004,4.059400000000003,1.0,4.0,52.05,5.0,3.0,2.0,1.0,0.0,4.0,3.0,21.0,0.0,0.0,0.0,106.0,0.0,1.0,0.0,0
2212896,417.5600000000001,3.494720000000002,1.0,8.0,81.93,9.0,3.0,1.0,2.0,0.0,9.0,3.0,28.0,0.0,0.0,0.0,148.0,0.0,2.0,1.0,0
593548,370.4270000000001,1.8287,1.0,6.0,102.01,5.0,1.0,1.0,0.0,1.0,9.0,2.0,25.0,1.0,0.0,1.0,138.0,0.0,1.0,1.0,0
666313,325.3640000000001,2.6546000000000003,0.0,5.0,55.84,0.0,2.0,2.0,0.0,1.0,5.0,4.0,24.0,2.0,0.0,2.0,124.0,1.0,2.0,0.0,0
2219801,283.35600000000005,3.7323200000000014,0.0,5.0,51.81,4.0,3.0,1.0,2.0,0.0,5.0,3.0,20.0,0.0,0.0,0.0,100.0,0.0,2.0,0.0,0
3233161,299.765,3.1747000000000005,2.0,4.0,66.49000000000001,5.0,3.0,1.0,2.0,0.0,6.0,3.0,21.0,0.0,0.0,0.0,106.0,0.0,2.0,0.0,0
2998573,313.3570000000001,1.8901,1.0,4.0,75.29,3.0,2.0,1.0,1.0,1.0,6.0,3.0,23.0,1.0,0.0,1.0,120.0,0.0,2.0,1.0,0
649988,289.379,1.9807,1.0,4.0,54.46,4.0,1.0,0.0,1.0,2.0,5.0,3.0,21.0,2.0,0.0,2.0,114.0,0.0,3.0,1.0,0
3236353,432.5680000000002,4.314440000000004,1.0,5.0,71.26,8.0,3.0,2.0,1.0,1.0,6.0,4.0,32.0,1.0,0.0,1.0,168.0,0.0,2.0,1.0,0
648000,403.46000000000015,2.263699999999999,1.0,6.0,101.62,7.0,3.0,2.0,1.0,0.0,9.0,3.0,28.0,0.0,0.0,0.0,148.0,0.0,1.0,1.0,0
799292,288.372,2.4761000000000006,1.0,2.0,49.41,3.0,2.0,2.0,0.0,0.0,5.0,3.0,20.0,1.0,1.0,0.0,104.0,0.0,0.0,0.0,0
818948,203.285,2.36794,1.0,1.0,29.1,0.0,1.0,1.0,0.0,0.0,2.0,2.0,15.0,1.0,0.0,1.0,80.0,0.0,1.0,1.0,0
977447,243.335,3.246900000000002,1.0,4.0,29.85,3.0,3.0,1.0,2.0,0.0,4.0,3.0,17.0,0.0,0.0,0.0,86.0,0.0,2.0,0.0,0
658122,210.214,1.1547,1.0,5.0,72.31,3.0,2.0,1.0,1.0,0.0,6.0,2.0,14.0,0.0,0.0,0.0,72.0,0.0,1.0,0.0,0
2212572,275.69100000000003,2.851400000000001,2.0,3.0,80.39,3.0,2.0,2.0,0.0,0.0,5.0,2.0,19.0,0.0,0.0,0.0,96.0,0.0,0.0,0.0,0
791424,225.28199999999995,3.3408000000000024,0.0,1.0,3.24,2.0,1.0,1.0,0.0,1.0,3.0,2.0,16.0,1.0,0.0,1.0,88.0,0.0,1.0,0.0,0
785,110.11199999999998,1.0978,2.0,2.0,40.46,0.0,1.0,1.0,0.0,0.0,2.0,1.0,8.0,0.0,0.0,0.0,42.0,0.0,0.0,0.0,0
3235430,306.4529999999999,4.323600000000003,1.0,2.0,15.27,2.0,2.0,2.0,0.0,2.0,2.0,4.0,23.0,2.0,0.0,2.0,120.0,1.0,2.0,0.0,0
652522,340.404,3.644000000000003,0.0,6.0,65.22,7.0,3.0,2.0,1.0,0.0,6.0,3.0,24.0,0.0,0.0,0.0,122.0,0.0,1.0,0.0,0
3840,142.11,-0.1623,2.0,4.0,70.67,1.0,1.0,0.0,1.0,0.0,4.0,1.0,10.0,0.0,0.0,0.0,54.0,0.0,1.0,0.0,0
805203,342.84800000000007,2.732800000000001,0.0,4.0,49.85,4.0,1.0,1.0,0.0,1.0,7.0,2.0,22.0,1.0,0.0,1.0,120.0,0.0,1.0,2.0,0
1107139,364.49200000000025,2.8527000000000013,1.0,4.0,66.48,5.0,2.0,1.0,1.0,1.0,7.0,3.0,24.0,1.0,0.0,1.0,128.0,0.0,2.0,1.0,0
2595359,396.4220000000001,1.811199999999999,1.0,5.0,78.41,3.0,3.0,2.0,1.0,1.0,8.0,4.0,29.0,1.0,0.0,1.0,150.0,0.0,2.0,1.0,0
661531,337.35400000000004,3.918980000000002,1.0,5.0,71.08,7.0,3.0,2.0,1.0,0.0,6.0,3.0,25.0,0.0,0.0,0.0,126.0,0.0,1.0,0.0,0
893954,258.346,3.712440000000002,0.0,4.0,27.05,2.0,3.0,1.0,2.0,0.0,4.0,3.0,18.0,0.0,0.0,0.0,92.0,0.0,2.0,0.0,0
4644536,320.4330000000002,1.91112,1.0,4.0,50.8,8.0,1.0,1.0,0.0,1.0,5.0,2.0,23.0,1.0,0.0,1.0,128.0,0.0,1.0,1.0,0
5255,304.255,-1.5999999999999988,5.0,5.0,170.09999999999997,9.0,0.0,0.0,0.0,0.0,10.0,0.0,21.0,0.0,0.0,0.0,118.0,0.0,0.0,2.0,0
646245,340.4010000000001,1.0832999999999997,1.0,5.0,92.78,4.0,1.0,1.0,0.0,1.0,8.0,2.0,23.0,1.0,0.0,1.0,126.0,0.0,1.0,1.0,0
3233787,404.4700000000001,4.077080000000003,1.0,4.0,85.67,2.0,2.0,2.0,0.0,2.0,7.0,4.0,30.0,2.0,0.0,2.0,154.0,1.0,2.0,3.0,0
663032,327.46,2.34873,1.0,8.0,72.7,4.0,2.0,0.0,2.0,0.0,9.0,2.0,20.0,0.0,0.0,0.0,106.0,0.0,2.0,1.0,0
3234812,286.338,3.6273800000000014,1.0,4.0,61.6,4.0,3.0,2.0,1.0,0.0,4.0,3.0,22.0,0.0,0.0,0.0,106.0,0.0,1.0,0.0,0
6604905,207.254,1.806,0.0,3.0,57.93,2.0,1.0,1.0,0.0,0.0,4.0,1.0,14.0,0.0,0.0,0.0,72.0,0.0,0.0,0.0,1
664261,320.392,3.7173000000000025,1.0,2.0,53.17,4.0,3.0,2.0,1.0,0.0,4.0,3.0,24.0,0.0,0.0,0.0,122.0,0.0,1.0,1.0,0
549228,287.1170000000001,0.2309999999999998,0.0,4.0,58.440000000000005,0.0,1.0,0.0,1.0,0.0,7.0,2.0,16.0,1.0,0.0,1.0,86.0,0.0,2.0,2.0,0
647984,324.40500000000003,4.346300000000003,0.0,4.0,46.34,5.0,3.0,1.0,2.0,1.0,5.0,4.0,23.0,1.0,1.0,0.0,116.0,0.0,2.0,1.0,0
135481525,595.5680000000002,2.907400000000001,2.0,12.0,177.72,8.0,5.0,3.0,2.0,1.0,13.0,6.0,44.0,1.0,0.0,1.0,222.0,0.0,3.0,0.0,0
5309166,423.53500000000025,1.9389,1.0,6.0,101.62,5.0,2.0,1.0,1.0,1.0,9.0,3.0,29.0,1.0,0.0,1.0,160.0,0.0,2.0,1.0,0
7619,252.36399999999995,2.6356,0.0,5.0,25.36,2.0,2.0,1.0,1.0,1.0,5.0,3.0,16.0,1.0,0.0,1.0,84.0,0.0,2.0,0.0,0
661875,384.43900000000014,3.0126,1.0,6.0,93.93,4.0,3.0,1.0,2.0,0.0,6.0,4.0,29.0,1.0,0.0,1.0,144.0,0.0,3.0,0.0,0
616267,289.33900000000006,0.6388000000000001,2.0,7.0,85.53,3.0,2.0,1.0,1.0,1.0,7.0,3.0,21.0,1.0,0.0,1.0,112.0,0.0,2.0,0.0,0
5456,511.8190000000002,8.049500000000009,0.0,4.0,38.25,22.0,2.0,1.0,1.0,0.0,5.0,2.0,37.0,0.0,0.0,0.0,208.0,0.0,1.0,0.0,0
669275,287.38400000000007,2.574700000000001,0.0,2.0,37.38,3.0,2.0,2.0,0.0,0.0,4.0,3.0,20.0,1.0,0.0,1.0,104.0,0.0,1.0,0.0,0
5389781,369.42500000000007,0.9397999999999996,2.0,8.0,94.08,6.0,3.0,1.0,2.0,0.0,8.0,3.0,27.0,0.0,0.0,0.0,142.0,0.0,2.0,0.0,0
659646,323.31200000000007,2.3206,1.0,8.0,109.06,3.0,4.0,1.0,3.0,0.0,8.0,4.0,24.0,0.0,0.0,0.0,120.0,0.0,3.0,0.0,0
3236573,388.51200000000006,3.972020000000003,1.0,5.0,49.64,8.0,3.0,1.0,2.0,0.0,7.0,3.0,27.0,0.0,0.0,0.0,144.0,0.0,2.0,1.0,0
655612,305.314,4.625840000000004,1.0,3.0,47.56,5.0,2.0,2.0,0.0,0.0,5.0,2.0,21.0,0.0,0.0,0.0,112.0,0.0,0.0,0.0,0
647486,335.4070000000001,4.547720000000004,1.0,3.0,58.370000000000005,2.0,3.0,2.0,1.0,1.0,5.0,4.0,25.0,1.0,0.0,1.0,128.0,0.0,2.0,2.0,0
3236391,373.4090000000001,0.8815999999999993,1.0,6.0,101.47,5.0,2.0,1.0,1.0,1.0,8.0,3.0,27.0,1.0,0.0,1.0,144.0,0.0,2.0,1.0,0
413816,253.25799999999992,-0.2527000000000008,3.0,4.0,106.25999999999998,3.0,1.0,0.0,1.0,1.0,7.0,2.0,18.0,1.0,0.0,1.0,98.0,0.0,2.0,0.0,0
663945,488.5480000000004,2.5477000000000007,2.0,9.0,116.76000000000002,7.0,4.0,2.0,2.0,1.0,10.0,6.0,36.0,2.0,0.0,2.0,186.0,0.0,4.0,1.0,0
3240876,363.45800000000014,1.3971400000000007,3.0,5.0,90.90000000000002,9.0,1.0,1.0,0.0,1.0,7.0,2.0,26.0,1.0,0.0,1.0,144.0,0.0,1.0,1.0,0
2369439,148.165,1.24759,1.0,3.0,60.78,0.0,1.0,0.0,1.0,0.0,3.0,1.0,11.0,0.0,0.0,0.0,56.0,0.0,1.0,0.0,0
3235947,416.5470000000003,3.446900000000002,0.0,6.0,65.98,3.0,2.0,1.0,1.0,2.0,8.0,4.0,29.0,2.0,0.0,2.0,156.0,0.0,3.0,2.0,0
977017,294.31500000000005,-1.3562999999999987,1.0,8.0,106.7,3.0,1.0,0.0,1.0,2.0,9.0,3.0,21.0,2.0,0.0,2.0,114.0,0.0,3.0,1.0,0
3246101,374.4220000000001,0.7300999999999997,3.0,9.0,113.52,5.0,3.0,1.0,2.0,1.0,9.0,4.0,26.0,1.0,0.0,1.0,136.0,0.0,3.0,0.0,0
3243279,480.5650000000003,2.351639999999999,2.0,7.0,111.42999999999998,11.0,3.0,2.0,1.0,0.0,9.0,3.0,35.0,0.0,0.0,0.0,186.0,0.0,1.0,2.0,0
1799746,290.31499999999994,2.6057200000000007,0.0,5.0,65.74000000000001,5.0,2.0,1.0,1.0,0.0,5.0,2.0,21.0,0.0,0.0,0.0,112.0,0.0,1.0,0.0,0
1547171,359.41100000000006,1.3642,1.0,7.0,99.0,6.0,3.0,2.0,1.0,0.0,9.0,3.0,25.0,0.0,0.0,0.0,130.0,0.0,1.0,0.0,0
5307393,226.235,1.7329,1.0,3.0,53.43,1.0,2.0,1.0,1.0,0.0,4.0,3.0,17.0,1.0,0.0,1.0,84.0,0.0,2.0,1.0,0
29228,226.446,3.5550000000000006,0.0,2.0,43.14,1.0,1.0,1.0,0.0,0.0,6.0,1.0,12.0,0.0,0.0,0.0,64.0,0.0,0.0,0.0,0
650045,300.343,2.2931,0.0,7.0,69.9,5.0,3.0,1.0,2.0,0.0,7.0,3.0,21.0,0.0,0.0,0.0,106.0,0.0,2.0,0.0,0
3242787,404.60100000000006,4.608400000000004,1.0,4.0,49.41,8.0,2.0,0.0,2.0,1.0,6.0,3.0,27.0,1.0,1.0,0.0,146.0,0.0,2.0,2.0,0
16757940,528.5980000000004,3.697400000000002,1.0,9.0,129.34,4.0,1.0,0.0,1.0,3.0,9.0,5.0,38.0,4.0,3.0,1.0,206.0,0.0,2.0,0.0,0
154968119,626.7660000000001,1.429470000000004,3.0,8.0,169.82999999999998,7.0,2.0,1.0,1.0,3.0,13.0,6.0,46.0,4.0,0.0,4.0,242.0,1.0,5.0,2.0,1
656115,312.37300000000005,2.3403,1.0,5.0,67.35,4.0,2.0,1.0,1.0,1.0,6.0,3.0,23.0,1.0,0.0,1.0,120.0,0.0,2.0,1.0,0
3235541,365.477,3.218500000000001,0.0,4.0,45.67,4.0,2.0,1.0,1.0,2.0,5.0,4.0,27.0,2.0,0.0,2.0,142.0,1.0,3.0,1.0,0
3241232,395.46600000000007,5.255500000000004,1.0,6.0,68.77000000000001,7.0,5.0,2.0,3.0,0.0,6.0,5.0,30.0,0.0,0.0,0.0,148.0,0.0,3.0,0.0,1
747572,336.3510000000001,3.6606200000000015,1.0,6.0,80.97,3.0,3.0,2.0,1.0,0.0,7.0,4.0,25.0,1.0,0.0,1.0,126.0,0.0,2.0,0.0,1
667062,346.5000000000002,2.5684700000000005,1.0,6.0,54.14,4.0,2.0,0.0,2.0,1.0,6.0,4.0,24.0,2.0,1.0,1.0,130.0,0.0,3.0,0.0,0
700470,247.34800000000004,3.311700000000002,1.0,4.0,41.57,3.0,3.0,1.0,2.0,0.0,5.0,3.0,16.0,0.0,0.0,0.0,80.0,0.0,2.0,0.0,0
3240281,429.5240000000003,3.2104000000000017,1.0,7.0,66.65,6.0,4.0,2.0,2.0,1.0,7.0,5.0,32.0,1.0,0.0,1.0,164.0,0.0,3.0,0.0,0
1811207,337.39700000000005,2.0611,1.0,5.0,73.86000000000001,8.0,2.0,2.0,0.0,0.0,7.0,2.0,23.0,0.0,0.0,0.0,124.0,0.0,0.0,0.0,0
3237955,367.4710000000001,2.34494,2.0,5.0,93.31,9.0,2.0,1.0,1.0,0.0,8.0,2.0,25.0,0.0,0.0,0.0,138.0,0.0,1.0,0.0,0
3234609,368.39300000000014,2.47482,0.0,8.0,88.36000000000001,5.0,3.0,1.0,2.0,1.0,8.0,4.0,27.0,1.0,0.0,1.0,140.0,0.0,3.0,0.0,0
1242794,235.35199999999992,2.856600000000001,0.0,2.0,12.47,3.0,1.0,1.0,0.0,1.0,3.0,2.0,16.0,1.0,0.0,1.0,86.0,0.0,1.0,0.0,0
3246217,360.4940000000001,3.055200000000002,2.0,4.0,74.6,1.0,0.0,0.0,0.0,3.0,4.0,4.0,26.0,4.0,4.0,0.0,144.0,0.0,0.0,0.0,0
3240226,295.29800000000006,1.5348999999999997,0.0,6.0,74.08000000000001,4.0,3.0,2.0,1.0,0.0,6.0,3.0,22.0,0.0,0.0,0.0,110.0,0.0,1.0,0.0,0
644567,399.4450000000002,3.420020000000002,0.0,5.0,53.74,4.0,3.0,1.0,2.0,1.0,8.0,4.0,29.0,1.0,0.0,1.0,152.0,0.0,3.0,1.0,0
662707,411.48400000000026,2.26872,3.0,8.0,142.96999999999997,6.0,2.0,0.0,2.0,0.0,11.0,2.0,28.0,0.0,0.0,0.0,154.0,0.0,2.0,1.0,0
898381,218.281,2.0731,1.0,3.0,41.99,3.0,2.0,0.0,2.0,0.0,4.0,2.0,15.0,0.0,0.0,0.0,76.0,0.0,2.0,1.0,0
647562,312.394,3.5447200000000016,1.0,4.0,55.13,5.0,3.0,1.0,2.0,0.0,5.0,3.0,22.0,0.0,0.0,0.0,112.0,0.0,2.0,1.0,0
3242178,441.44000000000017,0.5231000000000009,2.0,8.0,151.25,7.0,1.0,1.0,0.0,0.0,10.0,3.0,32.0,2.0,0.0,2.0,168.0,1.0,2.0,2.0,0
654707,480.5460000000004,3.9350000000000014,0.0,10.0,101.5,8.0,4.0,2.0,2.0,1.0,10.0,5.0,34.0,1.0,0.0,1.0,176.0,0.0,3.0,0.0,0
6575,131.389,2.5017000000000005,0.0,0.0,0.0,0.0,0.0,0.0,0.0,0.0,3.0,0.0,5.0,0.0,0.0,0.0,30.0,0.0,0.0,0.0,0
3240584,368.3890000000002,2.4628000000000005,2.0,5.0,85.89,5.0,2.0,2.0,0.0,1.0,7.0,4.0,27.0,2.0,0.0,2.0,140.0,0.0,2.0,2.0,0
644809,307.39000000000004,3.0946000000000016,2.0,3.0,75.63,9.0,1.0,1.0,0.0,0.0,5.0,1.0,22.0,0.0,0.0,0.0,122.0,0.0,0.0,1.0,0
3243899,447.5130000000002,1.7589999999999997,1.0,7.0,97.41000000000004,6.0,2.0,2.0,0.0,1.0,10.0,4.0,31.0,2.0,0.0,2.0,166.0,0.0,2.0,1.0,0
3236755,294.35400000000004,3.079900000000002,1.0,3.0,43.26,5.0,3.0,2.0,1.0,0.0,4.0,3.0,22.0,0.0,0.0,0.0,112.0,0.0,1.0,1.0,0
16757963,286.459,5.545800000000005,1.0,1.0,20.23,1.0,1.0,1.0,0.0,1.0,1.0,3.0,21.0,2.0,2.0,0.0,116.0,0.0,0.0,0.0,0
665091,442.5270000000003,2.3737000000000004,0.0,9.0,75.44000000000001,4.0,4.0,1.0,3.0,2.0,9.0,6.0,33.0,2.0,0.0,2.0,168.0,0.0,5.0,0.0,0
2228738,330.4750000000001,2.3196000000000003,2.0,4.0,75.27000000000001,6.0,1.0,1.0,0.0,0.0,7.0,1.0,21.0,0.0,0.0,0.0,118.0,0.0,0.0,1.0,0
662599,314.42900000000014,2.9414000000000016,0.0,2.0,40.620000000000005,2.0,1.0,1.0,0.0,2.0,4.0,3.0,23.0,2.0,0.0,2.0,124.0,0.0,2.0,2.0,0
8635,151.16499999999996,1.0554,1.0,3.0,52.32,1.0,1.0,1.0,0.0,0.0,3.0,1.0,11.0,0.0,0.0,0.0,58.0,0.0,0.0,0.0,0
135450668,286.291,0.4773699999999997,4.0,5.0,113.3,3.0,2.0,1.0,1.0,0.0,7.0,3.0,21.0,1.0,0.0,1.0,108.0,0.0,2.0,0.0,0
663042,430.9400000000003,2.5935000000000006,1.0,7.0,79.16,6.0,3.0,1.0,2.0,1.0,9.0,4.0,30.0,1.0,0.0,1.0,160.0,0.0,3.0,0.0,0
662409,336.235,3.345500000000002,0.0,2.0,33.2,1.0,1.0,0.0,1.0,1.0,9.0,3.0,23.0,2.0,1.0,1.0,124.0,0.0,2.0,1.0,0
645731,493.56400000000025,2.4353800000000003,3.0,6.0,132.78999999999996,8.0,2.0,2.0,0.0,1.0,10.0,3.0,36.0,1.0,0.0,1.0,190.0,0.0,1.0,4.0,0
1314443,376.4340000000001,2.511400000000001,1.0,5.0,92.78,6.0,2.0,2.0,0.0,0.0,8.0,2.0,26.0,0.0,0.0,0.0,138.0,0.0,0.0,1.0,0
659191,276.407,4.769100000000002,0.0,4.0,17.07,3.0,3.0,0.0,3.0,0.0,4.0,3.0,17.0,0.0,0.0,0.0,84.0,0.0,3.0,0.0,0
9556005,465.6820000000002,6.501240000000008,0.0,5.0,46.95,11.0,2.0,1.0,1.0,0.0,5.0,3.0,34.0,1.0,0.0,1.0,186.0,0.0,2.0,0.0,0
3239775,360.43500000000006,3.202880000000002,0.0,5.0,79.63000000000001,8.0,2.0,2.0,0.0,0.0,7.0,2.0,25.0,0.0,0.0,0.0,132.0,0.0,0.0,0.0,0
3237933,390.4900000000001,2.5673400000000006,1.0,6.0,92.26,5.0,3.0,2.0,1.0,0.0,9.0,3.0,26.0,0.0,0.0,0.0,136.0,0.0,1.0,1.0,0
648080,343.4080000000001,3.5790400000000018,1.0,6.0,77.25,5.0,3.0,1.0,2.0,0.0,7.0,3.0,24.0,0.0,0.0,0.0,124.0,0.0,2.0,1.0,0
3234967,202.217,0.8298199999999999,0.0,5.0,60.67,1.0,2.0,0.0,2.0,1.0,5.0,3.0,15.0,1.0,1.0,0.0,76.0,0.0,2.0,0.0,0
3239440,461.95300000000026,3.053100000000001,1.0,6.0,69.95000000000002,5.0,4.0,2.0,2.0,1.0,8.0,5.0,33.0,1.0,0.0,1.0,168.0,0.0,3.0,1.0,0
16759008,293.319,1.77032,1.0,5.0,81.7,5.0,1.0,1.0,0.0,0.0,6.0,1.0,21.0,0.0,0.0,0.0,114.0,0.0,0.0,1.0,0
1245299,224.26,1.01782,0.0,4.0,55.57000000000001,2.0,1.0,0.0,1.0,1.0,5.0,2.0,16.0,1.0,0.0,1.0,88.0,0.0,2.0,1.0,0
3243409,309.3,2.829080000000001,1.0,4.0,74.48,3.0,2.0,2.0,0.0,0.0,6.0,3.0,23.0,1.0,0.0,1.0,114.0,0.0,1.0,1.0,0
646423,451.57000000000016,2.03872,1.0,5.0,103.86,5.0,2.0,2.0,0.0,1.0,10.0,3.0,30.0,1.0,0.0,1.0,162.0,0.0,1.0,1.0,0
650511,235.272,1.19724,1.0,6.0,80.66000000000001,2.0,2.0,0.0,2.0,0.0,7.0,2.0,16.0,0.0,0.0,0.0,82.0,0.0,2.0,1.0,0
1265037,241.25000000000003,2.3446,2.0,3.0,70.77000000000001,2.0,3.0,1.0,2.0,0.0,5.0,3.0,18.0,0.0,0.0,0.0,90.0,0.0,2.0,0.0,0
3236000,416.9090000000001,2.5434,2.0,5.0,73.91,7.0,2.0,2.0,0.0,1.0,8.0,3.0,29.0,1.0,0.0,1.0,154.0,0.0,1.0,2.0,0
650028,372.44600000000014,2.926000000000002,1.0,4.0,83.55,5.0,2.0,2.0,0.0,1.0,7.0,3.0,26.0,1.0,0.0,1.0,136.0,0.0,1.0,1.0,0
3234948,316.44500000000005,2.919700000000001,0.0,3.0,32.78,3.0,1.0,1.0,0.0,2.0,4.0,3.0,23.0,2.0,0.0,2.0,126.0,1.0,2.0,1.0,0
774159,267.756,3.039720000000001,0.0,2.0,29.54,3.0,1.0,1.0,0.0,1.0,4.0,2.0,18.0,1.0,0.0,1.0,98.0,0.0,1.0,1.0,0
135401253,454.9610000000003,2.3870000000000005,3.0,6.0,103.26,5.0,2.0,2.0,0.0,1.0,11.0,3.0,29.0,1.0,0.0,1.0,154.0,0.0,1.0,0.0,1
3154581,351.26200000000006,4.792700000000003,1.0,5.0,42.74,2.0,3.0,1.0,2.0,0.0,7.0,4.0,22.0,1.0,0.0,1.0,112.0,0.0,3.0,0.0,0
726154,237.255,1.5869,1.0,4.0,64.63000000000001,5.0,1.0,1.0,0.0,0.0,5.0,1.0,17.0,0.0,0.0,0.0,92.0,0.0,0.0,1.0,0
2551384,441.5350000000002,-0.2204999999999987,2.0,9.0,138.56999999999996,7.0,2.0,0.0,2.0,1.0,12.0,3.0,29.0,1.0,0.0,1.0,158.0,0.0,3.0,0.0,0
966828,322.17999999999995,1.60812,1.0,3.0,74.68,4.0,1.0,1.0,0.0,0.0,7.0,1.0,17.0,0.0,0.0,0.0,94.0,0.0,0.0,0.0,0
3235380,329.385,1.1328999999999996,0.0,8.0,73.14000000000001,3.0,3.0,0.0,3.0,1.0,8.0,4.0,23.0,1.0,0.0,1.0,118.0,0.0,4.0,0.0,0
87841,167.128,-1.0609000000000004,3.0,6.0,109.82,0.0,2.0,0.0,2.0,0.0,7.0,2.0,12.0,0.0,0.0,0.0,62.0,0.0,2.0,0.0,0
3245666,366.41400000000016,3.3282000000000016,2.0,6.0,102.96,10.0,1.0,1.0,0.0,0.0,8.0,1.0,26.0,0.0,0.0,0.0,144.0,0.0,0.0,2.0,0
7529,118.17899999999996,2.638020000000001,0.0,0.0,0.0,1.0,1.0,1.0,0.0,0.0,0.0,1.0,9.0,0.0,0.0,0.0,46.0,0.0,0.0,0.0,0
2999845,287.3880000000001,3.3716800000000022,0.0,5.0,58.68,4.0,2.0,1.0,1.0,0.0,5.0,2.0,20.0,0.0,0.0,0.0,104.0,0.0,1.0,0.0,0
5309064,429.5210000000002,2.7230000000000008,1.0,7.0,73.97,8.0,3.0,1.0,2.0,1.0,9.0,4.0,30.0,1.0,0.0,1.0,158.0,0.0,3.0,1.0,0
3238499,409.4710000000001,3.1915000000000013,1.0,8.0,94.55,8.0,4.0,1.0,3.0,0.0,9.0,4.0,29.0,0.0,0.0,0.0,148.0,0.0,3.0,1.0,0
2948108,389.4520000000003,1.7184,2.0,6.0,89.13,6.0,1.0,1.0,0.0,1.0,8.0,3.0,28.0,2.0,0.0,2.0,152.0,0.0,2.0,2.0,0
2951438,417.8680000000001,2.941800000000001,0.0,5.0,53.09,4.0,2.0,2.0,0.0,2.0,8.0,4.0,29.0,2.0,0.0,2.0,152.0,0.0,2.0,2.0,0
3105144,311.3810000000002,3.1549400000000016,2.0,2.0,66.4,3.0,1.0,1.0,0.0,2.0,4.0,4.0,23.0,3.0,3.0,0.0,120.0,1.0,0.0,1.0,0
6604862,414.5050000000002,3.7387000000000015,3.0,4.0,68.72,2.0,3.0,2.0,1.0,1.0,5.0,7.0,31.0,4.0,2.0,2.0,158.0,1.0,3.0,0.0,0
3246628,292.404,1.7683,2.0,4.0,52.57,3.0,1.0,1.0,0.0,2.0,5.0,3.0,20.0,2.0,0.0,2.0,108.0,1.0,2.0,0.0,0
796632,315.353,2.868900000000001,0.0,2.0,37.38,6.0,2.0,2.0,0.0,0.0,4.0,2.0,22.0,0.0,0.0,0.0,116.0,0.0,0.0,1.0,0
2899723,324.38000000000005,2.1752,0.0,4.0,42.010000000000005,2.0,2.0,2.0,0.0,1.0,5.0,4.0,24.0,2.0,0.0,2.0,124.0,0.0,2.0,1.0,0
1251528,400.5480000000002,3.1289000000000025,1.0,6.0,71.69,5.0,2.0,1.0,1.0,2.0,7.0,4.0,28.0,2.0,0.0,2.0,150.0,0.0,3.0,1.0,1
3242314,375.44600000000014,2.34502,1.0,5.0,81.7,7.0,2.0,2.0,0.0,0.0,7.0,3.0,26.0,1.0,0.0,1.0,138.0,0.0,1.0,1.0,0
3233810,390.83000000000015,4.634100000000003,0.0,6.0,69.9,4.0,4.0,2.0,2.0,1.0,7.0,5.0,28.0,1.0,1.0,0.0,138.0,0.0,2.0,0.0,0
5307138,455.5590000000004,2.0019,0.0,8.0,80.26,8.0,2.0,1.0,1.0,2.0,9.0,4.0,33.0,2.0,0.0,2.0,178.0,0.0,3.0,1.0,0
2969957,352.38700000000006,2.1398,2.0,4.0,84.5,6.0,2.0,2.0,0.0,0.0,8.0,2.0,24.0,0.0,0.0,0.0,128.0,0.0,0.0,1.0,0
2959809,440.5940000000003,4.601000000000004,0.0,8.0,61.42,5.0,4.0,1.0,3.0,0.0,8.0,5.0,30.0,1.0,1.0,0.0,156.0,0.0,3.0,0.0,0
3243436,327.384,2.2435,1.0,5.0,63.69000000000001,5.0,2.0,1.0,1.0,1.0,6.0,3.0,24.0,1.0,0.0,1.0,126.0,0.0,2.0,1.0,0
2348570,422.5280000000002,2.5186,1.0,6.0,84.94,5.0,2.0,1.0,1.0,1.0,9.0,4.0,28.0,2.0,1.0,1.0,150.0,0.0,2.0,1.0,0
1244711,389.5020000000002,2.987700000000002,0.0,7.0,66.65,4.0,3.0,1.0,2.0,1.0,8.0,4.0,26.0,1.0,0.0,1.0,136.0,0.0,3.0,0.0,0
5416031,271.272,2.7719000000000014,2.0,4.0,79.12,5.0,2.0,2.0,0.0,0.0,5.0,2.0,20.0,0.0,0.0,0.0,102.0,0.0,0.0,0.0,0
776886,255.346,3.257420000000001,0.0,4.0,49.57,3.0,2.0,1.0,1.0,0.0,4.0,2.0,18.0,0.0,0.0,0.0,90.0,0.0,1.0,0.0,0
649525,365.4330000000001,2.869220000000001,0.0,4.0,62.74000000000001,3.0,2.0,1.0,1.0,1.0,6.0,4.0,27.0,2.0,0.0,2.0,140.0,0.0,3.0,2.0,0
778508,259.317,1.04438,2.0,7.0,89.76,6.0,1.0,0.0,1.0,0.0,7.0,1.0,19.0,0.0,0.0,0.0,100.0,0.0,1.0,0.0,0
3234323,232.331,1.4465999999999997,1.0,4.0,41.05,1.0,1.0,0.0,1.0,2.0,4.0,3.0,17.0,2.0,0.0,2.0,92.0,1.0,3.0,0.0,0
888120,254.264,3.8511200000000025,0.0,3.0,38.92,2.0,3.0,2.0,1.0,0.0,4.0,3.0,19.0,0.0,0.0,0.0,94.0,0.0,1.0,0.0,0
657674,472.4940000000003,3.2102000000000013,2.0,6.0,133.67999999999998,11.0,2.0,2.0,0.0,0.0,10.0,2.0,34.0,0.0,0.0,0.0,182.0,0.0,0.0,2.0,0
3244832,420.9000000000002,3.635600000000002,1.0,4.0,61.34,2.0,4.0,2.0,2.0,1.0,7.0,5.0,30.0,1.0,0.0,1.0,152.0,0.0,3.0,1.0,0
2879271,442.4970000000001,2.0125,2.0,7.0,124.82999999999998,7.0,3.0,2.0,1.0,0.0,10.0,3.0,31.0,0.0,0.0,0.0,162.0,0.0,1.0,0.0,0
2221501,373.4490000000001,3.3968000000000025,0.0,6.0,65.07000000000001,7.0,1.0,1.0,0.0,0.0,6.0,2.0,27.0,1.0,0.0,1.0,146.0,0.0,1.0,0.0,0
5307904,333.38800000000015,0.6147000000000005,2.0,5.0,79.89999999999999,6.0,1.0,1.0,0.0,1.0,7.0,3.0,24.0,2.0,0.0,2.0,130.0,0.0,2.0,2.0,0
76070979,383.45200000000006,3.2379000000000016,4.0,5.0,112.16,6.0,3.0,1.0,2.0,0.0,8.0,3.0,28.0,0.0,0.0,0.0,148.0,0.0,2.0,2.0,1
3247172,633.6420000000002,5.361000000000005,0.0,5.0,71.85000000000001,7.0,4.0,3.0,1.0,1.0,11.0,6.0,46.0,2.0,1.0,1.0,238.0,0.0,2.0,2.0,0
118045720,430.5080000000002,3.654600000000003,1.0,6.0,90.57,4.0,3.0,2.0,1.0,1.0,7.0,5.0,32.0,2.0,0.0,2.0,164.0,0.0,3.0,1.0,1
1235027,425.8800000000001,2.2364999999999995,1.0,7.0,96.25,4.0,3.0,1.0,2.0,1.0,10.0,4.0,30.0,1.0,0.0,1.0,154.0,0.0,3.0,2.0,0
1814746,367.49300000000017,3.869600000000003,1.0,4.0,44.81,7.0,2.0,2.0,0.0,1.0,5.0,3.0,27.0,1.0,0.0,1.0,144.0,0.0,1.0,1.0,0
649062,346.4600000000001,2.3624400000000003,1.0,7.0,83.9,4.0,2.0,0.0,2.0,1.0,8.0,3.0,24.0,1.0,0.0,1.0,128.0,0.0,3.0,1.0,0
2123726,282.771,3.741600000000002,1.0,4.0,42.85,3.0,1.0,1.0,0.0,0.0,5.0,2.0,19.0,1.0,0.0,1.0,104.0,0.0,1.0,0.0,0
135449545,323.3960000000001,4.301200000000003,1.0,5.0,59.64,6.0,3.0,2.0,1.0,0.0,5.0,3.0,24.0,0.0,0.0,0.0,124.0,0.0,1.0,0.0,0
135449501,335.81600000000003,2.642800000000001,2.0,4.0,74.85,4.0,2.0,1.0,1.0,0.0,7.0,3.0,22.0,1.0,1.0,0.0,114.0,0.0,1.0,1.0,0
565132,256.26500000000004,1.4439,2.0,4.0,83.98,4.0,2.0,0.0,2.0,0.0,6.0,2.0,19.0,0.0,0.0,0.0,96.0,0.0,2.0,2.0,0
2168938,360.364,2.9564200000000014,1.0,5.0,68.52,6.0,3.0,1.0,2.0,0.0,8.0,3.0,26.0,0.0,0.0,0.0,136.0,0.0,2.0,1.0,0
3236588,309.4540000000001,2.6091,1.0,2.0,52.650000000000006,2.0,0.0,0.0,0.0,2.0,5.0,2.0,22.0,2.0,1.0,1.0,126.0,0.0,1.0,3.0,0
688071,250.29399999999995,2.48576,2.0,3.0,66.76,1.0,1.0,1.0,0.0,0.0,4.0,2.0,18.0,1.0,0.0,1.0,98.0,0.0,1.0,0.0,0
1251861,347.4400000000001,2.5094600000000007,1.0,4.0,79.37,4.0,2.0,1.0,1.0,0.0,7.0,2.0,24.0,0.0,0.0,0.0,128.0,0.0,1.0,1.0,0
121432297,395.46300000000014,3.2920000000000025,2.0,6.0,90.3,6.0,3.0,1.0,2.0,1.0,8.0,4.0,29.0,1.0,0.0,1.0,152.0,0.0,3.0,2.0,1
666213,401.5140000000003,4.903320000000004,0.0,6.0,65.6,5.0,4.0,1.0,3.0,0.0,6.0,5.0,30.0,1.0,1.0,0.0,154.0,0.0,3.0,0.0,0
118369890,364.4530000000001,3.046100000000001,3.0,4.0,85.94,4.0,3.0,1.0,2.0,0.0,7.0,4.0,27.0,1.0,0.0,1.0,140.0,0.0,3.0,2.0,1
5310847,436.5080000000002,2.7575200000000013,1.0,6.0,79.31,6.0,2.0,2.0,0.0,2.0,7.0,4.0,32.0,2.0,0.0,2.0,168.0,0.0,2.0,1.0,0
650771,364.44500000000016,4.096740000000003,1.0,3.0,62.4,5.0,3.0,2.0,1.0,0.0,5.0,3.0,27.0,0.0,0.0,0.0,140.0,0.0,1.0,1.0,0
1118369,351.40600000000006,2.972800000000001,0.0,6.0,54.370000000000005,5.0,2.0,2.0,0.0,0.0,6.0,4.0,26.0,2.0,0.0,2.0,134.0,0.0,2.0,0.0,0
2363075,373.8580000000003,2.0595000000000003,0.0,5.0,80.74999999999999,6.0,1.0,1.0,0.0,1.0,8.0,2.0,24.0,1.0,0.0,1.0,132.0,0.0,1.0,1.0,0
3233489,349.47800000000007,3.6000000000000023,0.0,3.0,36.440000000000005,3.0,2.0,1.0,1.0,2.0,4.0,4.0,26.0,2.0,0.0,2.0,136.0,1.0,3.0,1.0,0
647515,322.416,3.4126200000000013,1.0,6.0,58.35,3.0,3.0,1.0,2.0,1.0,6.0,4.0,24.0,1.0,0.0,1.0,124.0,0.0,3.0,0.0,0
2998965,416.52400000000006,3.5012200000000027,0.0,6.0,76.57000000000001,5.0,3.0,2.0,1.0,1.0,8.0,4.0,28.0,1.0,0.0,1.0,146.0,0.0,2.0,0.0,0
1517492,355.42300000000023,1.7664,0.0,7.0,73.14,4.0,3.0,2.0,1.0,1.0,8.0,4.0,25.0,1.0,0.0,1.0,128.0,0.0,2.0,1.0,0
714083,333.41700000000014,1.8218,1.0,7.0,81.93,6.0,2.0,1.0,1.0,1.0,8.0,3.0,23.0,1.0,1.0,0.0,122.0,0.0,1.0,1.0,0
3242939,268.36300000000006,1.8593,1.0,4.0,59.06,4.0,2.0,1.0,1.0,0.0,6.0,2.0,17.0,0.0,0.0,0.0,90.0,0.0,1.0,0.0,0
3363314,500.4560000000004,2.995700000000002,0.0,11.0,140.73000000000002,6.0,2.0,2.0,0.0,0.0,11.0,3.0,36.0,1.0,0.0,1.0,190.0,0.0,1.0,0.0,0
650580,404.8790000000001,3.3533000000000017,0.0,6.0,89.19000000000001,4.0,3.0,1.0,2.0,1.0,9.0,4.0,27.0,1.0,0.0,1.0,140.0,0.0,3.0,0.0,0
3243123,395.5280000000001,3.455140000000002,1.0,4.0,52.65,3.0,2.0,2.0,0.0,1.0,6.0,4.0,28.0,2.0,0.0,2.0,146.0,0.0,2.0,2.0,0
92044861,340.3870000000001,2.4847200000000003,3.0,5.0,104.82,5.0,3.0,0.0,3.0,0.0,8.0,3.0,25.0,0.0,0.0,0.0,130.0,0.0,3.0,2.0,1
3237230,341.3630000000001,2.698900000000001,1.0,4.0,76.07000000000001,4.0,2.0,2.0,0.0,0.0,6.0,3.0,25.0,1.0,0.0,1.0,130.0,0.0,1.0,1.0,0
3239583,373.412,3.613000000000002,0.0,5.0,68.34,6.0,4.0,2.0,2.0,0.0,6.0,4.0,28.0,0.0,0.0,0.0,140.0,0.0,2.0,1.0,0
138374466,408.5210000000001,3.3812200000000017,3.0,4.0,66.05,3.0,2.0,1.0,1.0,3.0,6.0,5.0,30.0,3.0,1.0,2.0,158.0,0.0,3.0,1.0,1
652101,386.42900000000014,1.1022999999999996,2.0,7.0,95.94,4.0,2.0,1.0,1.0,2.0,8.0,4.0,27.0,2.0,0.0,2.0,140.0,0.0,3.0,2.0,0
649298,326.3520000000001,3.406200000000001,2.0,4.0,76.66000000000001,5.0,2.0,2.0,0.0,0.0,6.0,3.0,24.0,1.0,0.0,1.0,124.0,0.0,1.0,2.0,0
798973,295.7660000000001,2.755300000000001,0.0,3.0,46.61,3.0,1.0,1.0,0.0,1.0,5.0,2.0,20.0,1.0,0.0,1.0,108.0,0.0,1.0,1.0,0
2998516,428.2720000000001,3.3062000000000014,2.0,6.0,110.53,7.0,2.0,0.0,2.0,0.0,10.0,2.0,28.0,0.0,0.0,0.0,150.0,0.0,2.0,2.0,0
665358,248.282,1.2388999999999994,1.0,3.0,58.64,3.0,1.0,1.0,0.0,0.0,5.0,2.0,18.0,1.0,0.0,1.0,96.0,0.0,1.0,2.0,0
682558,326.3960000000001,2.849120000000001,1.0,4.0,50.8,5.0,2.0,2.0,0.0,1.0,5.0,3.0,24.0,1.0,0.0,1.0,126.0,0.0,1.0,1.0,0
3233349,364.449,3.2418000000000022,1.0,3.0,65.54,2.0,2.0,1.0,1.0,2.0,6.0,4.0,27.0,2.0,0.0,2.0,140.0,1.0,3.0,3.0,0
652224,206.201,0.5751999999999993,1.0,4.0,64.23,1.0,2.0,1.0,1.0,0.0,5.0,2.0,15.0,0.0,0.0,0.0,78.0,0.0,1.0,0.0,0
2845758,297.782,2.963200000000002,1.0,4.0,49.77,4.0,1.0,1.0,0.0,1.0,5.0,2.0,20.0,1.0,0.0,1.0,110.0,0.0,1.0,0.0,0
1371146,418.50000000000017,2.5277200000000004,2.0,6.0,118.12,7.0,3.0,2.0,1.0,0.0,10.0,3.0,28.0,0.0,0.0,0.0,146.0,0.0,1.0,0.0,0
654283,327.36500000000007,2.8579000000000017,3.0,6.0,99.1,5.0,3.0,2.0,1.0,0.0,7.0,3.0,23.0,0.0,0.0,0.0,116.0,0.0,1.0,0.0,0
866267,309.347,0.1923200000000002,2.0,4.0,103.09999999999998,4.0,2.0,1.0,1.0,0.0,8.0,2.0,21.0,0.0,0.0,0.0,112.0,0.0,1.0,0.0,0
663712,268.288,2.1448,2.0,3.0,67.42999999999999,4.0,1.0,1.0,0.0,0.0,6.0,1.0,19.0,0.0,0.0,0.0,104.0,0.0,0.0,2.0,0
135420379,372.4240000000001,5.380500000000004,2.0,4.0,74.83,4.0,3.0,2.0,1.0,0.0,5.0,4.0,28.0,1.0,1.0,0.0,140.0,0.0,1.0,1.0,0
650946,445.57000000000033,4.218820000000004,1.0,9.0,99.0,6.0,3.0,0.0,3.0,1.0,10.0,4.0,30.0,1.0,1.0,0.0,158.0,0.0,3.0,1.0,0
2947662,284.294,3.156500000000001,1.0,5.0,55.88,2.0,3.0,1.0,2.0,0.0,6.0,4.0,21.0,1.0,0.0,1.0,106.0,0.0,3.0,0.0,0
118365414,347.32500000000005,3.127400000000001,3.0,4.0,91.93,4.0,3.0,1.0,2.0,0.0,9.0,3.0,25.0,0.0,0.0,0.0,130.0,0.0,2.0,2.0,1
667301,366.3770000000001,0.9936999999999993,2.0,6.0,114.18,7.0,3.0,2.0,1.0,0.0,8.0,3.0,27.0,0.0,0.0,0.0,138.0,0.0,1.0,1.0,0
645580,430.3420000000001,3.666800000000002,1.0,7.0,90.89,4.0,4.0,1.0,3.0,0.0,11.0,5.0,31.0,1.0,0.0,1.0,158.0,0.0,4.0,1.0,0
92044731,395.4670000000002,1.90652,4.0,6.0,119.06,4.0,3.0,0.0,3.0,1.0,9.0,4.0,29.0,1.0,0.0,1.0,152.0,0.0,4.0,2.0,1
654849,397.4350000000002,2.7848000000000006,1.0,8.0,100.39,9.0,3.0,2.0,1.0,0.0,9.0,3.0,29.0,0.0,0.0,0.0,152.0,0.0,1.0,1.0,0
135415504,483.8780000000002,3.3297000000000017,1.0,7.0,83.58,5.0,3.0,1.0,2.0,1.0,12.0,4.0,33.0,1.0,0.0,1.0,176.0,0.0,3.0,0.0,0
662769,341.47700000000015,4.349700000000004,1.0,6.0,77.25,7.0,1.0,0.0,1.0,0.0,7.0,1.0,23.0,0.0,0.0,0.0,130.0,0.0,1.0,1.0,0
2616131,384.45700000000016,4.136760000000003,0.0,7.0,66.49000000000001,5.0,3.0,1.0,2.0,0.0,7.0,4.0,27.0,1.0,0.0,1.0,140.0,0.0,3.0,0.0,0
16758188,750.9670000000008,3.521100000000005,7.0,11.0,195.6,6.0,0.0,0.0,0.0,6.0,12.0,7.0,53.0,7.0,5.0,2.0,302.0,0.0,2.0,0.0,1
730925,278.267,3.6635800000000014,1.0,4.0,79.17,3.0,3.0,1.0,2.0,0.0,5.0,3.0,21.0,0.0,0.0,0.0,102.0,0.0,2.0,1.0,0
3246470,294.26700000000005,-0.4690999999999992,3.0,6.0,122.09,1.0,2.0,0.0,2.0,2.0,9.0,4.0,21.0,2.0,0.0,2.0,112.0,0.0,4.0,0.0,0
665578,301.39,3.0549000000000017,0.0,4.0,59.23,4.0,2.0,1.0,1.0,0.0,5.0,2.0,22.0,0.0,0.0,0.0,118.0,0.0,1.0,1.0,0
3237193,292.379,2.298,0.0,4.0,55.57000000000001,1.0,1.0,0.0,1.0,1.0,5.0,3.0,21.0,2.0,1.0,1.0,116.0,0.0,2.0,1.0,0
49830549,321.3190000000001,3.3742,3.0,6.0,91.41,4.0,4.0,2.0,2.0,0.0,8.0,4.0,24.0,0.0,0.0,0.0,118.0,0.0,2.0,0.0,1
2092218,420.4870000000002,1.89476,0.0,6.0,97.13,5.0,2.0,1.0,1.0,1.0,9.0,3.0,29.0,1.0,0.0,1.0,156.0,0.0,2.0,1.0,0
1809552,272.348,3.227800000000001,2.0,4.0,42.52,7.0,2.0,2.0,0.0,0.0,4.0,2.0,20.0,0.0,0.0,0.0,106.0,0.0,0.0,0.0,0
5309393,378.806,4.136600000000003,0.0,3.0,32.78,3.0,2.0,2.0,0.0,2.0,7.0,4.0,26.0,2.0,0.0,2.0,136.0,0.0,2.0,1.0,0
1265381,408.4800000000003,1.1296,1.0,9.0,95.04,9.0,2.0,1.0,1.0,1.0,10.0,3.0,28.0,1.0,0.0,1.0,152.0,0.0,2.0,1.0,0
3238202,230.267,2.797720000000001,1.0,3.0,55.13,3.0,2.0,1.0,1.0,0.0,4.0,2.0,17.0,0.0,0.0,0.0,88.0,0.0,1.0,1.0,0
2062145,275.304,2.3735,1.0,4.0,60.7,7.0,2.0,1.0,1.0,0.0,5.0,2.0,20.0,0.0,0.0,0.0,106.0,0.0,1.0,1.0,0
602757,346.34200000000016,3.167400000000001,1.0,4.0,67.87,3.0,3.0,3.0,0.0,0.0,6.0,5.0,26.0,2.0,0.0,2.0,128.0,0.0,2.0,2.0,0
650148,418.5220000000002,4.906240000000004,1.0,5.0,75.02000000000001,4.0,4.0,2.0,2.0,0.0,7.0,5.0,30.0,1.0,0.0,1.0,152.0,0.0,3.0,1.0,0
3240683,313.40099999999995,3.347800000000001,2.0,4.0,66.89,4.0,2.0,1.0,1.0,1.0,5.0,3.0,23.0,1.0,1.0,0.0,122.0,0.0,1.0,0.0,0
2909894,402.4720000000003,2.5600200000000006,1.0,7.0,83.22,6.0,2.0,0.0,2.0,1.0,8.0,4.0,28.0,2.0,0.0,2.0,148.0,0.0,4.0,1.0,0
1267856,351.366,2.1555,1.0,7.0,99.0,6.0,3.0,2.0,1.0,0.0,8.0,3.0,26.0,0.0,0.0,0.0,132.0,0.0,1.0,1.0,0
3233588,413.48100000000017,4.058800000000002,1.0,7.0,81.92999999999999,7.0,4.0,2.0,2.0,1.0,7.0,5.0,31.0,1.0,1.0,0.0,156.0,0.0,2.0,0.0,0
1796510,129.15900000000002,0.0706,2.0,2.0,49.33,1.0,0.0,0.0,0.0,1.0,3.0,1.0,9.0,1.0,0.0,1.0,52.0,0.0,1.0,0.0,0
73505824,399.47,3.1671000000000014,2.0,5.0,79.38000000000001,4.0,2.0,1.0,1.0,1.0,8.0,4.0,29.0,2.0,0.0,2.0,154.0,0.0,3.0,2.0,1
135436872,457.5080000000002,1.3380000000000003,1.0,7.0,114.37,8.0,2.0,2.0,0.0,1.0,10.0,4.0,32.0,2.0,0.0,2.0,168.0,0.0,2.0,1.0,0
648546,317.3450000000001,0.6814999999999996,1.0,6.0,82.44999999999999,7.0,2.0,1.0,1.0,0.0,7.0,2.0,23.0,0.0,0.0,0.0,122.0,0.0,1.0,1.0,0
2925042,246.266,1.0438,1.0,4.0,72.63,2.0,1.0,1.0,0.0,1.0,5.0,3.0,18.0,2.0,0.0,2.0,94.0,0.0,2.0,2.0,0
648842,369.421,3.479800000000002,2.0,5.0,89.55,8.0,2.0,1.0,1.0,1.0,7.0,3.0,27.0,1.0,1.0,0.0,142.0,0.0,1.0,2.0,0
6604036,356.51000000000016,3.2536000000000023,0.0,3.0,32.78,4.0,1.0,1.0,0.0,3.0,4.0,4.0,26.0,3.0,1.0,2.0,142.0,1.0,2.0,1.0,0
68296,134.25,2.53909,0.0,3.0,0.0,0.0,1.0,0.0,1.0,0.0,3.0,1.0,6.0,0.0,0.0,0.0,32.0,0.0,1.0,0.0,0
2630279,403.4890000000002,2.8461,1.0,9.0,99.0,7.0,3.0,1.0,2.0,0.0,10.0,3.0,27.0,0.0,0.0,0.0,140.0,0.0,2.0,1.0,0
3244374,339.351,1.8283,1.0,6.0,86.36,6.0,3.0,1.0,2.0,0.0,7.0,3.0,25.0,0.0,0.0,0.0,128.0,0.0,2.0,1.0,0
3239500,230.223,1.3215,1.0,4.0,66.57,2.0,2.0,0.0,2.0,0.0,5.0,3.0,17.0,1.0,0.0,1.0,86.0,0.0,3.0,1.0,0
2997617,261.375,3.1841800000000013,0.0,5.0,49.57,2.0,2.0,0.0,2.0,0.0,5.0,3.0,17.0,1.0,1.0,0.0,86.0,0.0,2.0,0.0,0
977846,340.41200000000003,2.525540000000001,2.0,8.0,110.7,4.0,3.0,1.0,2.0,0.0,8.0,3.0,24.0,0.0,0.0,0.0,122.0,0.0,2.0,0.0,0
659849,283.375,3.5380200000000026,1.0,4.0,49.25,2.0,2.0,1.0,1.0,1.0,4.0,3.0,21.0,1.0,0.0,1.0,110.0,0.0,2.0,0.0,0
655143,339.4640000000001,3.765500000000003,0.0,4.0,56.99,3.0,2.0,1.0,1.0,1.0,5.0,3.0,24.0,1.0,0.0,1.0,124.0,0.0,2.0,1.0,0
1242260,375.4540000000002,2.4991000000000003,2.0,8.0,104.29,5.0,2.0,1.0,1.0,1.0,9.0,4.0,26.0,2.0,1.0,1.0,138.0,0.0,2.0,1.0,0
1201933,359.38200000000023,1.2543000000000002,0.0,5.0,87.22999999999999,3.0,1.0,1.0,0.0,2.0,8.0,3.0,26.0,2.0,0.0,2.0,138.0,0.0,2.0,4.0,0
2887247,303.358,2.37412,2.0,3.0,75.63,4.0,1.0,1.0,0.0,2.0,5.0,3.0,22.0,2.0,0.0,2.0,118.0,0.0,2.0,1.0,0
54676860,176.124,-1.4073999999999995,4.0,6.0,107.22,2.0,0.0,0.0,0.0,0.0,6.0,1.0,12.0,1.0,0.0,1.0,68.0,0.0,1.0,0.0,0
659981,291.303,2.2172,1.0,6.0,73.86000000000001,4.0,1.0,1.0,0.0,1.0,6.0,2.0,21.0,1.0,0.0,1.0,112.0,0.0,1.0,0.0,0
666207,362.36300000000017,1.7035,1.0,7.0,99.77,3.0,3.0,2.0,1.0,0.0,9.0,4.0,25.0,1.0,0.0,1.0,130.0,0.0,2.0,0.0,0
654254,422.5280000000003,2.2364,1.0,6.0,84.94000000000001,5.0,2.0,1.0,1.0,1.0,9.0,4.0,28.0,2.0,0.0,2.0,150.0,0.0,3.0,1.0,0
5309947,309.369,2.2662000000000004,0.0,4.0,47.24,1.0,3.0,1.0,2.0,1.0,5.0,4.0,23.0,1.0,0.0,1.0,118.0,0.0,3.0,1.0,0
3244263,499.99900000000025,2.0704,2.0,7.0,99.67,9.0,3.0,2.0,1.0,1.0,10.0,4.0,35.0,1.0,0.0,1.0,186.0,0.0,2.0,1.0,0
2297135,364.66700000000026,2.8301000000000007,0.0,4.0,30.930000000000003,7.0,1.0,1.0,0.0,1.0,6.0,2.0,20.0,1.0,0.0,1.0,112.0,0.0,1.0,0.0,0
2998238,364.5150000000002,2.8991000000000007,1.0,6.0,69.04,8.0,1.0,0.0,1.0,2.0,7.0,3.0,25.0,2.0,1.0,1.0,138.0,0.0,2.0,1.0,0
3238720,492.5070000000002,3.020700000000001,2.0,7.0,115.34,10.0,4.0,2.0,2.0,0.0,10.0,4.0,36.0,0.0,0.0,0.0,186.0,0.0,2.0,2.0,0
664863,426.5480000000002,4.1708000000000025,1.0,8.0,90.87,4.0,5.0,1.0,4.0,0.0,9.0,5.0,28.0,0.0,0.0,0.0,140.0,0.0,4.0,0.0,0
11870310,354.31100000000004,-0.6459000000000001,6.0,8.0,164.75,4.0,1.0,1.0,0.0,1.0,9.0,2.0,25.0,1.0,1.0,0.0,136.0,0.0,0.0,0.0,0
3238462,367.4270000000002,1.09582,1.0,8.0,99.52,8.0,2.0,0.0,2.0,0.0,9.0,2.0,25.0,0.0,0.0,0.0,136.0,0.0,2.0,1.0,0
2117728,443.48100000000017,3.1961600000000017,2.0,7.0,127.6,7.0,3.0,2.0,1.0,0.0,10.0,3.0,31.0,0.0,0.0,0.0,162.0,0.0,1.0,1.0,0
975566,329.38100000000003,2.2538,0.0,5.0,64.43,3.0,3.0,2.0,1.0,0.0,7.0,4.0,23.0,1.0,0.0,1.0,118.0,0.0,2.0,0.0,0
2201551,308.341,2.8584000000000014,1.0,5.0,76.88,4.0,3.0,2.0,1.0,0.0,6.0,3.0,23.0,0.0,0.0,0.0,116.0,0.0,1.0,1.0,0
20313,293.41,4.181200000000003,0.0,1.0,23.06,3.0,2.0,2.0,0.0,0.0,2.0,3.0,22.0,1.0,1.0,0.0,114.0,0.0,0.0,0.0,0
60198271,499.9780000000002,3.450800000000002,2.0,7.0,97.2,5.0,3.0,1.0,2.0,1.0,11.0,5.0,35.0,2.0,0.0,2.0,184.0,0.0,4.0,2.0,1
136915,209.201,0.6621999999999999,2.0,3.0,77.84,5.0,1.0,1.0,0.0,0.0,5.0,1.0,15.0,0.0,0.0,0.0,80.0,0.0,0.0,0.0,0
647334,498.58000000000027,4.361900000000003,1.0,7.0,97.56,10.0,3.0,2.0,1.0,1.0,10.0,4.0,35.0,1.0,1.0,0.0,184.0,0.0,1.0,2.0,0
2096951,321.3540000000001,2.848520000000001,0.0,7.0,78.63000000000001,5.0,2.0,0.0,2.0,0.0,7.0,2.0,22.0,0.0,0.0,0.0,116.0,0.0,2.0,0.0,0
531836,235.283,1.604,1.0,3.0,47.56,4.0,1.0,1.0,0.0,1.0,4.0,2.0,17.0,1.0,0.0,1.0,92.0,0.0,1.0,1.0,0
654902,292.81,2.356900000000001,1.0,3.0,26.71,1.0,1.0,1.0,0.0,4.0,4.0,5.0,20.0,4.0,0.0,4.0,108.0,0.0,4.0,0.0,0
3242827,245.28199999999995,1.70312,0.0,5.0,56.49,1.0,2.0,0.0,2.0,0.0,5.0,3.0,18.0,1.0,1.0,0.0,94.0,0.0,2.0,0.0,0
2160372,401.8750000000001,3.548900000000001,1.0,5.0,73.22,4.0,3.0,2.0,1.0,0.0,8.0,4.0,27.0,1.0,0.0,1.0,138.0,0.0,2.0,1.0,0
135449276,297.76300000000003,3.4920000000000018,1.0,5.0,58.89,3.0,1.0,1.0,0.0,0.0,6.0,2.0,19.0,1.0,0.0,1.0,100.0,0.0,1.0,0.0,0
2423307,456.5930000000003,3.3069200000000016,1.0,6.0,82.61,5.0,3.0,2.0,1.0,1.0,9.0,4.0,31.0,1.0,0.0,1.0,162.0,0.0,2.0,1.0,0
663760,276.21399999999994,2.3,3.0,2.0,78.43,3.0,1.0,1.0,0.0,0.0,8.0,1.0,19.0,0.0,0.0,0.0,104.0,0.0,0.0,2.0,0
665250,349.8210000000001,4.463200000000003,0.0,4.0,39.82,3.0,4.0,2.0,2.0,0.0,5.0,4.0,25.0,0.0,0.0,0.0,124.0,0.0,2.0,0.0,1
3236646,405.3690000000001,3.781300000000003,1.0,4.0,68.54,8.0,3.0,2.0,1.0,0.0,10.0,3.0,27.0,0.0,0.0,0.0,146.0,0.0,1.0,0.0,0
2997657,379.4090000000001,1.4188999999999992,0.0,7.0,91.37,8.0,1.0,1.0,0.0,1.0,8.0,2.0,27.0,1.0,0.0,1.0,148.0,0.0,1.0,1.0,0
3236621,408.5020000000002,2.8560000000000008,1.0,6.0,76.46000000000001,9.0,3.0,2.0,1.0,0.0,7.0,3.0,30.0,0.0,0.0,0.0,158.0,0.0,1.0,1.0,0
663103,311.41400000000004,2.9630400000000003,1.0,6.0,69.62,4.0,3.0,1.0,2.0,0.0,6.0,3.0,22.0,0.0,0.0,0.0,112.0,0.0,2.0,0.0,0
3246152,161.15699999999998,-0.490899999999999,3.0,3.0,100.62000000000002,4.0,0.0,0.0,0.0,0.0,5.0,0.0,11.0,0.0,0.0,0.0,64.0,0.0,0.0,0.0,0
3244536,469.5450000000001,4.242400000000004,1.0,7.0,73.55000000000001,6.0,4.0,2.0,2.0,1.0,8.0,6.0,35.0,2.0,0.0,2.0,178.0,0.0,4.0,1.0,0
649031,419.55300000000017,3.374900000000001,1.0,6.0,79.37,5.0,3.0,1.0,2.0,0.0,9.0,4.0,27.0,1.0,0.0,1.0,140.0,0.0,3.0,1.0,0
666448,379.4120000000001,3.307040000000001,1.0,5.0,79.98,4.0,3.0,2.0,1.0,0.0,6.0,4.0,28.0,1.0,0.0,1.0,144.0,0.0,2.0,1.0,0
3239201,340.3790000000001,3.5848600000000026,1.0,5.0,73.47,4.0,3.0,1.0,2.0,0.0,6.0,3.0,25.0,0.0,0.0,0.0,130.0,0.0,2.0,1.0,0
2999438,498.5570000000004,1.4726999999999992,0.0,7.0,118.13,8.0,2.0,2.0,0.0,1.0,10.0,4.0,35.0,2.0,0.0,2.0,184.0,0.0,2.0,3.0,0
3241616,457.4830000000003,1.4732,2.0,8.0,120.88,10.0,3.0,2.0,1.0,0.0,10.0,3.0,33.0,0.0,0.0,0.0,176.0,0.0,1.0,1.0,0
2199218,305.428,3.894800000000002,1.0,5.0,54.88,4.0,2.0,0.0,2.0,0.0,6.0,3.0,20.0,1.0,1.0,0.0,104.0,0.0,2.0,1.0,0
650684,356.40000000000015,0.3005000000000015,2.0,5.0,113.01,6.0,1.0,1.0,0.0,1.0,9.0,2.0,24.0,1.0,0.0,1.0,132.0,0.0,1.0,1.0,0
2951844,348.36200000000014,2.931400000000002,0.0,6.0,75.61000000000001,2.0,4.0,1.0,3.0,1.0,7.0,5.0,26.0,1.0,0.0,1.0,130.0,0.0,4.0,1.0,0
118404580,485.03200000000015,3.755700000000002,2.0,6.0,82.62,5.0,2.0,1.0,1.0,2.0,9.0,5.0,34.0,3.0,0.0,3.0,182.0,0.0,4.0,2.0,1
3238889,499.5450000000004,1.701,1.0,8.0,116.17,6.0,3.0,2.0,1.0,1.0,11.0,5.0,35.0,2.0,0.0,2.0,184.0,0.0,3.0,1.0,0
652485,487.56400000000025,3.321320000000002,1.0,8.0,119.04,8.0,4.0,1.0,3.0,0.0,10.0,4.0,36.0,0.0,0.0,0.0,186.0,0.0,3.0,2.0,0
647539,372.4920000000001,3.4466000000000028,0.0,6.0,50.080000000000005,5.0,2.0,1.0,1.0,2.0,7.0,4.0,27.0,2.0,1.0,1.0,146.0,0.0,2.0,0.0,0
2127766,351.4020000000001,3.832840000000002,0.0,5.0,59.75,4.0,3.0,2.0,1.0,0.0,5.0,3.0,26.0,0.0,0.0,0.0,134.0,0.0,1.0,0.0,0
3243533,419.54700000000025,1.9292199999999995,1.0,6.0,82.86,8.0,2.0,1.0,1.0,1.0,8.0,3.0,29.0,1.0,0.0,1.0,158.0,0.0,2.0,1.0,0
16758179,452.49400000000026,2.366800000000001,2.0,6.0,93.06,2.0,0.0,0.0,0.0,4.0,8.0,5.0,32.0,5.0,4.0,1.0,176.0,0.0,1.0,0.0,0
676149,330.36500000000007,3.6216200000000014,0.0,7.0,78.36,6.0,3.0,1.0,2.0,0.0,7.0,3.0,23.0,0.0,0.0,0.0,118.0,0.0,2.0,0.0,0
2941783,433.8950000000002,4.403900000000004,1.0,4.0,69.55000000000001,3.0,4.0,2.0,2.0,1.0,7.0,5.0,31.0,1.0,0.0,1.0,156.0,0.0,3.0,1.0,0
2967810,377.4660000000001,2.687000000000001,2.0,6.0,85.35000000000001,5.0,2.0,1.0,1.0,0.0,8.0,3.0,26.0,1.0,0.0,1.0,140.0,0.0,2.0,1.0,0
135418632,327.4280000000001,1.9212,2.0,5.0,64.92999999999999,5.0,1.0,1.0,0.0,1.0,5.0,3.0,24.0,2.0,1.0,1.0,128.0,0.0,1.0,0.0,0
834457,314.769,2.7386000000000017,2.0,3.0,72.19,4.0,2.0,2.0,0.0,0.0,7.0,2.0,20.0,0.0,0.0,0.0,106.0,0.0,0.0,0.0,0
645162,362.4550000000001,2.1038,1.0,6.0,84.42,8.0,2.0,1.0,1.0,0.0,8.0,2.0,25.0,0.0,0.0,0.0,134.0,0.0,1.0,2.0,0
3234428,414.5710000000001,3.762100000000003,0.0,4.0,49.85,5.0,2.0,2.0,0.0,2.0,6.0,4.0,29.0,2.0,0.0,2.0,156.0,1.0,2.0,0.0,0
3245252,311.7940000000001,1.6773,2.0,4.0,70.56,3.0,1.0,1.0,0.0,0.0,7.0,2.0,20.0,1.0,0.0,1.0,106.0,0.0,1.0,2.0,0
934679,324.20300000000003,2.969900000000001,1.0,4.0,54.88,4.0,2.0,0.0,2.0,0.0,6.0,2.0,18.0,0.0,0.0,0.0,92.0,0.0,2.0,1.0,0
967760,320.37000000000006,2.319,2.0,4.0,84.5,5.0,2.0,2.0,0.0,0.0,7.0,2.0,22.0,0.0,0.0,0.0,116.0,0.0,0.0,1.0,0
691328,330.29600000000005,1.9829,2.0,6.0,114.39,5.0,3.0,1.0,2.0,0.0,8.0,3.0,24.0,0.0,0.0,0.0,124.0,0.0,2.0,0.0,0
646328,251.28199999999995,1.6949,0.0,4.0,59.75,3.0,1.0,0.0,1.0,1.0,5.0,2.0,18.0,1.0,0.0,1.0,98.0,0.0,2.0,1.0,0
653365,385.3790000000001,2.8340000000000014,0.0,6.0,85.41000000000001,4.0,4.0,2.0,2.0,0.0,7.0,5.0,29.0,1.0,0.0,1.0,142.0,0.0,3.0,2.0,0
3238061,401.4660000000001,3.777700000000003,1.0,5.0,67.6,5.0,4.0,2.0,2.0,0.0,6.0,5.0,30.0,1.0,0.0,1.0,152.0,0.0,3.0,1.0,0
1072843,426.4690000000002,2.981300000000001,1.0,6.0,94.17000000000002,6.0,2.0,2.0,0.0,1.0,8.0,3.0,31.0,1.0,0.0,1.0,164.0,0.0,1.0,2.0,0
662751,343.4930000000001,4.573700000000004,1.0,6.0,77.25,8.0,1.0,0.0,1.0,0.0,7.0,1.0,23.0,0.0,0.0,0.0,132.0,0.0,1.0,1.0,0
2944710,290.36300000000006,1.5678999999999998,1.0,3.0,72.63,5.0,1.0,1.0,0.0,1.0,5.0,2.0,21.0,1.0,0.0,1.0,114.0,0.0,1.0,2.0,0
243414,172.191,1.3449799999999998,0.0,4.0,54.5,2.0,2.0,1.0,1.0,0.0,4.0,2.0,13.0,0.0,0.0,0.0,64.0,0.0,1.0,0.0,0
663679,264.288,3.1785400000000017,0.0,5.0,56.74,1.0,4.0,1.0,3.0,0.0,5.0,4.0,20.0,0.0,0.0,0.0,98.0,0.0,3.0,0.0,0
683944,261.302,2.4068000000000005,1.0,4.0,47.56,3.0,2.0,1.0,1.0,0.0,5.0,3.0,18.0,1.0,0.0,1.0,92.0,0.0,2.0,1.0,0
644594,323.348,2.5058000000000007,0.0,4.0,55.84,4.0,2.0,2.0,0.0,1.0,5.0,4.0,24.0,2.0,0.0,2.0,122.0,1.0,2.0,1.0,0
660656,306.41600000000005,3.160300000000002,0.0,7.0,56.22,1.0,3.0,0.0,3.0,0.0,7.0,4.0,20.0,1.0,0.0,1.0,104.0,0.0,4.0,0.0,0
3245407,212.296,2.8530200000000008,2.0,1.0,27.82,1.0,2.0,1.0,1.0,0.0,2.0,3.0,16.0,1.0,0.0,1.0,82.0,0.0,2.0,0.0,0
975633,308.42900000000003,4.295300000000004,1.0,4.0,33.09,5.0,3.0,2.0,1.0,0.0,4.0,3.0,23.0,0.0,0.0,0.0,120.0,0.0,1.0,0.0,0
2845811,257.761,1.9036000000000004,2.0,3.0,43.7,6.0,1.0,1.0,0.0,0.0,4.0,1.0,17.0,0.0,0.0,0.0,96.0,0.0,0.0,0.0,0
3133108,337.46000000000004,2.826900000000001,1.0,5.0,59.00000000000001,10.0,1.0,1.0,0.0,0.0,5.0,1.0,24.0,0.0,0.0,0.0,136.0,0.0,0.0,0.0,0
3233382,335.35400000000004,4.836000000000002,1.0,4.0,37.81,4.0,3.0,1.0,2.0,0.0,7.0,3.0,23.0,0.0,0.0,0.0,118.0,0.0,2.0,0.0,0
3241443,346.475,2.4376,3.0,4.0,73.47,10.0,1.0,1.0,0.0,0.0,6.0,2.0,25.0,1.0,0.0,1.0,138.0,0.0,1.0,2.0,0
3236294,452.5510000000002,4.209200000000004,0.0,5.0,68.31,6.0,2.0,2.0,0.0,2.0,7.0,4.0,33.0,2.0,0.0,2.0,176.0,0.0,2.0,2.0,0
5309922,456.6560000000004,4.388300000000004,0.0,6.0,48.91,5.0,2.0,1.0,1.0,3.0,7.0,5.0,32.0,3.0,1.0,2.0,174.0,0.0,3.0,1.0,0
1298211,389.47700000000015,2.4729,2.0,4.0,95.58,6.0,2.0,2.0,0.0,0.0,8.0,2.0,27.0,0.0,0.0,0.0,144.0,0.0,0.0,2.0,0
3233788,360.46400000000006,3.1887000000000008,2.0,6.0,83.98,6.0,3.0,1.0,2.0,0.0,8.0,3.0,24.0,0.0,0.0,0.0,124.0,0.0,2.0,0.0,0
115348,358.17900000000014,2.4597000000000007,2.0,2.0,54.12,4.0,2.0,1.0,1.0,0.0,5.0,2.0,18.0,0.0,0.0,0.0,96.0,0.0,1.0,1.0,0
1078655,392.452,3.261200000000001,1.0,4.0,75.71000000000001,5.0,2.0,2.0,0.0,1.0,8.0,3.0,27.0,1.0,0.0,1.0,144.0,0.0,1.0,1.0,0
122272,345.4240000000001,3.311440000000002,1.0,5.0,75.44,4.0,3.0,2.0,1.0,0.0,7.0,3.0,24.0,0.0,0.0,0.0,126.0,0.0,1.0,0.0,0
1643368,235.308,2.2854,0.0,4.0,29.54,3.0,1.0,1.0,0.0,0.0,4.0,2.0,16.0,1.0,0.0,1.0,84.0,0.0,1.0,0.0,0
653164,355.41900000000004,2.2,1.0,5.0,83.71000000000001,6.0,2.0,2.0,0.0,1.0,7.0,3.0,25.0,1.0,0.0,1.0,128.0,0.0,1.0,3.0,0
645898,392.4590000000003,3.522400000000002,1.0,6.0,80.36999999999999,5.0,3.0,2.0,1.0,1.0,7.0,4.0,29.0,1.0,0.0,1.0,150.0,0.0,2.0,1.0,0
2878682,279.723,2.3985000000000003,0.0,3.0,46.61000000000001,2.0,1.0,1.0,0.0,2.0,5.0,3.0,19.0,2.0,0.0,2.0,100.0,0.0,2.0,2.0,0
796653,236.292,3.5229000000000026,0.0,3.0,35.53,7.0,0.0,0.0,0.0,0.0,4.0,0.0,15.0,0.0,0.0,0.0,92.0,0.0,0.0,0.0,0
118365418,359.8170000000001,3.811020000000002,3.0,4.0,91.93,4.0,3.0,1.0,2.0,0.0,8.0,3.0,25.0,0.0,0.0,0.0,130.0,0.0,2.0,2.0,1
660037,237.73399999999995,2.8568000000000007,0.0,3.0,30.71,1.0,1.0,0.0,1.0,4.0,4.0,5.0,16.0,4.0,4.0,0.0,86.0,0.0,1.0,0.0,0
644525,414.5600000000001,3.727940000000002,1.0,8.0,85.59,8.0,3.0,1.0,2.0,0.0,9.0,3.0,28.0,0.0,0.0,0.0,146.0,0.0,2.0,1.0,0
16758853,380.53200000000027,4.526000000000004,0.0,4.0,34.59,6.0,2.0,1.0,1.0,0.0,4.0,4.0,28.0,2.0,0.0,2.0,150.0,0.0,3.0,0.0,0
3247247,559.6380000000005,3.4219000000000026,1.0,6.0,92.08,7.0,3.0,2.0,1.0,2.0,9.0,6.0,41.0,3.0,1.0,2.0,214.0,0.0,3.0,2.0,0
651374,326.44400000000013,3.715500000000002,1.0,3.0,50.16,2.0,2.0,1.0,1.0,2.0,5.0,4.0,24.0,2.0,1.0,1.0,128.0,0.0,2.0,2.0,0
447407,228.248,0.2197999999999996,3.0,4.0,109.32,3.0,1.0,0.0,1.0,0.0,6.0,1.0,16.0,0.0,0.0,0.0,90.0,0.0,1.0,0.0,0
3242016,355.82900000000006,3.049740000000001,2.0,5.0,85.83,4.0,3.0,2.0,1.0,0.0,7.0,3.0,25.0,0.0,0.0,0.0,128.0,0.0,1.0,1.0,0
2536158,356.85700000000014,3.4701400000000016,1.0,4.0,51.85,5.0,3.0,1.0,2.0,0.0,6.0,3.0,25.0,0.0,0.0,0.0,130.0,0.0,2.0,1.0,0
2968952,336.3950000000001,2.59854,3.0,4.0,82.59,3.0,2.0,2.0,0.0,0.0,6.0,3.0,25.0,1.0,0.0,1.0,128.0,0.0,1.0,2.0,0
2110867,303.31600000000003,3.381780000000002,0.0,5.0,56.49,2.0,3.0,0.0,3.0,0.0,7.0,3.0,22.0,0.0,0.0,0.0,114.0,0.0,3.0,0.0,0
648442,325.4300000000001,2.6148000000000007,1.0,5.0,64.63000000000001,7.0,1.0,0.0,1.0,1.0,6.0,2.0,22.0,1.0,0.0,1.0,122.0,0.0,2.0,1.0,0
659511,369.4610000000002,3.314000000000002,0.0,5.0,81.16999999999999,3.0,1.0,0.0,1.0,2.0,5.0,3.0,27.0,2.0,2.0,0.0,144.0,0.0,1.0,0.0,0
5307562,361.398,2.825420000000001,1.0,6.0,87.21,4.0,3.0,2.0,1.0,0.0,8.0,3.0,25.0,0.0,0.0,0.0,130.0,0.0,1.0,0.0,0
2997336,287.334,3.072400000000001,1.0,2.0,46.17,1.0,1.0,1.0,0.0,0.0,4.0,3.0,21.0,2.0,1.0,1.0,110.0,0.0,1.0,1.0,0
7748,167.002,0.9444,0.0,2.0,26.3,2.0,0.0,0.0,0.0,0.0,3.0,0.0,7.0,0.0,0.0,0.0,42.0,0.0,0.0,0.0,0
135417981,338.4110000000001,2.29082,2.0,5.0,71.94,5.0,3.0,1.0,2.0,1.0,6.0,4.0,25.0,1.0,0.0,1.0,130.0,0.0,3.0,0.0,0
654553,388.5220000000003,3.330980000000002,1.0,8.0,96.49,5.0,2.0,0.0,2.0,1.0,9.0,4.0,26.0,2.0,2.0,0.0,136.0,0.0,2.0,1.0,0
3242367,300.3140000000001,2.656900000000001,0.0,6.0,74.33000000000001,4.0,3.0,1.0,2.0,0.0,6.0,3.0,22.0,0.0,0.0,0.0,114.0,0.0,2.0,0.0,0
261491,152.23699999999997,2.2576,0.0,1.0,17.07,1.0,0.0,0.0,0.0,2.0,1.0,2.0,11.0,2.0,2.0,0.0,62.0,0.0,0.0,0.0,0
2536790,357.5300000000001,3.480000000000002,1.0,8.0,71.01,7.0,2.0,0.0,2.0,0.0,9.0,2.0,22.0,0.0,0.0,0.0,120.0,0.0,2.0,1.0,0
135439869,370.412,3.905800000000002,2.0,4.0,79.37,6.0,4.0,2.0,2.0,0.0,6.0,4.0,28.0,0.0,0.0,0.0,138.0,0.0,2.0,1.0,1
662887,469.9540000000002,4.682620000000003,1.0,8.0,95.07,8.0,4.0,1.0,3.0,0.0,10.0,4.0,32.0,0.0,0.0,0.0,164.0,0.0,3.0,1.0,0
2991881,414.43100000000015,4.497600000000005,0.0,5.0,41.49,4.0,3.0,2.0,1.0,1.0,8.0,4.0,30.0,1.0,0.0,1.0,156.0,0.0,2.0,0.0,0
866388,291.4200000000001,2.7909900000000007,1.0,4.0,41.03,6.0,2.0,1.0,1.0,0.0,5.0,2.0,20.0,0.0,0.0,0.0,108.0,0.0,1.0,0.0,0
654810,468.6080000000002,4.644060000000004,2.0,9.0,97.87,9.0,4.0,1.0,3.0,0.0,10.0,4.0,32.0,0.0,0.0,0.0,166.0,0.0,3.0,1.0,0
778164,309.321,3.8664400000000025,0.0,5.0,69.4,3.0,3.0,2.0,1.0,0.0,5.0,3.0,23.0,0.0,0.0,0.0,116.0,0.0,1.0,0.0,0
5459415,304.3930000000001,4.111000000000003,0.0,3.0,34.89,2.0,3.0,1.0,2.0,0.0,3.0,4.0,23.0,1.0,0.0,1.0,116.0,0.0,3.0,0.0,0
3238683,296.37000000000006,3.9486000000000026,1.0,2.0,49.41,5.0,2.0,2.0,0.0,0.0,4.0,3.0,22.0,1.0,0.0,1.0,114.0,0.0,1.0,2.0,0
1232708,364.4050000000001,1.4165,0.0,5.0,73.82000000000001,4.0,2.0,1.0,1.0,1.0,7.0,4.0,27.0,2.0,0.0,2.0,138.0,0.0,3.0,3.0,0
16637,113.15999999999998,0.6969999999999998,1.0,1.0,29.1,2.0,0.0,0.0,0.0,0.0,2.0,0.0,8.0,0.0,0.0,0.0,46.0,0.0,0.0,1.0,0
3245005,246.291,1.79,1.0,4.0,53.43,2.0,2.0,0.0,2.0,0.0,5.0,3.0,17.0,1.0,0.0,1.0,86.0,0.0,3.0,1.0,0
2997526,324.4240000000001,4.350600000000003,1.0,3.0,41.57000000000001,5.0,2.0,2.0,0.0,1.0,4.0,3.0,24.0,1.0,0.0,1.0,126.0,0.0,1.0,1.0,0
16759303,414.7180000000003,8.02480000000001,1.0,1.0,20.23,6.0,0.0,0.0,0.0,3.0,1.0,4.0,30.0,4.0,4.0,0.0,172.0,0.0,0.0,0.0,0
3241332,450.5640000000002,3.878800000000002,1.0,5.0,82.61,8.0,3.0,2.0,1.0,0.0,8.0,4.0,32.0,1.0,0.0,1.0,166.0,0.0,2.0,1.0,0
662547,387.3240000000001,3.0215000000000014,0.0,4.0,40.620000000000005,3.0,2.0,1.0,1.0,1.0,7.0,3.0,21.0,1.0,0.0,1.0,112.0,0.0,2.0,0.0,0
663489,304.3900000000001,2.6564000000000005,2.0,2.0,69.64,5.0,1.0,1.0,0.0,1.0,5.0,2.0,22.0,1.0,0.0,1.0,120.0,0.0,1.0,2.0,0
3243162,310.3750000000001,1.5093,1.0,5.0,79.72999999999999,5.0,1.0,0.0,1.0,1.0,7.0,2.0,21.0,1.0,0.0,1.0,114.0,0.0,2.0,1.0,0
650456,472.5480000000002,2.5754,3.0,6.0,134.32999999999998,8.0,3.0,2.0,1.0,1.0,11.0,4.0,32.0,1.0,1.0,0.0,166.0,0.0,1.0,1.0,0
3236892,356.447,2.7371000000000008,0.0,3.0,57.690000000000005,3.0,2.0,2.0,0.0,0.0,6.0,4.0,25.0,2.0,0.0,2.0,130.0,0.0,2.0,1.0,0
651350,314.3010000000001,1.4584999999999997,2.0,6.0,102.44,3.0,2.0,1.0,1.0,0.0,8.0,3.0,23.0,1.0,0.0,1.0,118.0,0.0,2.0,2.0,0
3245470,409.93900000000014,2.1225000000000005,1.0,6.0,63.57000000000001,7.0,2.0,1.0,1.0,1.0,8.0,3.0,27.0,1.0,0.0,1.0,146.0,0.0,2.0,1.0,0
2948619,303.314,1.7104,1.0,5.0,77.77,4.0,2.0,1.0,1.0,1.0,6.0,3.0,22.0,1.0,0.0,1.0,116.0,0.0,2.0,1.0,0
3245689,320.3450000000001,2.1235,1.0,6.0,82.82000000000001,7.0,2.0,1.0,1.0,0.0,7.0,2.0,23.0,0.0,0.0,0.0,124.0,0.0,1.0,1.0,0
54676404,289.331,2.6839000000000004,1.0,5.0,68.53,5.0,2.0,1.0,1.0,0.0,5.0,2.0,21.0,0.0,0.0,0.0,112.0,0.0,1.0,0.0,0
663467,304.375,2.4579000000000004,2.0,5.0,83.98,6.0,2.0,1.0,1.0,0.0,7.0,2.0,21.0,0.0,0.0,0.0,110.0,0.0,1.0,2.0,0
3245347,269.348,2.9201000000000006,1.0,3.0,54.88,5.0,2.0,1.0,1.0,0.0,4.0,2.0,20.0,0.0,0.0,0.0,104.0,0.0,1.0,1.0,0
16757682,494.5310000000002,2.937600000000001,1.0,7.0,99.13,3.0,0.0,0.0,0.0,4.0,9.0,5.0,35.0,5.0,4.0,1.0,192.0,0.0,1.0,0.0,0
6603972,382.40000000000026,1.5658999999999998,1.0,8.0,106.72,4.0,3.0,1.0,2.0,0.0,9.0,4.0,28.0,1.0,0.0,1.0,144.0,0.0,3.0,1.0,0
645362,158.23000000000002,1.0919,1.0,4.0,54.46,4.0,1.0,0.0,1.0,0.0,5.0,1.0,10.0,0.0,0.0,0.0,56.0,0.0,1.0,0.0,0
662702,453.95500000000015,4.982440000000004,1.0,7.0,85.84000000000002,7.0,4.0,1.0,3.0,0.0,9.0,4.0,31.0,0.0,0.0,0.0,158.0,0.0,3.0,1.0,0
654989,249.339,2.3586400000000003,1.0,5.0,61.03,4.0,2.0,1.0,1.0,0.0,5.0,2.0,17.0,0.0,0.0,0.0,90.0,0.0,1.0,0.0,0
654719,422.5330000000002,2.2698,0.0,8.0,68.54,8.0,3.0,2.0,1.0,1.0,8.0,4.0,31.0,1.0,0.0,1.0,164.0,0.0,2.0,0.0,0
3239523,395.8900000000001,3.312120000000002,0.0,4.0,45.55,3.0,3.0,2.0,1.0,1.0,6.0,4.0,28.0,1.0,0.0,1.0,144.0,0.0,2.0,1.0,0
92044679,446.44600000000014,3.315900000000002,3.0,7.0,122.12,6.0,5.0,1.0,4.0,0.0,11.0,5.0,33.0,0.0,0.0,0.0,166.0,0.0,4.0,2.0,1
397588,246.31,2.379880000000001,1.0,4.0,76.11000000000001,1.0,0.0,0.0,0.0,0.0,4.0,2.0,18.0,2.0,1.0,1.0,96.0,0.0,1.0,0.0,0
3243863,324.33600000000007,3.611100000000001,1.0,5.0,73.59,5.0,3.0,2.0,1.0,0.0,6.0,3.0,24.0,0.0,0.0,0.0,122.0,0.0,1.0,1.0,0
2922170,284.31100000000004,3.216300000000002,1.0,3.0,55.760000000000005,5.0,2.0,2.0,0.0,0.0,4.0,3.0,21.0,1.0,0.0,1.0,108.0,0.0,1.0,0.0,0
2936288,356.42200000000025,2.5241000000000007,1.0,4.0,75.71000000000001,4.0,1.0,1.0,0.0,2.0,6.0,4.0,26.0,3.0,1.0,2.0,138.0,0.0,2.0,3.0,0
2997546,441.5160000000001,5.285200000000004,0.0,8.0,78.86,7.0,5.0,3.0,2.0,0.0,8.0,5.0,32.0,0.0,0.0,0.0,158.0,0.0,2.0,0.0,0
2123690,446.97800000000007,3.836300000000002,1.0,7.0,77.1,8.0,2.0,1.0,1.0,1.0,10.0,3.0,28.0,1.0,0.0,1.0,154.0,0.0,2.0,0.0,0
2039682,418.5220000000001,3.852900000000004,1.0,5.0,67.23,5.0,4.0,3.0,1.0,0.0,7.0,5.0,30.0,1.0,0.0,1.0,152.0,0.0,2.0,0.0,0
3245493,473.5920000000005,0.5838000000000032,0.0,7.0,105.69,5.0,0.0,0.0,0.0,4.0,11.0,4.0,32.0,4.0,0.0,4.0,182.0,1.0,4.0,1.0,0
121416540,469.5930000000003,4.198520000000004,2.0,6.0,87.97000000000001,7.0,4.0,1.0,3.0,1.0,8.0,5.0,35.0,1.0,0.0,1.0,180.0,0.0,4.0,2.0,1
12308,138.992,0.7637,1.0,1.0,20.23,2.0,0.0,0.0,0.0,0.0,2.0,0.0,5.0,0.0,0.0,0.0,32.0,0.0,0.0,0.0,0
9568632,388.0630000000001,3.310740000000002,0.0,5.0,52.3,3.0,2.0,1.0,1.0,0.0,7.0,2.0,19.0,0.0,0.0,0.0,100.0,0.0,1.0,0.0,0
1083469,354.4530000000001,2.0204,2.0,4.0,92.34,6.0,2.0,2.0,0.0,0.0,8.0,2.0,23.0,0.0,0.0,0.0,124.0,0.0,0.0,0.0,0
652322,379.4200000000002,1.5752199999999994,1.0,7.0,89.35,4.0,3.0,1.0,2.0,1.0,8.0,4.0,28.0,1.0,0.0,1.0,144.0,0.0,3.0,1.0,0
2051278,364.42700000000025,2.1950200000000004,1.0,6.0,105.4,4.0,2.0,1.0,1.0,1.0,9.0,3.0,25.0,1.0,0.0,1.0,134.0,0.0,2.0,1.0,0
3234643,313.401,1.62908,0.0,4.0,56.57,4.0,1.0,1.0,0.0,2.0,5.0,3.0,23.0,2.0,0.0,2.0,122.0,1.0,2.0,1.0,0
645584,326.38100000000003,2.565100000000001,1.0,6.0,80.9,6.0,3.0,1.0,2.0,0.0,7.0,3.0,23.0,0.0,0.0,0.0,116.0,0.0,2.0,0.0,0
226266,230.241,0.7849200000000001,1.0,4.0,80.67,4.0,1.0,1.0,0.0,0.0,6.0,1.0,15.0,0.0,0.0,0.0,82.0,0.0,0.0,0.0,0
3242873,446.5320000000002,3.941300000000002,1.0,7.0,70.31,8.0,4.0,2.0,2.0,0.0,8.0,5.0,32.0,1.0,0.0,1.0,162.0,0.0,3.0,1.0,0
650825,310.397,3.937800000000003,1.0,3.0,41.57,5.0,2.0,2.0,0.0,1.0,4.0,3.0,23.0,1.0,0.0,1.0,120.0,0.0,1.0,1.0,0
3241471,398.21600000000007,3.1332000000000013,1.0,5.0,76.61000000000001,3.0,4.0,1.0,3.0,0.0,7.0,4.0,25.0,0.0,0.0,0.0,124.0,0.0,3.0,1.0,0
3239742,288.372,2.2633,1.0,4.0,41.57,4.0,2.0,1.0,1.0,0.0,5.0,3.0,20.0,1.0,0.0,1.0,104.0,0.0,2.0,1.0,0
3239442,400.4750000000002,3.244340000000001,2.0,4.0,99.7,10.0,2.0,1.0,1.0,0.0,7.0,2.0,29.0,0.0,0.0,0.0,156.0,0.0,1.0,1.0,0
2121660,360.3660000000001,3.1430000000000007,2.0,6.0,95.12000000000002,6.0,2.0,2.0,0.0,0.0,8.0,2.0,26.0,0.0,0.0,0.0,138.0,0.0,0.0,2.0,0
3243490,338.3190000000001,2.008,2.0,4.0,103.78,4.0,2.0,2.0,0.0,0.0,7.0,3.0,25.0,1.0,0.0,1.0,126.0,0.0,1.0,3.0,0
2997750,363.4830000000002,2.439800000000001,1.0,6.0,73.22,9.0,2.0,1.0,1.0,0.0,7.0,2.0,25.0,0.0,0.0,0.0,136.0,0.0,1.0,1.0,0
71247534,486.51100000000014,3.507500000000002,2.0,9.0,111.78,7.0,5.0,2.0,3.0,0.0,11.0,5.0,36.0,0.0,0.0,0.0,182.0,0.0,3.0,1.0,1
2217865,286.35300000000007,0.8243999999999999,2.0,4.0,84.5,7.0,1.0,1.0,0.0,0.0,7.0,1.0,19.0,0.0,0.0,0.0,106.0,0.0,0.0,1.0,0
3243133,461.95300000000015,3.0531000000000006,1.0,6.0,69.95000000000002,5.0,4.0,2.0,2.0,1.0,8.0,5.0,33.0,1.0,0.0,1.0,168.0,0.0,3.0,1.0,0
92044785,352.3980000000001,2.628820000000001,3.0,5.0,104.82,3.0,3.0,0.0,3.0,1.0,8.0,4.0,26.0,1.0,0.0,1.0,134.0,0.0,4.0,2.0,1
54677783,454.4780000000002,5.614200000000007,2.0,6.0,100.88,4.0,5.0,3.0,2.0,0.0,6.0,5.0,34.0,0.0,0.0,0.0,170.0,0.0,2.0,0.0,0
748263,238.29,3.3072000000000017,0.0,3.0,27.05,3.0,3.0,2.0,1.0,0.0,3.0,3.0,18.0,0.0,0.0,0.0,90.0,0.0,1.0,0.0,0
827422,213.664,1.3827999999999998,1.0,3.0,52.32,3.0,1.0,1.0,0.0,0.0,4.0,1.0,14.0,0.0,0.0,0.0,76.0,0.0,0.0,0.0,0
5739885,281.739,2.830440000000001,1.0,4.0,53.68,2.0,2.0,1.0,1.0,0.0,5.0,2.0,19.0,0.0,0.0,0.0,102.0,0.0,1.0,0.0,0
3239158,288.34700000000004,1.7776199999999998,1.0,3.0,58.64,4.0,1.0,1.0,0.0,1.0,5.0,3.0,21.0,2.0,1.0,1.0,112.0,0.0,1.0,2.0,0
1897076,282.34000000000003,0.7795999999999998,0.0,6.0,59.08000000000001,6.0,0.0,0.0,0.0,0.0,6.0,0.0,20.0,0.0,0.0,0.0,112.0,0.0,0.0,0.0,0
5389697,301.41200000000003,3.547500000000002,1.0,6.0,77.25,6.0,1.0,0.0,1.0,0.0,7.0,1.0,20.0,0.0,0.0,0.0,114.0,0.0,1.0,1.0,0
645063,380.448,3.588420000000002,3.0,3.0,90.54,4.0,2.0,2.0,0.0,1.0,7.0,3.0,28.0,1.0,0.0,1.0,146.0,0.0,1.0,4.0,0
659469,293.319,1.7984199999999997,2.0,6.0,80.92,6.0,2.0,1.0,1.0,0.0,6.0,2.0,21.0,0.0,0.0,0.0,114.0,0.0,1.0,0.0,0
3235745,300.38700000000006,3.284880000000001,2.0,6.0,87.87,1.0,2.0,0.0,2.0,0.0,6.0,3.0,21.0,1.0,0.0,1.0,108.0,0.0,3.0,0.0,0
5307997,448.34600000000006,4.588300000000004,1.0,7.0,84.15,4.0,3.0,1.0,2.0,1.0,9.0,4.0,27.0,1.0,0.0,1.0,140.0,0.0,3.0,1.0,0
73250,352.3980000000001,1.4019999999999997,2.0,6.0,101.36,5.0,4.0,1.0,3.0,0.0,8.0,4.0,26.0,0.0,0.0,0.0,134.0,0.0,3.0,0.0,0
651441,315.3730000000001,1.9469,2.0,4.0,88.16,4.0,1.0,0.0,1.0,2.0,6.0,3.0,23.0,2.0,1.0,1.0,122.0,0.0,2.0,4.0,0
1094863,319.31500000000005,2.1089,1.0,4.0,61.36000000000001,2.0,2.0,1.0,1.0,1.0,8.0,3.0,23.0,1.0,0.0,1.0,120.0,0.0,2.0,2.0,0
3000065,399.4470000000003,2.189,2.0,5.0,96.97,6.0,1.0,1.0,0.0,1.0,8.0,4.0,29.0,3.0,1.0,2.0,154.0,0.0,2.0,4.0,0
2998696,421.48200000000014,1.9801,1.0,9.0,104.91,5.0,4.0,2.0,2.0,0.0,9.0,4.0,30.0,0.0,0.0,0.0,152.0,0.0,2.0,0.0,0
2928086,299.4030000000001,2.878700000000001,1.0,6.0,55.63,5.0,3.0,0.0,3.0,0.0,6.0,4.0,21.0,1.0,1.0,0.0,108.0,0.0,3.0,0.0,0
2864438,293.754,2.65212,1.0,5.0,70.14,4.0,2.0,1.0,1.0,0.0,6.0,2.0,20.0,0.0,0.0,0.0,106.0,0.0,1.0,0.0,0
3233409,337.427,2.3944,0.0,5.0,62.220000000000006,2.0,2.0,0.0,2.0,2.0,6.0,4.0,25.0,2.0,0.0,2.0,130.0,1.0,4.0,1.0,0
1246606,331.116,3.5844400000000016,1.0,3.0,55.13,2.0,2.0,1.0,1.0,0.0,7.0,2.0,19.0,0.0,0.0,0.0,100.0,0.0,1.0,1.0,0
666314,446.5550000000002,1.7727,0.0,8.0,68.3,5.0,4.0,2.0,2.0,1.0,8.0,5.0,33.0,1.0,0.0,1.0,172.0,0.0,3.0,0.0,0
3239784,420.5310000000003,2.15512,1.0,6.0,88.85000000000001,9.0,2.0,1.0,1.0,1.0,8.0,3.0,29.0,1.0,0.0,1.0,158.0,0.0,2.0,1.0,0
5307765,406.46400000000006,1.6258,2.0,6.0,121.46,6.0,2.0,1.0,1.0,1.0,10.0,3.0,28.0,1.0,0.0,1.0,150.0,0.0,2.0,1.0,0
665420,436.47200000000015,1.1787199999999995,3.0,9.0,127.06,8.0,4.0,1.0,3.0,0.0,10.0,4.0,32.0,0.0,0.0,0.0,166.0,0.0,3.0,0.0,0
1014082,478.9140000000002,2.9655000000000014,2.0,8.0,128.74,9.0,3.0,2.0,1.0,0.0,12.0,3.0,32.0,0.0,0.0,0.0,168.0,0.0,1.0,1.0,0
659289,320.4370000000002,1.1546800000000002,2.0,5.0,77.39,6.0,0.0,0.0,0.0,2.0,6.0,2.0,23.0,2.0,1.0,1.0,128.0,0.0,1.0,1.0,0
7812,127.574,1.9222,1.0,1.0,26.02,0.0,1.0,1.0,0.0,0.0,2.0,1.0,8.0,0.0,0.0,0.0,42.0,0.0,0.0,0.0,0
1093320,355.4600000000001,0.4798000000000006,0.0,5.0,70.16,6.0,1.0,1.0,0.0,1.0,8.0,2.0,24.0,1.0,0.0,1.0,134.0,0.0,1.0,1.0,0
6604389,588.5620000000004,1.3385999999999991,3.0,13.0,160.83,5.0,2.0,2.0,0.0,3.0,13.0,7.0,42.0,5.0,1.0,4.0,226.0,0.0,4.0,0.0,0
16759271,299.367,0.2842999999999998,2.0,6.0,79.23,5.0,0.0,0.0,0.0,1.0,6.0,2.0,21.0,2.0,0.0,2.0,120.0,0.0,2.0,0.0,0
663390,427.4640000000002,3.773220000000002,0.0,8.0,84.06,3.0,5.0,2.0,3.0,0.0,8.0,6.0,32.0,1.0,0.0,1.0,160.0,0.0,4.0,0.0,0
660190,492.5570000000003,3.696080000000002,1.0,10.0,140.47999999999996,8.0,2.0,1.0,1.0,0.0,10.0,3.0,35.0,1.0,0.0,1.0,180.0,0.0,2.0,0.0,0
2606735,336.4130000000001,2.3183,2.0,5.0,76.66,4.0,1.0,1.0,0.0,1.0,7.0,3.0,23.0,2.0,1.0,1.0,124.0,0.0,1.0,3.0,0
2068299,267.375,3.111300000000001,1.0,3.0,46.17,4.0,2.0,1.0,1.0,0.0,5.0,2.0,17.0,0.0,0.0,0.0,90.0,0.0,1.0,0.0,0
1319487,362.4070000000001,2.1213,1.0,5.0,92.78,5.0,2.0,2.0,0.0,0.0,8.0,2.0,25.0,0.0,0.0,0.0,132.0,0.0,0.0,1.0,0
645192,302.311,1.4117799999999998,2.0,7.0,109.48000000000002,2.0,2.0,0.0,2.0,0.0,7.0,3.0,21.0,1.0,0.0,1.0,106.0,0.0,3.0,0.0,0
661226,357.2480000000001,2.4413,2.0,4.0,71.34,2.0,1.0,0.0,1.0,1.0,6.0,2.0,21.0,1.0,0.0,1.0,116.0,0.0,2.0,1.0,1
3234272,333.4390000000001,2.772400000000001,1.0,5.0,44.290000000000006,3.0,3.0,2.0,1.0,1.0,5.0,4.0,25.0,1.0,0.0,1.0,128.0,0.0,2.0,0.0,0
3242804,459.4950000000002,3.795900000000003,1.0,6.0,94.84,7.0,3.0,2.0,1.0,0.0,9.0,4.0,32.0,1.0,0.0,1.0,168.0,0.0,2.0,1.0,0
11948954,502.57100000000025,3.5977000000000023,1.0,6.0,112.14,5.0,2.0,1.0,1.0,3.0,9.0,6.0,37.0,4.0,1.0,3.0,192.0,0.0,4.0,4.0,0
654297,420.5610000000002,3.639400000000003,0.0,7.0,59.31,8.0,3.0,2.0,1.0,1.0,7.0,4.0,31.0,1.0,0.0,1.0,164.0,0.0,2.0,0.0,0
5308594,459.5240000000002,3.532740000000002,1.0,7.0,110.97,9.0,3.0,2.0,1.0,0.0,10.0,3.0,32.0,0.0,0.0,0.0,170.0,0.0,1.0,1.0,0
3245532,272.348,2.21364,2.0,2.0,61.96,4.0,2.0,1.0,1.0,0.0,4.0,2.0,20.0,0.0,0.0,0.0,106.0,0.0,1.0,1.0,0
3241733,446.3670000000003,1.3587,1.0,5.0,78.95,6.0,1.0,1.0,0.0,1.0,9.0,3.0,26.0,2.0,0.0,2.0,144.0,0.0,2.0,1.0,0
2966431,258.199,1.8347,2.0,2.0,58.2,1.0,1.0,1.0,0.0,0.0,7.0,2.0,18.0,1.0,0.0,1.0,96.0,0.0,1.0,2.0,0
2959664,299.34800000000007,1.1505200000000002,2.0,4.0,92.7,5.0,1.0,1.0,0.0,1.0,7.0,2.0,20.0,1.0,0.0,1.0,110.0,0.0,1.0,0.0,0
3239152,401.5070000000004,2.6485000000000003,2.0,4.0,91.65,6.0,1.0,0.0,1.0,3.0,7.0,4.0,29.0,3.0,2.0,1.0,158.0,0.0,2.0,3.0,0
655886,324.3040000000001,0.7383199999999998,0.0,10.0,112.98,3.0,4.0,1.0,3.0,0.0,10.0,4.0,24.0,0.0,0.0,0.0,120.0,0.0,3.0,0.0,0
3234034,310.401,2.1627,0.0,4.0,41.370000000000005,2.0,2.0,0.0,2.0,2.0,5.0,4.0,23.0,2.0,0.0,2.0,120.0,1.0,4.0,1.0,0
1289222,362.4070000000001,2.4871000000000008,2.0,5.0,101.57,6.0,2.0,2.0,0.0,0.0,8.0,2.0,25.0,0.0,0.0,0.0,132.0,0.0,0.0,1.0,0
655129,285.321,1.4601,2.0,5.0,84.86,7.0,1.0,1.0,0.0,0.0,7.0,1.0,19.0,0.0,0.0,0.0,104.0,0.0,0.0,1.0,0
649146,491.5480000000002,3.3362000000000016,1.0,8.0,111.72,10.0,4.0,2.0,2.0,0.0,10.0,4.0,36.0,0.0,0.0,0.0,188.0,0.0,2.0,2.0,0
2210509,238.32,0.6192799999999998,0.0,7.0,68.94,4.0,1.0,0.0,1.0,0.0,7.0,1.0,16.0,0.0,0.0,0.0,86.0,0.0,1.0,0.0,0
579006,327.319,2.1265,1.0,6.0,81.92999999999999,5.0,3.0,2.0,1.0,0.0,8.0,3.0,24.0,0.0,0.0,0.0,122.0,0.0,1.0,1.0,0
3237717,320.345,1.0555999999999996,0.0,6.0,69.59,4.0,1.0,1.0,0.0,1.0,7.0,3.0,23.0,2.0,0.0,2.0,124.0,0.0,2.0,1.0,0
2979011,300.24000000000007,2.3334200000000003,0.0,5.0,64.16,1.0,2.0,0.0,2.0,0.0,9.0,3.0,21.0,1.0,0.0,1.0,112.0,0.0,3.0,1.0,0
3237888,208.221,-0.0160000000000004,1.0,6.0,90.99,4.0,1.0,0.0,1.0,1.0,6.0,2.0,15.0,1.0,1.0,0.0,80.0,0.0,1.0,0.0,0
3242283,321.427,2.491140000000001,1.0,5.0,63.47,4.0,3.0,1.0,2.0,0.0,7.0,3.0,21.0,0.0,0.0,0.0,110.0,0.0,2.0,0.0,0
2586417,445.5260000000002,3.238100000000002,2.0,9.0,107.37,6.0,3.0,1.0,2.0,0.0,11.0,4.0,30.0,1.0,0.0,1.0,156.0,0.0,3.0,3.0,0
2998876,417.328,5.323600000000004,0.0,4.0,46.34,6.0,3.0,1.0,2.0,0.0,6.0,3.0,25.0,0.0,0.0,0.0,128.0,0.0,2.0,1.0,0
2053885,239.334,3.3728000000000025,1.0,2.0,21.26,6.0,1.0,1.0,0.0,0.0,3.0,1.0,17.0,0.0,0.0,0.0,96.0,0.0,0.0,0.0,0
3241730,372.4210000000001,2.2207,1.0,5.0,88.84,5.0,2.0,1.0,1.0,1.0,7.0,3.0,27.0,1.0,0.0,1.0,144.0,0.0,2.0,1.0,0
2999361,415.4670000000002,2.1129,0.0,6.0,89.97999999999999,4.0,2.0,2.0,0.0,1.0,8.0,4.0,29.0,2.0,0.0,2.0,152.0,0.0,2.0,1.0,0
1258994,407.49900000000014,3.1019200000000016,1.0,7.0,73.85,5.0,4.0,2.0,2.0,0.0,8.0,4.0,29.0,0.0,0.0,0.0,148.0,0.0,2.0,1.0,0
2724564,150.232,-1.4322,4.0,2.0,76.1,0.0,0.0,0.0,0.0,0.0,6.0,0.0,8.0,0.0,0.0,0.0,46.0,0.0,0.0,0.0,0
2937218,312.32900000000006,1.4961699999999998,1.0,7.0,89.44999999999999,2.0,3.0,0.0,3.0,0.0,7.0,3.0,23.0,0.0,0.0,0.0,118.0,0.0,3.0,0.0,0
3244340,382.41600000000017,3.478900000000003,2.0,4.0,91.86,7.0,3.0,2.0,1.0,0.0,7.0,3.0,28.0,0.0,0.0,0.0,146.0,0.0,1.0,1.0,0
3243315,355.4600000000001,1.5317999999999998,1.0,6.0,84.55000000000001,9.0,2.0,1.0,1.0,0.0,8.0,2.0,24.0,0.0,0.0,0.0,134.0,0.0,1.0,0.0,0
2218748,457.5630000000002,4.613600000000004,1.0,8.0,90.52,7.0,5.0,2.0,3.0,0.0,9.0,5.0,33.0,0.0,0.0,0.0,166.0,0.0,3.0,1.0,0
647631,436.531,4.413940000000003,2.0,3.0,68.44,6.0,3.0,2.0,1.0,1.0,7.0,4.0,32.0,1.0,0.0,1.0,168.0,0.0,2.0,2.0,0
795328,312.20699999999994,3.148820000000001,0.0,2.0,29.54,3.0,1.0,1.0,0.0,1.0,4.0,2.0,18.0,1.0,0.0,1.0,98.0,0.0,1.0,1.0,0
726387,288.2990000000001,2.44362,1.0,4.0,76.74000000000001,3.0,2.0,1.0,1.0,0.0,5.0,3.0,21.0,1.0,1.0,0.0,110.0,0.0,1.0,0.0,0
5308048,413.4490000000001,3.5694000000000026,1.0,6.0,86.48,10.0,3.0,2.0,1.0,0.0,8.0,3.0,30.0,0.0,0.0,0.0,158.0,0.0,1.0,1.0,0
648131,208.30499999999995,1.1646,1.0,3.0,32.34,1.0,0.0,0.0,0.0,1.0,3.0,2.0,15.0,2.0,1.0,1.0,84.0,0.0,1.0,0.0,0
2861907,377.4690000000002,4.960300000000004,1.0,5.0,78.92,3.0,3.0,1.0,2.0,0.0,6.0,4.0,27.0,1.0,1.0,0.0,136.0,0.0,2.0,1.0,0
3238367,370.5210000000001,2.526700000000001,1.0,5.0,66.48,5.0,2.0,0.0,2.0,1.0,8.0,3.0,23.0,1.0,0.0,1.0,124.0,0.0,3.0,1.0,0
72139,168.17299999999997,1.5601,1.0,4.0,50.44,0.0,2.0,1.0,1.0,0.0,4.0,2.0,11.0,0.0,0.0,0.0,56.0,0.0,1.0,0.0,0
2334417,487.4870000000002,3.7753000000000014,0.0,6.0,92.95000000000002,5.0,4.0,2.0,2.0,1.0,9.0,5.0,36.0,1.0,0.0,1.0,182.0,0.0,3.0,2.0,0
2953149,428.33,3.415000000000002,1.0,3.0,52.650000000000006,3.0,2.0,2.0,0.0,1.0,6.0,4.0,27.0,2.0,0.0,2.0,140.0,0.0,2.0,2.0,0
648939,355.46300000000014,3.1106200000000017,1.0,5.0,75.01,5.0,2.0,1.0,1.0,1.0,6.0,3.0,25.0,1.0,0.0,1.0,130.0,0.0,2.0,1.0,0
5309729,403.5230000000004,1.5168000000000006,0.0,7.0,70.16,5.0,1.0,1.0,0.0,3.0,7.0,4.0,29.0,3.0,0.0,3.0,160.0,0.0,3.0,0.0,0
646944,288.34700000000004,1.4857399999999998,2.0,3.0,73.4,4.0,2.0,1.0,1.0,0.0,5.0,2.0,21.0,0.0,0.0,0.0,112.0,0.0,1.0,1.0,0
1212243,359.2670000000001,3.3404000000000016,0.0,2.0,23.550000000000004,3.0,2.0,2.0,0.0,1.0,4.0,3.0,22.0,1.0,0.0,1.0,114.0,0.0,1.0,1.0,0
1441072,297.35800000000006,1.8482,1.0,4.0,54.46000000000001,4.0,2.0,1.0,1.0,1.0,5.0,3.0,22.0,1.0,0.0,1.0,114.0,0.0,2.0,1.0,0
2999589,332.425,2.912720000000001,0.0,4.0,53.760000000000005,4.0,2.0,0.0,2.0,1.0,6.0,3.0,23.0,1.0,0.0,1.0,122.0,0.0,3.0,2.0,0
2847991,368.4810000000001,-0.2136999999999975,2.0,5.0,115.89,8.0,0.0,0.0,0.0,2.0,11.0,2.0,23.0,2.0,0.0,2.0,134.0,0.0,2.0,2.0,0
767342,297.301,4.111700000000002,1.0,3.0,43.09,3.0,2.0,2.0,0.0,0.0,6.0,2.0,20.0,0.0,0.0,0.0,104.0,0.0,0.0,0.0,0
3566321,376.4190000000001,2.769400000000001,1.0,9.0,99.37,5.0,3.0,1.0,2.0,0.0,10.0,4.0,25.0,1.0,0.0,1.0,128.0,0.0,3.0,1.0,0
655483,382.4880000000001,2.809020000000001,1.0,6.0,93.2,4.0,3.0,2.0,1.0,0.0,9.0,3.0,24.0,0.0,0.0,0.0,126.0,0.0,1.0,0.0,0
650589,302.33000000000004,3.1350000000000016,2.0,4.0,80.57000000000001,5.0,2.0,1.0,1.0,0.0,6.0,2.0,22.0,0.0,0.0,0.0,116.0,0.0,1.0,2.0,0
665539,362.36,3.767120000000002,1.0,5.0,89.25,1.0,3.0,2.0,1.0,0.0,6.0,4.0,27.0,1.0,0.0,1.0,134.0,0.0,2.0,0.0,0
108767,222.289,1.97192,1.0,2.0,41.18,3.0,2.0,1.0,1.0,0.0,4.0,2.0,15.0,0.0,0.0,0.0,78.0,0.0,1.0,0.0,0
2113123,382.4160000000001,3.579640000000002,0.0,7.0,83.56000000000002,8.0,3.0,0.0,3.0,0.0,7.0,3.0,28.0,0.0,0.0,0.0,146.0,0.0,3.0,0.0,0
16758539,353.26,2.0814,2.0,3.0,52.57,1.0,1.0,1.0,0.0,2.0,5.0,3.0,21.0,2.0,0.0,2.0,114.0,0.0,2.0,1.0,0
2595061,414.46900000000034,3.089200000000001,2.0,6.0,105.56,4.0,4.0,2.0,2.0,0.0,8.0,5.0,31.0,1.0,0.0,1.0,156.0,0.0,3.0,1.0,0
5351877,236.706,1.7275000000000005,2.0,2.0,76.76,3.0,1.0,1.0,0.0,1.0,5.0,2.0,16.0,1.0,1.0,0.0,84.0,0.0,0.0,0.0,0
972073,317.4180000000002,2.0422,1.0,7.0,63.17,5.0,2.0,1.0,1.0,1.0,7.0,3.0,22.0,1.0,0.0,1.0,116.0,0.0,2.0,0.0,0
795044,276.288,2.5368000000000004,1.0,4.0,72.83000000000001,4.0,1.0,1.0,0.0,0.0,5.0,2.0,20.0,1.0,0.0,1.0,106.0,0.0,1.0,0.0,0
666696,348.38700000000006,4.274600000000003,0.0,7.0,65.45,3.0,5.0,2.0,3.0,0.0,7.0,5.0,25.0,0.0,0.0,0.0,122.0,0.0,3.0,0.0,0
1246541,374.281,4.173400000000002,1.0,5.0,55.400000000000006,4.0,2.0,0.0,2.0,0.0,7.0,2.0,20.0,0.0,0.0,0.0,106.0,0.0,2.0,1.0,0
63204,256.69199999999995,3.243500000000002,1.0,2.0,45.75,1.0,3.0,2.0,1.0,0.0,4.0,3.0,18.0,0.0,0.0,0.0,88.0,0.0,1.0,0.0,0
5309187,344.42200000000014,2.5997000000000003,0.0,6.0,49.56,3.0,4.0,2.0,2.0,1.0,6.0,5.0,26.0,1.0,0.0,1.0,130.0,0.0,3.0,0.0,0
5308789,308.381,3.205000000000002,0.0,3.0,32.78,3.0,2.0,2.0,0.0,2.0,4.0,4.0,23.0,2.0,0.0,2.0,118.0,0.0,2.0,1.0,0
76072287,406.4210000000001,3.953700000000002,3.0,5.0,104.82,6.0,4.0,1.0,3.0,0.0,9.0,4.0,30.0,0.0,0.0,0.0,152.0,0.0,3.0,2.0,1
2112419,311.271,1.82274,1.0,6.0,85.17,3.0,3.0,0.0,3.0,0.0,10.0,3.0,22.0,0.0,0.0,0.0,116.0,0.0,3.0,0.0,0
5641,89.09400000000001,0.1016000000000002,1.0,2.0,52.32,1.0,0.0,0.0,0.0,0.0,3.0,0.0,6.0,0.0,0.0,0.0,36.0,0.0,0.0,1.0,0
661071,262.692,3.617200000000002,1.0,2.0,46.53,4.0,2.0,2.0,0.0,0.0,4.0,2.0,18.0,0.0,0.0,0.0,92.0,0.0,0.0,0.0,0
2224079,242.369,2.16602,0.0,4.0,33.2,3.0,1.0,0.0,1.0,1.0,5.0,2.0,15.0,1.0,0.0,1.0,82.0,0.0,2.0,1.0,0
644544,394.088,3.2075000000000022,0.0,4.0,51.96,3.0,2.0,1.0,1.0,0.0,7.0,2.0,18.0,0.0,0.0,0.0,96.0,0.0,1.0,0.0,0
648775,486.5980000000003,1.4641,0.0,10.0,94.60000000000002,6.0,3.0,1.0,2.0,1.0,11.0,4.0,34.0,1.0,0.0,1.0,182.0,0.0,3.0,1.0,0
3235498,347.4840000000001,2.19588,0.0,4.0,64.41,3.0,1.0,1.0,0.0,2.0,6.0,3.0,24.0,2.0,0.0,2.0,130.0,1.0,2.0,0.0,0
881043,278.337,2.7531000000000008,2.0,5.0,76.14,4.0,2.0,1.0,1.0,0.0,7.0,2.0,19.0,0.0,0.0,0.0,100.0,0.0,1.0,2.0,0
788466,217.268,2.7440000000000007,1.0,3.0,38.33,3.0,1.0,1.0,0.0,0.0,3.0,2.0,16.0,1.0,1.0,0.0,84.0,0.0,0.0,0.0,0
5459403,376.5760000000001,4.7031000000000045,0.0,3.0,34.89,5.0,3.0,1.0,2.0,0.0,4.0,4.0,27.0,1.0,0.0,1.0,140.0,0.0,3.0,0.0,0
54682919,327.3840000000002,2.49,2.0,5.0,84.22,4.0,2.0,0.0,2.0,0.0,6.0,3.0,24.0,1.0,1.0,0.0,126.0,0.0,2.0,1.0,0
6991,151.16500000000002,2.21164,0.0,2.0,43.14,1.0,1.0,1.0,0.0,0.0,3.0,1.0,11.0,0.0,0.0,0.0,58.0,0.0,0.0,0.0,0
2999977,266.3,3.100920000000001,0.0,4.0,44.12,2.0,3.0,2.0,1.0,0.0,4.0,3.0,20.0,0.0,0.0,0.0,100.0,0.0,1.0,0.0,0
3241456,418.55900000000025,4.033920000000004,0.0,4.0,70.83,3.0,2.0,1.0,1.0,2.0,7.0,4.0,29.0,2.0,0.0,2.0,158.0,0.0,3.0,1.0,0
135500938,296.37400000000014,1.5852,1.0,4.0,52.23,2.0,2.0,1.0,1.0,1.0,5.0,4.0,22.0,2.0,1.0,1.0,114.0,0.0,2.0,0.0,0
5389382,401.422,3.1071000000000017,1.0,6.0,92.62,5.0,3.0,1.0,2.0,1.0,7.0,4.0,30.0,1.0,0.0,1.0,150.0,0.0,3.0,1.0,0
71555390,406.8770000000001,4.864420000000003,3.0,4.0,95.59,4.0,4.0,1.0,3.0,0.0,8.0,4.0,29.0,0.0,0.0,0.0,146.0,0.0,3.0,2.0,1
646006,294.314,2.59412,1.0,5.0,77.0,3.0,3.0,1.0,2.0,0.0,6.0,3.0,22.0,0.0,0.0,0.0,110.0,0.0,2.0,1.0,0
3242864,283.2870000000001,1.4213,1.0,5.0,77.13,3.0,3.0,1.0,2.0,1.0,6.0,4.0,21.0,1.0,1.0,0.0,106.0,0.0,2.0,1.0,0
3035672,293.45400000000006,4.888900000000005,0.0,1.0,3.24,6.0,2.0,2.0,0.0,1.0,1.0,3.0,22.0,1.0,0.0,1.0,116.0,0.0,1.0,0.0,0
2540991,338.39300000000003,0.8866199999999995,3.0,8.0,128.07000000000002,5.0,2.0,0.0,2.0,0.0,10.0,2.0,23.0,0.0,0.0,0.0,124.0,0.0,2.0,3.0,0
2998156,421.3810000000002,1.3366000000000002,0.0,6.0,80.75000000000001,8.0,0.0,0.0,0.0,1.0,14.0,1.0,25.0,1.0,0.0,1.0,150.0,0.0,1.0,0.0,0
1124485,350.4180000000001,3.1168000000000013,1.0,5.0,56.92,4.0,3.0,2.0,1.0,1.0,5.0,4.0,26.0,1.0,0.0,1.0,134.0,0.0,2.0,0.0,0
6604213,414.7180000000003,8.02480000000001,1.0,1.0,20.23,6.0,0.0,0.0,0.0,3.0,1.0,4.0,30.0,4.0,4.0,0.0,172.0,0.0,0.0,0.0,0
851472,251.267,0.6854199999999993,3.0,4.0,94.82,2.0,2.0,0.0,2.0,0.0,7.0,2.0,17.0,0.0,0.0,0.0,88.0,0.0,2.0,1.0,0
3239695,404.4700000000002,3.3245000000000013,2.0,5.0,97.55,5.0,3.0,2.0,1.0,1.0,7.0,4.0,30.0,1.0,0.0,1.0,154.0,0.0,2.0,2.0,0
647410,392.4620000000001,3.435900000000001,2.0,9.0,110.37,9.0,3.0,1.0,2.0,0.0,10.0,3.0,26.0,0.0,0.0,0.0,136.0,0.0,2.0,0.0,0
664615,466.5380000000003,3.1209000000000016,2.0,7.0,96.13,7.0,3.0,2.0,1.0,1.0,9.0,4.0,34.0,1.0,0.0,1.0,180.0,0.0,2.0,1.0,0
2436481,382.48200000000026,1.9343,1.0,5.0,92.78,7.0,1.0,1.0,0.0,1.0,8.0,2.0,26.0,1.0,0.0,1.0,144.0,0.0,1.0,1.0,0
5771840,379.50000000000017,5.470900000000005,1.0,3.0,55.400000000000006,9.0,2.0,2.0,0.0,0.0,4.0,2.0,28.0,0.0,0.0,0.0,148.0,0.0,0.0,1.0,0
653207,269.304,2.682400000000001,2.0,3.0,71.09,4.0,2.0,1.0,1.0,0.0,5.0,2.0,20.0,0.0,0.0,0.0,102.0,0.0,1.0,2.0,0
2962447,394.4310000000002,1.4949999999999997,4.0,4.0,122.54999999999998,7.0,2.0,2.0,0.0,0.0,8.0,3.0,29.0,1.0,0.0,1.0,150.0,0.0,1.0,4.0,0
2909886,255.318,-0.2264999999999999,2.0,4.0,72.88000000000001,4.0,0.0,0.0,0.0,2.0,6.0,2.0,18.0,2.0,0.0,2.0,102.0,0.0,2.0,3.0,0
648112,440.4910000000003,3.091400000000001,1.0,6.0,67.35000000000001,7.0,2.0,1.0,1.0,1.0,10.0,3.0,30.0,1.0,0.0,1.0,162.0,0.0,2.0,1.0,0
659071,201.26899999999995,2.853600000000001,1.0,2.0,29.1,0.0,1.0,1.0,0.0,1.0,2.0,3.0,15.0,2.0,1.0,1.0,78.0,0.0,1.0,0.0,0
15630,180.232,1.8871,1.0,4.0,48.14,1.0,2.0,1.0,1.0,0.0,4.0,2.0,12.0,0.0,0.0,0.0,62.0,0.0,1.0,0.0,0
644475,344.3670000000001,3.7112000000000025,0.0,6.0,65.22,6.0,3.0,2.0,1.0,0.0,7.0,3.0,24.0,0.0,0.0,0.0,122.0,0.0,1.0,0.0,0
2238621,325.114,3.047900000000001,0.0,5.0,65.74000000000001,3.0,2.0,1.0,1.0,0.0,6.0,2.0,19.0,0.0,0.0,0.0,98.0,0.0,1.0,0.0,0
2998080,320.38100000000003,2.8736000000000006,0.0,7.0,68.86,4.0,4.0,1.0,3.0,0.0,7.0,4.0,23.0,0.0,0.0,0.0,112.0,0.0,3.0,0.0,0
2104462,313.38200000000006,2.9815200000000006,1.0,4.0,63.99,4.0,3.0,2.0,1.0,0.0,6.0,3.0,22.0,0.0,0.0,0.0,112.0,0.0,1.0,0.0,0
3243798,373.4300000000001,3.650220000000002,1.0,4.0,87.82000000000001,6.0,3.0,2.0,1.0,0.0,7.0,3.0,26.0,0.0,0.0,0.0,136.0,0.0,1.0,0.0,0
782615,269.3439999999999,3.311100000000001,0.0,3.0,21.700000000000003,4.0,2.0,2.0,0.0,1.0,3.0,3.0,20.0,1.0,0.0,1.0,104.0,0.0,1.0,0.0,0
3246005,238.192,-4.291399999999999,6.0,8.0,147.68,4.0,0.0,0.0,0.0,1.0,8.0,1.0,16.0,1.0,0.0,1.0,94.0,0.0,1.0,0.0,0
709921,271.316,3.4568200000000013,1.0,4.0,59.31,4.0,2.0,1.0,1.0,0.0,4.0,2.0,20.0,0.0,0.0,0.0,104.0,0.0,1.0,0.0,0
783424,247.38199999999992,3.0612000000000013,1.0,2.0,23.47,6.0,1.0,1.0,0.0,1.0,2.0,2.0,18.0,1.0,1.0,0.0,100.0,0.0,0.0,0.0,0
73504545,482.5850000000001,4.290600000000003,2.0,7.0,92.27,5.0,3.0,1.0,2.0,1.0,10.0,5.0,34.0,2.0,0.0,2.0,178.0,0.0,4.0,2.0,1
3239878,418.5190000000002,2.630200000000001,1.0,6.0,105.4,6.0,2.0,1.0,1.0,1.0,9.0,4.0,29.0,2.0,1.0,1.0,156.0,0.0,2.0,1.0,0
646888,154.198,0.6814200000000001,1.0,5.0,56.21,0.0,2.0,0.0,2.0,0.0,5.0,2.0,10.0,0.0,0.0,0.0,52.0,0.0,2.0,0.0,0
2788336,315.32500000000005,2.4823000000000004,1.0,5.0,66.02000000000001,4.0,2.0,2.0,0.0,0.0,6.0,3.0,23.0,1.0,0.0,1.0,120.0,0.0,1.0,1.0,0
651891,490.56000000000034,3.6364000000000014,2.0,6.0,113.77,9.0,3.0,1.0,2.0,1.0,9.0,4.0,36.0,1.0,1.0,0.0,188.0,0.0,2.0,3.0,0
1314911,365.82400000000007,3.7238000000000016,1.0,5.0,64.74000000000001,4.0,4.0,2.0,2.0,0.0,7.0,4.0,26.0,0.0,0.0,0.0,130.0,0.0,2.0,1.0,0
970201,340.4450000000001,1.1647000000000003,1.0,4.0,75.71000000000001,6.0,1.0,1.0,0.0,1.0,7.0,2.0,23.0,1.0,0.0,1.0,128.0,0.0,1.0,1.0,0
2939573,380.4440000000002,2.41172,2.0,3.0,86.71000000000001,6.0,2.0,2.0,0.0,1.0,6.0,3.0,28.0,1.0,0.0,1.0,146.0,0.0,1.0,2.0,0
6858836,296.30500000000006,2.878400000000001,0.0,5.0,52.3,5.0,3.0,2.0,1.0,0.0,6.0,3.0,22.0,0.0,0.0,0.0,110.0,0.0,1.0,0.0,0
2981691,349.38700000000017,1.0049999999999994,1.0,5.0,88.18,8.0,1.0,1.0,0.0,1.0,8.0,2.0,25.0,1.0,0.0,1.0,136.0,0.0,1.0,4.0,0
1298869,368.455,2.8068000000000017,1.0,4.0,66.48,6.0,2.0,2.0,0.0,0.0,8.0,2.0,24.0,0.0,0.0,0.0,128.0,0.0,0.0,1.0,0
667550,254.285,3.105700000000001,1.0,2.0,54.37,4.0,2.0,2.0,0.0,0.0,3.0,2.0,19.0,0.0,0.0,0.0,96.0,0.0,0.0,0.0,0
977097,257.289,2.373100000000001,1.0,3.0,61.55,5.0,2.0,2.0,0.0,0.0,4.0,2.0,19.0,0.0,0.0,0.0,98.0,0.0,0.0,1.0,0
653680,422.4890000000002,2.3383000000000003,1.0,8.0,93.88,6.0,3.0,1.0,2.0,1.0,9.0,5.0,31.0,2.0,0.0,2.0,162.0,0.0,4.0,1.0,0
3238635,427.50800000000015,2.3997,1.0,6.0,69.95000000000002,5.0,4.0,2.0,2.0,1.0,7.0,5.0,32.0,1.0,0.0,1.0,162.0,0.0,3.0,1.0,0
649179,476.5340000000002,2.1097,0.0,9.0,102.68000000000002,8.0,3.0,2.0,1.0,1.0,12.0,4.0,33.0,1.0,0.0,1.0,176.0,0.0,2.0,0.0,0
3239968,270.33199999999994,3.3099000000000007,2.0,3.0,64.35,5.0,2.0,2.0,0.0,0.0,4.0,2.0,20.0,0.0,0.0,0.0,104.0,0.0,0.0,1.0,0
3244167,300.38300000000004,2.8049000000000017,1.0,3.0,49.41,4.0,2.0,1.0,1.0,1.0,5.0,3.0,21.0,1.0,0.0,1.0,108.0,0.0,2.0,2.0,0
976779,292.36000000000007,2.5078400000000007,1.0,4.0,68.29,4.0,2.0,1.0,1.0,0.0,6.0,2.0,20.0,0.0,0.0,0.0,106.0,0.0,1.0,0.0,0
3238436,238.331,1.4445999999999992,1.0,2.0,49.41,3.0,0.0,0.0,0.0,2.0,4.0,2.0,17.0,2.0,1.0,1.0,96.0,0.0,1.0,2.0,0
3234994,350.4250000000001,5.089000000000004,1.0,4.0,61.6,4.0,4.0,3.0,1.0,0.0,4.0,4.0,27.0,0.0,0.0,0.0,130.0,0.0,1.0,0.0,0
713294,334.44500000000005,2.96284,2.0,6.0,94.04,4.0,2.0,0.0,2.0,1.0,7.0,3.0,23.0,1.0,1.0,0.0,124.0,0.0,2.0,1.0,0
16758149,330.4680000000001,3.838400000000002,1.0,3.0,54.37,1.0,0.0,0.0,0.0,3.0,3.0,4.0,24.0,4.0,4.0,0.0,132.0,0.0,0.0,0.0,0
1244181,257.358,3.6495200000000025,0.0,2.0,20.31,1.0,2.0,1.0,1.0,0.0,3.0,3.0,18.0,1.0,0.0,1.0,92.0,0.0,2.0,1.0,0
2415229,275.764,3.759400000000002,0.0,4.0,30.71,1.0,3.0,1.0,2.0,0.0,5.0,4.0,18.0,1.0,0.0,1.0,90.0,0.0,3.0,0.0,0
2857420,362.42900000000014,2.8824200000000006,0.0,5.0,55.45,2.0,3.0,1.0,2.0,1.0,5.0,5.0,27.0,2.0,0.0,2.0,138.0,0.0,4.0,0.0,0
945821,271.36,4.030140000000003,1.0,2.0,42.24,5.0,2.0,1.0,1.0,0.0,3.0,2.0,20.0,0.0,0.0,0.0,106.0,0.0,1.0,1.0,0
5308425,360.4790000000002,3.2659400000000014,1.0,4.0,72.2,6.0,2.0,1.0,1.0,1.0,6.0,3.0,25.0,1.0,1.0,0.0,134.0,0.0,1.0,1.0,0
3245977,369.44000000000005,2.730620000000001,1.0,2.0,52.650000000000006,7.0,2.0,2.0,0.0,1.0,6.0,3.0,27.0,1.0,0.0,1.0,142.0,0.0,1.0,3.0,0
1110091,357.4180000000002,0.5518999999999998,1.0,9.0,88.53,5.0,2.0,0.0,2.0,2.0,9.0,4.0,26.0,2.0,0.0,2.0,138.0,0.0,4.0,0.0,0
2564674,394.4520000000002,4.557800000000004,0.0,5.0,72.64,4.0,4.0,2.0,2.0,1.0,7.0,5.0,28.0,1.0,0.0,1.0,142.0,0.0,3.0,0.0,0
664497,268.32,2.778420000000001,1.0,4.0,59.81,2.0,3.0,1.0,2.0,0.0,5.0,3.0,20.0,0.0,0.0,0.0,102.0,0.0,2.0,1.0,0
892054,347.41800000000006,2.962400000000001,0.0,4.0,45.67,4.0,3.0,2.0,1.0,1.0,5.0,4.0,26.0,1.0,0.0,1.0,132.0,0.0,2.0,1.0,0
649584,436.5160000000003,2.732000000000001,0.0,9.0,77.77,7.0,3.0,2.0,1.0,1.0,9.0,5.0,32.0,2.0,0.0,2.0,168.0,0.0,3.0,0.0,0
3239217,381.38800000000015,3.0877000000000008,1.0,7.0,95.71,6.0,3.0,2.0,1.0,0.0,8.0,4.0,28.0,1.0,0.0,1.0,144.0,0.0,2.0,1.0,0
646889,429.4840000000001,3.154000000000001,1.0,7.0,87.89,4.0,4.0,2.0,2.0,1.0,9.0,5.0,32.0,1.0,0.0,1.0,162.0,0.0,3.0,2.0,0
888314,324.38000000000005,3.8648400000000014,0.0,5.0,57.38000000000001,6.0,3.0,2.0,1.0,0.0,5.0,3.0,24.0,0.0,0.0,0.0,124.0,0.0,1.0,0.0,0
3242485,241.29,3.2260600000000013,0.0,3.0,39.19,2.0,2.0,1.0,1.0,0.0,3.0,2.0,18.0,0.0,0.0,0.0,92.0,0.0,1.0,0.0,0
4118026,398.5100000000002,0.3472800000000009,1.0,6.0,110.57999999999998,7.0,1.0,1.0,0.0,2.0,10.0,3.0,26.0,2.0,1.0,1.0,142.0,0.0,1.0,0.0,0
651409,420.5360000000002,3.834500000000003,0.0,6.0,50.080000000000005,6.0,3.0,2.0,1.0,2.0,7.0,5.0,31.0,2.0,1.0,1.0,162.0,0.0,2.0,0.0,0
1261395,358.4010000000002,4.462360000000002,1.0,5.0,80.91000000000001,3.0,4.0,1.0,3.0,0.0,6.0,4.0,27.0,0.0,0.0,0.0,134.0,0.0,3.0,1.0,0
751506,253.348,2.1691000000000003,0.0,4.0,29.54,2.0,1.0,1.0,0.0,1.0,5.0,2.0,16.0,1.0,0.0,1.0,84.0,0.0,1.0,1.0,0
118365308,341.3710000000001,2.857800000000001,3.0,5.0,101.16,5.0,3.0,1.0,2.0,0.0,8.0,3.0,25.0,0.0,0.0,0.0,130.0,0.0,2.0,2.0,1
3236333,444.58200000000016,2.759320000000001,1.0,6.0,92.26,6.0,3.0,2.0,1.0,1.0,9.0,4.0,30.0,1.0,0.0,1.0,158.0,0.0,2.0,1.0,0
972660,280.3310000000001,2.9037000000000006,1.0,4.0,63.57,1.0,3.0,1.0,2.0,0.0,5.0,4.0,21.0,1.0,1.0,0.0,106.0,0.0,2.0,0.0,0
5310902,323.3920000000001,4.007400000000003,1.0,4.0,53.68,5.0,3.0,2.0,1.0,0.0,4.0,3.0,24.0,0.0,0.0,0.0,124.0,0.0,1.0,0.0,0
5771833,369.93600000000015,6.4176000000000055,1.0,1.0,29.1,8.0,2.0,2.0,0.0,1.0,3.0,3.0,26.0,1.0,1.0,0.0,138.0,0.0,0.0,1.0,0
3233209,325.3470000000001,2.3935000000000004,0.0,6.0,63.91,3.0,3.0,1.0,2.0,1.0,7.0,4.0,24.0,1.0,1.0,0.0,122.0,0.0,2.0,0.0,0
89536079,350.4260000000001,3.638420000000002,3.0,4.0,95.59,4.0,3.0,0.0,3.0,1.0,7.0,4.0,26.0,1.0,1.0,0.0,134.0,0.0,3.0,2.0,1
3233497,308.307,2.572,1.0,4.0,41.05,2.0,2.0,1.0,1.0,1.0,7.0,3.0,22.0,1.0,0.0,1.0,116.0,0.0,2.0,0.0,0
1288674,355.78100000000006,4.5308800000000025,1.0,6.0,80.31,6.0,3.0,2.0,1.0,0.0,7.0,3.0,25.0,0.0,0.0,0.0,126.0,0.0,1.0,0.0,0
650566,427.47700000000015,3.719000000000001,1.0,7.0,72.7,8.0,3.0,0.0,3.0,0.0,11.0,3.0,28.0,0.0,0.0,0.0,148.0,0.0,3.0,1.0,0
71554946,416.87200000000007,5.032680000000003,3.0,4.0,106.49,4.0,4.0,2.0,2.0,0.0,8.0,4.0,30.0,0.0,0.0,0.0,148.0,0.0,2.0,2.0,1
2092056,314.34099999999995,1.5588199999999997,0.0,5.0,68.73,3.0,2.0,1.0,1.0,1.0,6.0,3.0,23.0,1.0,0.0,1.0,120.0,0.0,2.0,1.0,0
891145,272.3,3.3625000000000016,1.0,3.0,55.760000000000005,6.0,2.0,2.0,0.0,0.0,4.0,2.0,20.0,0.0,0.0,0.0,104.0,0.0,0.0,0.0,0
653708,451.5960000000002,5.273100000000005,0.0,8.0,69.21000000000001,9.0,4.0,1.0,3.0,0.0,8.0,4.0,32.0,0.0,0.0,0.0,168.0,0.0,3.0,0.0,0
661788,497.5510000000002,5.592300000000004,2.0,6.0,93.04,8.0,4.0,3.0,1.0,0.0,8.0,5.0,37.0,1.0,0.0,1.0,188.0,0.0,2.0,2.0,0
878320,324.38000000000005,4.555840000000003,2.0,4.0,75.36,4.0,3.0,2.0,1.0,0.0,5.0,3.0,24.0,0.0,0.0,0.0,124.0,0.0,1.0,1.0,0
3243175,293.37000000000006,2.935900000000001,1.0,3.0,46.92,5.0,3.0,2.0,1.0,0.0,4.0,3.0,22.0,0.0,0.0,0.0,112.0,0.0,1.0,1.0,0
2133511,327.4310000000001,0.81244,2.0,7.0,84.22,5.0,2.0,0.0,2.0,0.0,8.0,2.0,21.0,0.0,0.0,0.0,114.0,0.0,2.0,1.0,0
824050,312.127,1.2334999999999994,1.0,6.0,81.92999999999999,3.0,2.0,1.0,1.0,0.0,8.0,2.0,18.0,0.0,0.0,0.0,94.0,0.0,1.0,1.0,0
647795,341.346,2.5166000000000004,1.0,6.0,81.92999999999999,6.0,3.0,2.0,1.0,0.0,8.0,3.0,25.0,0.0,0.0,0.0,128.0,0.0,1.0,1.0,0
443372,211.261,1.1291999999999998,4.0,4.0,72.72,4.0,1.0,1.0,0.0,0.0,4.0,1.0,15.0,0.0,0.0,0.0,84.0,0.0,0.0,0.0,0
1261030,362.45100000000014,2.1245000000000003,1.0,4.0,89.70000000000002,5.0,2.0,2.0,0.0,1.0,7.0,3.0,25.0,1.0,0.0,1.0,134.0,0.0,1.0,1.0,0
2310181,395.4370000000002,2.35452,1.0,10.0,122.74,7.0,2.0,0.0,2.0,0.0,10.0,2.0,27.0,0.0,0.0,0.0,146.0,0.0,2.0,0.0,0
658723,477.4030000000005,3.605800000000002,2.0,5.0,77.66999999999999,5.0,2.0,1.0,1.0,2.0,8.0,4.0,30.0,2.0,1.0,1.0,162.0,0.0,2.0,1.0,0
5283454,325.537,5.132400000000005,2.0,2.0,49.33,17.0,0.0,0.0,0.0,0.0,3.0,0.0,23.0,0.0,0.0,0.0,136.0,0.0,0.0,1.0,0
340795,440.51000000000016,5.738400000000003,2.0,6.0,103.6,3.0,6.0,4.0,2.0,0.0,6.0,6.0,34.0,0.0,0.0,0.0,162.0,0.0,2.0,0.0,0
3242041,387.50500000000034,2.7242900000000008,1.0,5.0,67.33,3.0,2.0,1.0,1.0,2.0,7.0,4.0,27.0,2.0,1.0,1.0,144.0,0.0,2.0,1.0,0
1888166,367.453,2.829300000000001,1.0,7.0,86.27,5.0,3.0,1.0,2.0,1.0,7.0,4.0,27.0,1.0,0.0,1.0,142.0,0.0,3.0,0.0,0
750517,344.4360000000001,2.419920000000001,0.0,4.0,49.85,4.0,2.0,1.0,1.0,1.0,6.0,3.0,24.0,1.0,0.0,1.0,126.0,0.0,2.0,2.0,0
772512,280.37100000000004,3.073500000000001,1.0,2.0,32.34,4.0,2.0,2.0,0.0,0.0,3.0,3.0,21.0,1.0,0.0,1.0,108.0,0.0,1.0,1.0,0
5308139,479.6310000000004,3.660000000000003,0.0,8.0,73.02,8.0,4.0,2.0,2.0,1.0,9.0,5.0,33.0,1.0,0.0,1.0,170.0,0.0,3.0,1.0,0
2959770,435.9810000000003,3.074800000000001,2.0,6.0,88.91,9.0,2.0,1.0,1.0,1.0,9.0,3.0,29.0,1.0,1.0,0.0,156.0,0.0,1.0,2.0,0
2982188,351.225,4.626300000000002,0.0,5.0,48.150000000000006,4.0,3.0,1.0,2.0,0.0,6.0,3.0,20.0,0.0,0.0,0.0,102.0,0.0,2.0,0.0,0
763759,226.23900000000003,1.9814,0.0,5.0,56.74,3.0,3.0,1.0,2.0,0.0,5.0,3.0,17.0,0.0,0.0,0.0,84.0,0.0,2.0,0.0,0
727520,285.324,3.1329000000000007,2.0,5.0,70.42,3.0,3.0,2.0,1.0,0.0,5.0,3.0,20.0,0.0,0.0,0.0,100.0,0.0,1.0,0.0,0
3238163,368.3970000000002,0.5808199999999997,1.0,8.0,103.93,5.0,3.0,1.0,2.0,1.0,9.0,4.0,27.0,1.0,0.0,1.0,140.0,0.0,3.0,1.0,0
662386,439.9030000000001,2.756100000000001,1.0,8.0,83.08000000000001,6.0,4.0,2.0,2.0,0.0,9.0,4.0,31.0,0.0,0.0,0.0,160.0,0.0,2.0,0.0,0
2221777,346.4080000000001,2.391800000000001,1.0,4.0,83.55,5.0,2.0,2.0,0.0,0.0,7.0,2.0,24.0,0.0,0.0,0.0,126.0,0.0,0.0,1.0,0
244529,286.36,2.1109,1.0,6.0,63.83,5.0,3.0,1.0,2.0,0.0,6.0,3.0,20.0,0.0,0.0,0.0,102.0,0.0,2.0,0.0,0
338385,352.7330000000001,2.9993000000000016,1.0,5.0,89.25999999999999,2.0,3.0,2.0,1.0,0.0,7.0,4.0,25.0,1.0,1.0,0.0,122.0,0.0,1.0,0.0,0
2435699,309.2680000000001,2.9701400000000016,1.0,4.0,68.54,4.0,2.0,1.0,1.0,0.0,7.0,2.0,22.0,0.0,0.0,0.0,116.0,0.0,1.0,1.0,0
3235769,334.33500000000004,3.681020000000001,1.0,6.0,86.09000000000002,4.0,4.0,1.0,3.0,0.0,7.0,4.0,25.0,0.0,0.0,0.0,124.0,0.0,3.0,1.0,0
71655,171.204,-1.4732299999999994,3.0,2.0,100.72,0.0,0.0,0.0,0.0,1.0,6.0,1.0,12.0,1.0,0.0,1.0,68.0,0.0,1.0,0.0,0
644687,283.379,2.741000000000001,0.0,5.0,46.84,3.0,2.0,1.0,1.0,1.0,5.0,4.0,21.0,2.0,1.0,1.0,110.0,0.0,2.0,0.0,0
773424,299.3110000000001,2.6723,1.0,6.0,73.34,2.0,3.0,2.0,1.0,0.0,7.0,4.0,21.0,1.0,0.0,1.0,104.0,0.0,2.0,1.0,0
659860,396.4970000000003,4.279380000000002,1.0,7.0,91.81,5.0,3.0,0.0,3.0,0.0,8.0,4.0,27.0,1.0,1.0,0.0,136.0,0.0,3.0,1.0,0
2224093,243.262,1.8811,1.0,3.0,59.31,3.0,2.0,1.0,1.0,0.0,4.0,2.0,18.0,0.0,0.0,0.0,92.0,0.0,1.0,1.0,0
135485451,224.172,-0.12568,3.0,4.0,120.35,3.0,1.0,0.0,1.0,0.0,7.0,1.0,16.0,0.0,0.0,0.0,84.0,0.0,1.0,0.0,0
135415417,321.38000000000005,2.4805200000000003,2.0,3.0,74.85,5.0,3.0,2.0,1.0,0.0,5.0,3.0,24.0,0.0,0.0,0.0,122.0,0.0,1.0,1.0,0
646148,283.331,2.611300000000001,2.0,3.0,71.09,5.0,2.0,1.0,1.0,0.0,5.0,2.0,21.0,0.0,0.0,0.0,108.0,0.0,1.0,2.0,0
16758487,387.5200000000001,4.1269000000000045,1.0,5.0,60.28,11.0,1.0,1.0,0.0,0.0,5.0,2.0,28.0,1.0,0.0,1.0,154.0,0.0,1.0,0.0,0
1815812,276.402,1.106899999999999,1.0,3.0,66.48,6.0,0.0,0.0,0.0,1.0,6.0,1.0,18.0,1.0,1.0,0.0,106.0,0.0,0.0,1.0,0
665543,285.3469999999999,2.6000200000000007,0.0,4.0,59.23,4.0,2.0,1.0,1.0,1.0,5.0,3.0,21.0,1.0,0.0,1.0,110.0,0.0,2.0,1.0,0
655377,296.415,2.0145,0.0,2.0,47.10000000000001,0.0,0.0,0.0,0.0,2.0,6.0,2.0,21.0,2.0,0.0,2.0,120.0,1.0,2.0,4.0,0
3235851,373.42800000000017,3.4799200000000017,2.0,3.0,74.43,4.0,2.0,1.0,1.0,1.0,7.0,3.0,27.0,1.0,0.0,1.0,144.0,0.0,2.0,2.0,0
9568007,246.274,0.7850199999999996,2.0,6.0,102.21,4.0,2.0,1.0,1.0,0.0,7.0,2.0,18.0,0.0,0.0,0.0,94.0,0.0,1.0,0.0,0
659285,197.665,2.577500000000001,2.0,2.0,32.26,0.0,1.0,1.0,0.0,0.0,3.0,2.0,13.0,1.0,0.0,1.0,70.0,0.0,1.0,0.0,0
5771824,457.0390000000002,6.514300000000007,1.0,3.0,59.06,9.0,3.0,2.0,1.0,1.0,6.0,4.0,31.0,1.0,1.0,0.0,164.0,0.0,1.0,0.0,0
121416464,462.52900000000017,4.178300000000002,3.0,6.0,93.1,9.0,4.0,2.0,2.0,0.0,9.0,4.0,34.0,0.0,0.0,0.0,176.0,0.0,2.0,2.0,1
578985,271.382,2.04642,1.0,3.0,55.4,6.0,1.0,1.0,0.0,0.0,5.0,1.0,18.0,0.0,0.0,0.0,102.0,0.0,0.0,0.0,0
2961671,278.30799999999994,1.7736999999999998,2.0,4.0,76.66,4.0,1.0,1.0,0.0,1.0,6.0,2.0,20.0,1.0,0.0,1.0,108.0,0.0,1.0,2.0,0
135501397,299.352,-0.0803000000000002,1.0,7.0,84.66,4.0,1.0,0.0,1.0,1.0,8.0,2.0,20.0,1.0,0.0,1.0,110.0,0.0,2.0,1.0,0
963193,257.289,2.407,0.0,4.0,48.3,4.0,2.0,1.0,1.0,1.0,4.0,3.0,19.0,1.0,1.0,0.0,98.0,0.0,1.0,0.0,0
664799,233.271,0.4281999999999997,0.0,4.0,47.24,2.0,2.0,1.0,1.0,0.0,5.0,2.0,17.0,0.0,0.0,0.0,90.0,0.0,1.0,1.0,0
118046471,408.4330000000001,2.442100000000001,3.0,6.0,110.36,6.0,3.0,2.0,1.0,1.0,8.0,4.0,30.0,1.0,0.0,1.0,154.0,0.0,2.0,1.0,1
60198398,478.3020000000001,3.947400000000002,3.0,5.0,90.38,5.0,2.0,1.0,1.0,0.0,12.0,3.0,31.0,1.0,0.0,1.0,168.0,0.0,2.0,2.0,1
3237046,453.5420000000003,1.3337199999999998,0.0,8.0,107.27,5.0,2.0,1.0,1.0,1.0,11.0,3.0,30.0,1.0,0.0,1.0,162.0,0.0,2.0,1.0,0
2103155,272.146,2.7657,2.0,2.0,54.02,4.0,1.0,0.0,1.0,0.0,5.0,1.0,15.0,0.0,0.0,0.0,82.0,0.0,1.0,2.0,0
2142207,344.4520000000001,2.4218,2.0,4.0,67.43,4.0,1.0,1.0,0.0,1.0,7.0,2.0,23.0,1.0,0.0,1.0,130.0,0.0,1.0,0.0,0
3240998,269.684,1.6285,0.0,4.0,55.84,3.0,1.0,1.0,0.0,0.0,6.0,2.0,18.0,1.0,0.0,1.0,96.0,0.0,1.0,1.0,0
662000,388.40200000000016,2.9573,1.0,6.0,93.93,3.0,3.0,1.0,2.0,0.0,7.0,4.0,29.0,1.0,0.0,1.0,144.0,0.0,3.0,0.0,0
76072169,355.3980000000001,2.729400000000001,3.0,5.0,101.16,7.0,3.0,1.0,2.0,0.0,8.0,3.0,26.0,0.0,0.0,0.0,136.0,0.0,2.0,2.0,1
716441,282.329,0.1199799999999997,0.0,9.0,95.24,5.0,1.0,0.0,1.0,0.0,9.0,1.0,19.0,0.0,0.0,0.0,102.0,0.0,1.0,0.0,0
2998808,382.5040000000001,3.9197000000000033,1.0,5.0,58.64,4.0,1.0,1.0,0.0,0.0,5.0,3.0,28.0,2.0,1.0,1.0,150.0,0.0,1.0,0.0,0
2968134,288.3719999999999,2.590920000000001,0.0,4.0,42.43000000000001,2.0,2.0,1.0,1.0,1.0,5.0,3.0,20.0,1.0,0.0,1.0,104.0,0.0,2.0,1.0,0
764313,245.234,2.3185,1.0,4.0,68.53999999999999,3.0,2.0,1.0,1.0,0.0,5.0,2.0,18.0,0.0,0.0,0.0,92.0,0.0,1.0,1.0,0
16759046,309.3180000000001,1.9792000000000003,1.0,6.0,94.84,5.0,1.0,0.0,1.0,1.0,7.0,2.0,22.0,1.0,1.0,0.0,120.0,0.0,1.0,1.0,0
750416,322.39300000000003,3.355500000000002,0.0,6.0,52.71,3.0,4.0,2.0,2.0,0.0,6.0,4.0,23.0,0.0,0.0,0.0,114.0,0.0,2.0,0.0,0
1237630,257.043,2.2824,1.0,4.0,68.27000000000001,2.0,2.0,0.0,2.0,0.0,6.0,2.0,14.0,0.0,0.0,0.0,72.0,0.0,2.0,1.0,0
2934240,416.5460000000002,2.2787200000000007,1.0,8.0,102.43,6.0,2.0,1.0,1.0,1.0,10.0,3.0,26.0,1.0,0.0,1.0,142.0,0.0,2.0,0.0,0
5355167,257.34000000000003,0.2572000000000002,2.0,4.0,84.55,3.0,1.0,1.0,0.0,0.0,7.0,1.0,16.0,0.0,0.0,0.0,86.0,0.0,0.0,0.0,0
3243832,301.32700000000006,2.0169,1.0,6.0,72.69999999999999,3.0,3.0,1.0,2.0,0.0,7.0,3.0,21.0,0.0,0.0,0.0,106.0,0.0,2.0,1.0,0
807933,286.312,3.304600000000001,0.0,6.0,69.13,5.0,3.0,1.0,2.0,0.0,6.0,3.0,20.0,0.0,0.0,0.0,100.0,0.0,2.0,0.0,0
3239549,403.43900000000025,2.3311,1.0,10.0,109.62000000000002,8.0,2.0,1.0,1.0,0.0,10.0,3.0,29.0,1.0,0.0,1.0,156.0,0.0,2.0,0.0,0
4088356,304.346,3.1639000000000017,0.0,4.0,45.81,3.0,2.0,1.0,1.0,0.0,6.0,3.0,21.0,1.0,0.0,1.0,108.0,0.0,2.0,1.0,0
2827372,352.39000000000004,3.1963000000000017,0.0,6.0,62.580000000000005,8.0,3.0,2.0,1.0,0.0,6.0,3.0,26.0,0.0,0.0,0.0,134.0,0.0,1.0,0.0,1
3241094,475.5670000000004,1.6401,2.0,6.0,114.04,10.0,2.0,2.0,0.0,0.0,10.0,3.0,33.0,1.0,0.0,1.0,178.0,0.0,1.0,2.0,0
3240684,361.4900000000001,1.9983,0.0,7.0,65.06,6.0,2.0,0.0,2.0,1.0,7.0,3.0,26.0,1.0,0.0,1.0,144.0,0.0,3.0,0.0,0
645014,395.4190000000001,2.5542000000000007,1.0,8.0,108.23000000000002,8.0,3.0,2.0,1.0,0.0,9.0,3.0,29.0,0.0,0.0,0.0,150.0,0.0,1.0,1.0,0
5307448,348.5160000000002,2.4801,1.0,5.0,40.51,7.0,2.0,0.0,2.0,1.0,6.0,3.0,24.0,1.0,0.0,1.0,132.0,0.0,3.0,1.0,0
1302878,378.4060000000001,1.9976,2.0,6.0,110.8,7.0,2.0,2.0,0.0,0.0,9.0,2.0,26.0,0.0,0.0,0.0,138.0,0.0,0.0,1.0,0
3244306,190.202,1.8319,3.0,2.0,65.12,1.0,2.0,1.0,1.0,0.0,4.0,2.0,14.0,0.0,0.0,0.0,72.0,0.0,1.0,1.0,0
647246,470.5550000000002,2.8923000000000005,1.0,9.0,111.47,10.0,3.0,2.0,1.0,0.0,11.0,3.0,33.0,0.0,0.0,0.0,174.0,0.0,1.0,2.0,0
649764,361.4270000000001,1.9254,1.0,8.0,91.16,6.0,2.0,1.0,1.0,1.0,9.0,4.0,25.0,2.0,1.0,1.0,132.0,0.0,2.0,1.0,0
3242191,367.5150000000001,1.6908000000000003,1.0,4.0,69.72,8.0,1.0,1.0,0.0,1.0,7.0,2.0,25.0,1.0,0.0,1.0,140.0,0.0,1.0,1.0,0
73504988,477.5620000000001,2.5706000000000007,2.0,7.0,113.52,5.0,2.0,1.0,1.0,1.0,11.0,4.0,33.0,2.0,0.0,2.0,178.0,0.0,3.0,2.0,1
934942,324.093,3.523,2.0,5.0,76.72,2.0,2.0,1.0,1.0,0.0,10.0,2.0,20.0,0.0,0.0,0.0,106.0,0.0,1.0,0.0,0
807848,285.391,2.792080000000001,0.0,4.0,49.150000000000006,2.0,1.0,0.0,1.0,1.0,4.0,3.0,21.0,2.0,1.0,1.0,112.0,0.0,2.0,0.0,0
11972589,361.402,0.0382999999999994,4.0,9.0,125.55,4.0,2.0,0.0,2.0,3.0,9.0,5.0,26.0,3.0,2.0,1.0,140.0,0.0,3.0,0.0,0
2956096,349.39000000000004,2.3321,2.0,4.0,84.23,7.0,3.0,1.0,2.0,0.0,6.0,3.0,26.0,0.0,0.0,0.0,132.0,0.0,2.0,2.0,0
969879,273.29200000000003,0.4058999999999999,0.0,5.0,64.43,1.0,2.0,1.0,1.0,1.0,6.0,3.0,20.0,1.0,0.0,1.0,104.0,0.0,2.0,1.0,0
2882073,242.366,4.193600000000003,2.0,2.0,24.06,4.0,1.0,1.0,0.0,0.0,2.0,2.0,18.0,1.0,0.0,1.0,96.0,0.0,1.0,0.0,0
1088698,371.4180000000002,2.8676000000000004,1.0,7.0,93.47,6.0,2.0,1.0,1.0,0.0,8.0,3.0,26.0,1.0,0.0,1.0,134.0,0.0,2.0,1.0,0
3241083,349.48100000000005,3.107980000000002,1.0,5.0,63.47,4.0,3.0,1.0,2.0,0.0,7.0,3.0,23.0,0.0,0.0,0.0,122.0,0.0,2.0,0.0,0
648429,499.6120000000005,3.2368200000000016,2.0,7.0,120.92,9.0,2.0,0.0,2.0,2.0,10.0,4.0,36.0,2.0,1.0,1.0,196.0,0.0,3.0,3.0,0
663410,421.88100000000014,2.821500000000001,2.0,6.0,100.73000000000002,6.0,2.0,1.0,1.0,1.0,9.0,3.0,29.0,1.0,0.0,1.0,156.0,0.0,2.0,1.0,0
3236052,308.381,4.305620000000004,0.0,3.0,46.34,1.0,3.0,1.0,2.0,1.0,4.0,4.0,23.0,1.0,0.0,1.0,118.0,0.0,3.0,1.0,0
118365288,429.4770000000002,2.1091,5.0,7.0,141.62,9.0,3.0,1.0,2.0,0.0,10.0,3.0,31.0,0.0,0.0,0.0,166.0,0.0,2.0,2.0,1
3235904,284.237,3.025400000000001,1.0,3.0,43.260000000000005,4.0,2.0,1.0,1.0,0.0,7.0,2.0,20.0,0.0,0.0,0.0,106.0,0.0,1.0,1.0,0
3246575,144.13,-1.4474999999999996,2.0,3.0,67.43,1.0,0.0,0.0,0.0,1.0,5.0,1.0,10.0,1.0,0.0,1.0,56.0,0.0,1.0,2.0,0
6605170,290.415,2.21674,1.0,6.0,58.870000000000005,7.0,2.0,0.0,2.0,0.0,6.0,2.0,21.0,0.0,0.0,0.0,116.0,0.0,2.0,0.0,0
2957695,287.319,0.8422999999999996,1.0,5.0,73.22,3.0,2.0,1.0,1.0,1.0,6.0,3.0,21.0,1.0,0.0,1.0,110.0,0.0,2.0,1.0,0
3234668,288.45700000000005,1.7800000000000002,0.0,3.0,40.620000000000005,3.0,0.0,0.0,0.0,2.0,5.0,2.0,19.0,2.0,0.0,2.0,112.0,1.0,2.0,0.0,0
2622461,363.84500000000014,3.150040000000001,2.0,3.0,78.51,3.0,1.0,1.0,0.0,2.0,7.0,3.0,25.0,2.0,1.0,1.0,134.0,1.0,1.0,4.0,0
707882,337.37500000000017,3.5808000000000018,0.0,4.0,51.91,3.0,3.0,2.0,1.0,1.0,5.0,4.0,25.0,1.0,0.0,1.0,128.0,0.0,2.0,1.0,0
2998294,390.87800000000016,4.384340000000003,2.0,6.0,73.16,2.0,4.0,2.0,2.0,0.0,7.0,5.0,28.0,1.0,0.0,1.0,140.0,0.0,3.0,0.0,0
652909,425.5140000000001,3.579920000000002,1.0,7.0,93.26000000000002,6.0,3.0,1.0,2.0,0.0,9.0,4.0,30.0,1.0,0.0,1.0,156.0,0.0,3.0,2.0,0
1290769,466.5260000000002,5.124920000000004,1.0,8.0,98.21,5.0,6.0,3.0,3.0,0.0,9.0,6.0,34.0,0.0,0.0,0.0,166.0,0.0,3.0,1.0,0
663590,450.53500000000025,4.087300000000004,0.0,6.0,72.22,9.0,3.0,2.0,1.0,0.0,7.0,4.0,33.0,1.0,0.0,1.0,174.0,0.0,2.0,1.0,0
