PUBCHEM_CID,SMILES,Label
3242216,Cc1c(NC(=O)c2cc(-c3ccc4c(c3)OCO4)on2)c(=O)n(-c2ccccc2)n1C,0
2582372,CN(C)CCCNC(=O)CCC1CCCCC1,0
2952637,NC(=O)CSc1nnnn1CC(CC(=O)O)c1ccccc1,0
1308992,CCN(CC)C(=O)Cn1c(=O)n(Cc2ccccc2Cl)c2c1c(=O)n(C)c(=O)n2C,0
16759061,CCC(=O)CC(NC(=O)OC)c1ccccc1,0
135417574,CCc1ccc(C2C3=C(CC(C)(C)CC3=O)Nc3c2c(=O)[nH]c2nc(C)nn32)cc1,0
6605170,CCCn1c(C)nc2c(NCCCN(C)C)nc(C)nc21,0
3246164,c1ccc([C@H](CCN2CCCC2)c2ccccn2)cc1,0
665094,CSCC[C@H](NC(=O)OC(C)(C)C)c1nnc(SCc2ccccc2)o1,0
656089,CC(c1ccccc1)C1NC(C(=O)O)CS1,0
3234275,CC(=O)N1CCC2(CCCN(Cc3nccs3)C2)CC1,0
6604803,CS(=O)(=O)Nc1c(O)ccc2c1CCC[C@H]2C1=NCCN1,0
887542,O=C(CCC1CCCCC1)Nc1ccccc1O,0
798678,COC(=O)C1CCN(C(=O)C2CCCCC2)CC1,0
3238961,COc1ccccc1-n1c(CNC(=O)c2ccco2)nnc1SCC(=O)Nc1cc(C)ccc1C,0
645406,CC1=CCC2C(=O)N(c3ccc4ccccc4n3)C(=O)C2C1,0
652330,Cc1ccc(-c2cc(C(F)(F)F)n3ncc(C(=O)O)c3n2)cc1,0
5389846,C/C(Cl)=C\Cn1c(NCCCn2ccnc2)nc2c1c(=O)n(C)c(=O)n2C,0
2200860,O=C(CN(c1ccc2c(c1)OCCO2)S(=O)(=O)c1ccccc1)Nc1ccc2c(c1)OCO2,0
700794,Cn1ncc(Cl)c1C(=O)Nc1cccnc1,0
651107,Cc1nc2ccccn2c1C(=O)NCc1cccnc1,0
2435699,Cc1cc(C(=O)OCC(=O)Nc2ccc(F)cc2F)c(C)o1,0
3237536,O=c1cc(N2CCc3ccccc32)[nH]c(=O)n1-c1ccccc1,0
533807,CCOC(=O)COc1ccc2nsnc2c1Cl,0
2194675,Cc1cccc(OCCCN2CCCCCC2)c1,0
3711835,CCOc1ccc(C2CC(c3cccc(Cl)c3)n3nc(N)nc3N2)cc1,0
647795,CCOc1ccc(NC(=O)Cn2nnc(-c3ccccc3F)n2)cc1,0
16757963,CC(C)c1c(O)ccc2c1CCC1C(C)(C)CCC[C@@]21C,0
135401674,CCN(CC)C(=O)CSc1nc(O)cc(=O)n1CC,0
656343,CCn1c(SCC(=O)OC2CCCCC2)nnc1-c1ccncc1,0
2952929,CCCC(=O)Nc1ccc(C(=O)NCCCn2ccnc2)cc1,0
2813774,CCOC(=O)Cn1cnc2c(nnn2Cc2ccc(Cl)cc2)c1=O,0
146201083,CCNc1cc(C(C)NC(=O)C(C)N2Cc3ccc(-c4nc(NC5CCOCC5)ncc4Cl)cc3C2=O)c(Cl)cn1,1
135426166,O=C1CC(c2ccco2)CC(O)=C1C=NCCO,0
3239101,COc1ccc2nc(NC(=O)CCNS(=O)(=O)c3ccc4c(c3)oc(=O)n4C)sc2c1,0
2290248,CCCCOCCCNC(=O)c1ccccc1OCC,0
89536037,CCOCc1[nH]nc2cc(NC(=O)N[C@H](C)c3ccccc3)ncc12,1
663343,CCCOc1ccc(CN(CCO)CCO)cc1C(=O)OC,0
2077685,O=C(CN(Cc1ccco1)C(=O)c1cc(=O)[nH]c2ccccc12)Nc1ccccc1Br,0
2207694,CCCCC(=O)Nc1cccc(NC(=O)c2ccc3c(c2)OCO3)c1,0
135449245,Cc1cc(=O)[nH]c(Cc2ccc(OC(C)C)cc2)n1,0
666027,N#Cc1ccc(-c2ccco2)nc1SCc1ccccc1,0
651958,N#CC1=C(N)SC(N)=C(C#N)C1CCC1CCCCC1,0
6604260,CC(=O)OCC(=O)[C@@]1(O)CC[C@@H]2[C@H]3CCC4=CC(=O)CC[C@]4(C)[C@]3(F)[C@@H](O)C[C@@]21C,0
2945968,O=C(NC1CCS(=O)(=O)C1)c1ccc(S(=O)(=O)NCC2CCCO2)cc1,0
118369746,C[C@@H](NC(=O)N1CCc2cnc(NC3CC(F)(F)C3)nc2C1)c1ccc(Cl)c(Cl)c1,1
2953868,CS(=O)(=O)CCC(C(=O)N1CCOCC1)N1C(=O)c2cc(Cl)c(Cl)cc2C1=O,0
644422,O=C(CSc1nnnn1-c1cccc2c1CCCC2)N1CCOCC1,0
3234863,COC(=O)N1CCC[C@@]2(CCN(C(=O)NC(C)C)C2)C1,0
3235140,Cn1c(=O)c(CCc2ccccc2)nc2cnc(N3CCOCC3)nc21,0
657660,Nc1ccccc1C(=O)OCCOc1ccccc1,0
3235975,O=C(CCCn1c(=S)[nH]c2cc3c(cc2c1=O)OCO3)N1CCN(c2ccccn2)CC1,0
977934,Clc1ccc(Br)cc1-c1nc(-c2cccnc2)no1,0
6604214,CCOC(=O)Oc1c(OC)cc(C(=O)O[C@H]2C[C@H]3CN4CCc5c([nH]c6cc(OC)ccc56)[C@@H]4C[C@H]3[C@@H](C(=O)OC)[C@@H]2OC)cc1OC,0
2997936,OC1CC(c2ccco2)NC2(CCCCC2)C1,0
118046443,Nc1ncc(C2CC2)nc1-c1ccc(C(=O)N[C@H](CO)c2ccccc2)c(F)c1,1
9587707,Cn1ncc(C#N)c1/N=C/N1CCCCC1,0
3000213,c1cn(CCCNC2=NCCCCC2)cn1,0
891582,Cc1cccc(-n2ncc3c(N4CCc5ccccc54)ncnc32)c1,0
16757674,C=C1CCC(O)C/C1=C/C=C1\CCC[C@@]2(C)C(C(C)/C=C/C(C)C(C)C)CC[C@@H]12,0
5307504,N#Cc1ccccc1Cn1c(=O)n(Cc2ccc(C(=O)NCc3ccco3)cc2)c(=O)c2sccc21,0
736191,Cc1cc(NC(=O)Nc2ccccc2)n(-c2ccccc2)n1,0
799512,CNC(=O)CN(C1CCCCC1)S(=O)(=O)c1ccc(F)cc1,0
2947994,COc1ccc(S(=O)(=O)N2CCCC2C(=O)Nc2nccs2)cc1,0
656350,CCCCNC(=O)C1CCCN1C(=O)Nc1cccc(OC)c1,0
2951526,CCOC(=O)CN1C(=O)C(O)(c2c(C)[nH]c3ccccc23)c2ccccc21,0
3238569,CCOC(=O)N1CCC(NC(=O)CCc2c(C)nc3c(c(C)nn3C(C)(C)C)c2C)CC1,0
3238214,CCOC(=O)c1ccc(NCc2ccc3c(c2)OCO3)cc1,0
3244049,O=C1Nc2ccccc2C(O)(C(=O)NCc2ccco2)N1c1ccc(Cl)c(Cl)c1,0
647410,CCOc1ccc(Nc2nc(Cc3nnc(SCC(=O)O)o3)cs2)cc1,0
654691,CCc1cc2c(NCCC(=O)O)nc(C)nc2s1,0
3233356,COCC(=O)N1CCC2(CC1)CN(C(=O)Nc1ccccc1)C2,0
736879,O[C@@H](Cc1ccncc1)C(Cl)(Cl)Cl,0
3234766,COCCn1c(=O)c(-c2ccc(OC)cc2)nc2cnc(Nc3ccccc3)nc21,0
34312,NC(=O)N1c2ccccc2CC(=O)c2ccccc21,0
974802,COc1ccc(C2(C(=O)Nc3cc(C)on3)CCOCC2)cc1,0
663482,O=C(O)C1C2C=CC3(CN(c4cccc(C(F)(F)F)c4)C(=O)C13)O2,0
6302446,C(=C/CSc1ncn[nH]1)\CSc1ncn[nH]1,0
966828,Cc1cc(N(CC(=O)O)S(C)(=O)=O)ccc1Br,0
3238997,O=C(Cn1cccc1C(=O)c1ccccc1)NCc1ccco1,0
759162,COC(=O)C(NC(=O)c1ccccc1)=C1C=C(C)OC(C)=C1,0
896859,CCS(=O)(=O)Nc1ccc(C(=O)OC)cc1,0
135441479,Nc1nc2c(nc(Br)n2C2CC(O)C(CO)O2)c(=O)[nH]1,0
2248058,Cc1c(N/C=C/C(=O)c2cccs2)c(=O)n(-c2ccccc2)n1C,0
92044620,Cc1cc(-c2n[nH]c3cc(NC(=O)N[C@H]4CN(C)C[C@@H]4C4CC4)ncc23)ccn1,1
3234757,COC(=O)N1CCC2(CCCN(c3ccccn3)C2)CC1,0
660681,CC(C)N=C(NC#N)SCC(=O)NC(C)(C)C,0
1510815,CC(=O)c1nnn(-c2nc(N)nc(N(c3ccccc3)c3ccccc3)n2)c1C,0
118021205,O=C(N1CCc2cnc(NC3CCOCC3)nc2C1)N1CCCC1c1ccccn1,1
652439,CCn1c(COc2ccccc2C)nnc1SCC(=O)N1CCC(C)CC1,0
651014,CC(=O)NC(Cc1ccc(C(C)C)cc1)C(=O)NC1CCN(c2nc(C)cc(C)n2)CC1,0
2621310,CC(=O)Nc1ccc(S(=O)(=O)N(C)S(=O)(=O)c2ccc(F)cc2)cc1,0
2922170,O=C(O)CC(Cc1ccccc1)c1ccc2c(c1)OCO2,0
2999575,O=S(=O)(c1ccc(OCC(O)CN2CCN(c3ccccc3O)CC2)cc1)N1CCOCC1,0
2214213,O=C(Nc1ccc2nc(-c3cccs3)c(-c3cccs3)nc2c1)N1CCOCC1,0
2211956,O=C(Nc1ccncc1)Nc1ccc(F)cc1F,0
646970,COc1cc(C2C(C(C)=O)=C(O)C(=O)N2CCc2c[nH]c3ccccc23)ccc1O,0
135415469,O=c1[nH]cnc2c1oc1ccccc12,0
3241677,CCOC(=O)C1CCN(C(=O)CC2C(=O)N(Cc3ccccc3)C(C)c3nc4ccccc4n32)CC1,0
16758539,C[C@@H]1CC[C@H]2C(=O)NC[C@@H](O)CN2[C@@H]1c1ccc(Br)cc1,0
648398,Cc1ccc(C(=O)NC2CC3CCCC(C2)N3C(=O)NC2CCCCC2)cc1,0
656351,O=C(NC1CCCCNC1=O)c1ccc(Cl)cc1,0
650114,COc1ccc(N2C(=O)C(Cl)=C(N(CCO)Cc3ccccc3)C2=O)cc1,1
6603942,CC(C)c1cc(F)cc2c1C[C@](CCN(C)CCCc1nc3ccccc3[nH]1)(OC(=O)C1CC1)CC2,1
651444,Cc1ccc(NC(=O)CS(=O)CC(=O)NCC2CCCO2)cc1,0
761296,CC(=O)Nc1ccccc1N(C)S(=O)(=O)c1ccc(C)cc1,0
644646,COCCCNC(=O)c1ccc2c(c1)OCO2,0
5409720,CN1/C(=C/C(=O)C2CCC2)Sc2ccccc21,0
118380920,COc1cccc(F)c1CNC(=O)Nc1cc2[nH]nc(N)c2cn1,1
665347,COc1cccc(N2C(=O)NC(=O)C3(Cc4cc(C)ccc4N(C)C3)C2=O)c1,0
5308789,COc1ccc(N2C(=O)C3CCCN3C2c2ccccc2)cc1,0
224270,O=C(O)CNC(=O)c1ccc([As](=O)(O)O)cc1,0
2336424,Cc1ccc(C)c(SCC(=O)OCC(=O)c2ccco2)c1,0
2965092,CCOC(=O)c1ccc(COC(=O)CNC(=O)CNC(=O)c2ccc(OC)cc2)o1,0
3246428,CC(=O)O[C@H]1CC[C@H]2[C@@H]3CCC4=C[C@@H](C5SCCS5)[C@H](OC(C)=O)C[C@]4(C)[C@H]3CC[C@@]12C,0
1643368,COCC(=O)/C=C1\Sc2ccccc2N1C,0
4283,CCNCCCNCCCCNCCCNCC,0
3233349,O=C(Nc1ccccc1)N1CC[C@@]2(CCCN(C(=O)c3ccncc3)C2)C1,0
3238262,Cc1nc2ccccc2n1CCc1nc2c3ccccc3nc(SCC(=O)NCc3ccco3)n2n1,0
852125,Cc1nc(-c2ccc(NS(C)(=O)=O)cc2)cs1,0
2546016,Nc1nc(SCCOc2ccccc2)n[nH]1,0
3237829,Cc1ccc(Nc2cc(=O)n(C3CCCCC3)c(=O)[nH]2)cc1C,0
648435,CN(C)c1ccc(C(=O)OCC(=O)c2cccs2)cc1,0
2249320,O=P(O)(O)/C=C(\Cl)c1ccccc1,0
2124522,CSc1ncccc1C(=O)OCn1nnc2ccccc2c1=O,0
2219259,Cc1ccc(Cn2ccc(NC(=O)CCSc3nc(-c4ccco4)cc(C(F)(F)F)n3)n2)cc1,0
652179,Nc1ccc2c(c1)C(=O)N(CCCC(=O)O)C2=O,0
5309735,CCOCCCNC(=O)C(c1ccc(Cl)cc1)N1CCN(c2ccccc2)CC1,0
970201,CC(C)NS(=O)(=O)c1ccc(CCC(=O)N2CCOCC2)cc1,0
975633,CC(C)n1c(NCc2ccc(N(C)C)cc2)nc2ccccc21,0
1245299,CCc1noc(C)c1C(=O)N1CCOCC1,0
155083,CCCC(=O)Nc1ccc(OC[C@@H](O)CNC(C)C)c(C(C)=O)c1,0
1034153,COc1ccccc1N1CCN(C(=O)c2oc3cc(C)c(C)cc3c2C)CC1,0
5308723,COCCN1Cc2cccc(C(=O)NCc3ccccn3)c2C1=O,0
6881141,CCCCNC(=O)c1c(N)n(/N=C/c2ccccn2)c2nc3ccccc3nc12,0
651452,CCn1c(=N)c(C(=O)NCc2cccnc2)cc2c(=O)n3cccc(C)c3nc21,0
2101083,Cc1occc1-c1n[nH]c(-c2nc3ccccc3[nH]2)c1-c1ccccc1,0
2216658,COC(=O)c1ccc(CNC(=O)CSc2nc3sc(C)c(C)c3c(=O)n2C)o1,0
977640,COc1cc(C)nc(NC(=O)COc2ccc(Cl)cc2C)n1,0
647393,CCC(C)NS(=O)(=O)c1ccc(OCC(=O)NCc2cccnc2)cc1,0
3243994,Cc1ccc(C2C(=O)N(C3CCC(C)CC3)CC(=O)N2C2CC2)cc1,0
121432346,CCNC(=O)OCc1nc(NC(=O)N[C@H](C)c2ccccc2)cc2cnn(-c3ccc(F)cc3)c12,1
135555953,O=c1[nH]cnc2c1nc(Cl)n2C1OC(CO)C(O)C1O,0
1815779,CC(C)(C)SCCNC(=O)CN1C(=O)c2ccccc2S1(=O)=O,0
3245473,O=C(CCCN1C(=O)c2cccnc2C1=O)N1CC(=O)N(CCc2ccccc2)C(=O)C1,0
648917,COC(=O)CSc1nc2cc(C)cc(C)c2cc1C#N,0
135436872,O=C(OCCOCCN=C1NS(=O)(=O)c2ccccc21)C1CC(=O)N(c2ccccc2)C1,0
2854484,Cc1cc(C)n(CC(O)Cn2c3ccccc3c3ccccc32)c(=O)n1,0
2430772,CC(C)NC(=O)CN(C)S(=O)(=O)c1ccc(F)cc1,0
899019,CN(C)CCNC(=O)c1cc2ccccc2oc1=O,0
2325032,O=c1nc2n(c3c1oc1ccccc13)Cc1ccccc1-2,0
650759,CCSc1nc2ccccc2n1CC(=O)N1CCCCC1,0
2080316,CS(=O)(=O)c1ccc(Cl)c(NC(=O)COC(=O)CNC(=O)c2ccc(Br)o2)c1,0
870380,C=CCc1c(C)[nH]c2ccc(C)cc2c1=O,0
135415500,CCC1C(O)=C(c2ccccn2)C(=N)N1c1ccccc1,0
2997787,O=C(CSc1ccc2c(c1)OCCO2)NCc1ccco1,0
92044783,Cc1cc(-c2n[nH]c3cc(NC(=O)NCC4CNC(=O)O4)ncc23)ccn1,1
650604,Cc1csc(NC(=O)CSc2nc3sc(C)c(C)c3c(=O)[nH]2)n1,0
3245082,COc1ccc(-n2c(=S)[nH]c3cc(C(=O)NCCCN4CCCC4=O)ccc3c2=O)cc1,0
3247185,COC(=O)[C@@]1(Cc2ccccc2)[C@H]2c3cc(C(=O)N4CCCC4)n(CC4CC4)c3C[C@H]2CN1C(=O)c1ccccc1,0
646049,COc1ccc(C(=O)N2CCN(C(=O)c3cc(OC)c(OC)c(OC)c3)CC2)cc1,0
2087349,O=C(COc1ncnc2ccccc12)NCCCN1CCCC1=O,0
3237955,CCOc1ccc(CCNS(=O)(=O)c2c(C)n[nH]c2C)cc1OCC,0
3239280,CCc1ccc(S(=O)(=O)NCCc2csc(-c3ccccc3)n2)s1,0
121418098,Cc1cc(-n2ncc3cc(NC(=O)NC4CNCC4c4ccccc4)ncc32)ccn1,1
1094863,O=C(Nc1ccc(F)cc1F)N1CCN(c2ncccn2)CC1,0
644432,O=C(CN1C(=O)CC(c2ccccc2)=Nc2ccccc21)NCc1ccco1,0
662000,Cc1cc2c(c(=O)n1Cc1cccnc1)C(c1ccc(F)cc1)C(C#N)=C(N)O2,0
3238599,Cn1c(=O)c2c(nc(NC3CCCCC3)n2CC(=O)C23CC4CC(CC(C4)C2)C3)n(C)c1=O,0
2876026,CCC(Sc1ccc(C(=O)O)cc1)C(=O)O,0
92044575,O=C(NCc1ccccc1)Nc1cc2n[nH]c(C3CC3)c2cn1,1
893343,CCOc1ccc(NC(=O)Nc2ccc3c(c2)nnn3C)cc1,0
5309792,Cc1cc(Nc2ccc(Br)cc2F)n2nc(C)nc2n1,0
3154616,CC(C)N1CC23C=CC(O2)C(C(=O)OCc2ccccc2)C3C1=O,0
16757745,CC[C@@]12CCCN3CCc4c(n(c5ccccc45)[C@](O)(C(=O)OC)C1)C32,0
662281,CC12CN3CC(C)(CN(C1)C3c1ccc(Br)cc1)C2,0
735089,O=C(Nc1nc2c(s1)CCCC2)Oc1ccccc1,0
5307134,CCOC(=O)C1CCCN(c2c(N3CCN(c4cccc(Cl)c4)CC3)c(=O)c2=O)C1,0
656147,O=C(CSc1ncc(-c2ccc(F)cc2)n1Cc1ccco1)Nc1nccs1,0
1352026,COc1ccc(-c2nc(-c3cccc(C(F)(F)F)c3)no2)cc1OC,0
3244401,O=C(NCc1ccc(F)cc1)c1cc(-c2ccco2)on1,0
2295226,CCCCC(=O)Nc1ccccc1C#N,0
670139,COc1ccccc1N1CCN(C(=O)Cc2cccs2)CC1,0
647562,Cc1ccc2cccc(SCC(=O)NCc3ccco3)c2n1,0
1087733,Cc1cc(NC(=O)c2cccc(S(=O)(=O)N3CCCC3)c2)no1,0
419706,NCCSc1nc2ccccc2s1,0
781543,O=C(O)c1ccccc1NS(=O)(=O)c1cccc2cccnc12,0
135439869,O=C(N/N=C/c1ccc[nH]1)c1ccc(COc2cccc3cccnc23)cc1,1
121416518,Cc1cc(-n2ncc3cc(NC(=O)NC4CC(c5ccccc5)CN(C)C4)ncc32)ccn1,1
3240550,Cc1nc(CNS(=O)(=O)c2cc(F)ccc2F)cs1,0
2155109,CCSc1nnc(NC(=O)CSc2nc3c(c(=O)n2-c2ccccc2)SCC3)s1,0
10607,COc1cc([C@@H]2c3cc4c(cc3[C@H](O)[C@H]3COC(=O)[C@H]23)OCO4)cc(OC)c1OC,0
973422,O=C(CCN1C(=O)c2ccccc2C1=O)Nc1ccc(F)cc1F,0
2997657,CCOC(=O)C1CCN(C(=O)COC(=O)COc2ccccc2OC)CC1,0
972468,COCC(=O)Nc1nc(-c2ccccc2)ns1,0
667243,Cc1nc(N2CCN(c3ccccc3)CC2)nc2c1C(=O)CC(C)C2,0
662384,COc1ccc(OC)c(C2=Nn3c(nnc3-c3cccc(OC(C)C)c3)SC2)c1,0
3246769,CCOC(=O)c1cc(OC(=O)c2cccnc2)n(-c2ccccc2)n1,0
6413100,C=CC1=C(C(=O)O)N2C(=O)C(NC(=O)/C(=N\O)c3csc(N)n3)C2SC1,0
5308340,Cn1nc(-c2ccc(Cl)cc2)c2cc(C(=O)NCCCN3CCOCC3)sc21,0
2670170,CN1CCN(c2ccc(Cl)cc2NC(=O)c2cccc(S(=O)(=O)N(C)C)c2)CC1,0
5309016,COc1ccc(C)cc1NC(=O)C1CCCN(S(=O)(=O)c2c(C)noc2/C=C/N(C)C)C1,0
1510322,O=C(c1ccc(N2CCNCC2)cc1)c1cccnc1,0
135403554,CCCSc1nc(N)cc(=O)[nH]1,0
5308048,CCOc1ccc(CCNC(=O)c2nnc(Cc3ccc(F)cc3)o2)cc1OCC,0
665038,COC(=O)c1c(C(=O)NCc2ccccc2)ncn1CC(O)COc1ccccc1,0
2999194,CC(OC(=O)C1CCN(S(=O)(=O)c2ccccc2)CC1)C(=O)Nc1ncc(Cl)cc1Cl,0
6603969,C[C@@H](Cc1ccccc1)Nc1ncnc2c1ncn2[C@@H]1O[C@@H](CO)[C@H](O)[C@@H]1O,0
1247224,CCc1sc(C(=O)N2CCN(S(C)(=O)=O)CC2)cc1Br,0
135501397,CCn1c(SCC(=O)N2CCOCC2)nc(O)cc1=O,0
135401253,O=S(=O)(c1ccc(Cl)c(NC(=S)N/N=C/c2ccc(O)cc2)c1)N1CCOCC1,1
11949132,COC(=O)[C@@H]1C[C@@]2(O)[C@@H](O)[C@@H](O)[C@@H](O)C[C@H]2N1Cc1cccnc1,0
5307979,CSCCC(NS(=O)(=O)c1ccc2c(c1)oc(=O)n2C)C(=O)NC1CCC(C)CC1,0
664210,COc1ccc(CCn2c(=N)c(C(=O)NCc3ccco3)cc3c(=O)n4cccc(C)c4nc32)cc1,0
270475,CC(=O)n1c(COS(C)(=O)=O)nc2ccccc21,0
2998489,Cc1cc(C)n2c(SCC(=O)N(C)C3CCS(=O)(=O)C3)nnc2n1,0
651749,CCOC(=O)c1ccc(NC(=O)NC2CCN(CC(=O)NCc3ccc4c(c3)OCO4)CC2)cc1,0
3238630,Cc1ccc(-c2cn3cccnc3n2)cc1NC(=O)c1c(-c2ccccc2Cl)noc1C,0
662538,CCCOP(=O)(c1ccc(N(C)C)cc1)C(O)c1ccncc1,0
73506034,CC1(C)c2cnc(NC3CCOCC3)nc2CN1C(=O)NCc1ccc(F)cc1,1
2948210,COc1ccccc1C1CC(c2ccc(Cl)cc2)Nc2ncnn21,0
3236873,COCCNC(=O)C1CC(=O)N(C2CCCC2)C1,0
2960828,Cc1cccc(NC(=O)c2cc(NC(=O)C3CC=CCC3C(=O)O)ccc2N2CCOCC2)c1,0
16758753,CCN1C(=O)[C@H]2[C@H]3[C@H](O)[C@H](O)C/C(=N/OCc4ccccc4)[C@@H]3CC[C@@H]2C1=O,0
2532858,COc1ccc(OC)c(NC(=O)CSc2nc(C)cs2)c1,0
648737,COc1ccc2cc(CN(CCCN3CCOCC3)Cc3nnnn3C3CCCC3)c(=O)[nH]c2c1,0
650616,Cc1ccc(S(=O)(=O)NCC(=O)N(CC(=O)NCc2ccco2)Cc2ccc3c(c2)OCO3)cc1,0
661803,CCOc1ccc(C2C(C#N)=C(N)Oc3cc(C)n(CCN(C)C)c(=O)c32)cc1OCC,0
2216508,O=C(COc1ccc2ccccc2c1Br)Nn1cnnc1,0
16758367,COc1ccc(O[C@H]2C=C[C@@H](c3ccccc3)O[C@H]2COC(=O)CC/C(C)=N/OCC[C@@H]2C=C[C@H](OC(C)=O)[C@H](COC(C)=O)O2)cc1,0
5309640,CC(C)CC(NS(=O)(=O)c1ccc2c(c1)oc(=O)n2C)C(=O)N1CC=C(c2ccccc2)CC1,0
284017,c1ccc2[nH]c(N3CCOCC3)nc2c1,0
2338011,COc1ccccc1CNC(=O)COC(=O)C1=COCCO1,0
3234969,COc1cccc(Cn2c(=O)cnc3cnc(N4CCN(C)CC4)nc32)c1,0
1051370,C=CCn1c(COc2cccc3cccnc23)nnc1SCC(=O)OC,0
94428,O=S(=O)(O)c1cc(O)c2c(N=Cc3ccccc3O)cc(S(=O)(=O)O)cc2c1,0
649612,CCOc1ccc2nc(NC(=O)CSc3nnc(-c4ccncc4)n3CC3CCCO3)sc2c1,0
661262,O=C(OCC#CCSc1nc2ccccc2o1)c1ccco1,0
664394,Cc1cccc(-c2c3c(=O)n(C)c(=O)n(C)c3cn2CCO)c1,0
3243216,COc1cccc(C2=CC(c3cccc(OC)c3OC(F)F)n3nnnc3N2)c1,0
16758982,CCCCCCCC#Cc1ccccc1C(NC(=O)OC)C(C(=O)OC)C(=O)OC,0
2407516,CN(C(=O)CSc1nnc(-c2ccco2)o1)C1CCCCC1,0
652362,O=C(CC1C(=O)OCN1C(=O)OCc1ccccc1)OCC(=O)c1ccccc1,0
653280,Cc1ccc(Nc2c3c(nc4ncnn24)CCC3)cc1,0
664769,CC(C)OC(=O)Nc1ccc(Oc2c(F)c(F)c(F)c(F)c2F)cc1,0
5271544,COc1ccc(C2CC(=O)c3ccc(OC)cc3O2)cc1,0
3240261,COc1ccccc1CNC(=O)CC(NS(=O)(=O)c1ccc(C)cc1)c1ccco1,0
2974580,CCOC(=O)N1CCN(C(=O)C2CCCN(S(=O)(=O)c3cc(C)ccc3OC)C2)CC1,0
664333,CCOC(=O)NC1(C(F)(F)F)NC(=O)N(Cc2ccco2)C1=O,0
2434011,O=C(Cn1cnc2ccccc2c1=O)c1c[nH]c2ccccc12,0
243723,COc1cc2c(cc1OC)C1C(=O)c3c(O)cc4c(c3OC1CO2)C=CC(C)(C)O4,0
659702,O=C(Nc1ccccc1)N(C1=NCCC1)c1ccc(OC(F)F)cc1,0
666448,COCCN1C(=O)c2oc3cc(C)c(C)cc3c(=O)c2C1c1ccc(O)cc1,0
3238724,COc1ccc(CNS(=O)(=O)c2ccc3oc(C(=O)O)c(C)c3c2)cc1,0
655190,COCCN(C(=O)c1csnn1)C(C(=O)NC(C)(C)C)c1cccc(OC)c1,0
3236353,Cc1ccc(-c2noc(CCC(=O)NCC3CCN(Cc4cccc(C)c4)CC3)n2)cc1,0
2829554,CCOC(=O)N(CC)c1ccc(C(O)(C(=O)OC)C(F)(F)F)cc1,0
2979014,CCOC(=O)C1C(=O)NC(N2CCOCC2)=NC1c1ccco1,0
54684665,O=C(NCC1CCCO1)c1c(O)c2c([nH]c1=O)CCCC2,0
270006,Clc1ccc(-n2cnnn2)cc1,0
2969310,COc1ccc(NC(=O)C2=C(C)Nc3ncnn3C2c2ccccc2C(F)(F)F)c(OC)c1,0
7966,OC1CCCCC1,0
2997832,O=C1CCC(C(=O)OCc2cc(Cl)ccc2OC(F)F)N1,0
647186,COc1cc(NC(=O)Nc2ccccc2OC)c(OC)cc1NC(=O)CN1CCCCC1,0
135417050,CC(=NCc1ccco1)C1=C(O)c2ccccc2C1=O,0
663438,O=S(=O)(c1cccc(-c2cn3cccnc3n2)c1)N1CCOCC1,0
2133511,Cc1sc2nc(SCC(=O)NCCO)n(C)c(=O)c2c1C,0
612424,CCn1c(N)c(C(=O)NC)sc1=S,0
89536182,O=C(NCc1ccc(F)cc1)Nc1cc2[nH]nc(-c3ccc(OC(F)(F)F)cc3)c2cn1,1
660106,COc1ccc(Cn2c3nc4ccccc4nc3c3c(=O)n(Cc4ccco4)cnc32)cc1,0
3247290,C[C@H](CO)NC(=O)[C@H](C)[C@@H]1C[C@@]1(C)[C@@H](NC(=O)OCc1ccccc1)c1ccccc1,0
2959157,Cc1cccc(N2C(=O)CC(N(C(=O)c3ccco3)c3cccc(C)c3)C2=O)c1,0
3235026,Cc1cccc(CNc2ncncc2-c2ccc(C(=O)N(C)C)cc2)c1,0
5255,CC(=O)NC(CC(=O)O)C(=O)NC(CCC(=O)O)C(=O)O,0
654625,CCOc1ccc(N(CC(=O)Nc2ccc(OC)cc2)S(C)(=O)=O)cc1,0
651032,O=C(Nc1ccccc1)C1CCN(c2nccs2)CC1,0
889054,CS(=O)(=O)N(Cc1ccco1)Cc1ccccc1Cl,0
1258040,COc1cc(C)c(Br)cc1S(=O)(=O)N1CCOCC1,0
2211111,Cn1c(=O)c2ncn(CC(=O)Nc3ccc4oc(-c5cccc6ccccc56)nc4c3)c2n(C)c1=O,0
5307384,O=C(NCc1cccs1)C(Cc1ccccc1)n1cccc1,0
2999899,O=C(CSc1ccc2c(c1)OCCO2)NCC1CCCO1,0
2975615,COc1ccc2c(c1)CCC(C)N2S(=O)(=O)c1ccc(C2CNC(=O)C2)cc1,0
2953635,CC(Oc1ccc(Cl)cc1Cl)C(=O)Nc1ccc(N2CCN(C)CC2)cc1,0
751506,COc1cccc(C(=O)N2CCSC2=S)c1,0
662691,COc1ccccc1C1C=C(c2ccc(Br)cc2)Nc2nc(NS(C)(=O)=O)nn21,0
654031,CN1CCN(C(=O)c2cc3c(n(-c4ccccc4)c2=O)CC(C)(C)CC3=O)CC1,0
655886,CCOC(=O)c1nnn(-c2nn3nnnc3c3ccccc23)c1C,0
1093460,Cn1c(=O)oc2cc(S(=O)(=O)NCCc3ccccc3)ccc21,0
658431,O=C(O)CN1CCOCCOCCN(CC(=O)O)CCOCCOCC1,0
663616,CCN1C(=O)/C(=C/N2CCc3ccccc32)SC1=S,0
5771783,CCC/C=C(\CCC)C(NS(=O)(=O)c1cccs1)c1ccc(C(=O)OC)cc1,0
5038,CCOC(=O)C(CCc1ccccc1)NC(C)C(=O)N1C(C(=O)O)CC2CCCC21,0
5337535,C(=C/c1ccccc1)\C=N\n1cnnc1,0
3613389,Nc1cc([N+](=O)[O-])ccc1O,0
3235498,CS(=O)(=O)N1CCC2(CCN(Cc3ccc(C#N)cc3)CC2)CC1,0
3236832,COc1ccc(CCNC(=O)C2CCN(S(=O)(=O)N3CCCCC3)CC2)cc1OC,0
2575543,O=C(CSc1nc2ccccc2c(=O)n1CCCO)NCc1ccccc1,0
649106,COc1cc(OC)cc(C(C(=O)NCc2ccccc2)N(Cc2ccco2)C(=O)c2ccno2)c1,0
3235645,O=C(Cn1cnc2c(oc3ccccc32)c1=O)N1CCN(c2ccccc2)CC1,0
652669,O=C(NC1CCCC1)C(c1ccc(N2CCOCC2)cc1)N(Cc1ccccc1)C(=O)c1ccco1,0
75106,O=c1ccc(-c2ccccc2)n[nH]1,0
647984,O=C(C1CC1)N(Cc1ccco1)c1nc(-c2ccccc2)cs1,0
5459750,COC(=O)N1[C@H](C)C=C[C@]1(Cc1ccccc1)C(=O)NCc1ccccn1,0
3244340,CCN(C(=O)Cc1c(C(=O)O)[nH]c2ccccc12)c1cc(OC)ccc1OC,0
3239025,CCOC(=O)C1CCCN(C(=O)CCCOc2cc(=O)n(C)c3ccccc23)C1,0
3236431,COc1cccc(C2CC(c3cccs3)Nc3ncnn32)c1,0
2999971,O=C(COC(=O)c1ccc(Cl)c(S(=O)(=O)N2CCCC2)c1)NC1CCCC1,0
3237782,COCCN1Cc2cccc(C(=O)NCc3ccccc3OC)c2C1=O,0
3235657,COc1cc2c(=O)n(-c3ccc(C)cc3)c(=O)n(CC(=O)c3ccc4c(c3)OCO4)c2cc1OC,0
650110,Cc1cccc(NC(=O)CSc2nnc(-c3ccco3)o2)c1C,0
1422080,CCc1ccc(Nc2nc(N)nc(CSc3nnnn3-c3ccccc3)n2)cc1,0
1547484,C(=C/c1ccccc1)\CN1CCN(C(c2ccccc2)c2ccccc2)CC1,0
782398,CCOc1ccccc1N1CCN(Cc2cccc(OC)c2O)CC1,0
1304906,O=C(OCc1ccc2c(c1)OCO2)c1ccc(S(=O)(=O)N2CCCC2)cc1,0
796653,CCOC(OCC)P(=O)(C(C)C)C(C)C,0
118365012,COc1n[nH]c2cc(NC(=O)N[C@H](C)c3ccc(Cl)c(Cl)c3)nc([C@H](C)O)c12,1
3236730,CC(C)OCCCNC(=O)C1CC(=O)N(C2CCCCCCC2)C1,0
2966047,CCN1C(=O)NC(c2cc(Br)ccc2OC)C(C(=O)OC)=C1C,0
6537491,C[C@@H]1CC2(OC(O)[C@]3(C)O[C@H]23)O[C@H]2C[C@@]3(C)[C@@H]4CC[C@H]5C(C)(C)C(O[C@@H]6OC[C@@H](O)[C@H](O)[C@H]6O)CC[C@@]56C[C@@]46CC[C@]3(C)[C@@H]12,0
652215,Cc1ccc(C(C(=O)NC(C)(C)C)N(CC2CCCO2)C(=O)Cn2nnc(-c3ccc(C)o3)n2)cc1,0
753611,Cc1cn2c(-c3cccnc3)nnc2s1,0
3834220,O=C(O)COc1ccc2c(c1)CCCC2,0
2225645,Cc1occc1C(=O)Nc1ccccc1C(=O)O,0
6389,FC(Cl)(Cl)Cl,0
654297,COc1ccc(Cn2nnnc2C(CC(C)C)N2CCN(c3ccccc3)CC2)cc1,0
663859,CCOC(=O)c1cnc(-n2cc(C)cn2)nc1NCc1ccc2c(c1)OCO2,0
708278,Cc1oc2ccc(OC(=O)N3CCOCC3)cc2c1C(=O)OC(C)C,0
645337,CC1(C)N([O-])C(c2cccs2)=C[N+]1=O,0
874190,CCOC(=O)c1c(NC(=O)OC)sc(C(=O)N(CC)CC)c1C,0
3245532,CCC(=O)NCCc1cc2cc(C)c(C)cc2[nH]c1=O,0
3241730,CCOC(=O)C1CCN(C(=O)Cc2c(C(=O)O)n(C)c3ccccc23)CC1,0
2998808,CCOC(=O)C1=C(C)NC2=C(C(=O)CC(C)(C)C2)C1c1ccc(N(C)C)cc1,0
3242762,O=C(Cc1ccc(F)cc1)N(c1ccccc1)C1C=CS(=O)(=O)C1,0
3235198,O=c1c(-c2cc(F)cc(F)c2)nc2cncnc2n1C1CC1,0
2980376,COc1ccccc1N1CCN(C(=O)C(C)N(c2ccc(C)c(C)c2)S(C)(=O)=O)CC1,0
3237574,CN1C(=O)c2ccccc2C(C(=O)NCCCN2CCCC2)C1c1c[nH]c2ccccc12,0
649769,CCCC1(C(=O)OCC)NC(c2ccc(N(C)C)cc2)C2C(=O)N(c3ccc(OCC)cc3)C(=O)C21,0
646006,COc1ccc(NC(=O)c2cnc(C)cn2)c2ncccc12,0
1179334,C=CCn1c(COc2cccc3ccc(C)nc23)nnc1SCC(=O)O,0
145713292,Cc1csc(C[C@@H]2CCOc3cc(-c4ccnc(Nc5ccnn5C)n4)cc4nnc2n34)n1,1
780136,O=C(c1ccco1)N1CCN(Cc2ccccc2C(F)(F)F)CC1,0
2259039,c1ccc(-c2ccc(-c3nc(-c4cccnc4)no3)cc2)cc1,0
2354153,Cc1cc(NC(=O)COc2cccc(Oc3ccccc3)c2)no1,0
644744,O=c1[nH]c2cc3c(cc2cc1CN(Cc1nnnn1CC1CCCO1)C1CCCCC1)OCO3,0
663945,Nc1c(C(=O)NCc2ccc3c(c2)OCO3)c2nc3ccccc3nc2n1CCCN1CCOCC1,0
647490,CCn1c(COc2ccccc2C)nnc1SCC(=O)NCc1ccccc1,0
118380875,CCNc1n[nH]c2cc(NC(=O)NCc3cccc(F)c3)ncc12,1
649764,O=C(CSc1nnnn1C1CCCC1)NCc1ccc2c(c1)OCO2,0
2221530,O=C1CCC(=O)N1OCCOc1ccc2c(c1)CCC2,0
776143,Cn1c(-c2ccccc2)cc(=O)c2ccccc21,0
667349,COc1cccc(CNn2cnnc2)c1OCc1ccccc1F,0
647452,Cn1c(=O)[nH]c(=O)c2c1nc(N1CCCCC1)n2CC(O)CN1CCCCC1,0
2998646,CN1CCCN(CC(O)COCc2cccs2)CC1,0
667282,CS(=O)(=O)N(Cc1cc2ccccc2[nH]c1=O)C1CCCCC1,0
648115,CCOc1ccccc1N(C(=O)CNC(=O)c1ccco1)C(C(=O)NC1CCCC1)c1cccnc1,0
2319923,O=C(CC1(C(F)(F)F)OCCO1)Nc1ccc2c(c1)OCO2,0
653951,O=C(CSc1nnc(-c2ccco2)n1Cc1ccco1)N1CCOCC1,0
1637519,O=C(NCCO)c1nc(NCCO)c2ccccc2n1,0
2997546,COc1ccc(-n2c(SCc3nnc(-c4ccccc4)o3)nnc2-c2ccccc2)cc1,0
653745,Cn1c(CN2CCOCC2)nnc1SCC(=O)NC1CCCCC1,0
654333,CC(C)n1nnnc1SCC(=O)NCc1ccco1,0
646142,CC(C)CC(=O)N1CCN(S(=O)(=O)c2ccc(F)cc2)CC1,0
3243858,CCOC(=O)c1oc2ccccc2c1NC(=O)COC,0
3235343,COCC(=O)N1CCC[C@@]2(CCN(C(=O)Nc3ccc(OC)cc3)C2)C1,0
2999147,O=C(C1CCCN1C(=O)c1cccs1)N1CCN(Cc2ccc3c(c2)OCO3)CC1,0
3241428,COc1cccc2c1OC1(C)CC2NC(=O)N1c1cccc(C(=O)Nc2ccc3c(c2)OCCO3)c1,0
135424180,CC1(C)OC2C(CO)OC(n3cnc4c(=O)[nH]c(N)nc43)C2O1,0
1251528,COc1ccc(-c2csc(N3CCC(C(N)=O)(N4CCCCC4)CC3)n2)cc1,1
118365308,COc1n[nH]c2cc(NC(=O)N[C@H](C)c3ccccc3)nc(OC)c12,1
665545,CN1C(=O)c2oc3ccccc3c(=O)c2C1c1ccccn1,0
73505655,COc1cc([C@@H](C)NC(=O)Nc2cc3[nH]nc(NC(=O)N[C@H](C)c4ccc(Cl)c(OC)c4)c3cn2)ccc1Cl,1
3236624,Cc1ccc(CN2CCSc3ccc(C(=O)N4CCN(c5ncccn5)CC4)cc32)cc1,0
540540,CC(=O)N=c1sc2nc3ccccc3nc2n1N(C(C)=O)C(C)=O,0
2968134,Cc1nc(-c2ccc(C(=O)N3CCOCC3)cc2)cs1,0
73505824,CC1(C)c2cnc(NC3CCOCC3)nc2CN1C(=O)NCc1cccc(F)c1,1
2999595,CCCNC(=O)NC(=O)CSc1nc2ccccc2n1CC(C)C,0
2978907,COC(=O)C1=C(CSc2nc3ccccc3o2)NC(=O)NC1c1cc(C)ccc1C,0
565132,O=C(CC(=O)Nc1ccccn1)Nc1ccccn1,0
655910,CCc1nnc(NC(=O)CSc2nnc(-c3ccoc3C)n2CC(C)C)s1,0
3235059,CC(=O)NCCNc1ccnc(-c2ccccc2C(F)(F)F)n1,0
824050,COc1ccc(Br)cc1C(=O)Nc1nnn(C)n1,0
2998461,CN(C(=O)c1ccco1)C1(c2ccccc2Cl)CCCCC1=O,0
108767,Cc1sc2ccccc2[n+]1CCC(=O)O,0
665842,CCOCCc1nnc(NC(=O)c2ccc(OC)c(OC)c2)s1,0
665725,Cn1c(=N)c(S(=O)(=O)c2ccc(F)cc2)cc2c(=O)n3ccccc3nc21,0
648366,CCCSC1=C(C#N)C(c2ccccc2C)C(C(=O)OC)C(=O)N1,0
655650,O=C(Oc1ccc(Cl)c2cccnc12)N1CCCCC1,0
135449546,Cc1ccc(-n2[nH]c(C)c(/C=N/c3ccccn3)c2=O)cc1,0
651334,Cc1cc(C)c(C#N)c(SCC(=O)OC2CCCCC2)n1,0
2135723,N=c1oc2c3c4c(cc2cc1C(=O)Nc1ccccc1)CCCN4CCC3,0
2533589,O=C(CCC(=O)N1CCc2ccccc2C1)N1CCN(S(=O)(=O)c2ccccc2)CC1,0
3125473,CCCC(=O)N1c2ccccc2C(=C2SC(C(=O)OC)=C(C(=O)OC)S2)C(=S)C1(C)C,1
646673,COc1ccc(C2(O)CCN(CCCCOc3ccccc3)CC2)cc1,0
658130,CCN1CCCC(OC(=O)Nc2ccccc2)C1,0
646917,COc1ccc(NC(=O)N2CCCC2C(=O)Nc2ccc(C)c(Cl)c2)cc1,0
259998,Cc1cccc(-c2nnc(-c3ccccc3)o2)c1,0
665453,Cn1c(O)c(C=NC2C(=O)C3(C)CCC2C3(C)C)c(=O)n(C)c1=O,0
3243606,O=C(CCN1CCN(C(=O)c2ccco2)CC1)Nc1ccc(F)cc1,0
3242398,Cc1oc(-c2ccccc2F)nc1CN1CCC(C(=O)NCc2ccco2)CC1,0
92044583,O=C(Nc1cc2n[nH]c(C3CC3)c2cn1)NC1CCCOc2ccccc21,1
611317,Cc1ccc(Nc2nc(C)cc(C)n2)c(Br)c1,0
976124,c1ccc(Cc2ccc(OCCn3cncn3)cc2)cc1,0
2997336,CC1(C)CC(=O)C2=C(C1)NC(=O)CC2c1ccccc1F,0
2243191,O=C(c1ccco1)n1nc(NCc2ccccc2)nc1NCc1ccccc1,0
5538639,CCOC(=O)c1cc2cc(-c3c(C(=O)OCC)oc4cc(O)cc(O)c4c3=O)ccc2o1,0
645408,CCOC(=O)c1c(NC(=O)Cn2nnc3ccccc32)sc2c1CCC(C)C2,0
653040,O=S(=O)(NCc1ccccc1)c1ccc(S(=O)(=O)N2CCCCC2)cc1,0
1285995,CCN=C1SCC(=O)N1c1ccc(OC)cc1,0
665184,O=C(CSc1nc2ccccc2s1)Nc1ncccn1,0
646473,Cc1ccc(C)c2[nH]c(=O)c(CN(Cc3ccc4c(c3)OCO4)Cc3nnnn3Cc3ccco3)cc12,0
2198,CN1C2CC(OC(=O)C(CO)c3ccccc3)CC1C(O)C2,0
2312275,C=C(C)c1cccc(C(C)(C)NC(=O)Nc2ncccn2)c1,0
650956,Cc1cc(C)c2[nH]c(=O)c(C(c3nnnn3Cc3ccc4c(c3)OCO4)N3CCC(C)CC3)cc2c1,0
3234768,CS(=O)(=O)N1CCC[C@@]2(CCN(C(=O)Nc3cccc(C#N)c3)C2)C1,0
3234866,O=c1c(-c2cccs2)nc2cncnc2n1Cc1ccccc1,0
5351841,C=CCNS(=O)(=O)c1ncnc2nc[nH]c12,0
2845758,CCOC(=O)C1CCCCN1Cc1cc(Cl)ccc1O,0
3236938,Cc1ccc(NC(=O)C2CC(c3ccc(F)cc3)=NO2)cc1,0
4313322,CN1C(=O)NC(c2ccccc2)C2=C1CN(Cc1ccco1)C2=O,0
3239152,O=C1CCC(C(=O)N(Cc2ccco2)C2(C(=O)NC3CCCC3)CCCCC2)N1,0
664909,O=C1c2oc3ccccc3c(=O)c2C(c2cccnc2)N1CCCN1CCOCC1,0
2219283,COC(=O)c1sccc1NC(=O)CSc1nnnn1-c1ccccc1F,0
1538766,Cn1c(SCC(=O)OCC(=O)c2ccccc2)nnc1-c1cccs1,0
3236895,Cc1cc(NC(=O)c2cc(-c3cccc(Cl)c3)on2)no1,0
2623396,O=C(CSc1nnc(-c2ccccc2F)n1C1CCCCC1)N1CCCC1,0
2577,CCCCCCNC(=O)n1cc(F)c(=O)[nH]c1=O,0
3243863,COc1ccc(NC(=O)c2cc(-c3ccccc3OC)on2)cc1,0
895260,COc1cccc(N2CCN(C(=O)NC3CCCCC3)CC2)c1,0
6890025,C=CCn1cnc2c(c1=O)c1nc3ccccc3nc1n2/N=C/c1ccccn1,0
666205,Cc1ccc2c(c1)CC1(CN2C)C(=O)NC(=O)N(c2ccccc2C)C1=O,0
664729,N#Cc1nc(-c2ccc(OCc3ccccc3)cc2)oc1NCCCn1ccnc1,0
73504798,CCNc1n[nH]c2c(C)c(NC(=O)N[C@H](C)c3ccccc3)ncc12,1
4441427,O=c1[nH]c(=O)n(C2CCCCCC2)c(O)c1C=NCc1ccc(F)cc1,0
715902,CC(=O)Nc1nonc1NC(=O)CSc1ccccn1,0
593548,CCOC(=O)C1CCN(S(=O)(=O)c2ccc(NC(=O)OC)cc2)CC1,0
2131669,O=C(O)CCC(=O)NCCn1c(-c2ccccc2)csc1=Nc1ccccc1,0
715139,COc1cc(NC(=O)c2ncn[nH]2)cc(OC)c1OC,0
121416677,Cc1cc(-n2ncc3cc(NC(=O)N[C@H](CN4CCOCC4)c4ccccc4)ncc32)ccn1,1
1356335,COc1ccccc1NC(=O)c1cc(S(=O)(=O)N2CCOCC2)ccc1Cl,0
2998294,Cc1cc(C2N=C(N)Nc3nc4ccccc4n32)c(C)n1-c1ccccc1Cl,0
2886398,O=C(NC1=NCCS1)C1CC2CCC1C2,0
2408760,O=S(=O)(c1cccc(-c2nnco2)c1)N1CCCC1,0
975566,COc1ccc(S(=O)(=O)N2CCn3c2nc2ccccc23)cc1,0
4215541,Cc1cccc(CN2CCN(CC(=O)NCc3ccc(F)cc3)C2=O)c1,0
653164,NC(=O)CN(c1ccccc1)C1SC(=O)N(Cc2ccccc2)C1=O,0
1581116,CCC(=O)NCCCOc1ccccc1,0
3233179,Cn1cc(-c2nc3cnc(Oc4ccccc4)nc3n(C3CC3)c2=O)c2ccccc21,0
943516,O=C(OCc1c(Cl)cccc1Cl)c1ccccn1,0
3244052,COc1ccc(C2C(C(=O)O)c3ccccc3C(=O)N2C)cc1Br,0
650306,Cc1ccc(C(=O)CSc2ccccn2)cc1,0
2079329,CCOC(=O)c1ccoc1CSCc1ccc(C(=O)OC)o1,0
6604916,O=C1Nc2cc(Cl)c(Cl)cc2N2CCNC[C@H]12,0
2950893,O=C(COc1ccc(S(=O)(=O)NCc2ccccc2)cc1)NCC1CCCO1,0
664049,CN1CCN(c2oc(COc3ccc(-c4ccccc4)cc3)nc2C#N)CC1,0
2160377,CCOc1ccc(C(=O)Nc2c3c(nn2-c2cccc(Cl)c2)CS(=O)C3)cc1,0
3246741,CCNc1nc(N)nc(Oc2ccc(OCC)nn2)n1,0
2117728,Cc1cccc(NS(=O)(=O)c2cc(C(=O)OCC(=O)Nc3cc(C)on3)ccc2C)c1,0
874726,CCOC(=O)c1c(-c2ccncc2)csc1N,0
1844826,Cn1nnnc1SCC(=O)Nc1ccc(N2CCOCC2)cc1,0
5307949,COc1ccc(-c2nc(CS(=O)CC(=O)NCc3cccnc3)c(C)o2)cc1,0
1250015,O=C(NCc1ccccc1)c1ccc(-c2ccccc2F)o1,1
647334,O=C(CN(C(=O)CSc1nnc(COc2ccccc2)o1)c1ccc(F)cc1)NC1CCCCC1,0
649146,COc1ccc(OC)c(C(C(=O)NCc2ccco2)N(C(=O)Cn2nnc3ccccc32)C(C)C)c1,0
5309538,Cc1oc(-c2ccccc2F)nc1CS(=O)(=O)CC(=O)NC1CCCC1,0
665681,Cc1cc(C)n(-c2nc(SCC(=O)Nc3nccs3)c3c4c(sc3n2)COC(C)(C)C4)n1,0
1007663,COC(=O)c1cccc(Oc2nc3c(c(=O)n(C)c(=O)n3C)n2Cc2ccc(C)cc2)c1,0
3242687,COc1ccccc1CNC(=O)CCN1C(=O)COc2ccccc21,0
3239246,Cc1ccc(-n2ncc3c(=O)n(CC(=O)N4CCCCCC4)cnc32)cc1,0
1251861,Cc1cc(C)c(NC(=O)c2ccc(S(=O)(=O)N(C)C)cc2)c(C)n1,0
2210679,Cc1cccc(C)c1-n1nnnc1S(=O)(=O)Cc1ccccc1Cl,0
664107,CCCCOCCCNC(=O)N[C@@H](CC(C)C)C(=O)O,0
1157606,O=C(COc1ccccc1)Nc1ccc(Cl)c(-c2nc3ncccc3o2)c1,0
654038,O=C(NCc1ccco1)C(c1ccccc1)N(Cc1cccnc1)C(=O)Cn1nnc2ccccc21,0
5351877,NC(N)=N/N=C(\c1ccc(Cl)cc1)C1CC1,0
5307455,O=C(Cn1cc2c(n1)CCCCC2)NCc1ccccn1,0
2093865,Cc1cnc(NC(=O)CN(C)S(=O)(=O)c2ccc(Cl)cc2)s1,0
2951616,CN1C(=O)CC(n2c(CO)nc3ccccc32)C1=O,0
660143,CC(C)CNC(=O)NC1C(NC(=O)NCC(C)C)N(C)C(=O)N1C,0
11870310,O=C(/C=C/c1ccc(O)c(O)c1)O[C@@H]1C[C@@](O)(C(=O)O)C[C@H](O)[C@@H]1O,0
654283,O=C(CSc1n[nH]c(-c2ccccc2)n1)c1ccc(O)c(O)c1,0
118045920,N#CCc1cnc(N)c(-c2ccc(C(=O)N[C@H](CO)c3ccccc3)c(F)c2)c1,1
118374035,COC(=O)[C@H](NC(=O)Nc1cc2[nH]nc(OC)c2c(CO)n1)c1ccccn1,1
261491,CC(C)[C@]12CC(=O)[C@H](C)[C@H]1C2,0
665720,Cc1[nH]n2c(=O)cc(C(C)(C)C)nc2c1-c1ccccc1,0
663768,CCN(CC)CCCNc1oc(-c2cccc(Cl)c2)nc1C#N,0
5307657,Cc1nc2ccccc2c2oc(C(=O)N3CCN(C(=O)c4ccco4)CC3)cc12,0
2999584,O=C(NCC1CCCO1)c1cc(-c2ccco2)nc2ccccc12,0
225067,Cn1c(=O)c2c(nc(Cc3ccccc3)n2CC(=O)O)n(C)c1=O,0
912382,COc1cccc(C(=O)NCCC2=CCCCC2)c1OC,0
3244299,COc1ccc(S(=O)(=O)Cc2ccc(C(=O)N3CCC4(CC3)OCCO4)o2)cc1,0
3241952,Cc1cc(C(=O)N2CCCc3ccccc32)no1,0
11972590,C[C@@]12C=CC(=O)C=C1CC[C@@H]1[C@@H]2[C@H](O)C[C@]2(C)[C@@H]1CC[C@]2(O)C(=O)CO,0
648079,Clc1ccccc1Cn1nnc2c(N3CCCC3)ncnc21,0
3242282,CC(=O)c1c(C)[nH]c(C(=O)N2CCCCCC2)c1C,0
644466,N#Cc1c(-c2ccco2)cc(-c2ccc(F)cc2)nc1N,0
5816668,O=C(NC1CSC/C1=N\O)c1ccccc1,0
2224351,CSc1ccc(S(=O)(=O)Nc2ccc(NC(C)=O)cc2)cc1,0
3240986,Cc1cccc(-c2nc(CS(=O)CC(=O)NCCCSC3CCCCC3)c(C)o2)c1,0
3246177,CSCC[C@@H](C(=O)O)N(C)C,0
741243,O=C(NCCN1CCCC1=O)Nc1ccccc1,0
648064,Cc1ccc(NCc2nnc(SCC(=O)N3CCCc4ccccc43)o2)c(C)c1,0
9568673,Cc1ccc(C)c(S(=O)(=O)c2c(N)n(/N=C/c3ccco3)c3nc4ccccc4nc23)c1,0
3236470,CCOc1ccc(-n2c(SCC(=O)Nc3ccc(OC)cc3OC)nc3c(c2=O)SCC3)cc1,0
651263,CN1CC=C2C(C#N)=C(N)C(C#N)(C#N)C(Cc3ccccc3)C2C1,0
665895,COCCn1c(-c2cc(OC)c(OC)c(OC)c2)nc2oc3ccccc3c(=O)c2c1=O,0
3233273,CN1CCN(c2ncnc3ccc(-c4ccc(C(=O)N(C)C)cc4)cc23)CC1,0
6603729,C=CCN1CCc2c(cc(O)c(O)c2Br)[C@H](c2ccccc2)C1,0
3238382,O=C(NCc1ccco1)c1cc(-c2cccs2)on1,0
1090461,COC(=O)COc1ccc(S(=O)(=O)NCc2ccco2)cc1Cl,0
267548,O=C(O)CCC1COc2ccccc2O1,0
645192,N#CC1=C(N)Oc2c(oc(CO)cc2=O)C1c1cccs1,0
2112813,O=C(CNC(=O)c1ccc(Cl)cc1Cl)NCC(=O)Nc1ccccc1N1CCOCC1,0
3240998,CCOC(=O)CN1C(=O)COc2ccc(Cl)cc21,0
121416560,Cc1cc(-n2ncc3cc(NC(=O)NCc4cn(C)cn4)ncc32)ccn1,1
644557,O=C(NCCC1=CCCCC1)c1ccc(CN2CCOCC2)cc1,0
3244568,Cc1ccc(C2CC(c3cccc(Br)c3)Nc3nnnn32)cc1,0
3245602,O=C(NC1CC1)c1ccc(COc2ccc(F)cc2)o1,0
3234501,COc1cccc(-c2cncnc2NCc2ccc(OC)cc2OC)c1,0
651467,CCn1nnc(-c2ccccc2NC(=O)c2ccc(-n3cnnn3)cc2)n1,0
662409,O=C(c1ccncc1)N1C2C=CC(C2)C1(C(F)(F)F)C(F)(F)F,0
3240312,Cc1ccccc1NC(=O)c1ccc(F)c(S(=O)(=O)N2CCN(c3ccccn3)CC2)c1,0
3243551,COc1ccc(Br)cc1CNC(=O)CCc1nc(-c2ccccc2F)no1,0
441082,C[C@H]1[C@H]2CC[C@H]3[C@@H]4CC=C5C[C@@H](N(C)C)CC[C@]5(C)[C@H]4CC[C@]23CN1C,0
3241243,O=C1C2CCCN2C(c2ccncc2)N1c1ccc(Cl)c(Cl)c1,0
647330,O=C(c1ccc(N2CCOCC2)cc1)c1cccs1,0
656292,CC(=O)NC1CC2CCCC(C1)N2S(=O)(=O)c1ccccc1,0
3233872,CC(C)NC(=O)N1CC[C@@]2(CCCN(C(=O)c3ccco3)C2)C1,0
3235458,c1ccc2c(-n3ccnc3)nc(-c3ccoc3)nc2c1,0
401019,c1cnc(N2CCN(Cc3c[nH]c4ccccc34)CC2)nc1,0
2909886,CC1(C)NC(=O)N(CC(O)CN2CCCC2)C1=O,0
3000098,COC(=O)C(NC=O)C(O)(Cc1ccccc1)C(F)(F)F,0
574780,CN1CCN(CCc2ccc(Cl)c(Cl)c2)CC1,0
2236013,O=C(Oc1ccc(-c2ccccc2)cc1)N1CCCCC1,0
662386,COc1ccc(CNc2nc3c(c(=O)n(Cc4ccc(Cl)cc4)c(=O)n3C)n2C)cc1,0
1082588,Cc1ccc(S(=O)(=O)c2nc(C(C)(C)C)oc2N2CCOCC2)cc1,0
649044,O=c1oc2ccccc2c(N2CCCCC2)c1CN1CCCCC1,0
650028,CC(=O)c1ccc(NC(=O)c2ccc(S(=O)(=O)N3CCCC3)cc2)cc1,0
977540,NC(=O)c1ccccc1NC(=O)CS(=O)(=O)Cc1ccccc1,0
664503,COc1cc(C(=O)OCc2cc3ccccc3[nH]c2=O)cc(OC)c1OC,0
290219,Cc1oc2ncnc(N)c2c1C,0
699697,CCC(=O)Nc1ccc(F)c(Cl)c1,0
970473,CCOC(=O)c1ccc(NC(=O)Nc2ccc3c(c2)OCCO3)cc1,1
6860072,Cc1ccc(OCCn2c(C)c(/C=N/n3cnnc3)c3ccccc32)cc1,0
3237685,O=c1cc(N2CCc3ccccc32)[nH]c(=O)n1Cc1ccc(F)cc1,0
3239742,O=C(CN1CCOc2ccccc21)NCc1cccs1,0
5308641,COc1ccc(Nc2oc(COc3ccccc3F)nc2C#N)cc1,0
650000,COCCN(C(=O)Cn1nnc2ccccc21)C(C(=O)NC1CCCC1)c1cc(OC)ccc1OC,0
3304200,CCN(CC)S(=O)(=O)c1ccc(C(=O)N2CCN=C2SC)cc1,0
6602478,CC1=CC(=O)C2=C(C)C[C@H](O)[C@H]3[C@H](C)C(=O)O[C@@H]3C12,0
837064,O=C(Nc1cccnc1)c1ccc(Oc2ccccc2)cc1,0
3243168,O=C(CNC(=O)c1ccco1)OCN1C(=O)c2ccccc2C1=O,0
2227897,NC(=O)c1ccccc1NS(=O)(=O)Cc1ccc(Cl)cc1,0
3237860,CC(C)OCCCn1c(=S)[nH]c2ncccc2c1=O,0
651825,CC(=O)Nc1ccccc1C(=O)N1CC(C)OC(C)C1,0
3233483,Cc1cnc(CNc2ncnc3ccc(-c4ccccc4C#N)cc23)cn1,0
3642325,CCOc1ccccc1C1C(C(N)=O)=C(C)Nc2nc(CCCO)nn21,0
2110867,Cc1cc(C)nc(-n2nc(C)c3c(C(F)F)cc(C)nc32)n1,0
3237957,O=C(Nc1ccc2c(c1)OCO2)C(c1ccc(Cl)cc1)N1CCC2(CC1)OCCO2,0
988894,COC(=O)c1cc(OC)c(OC)cc1NC(=O)c1ccc(Br)o1,0
2224447,CCOCCSc1nnc2nc(C)cc(C)n12,0
4568719,CSC1=NCCN1C(=O)Cc1ccc(F)cc1,0
3235305,Cc1noc(C)c1-c1ccc2ncnc(Nc3ccc(F)cc3)c2c1,0
29228,O=[N+]([O-])c1c(Cl)cc(Cl)cc1Cl,0
73506461,CC1(C)c2cnc(NC3CCOCC3)nc2CN1C(=O)NCc1ccc(Cl)cn1,1
649572,CCOc1ccc(OCC)c(NC(=O)C2CCN(c3ncccn3)CC2)c1,0
1365837,O=C(CCCN1C(=O)c2ccccc2C1=O)Nc1ccccc1C(=O)N1CCOCC1,0
650326,CCOc1ccccc1-n1c(SCC(=O)NCc2ccco2)nnc1-c1ccncc1,0
3239116,COc1ccc(-c2cc(C(=O)Nc3cnn(Cc4ccccc4C)c3)no2)cc1OC,0
644833,CCCN1C2CCCC1CC(NC(=O)c1ccccc1F)C2,0
92044681,COC[C@@H](NC(=O)Nc1cc2[nH]nc(-c3cncc(OC)c3)c2cn1)c1ccc(F)cc1,1
1367,Nn1nnc2ccccc21,0
1072058,Cc1cccc(OCC(=O)N2CCN(C(=O)CCC3CCCC3)CC2)c1,0
2062280,Nn1c(SCC(=O)N2CCCCC2)nnc1-c1ccncc1,0
2587038,Cc1cc(C)n2nc(SCC(=O)N(C(C)C)C(C)C)nc2n1,0
7416,O=[N+]([O-])c1ccccc1,0
1247743,O=C(Nc1sccc1C(=O)N1CCOCC1)c1cccnc1,0
977052,Cn1cccc1-c1nc2ccc(NC(=O)c3ccco3)cc2[nH]1,0
647246,CCN(CC)C(=O)c1ccc(NC(=O)CSc2nnnn2-c2cc(OC)ccc2OC)cc1,0
783701,Oc1ccc(Br)cc1CN1CCN(c2ccccc2)CC1,0
535511,c1cc2nnnn2nc1N1CCCCC1,0
5308522,COc1ccc(Cl)cc1NC(=O)CSc1nnc(Cn2c(=O)sc3ccccc32)n1C,0
6604770,O[C@@H](c1ccccc1)C1CCN(CCc2ccccc2)CC1,0
798973,CCOC(=O)C1CCN(C(=O)c2cccc(Cl)c2)CC1,0
828747,CCS(=O)(=O)n1nc(-c2ccc(C)cc2)nc1N,0
648620,COc1ccc(C(C(=O)NC(C)(C)C)N(Cc2ccco2)C(=O)CCC(=O)Nc2cc(C)on2)cc1,0
3237125,CCOc1ccc(-c2cc(C(=O)NCCCN3CCN(CC)CC3)c3ccccc3n2)cc1,0
3242098,O=C(NCCCN1CCN(c2cccc(Cl)c2)CC1)c1nc(-c2ccncc2)no1,0
2960897,CCC(C)Oc1cccc(OCCCCN2C(=O)NC(C)(C)C2=O)c1,0
5307597,CCn1c(=O)c2cc(C(=O)Nc3cc(C)on3)sc2c2ccccc21,0
68072,Cc1cc(O)cc(O)c1C(=O)O,0
16758151,CC(=O)NC1C(O)C[C@@](O)(C(=O)O)OC1[C@@H](O)C(O)CO,0
778164,CC(=O)c1cc(C)ccc1OC(=O)c1cccc2nc(C)oc12,0
16758307,CO[C@H]1COC(=O)[C@@H](OCc2ccccc2)/C=C\[C@H](C)[C@@H](OC)COC(=O)[C@H](OCc2ccccc2)/C=C\[C@@H]1C,0
646278,CCc1nnc(NC(=O)CSc2nnc(-c3cc4ccccc4cc3O)n2CC)s1,0
667241,O=C(O)c1cc(NCc2c(F)cccc2Cl)ccc1N1CCOCC1,0
11949145,COC(=O)[C@@H]1C[C@@]2(O)[C@H](O)[C@H](O)[C@H](O)C[C@H]2N1Cc1ccc(N2CCN(C)CC2)cc1,0
2039682,O=S(=O)(Nc1ccc2c(c1)nc1n2CCN(Cc2ccccc2)C1)c1ccccc1,0
16758679,O=C(N/N=C1/C[C@@H](O)[C@@H](O)[C@@H]2[C@@H]3C(=O)N(C[C@@H]4CCCO4)C(=O)[C@H]3CC[C@@H]12)OCc1ccccc1,0
742385,CC1(C)C(C#N)=C(N)OC2=C1C(=O)CCC2,0
651891,COc1cccc(N(C(=O)CNC(=O)c2ccco2)C(C(=O)NC2CCCCC2)c2ccncc2)c1,0
2225158,CC(C)OCCCNC(=O)c1ccncc1,0
2713349,CCOC(=O)c1c(C)[nH]c(C(=O)NCc2ccccc2OC)c1C,0
1093889,COc1ccc(NC(=O)c2nc3nc(C)cc(C(F)F)n3n2)cc1OC,0
664261,CC(C)C(=O)N(Cc1cc(=O)[nH]c2ccccc12)c1ccccc1,0
2388866,O=S1(=O)CCN2C(=N1)SC1=C2CCN(Cc2ccccc2)C1,0
3233578,CN(C)C(=O)c1ccc(-c2cc(-n3ccnc3)ncn2)cc1,0
1246565,O=C(Nc1ccon1)c1ccc2c(c1)OCO2,0
646277,COc1ccc(-n2nnnc2SCC(=O)N2CCCC2)cc1OC,0
2028808,c1ccc(-c2nn3c(Cn4nnc5ccccc54)nnc3s2)cc1,0
659171,Cc1ccc(N2CCN(c3ccc(C)cc3)C(CC(=O)O)C2=O)cc1,0
3240777,CCOC(=O)c1[nH]c(C)c(C(=O)NC(C)(C)C)c1C,0
666696,COc1ccccc1-c1nnc2sc(-c3cc4ccccc4o3)nn12,0
92044615,Cc1cc(-c2n[nH]c3cc(NC(=O)NC(C)(C)CO)ncc23)ccn1,1
579006,COc1ccc(NC(=O)Cn2nnc(-c3ccccc3F)n2)cc1,0
2950878,C=CCN1C(=O)C(O)(CC(=O)c2c(C)n[nH]c2C)c2cc(Br)ccc21,0
3236187,CCN=C1SC(CC(=O)Nc2sc(C)c(C)c2C(=O)OC)C(=O)N1CC,0
22883,O=C(O)COc1ccc(Cl)cc1CO,0
663453,CCn1c(NCc2ccccn2)nc2c1c(=O)n(C)c(=O)n2C,0
645584,O=C(O)CSc1nnc(-c2cccnc2)n1Cc1ccccc1,0
3237521,COc1ccc(C)cc1NC(=O)C1CCCN(S(=O)(=O)c2cccc3nonc23)C1,0
3240410,CC(=O)N1CCCc2cc(S(=O)(=O)Nc3ccc4c(c3)OCO4)ccc21,0
653266,COC(=O)Cn1cc(C(=O)c2ccco2)c2ccccc21,0
102861,CCCCCC1C(=O)CCC1CC(=O)OC,0
3233798,O=C(c1csnn1)N1CCC2(CC1)CCN(c1ccncc1)CC2,0
665493,COc1cccc(OC)c1-c1nn2c(-c3cc(-c4ccccc4)n[nH]3)nnc2s1,0
3243899,COc1ccc(S(=O)(=O)N2CCCN(CC(=O)Nc3ccc4c(c3)OCO4)CC2)cc1,0
3241011,CCN(CC)CCn1c(=S)[nH]c2ccc(Cl)cc2c1=O,0
3242873,O=C(CSCc1cnn(-c2ccccc2)c1-n1cccc1)NCc1ccc2c(c1)OCO2,0
3242815,CCOC(=O)N1CCN(C(=O)CSc2nnc(-c3cccc(OC)c3)o2)CC1,0
2360945,CCOC(=O)c1cc(NC(=O)NCc2ccco2)c(C)nc1C,0
1523405,CCN1C(=O)c2cccc3c(S(=O)(=O)Nc4ccccc4OC)ccc1c23,0
2961286,O=C(CCCOc1ccc(Cl)cc1Cl)N1CCN(c2ccccn2)CC1,1
2879,Cc1ccc(O)cc1,0
1088163,COc1ccc(C(=O)c2oc3ccc(OC)cc3c2N)cc1,0
3236333,Cc1cccc(CCNC(=O)C2CCCN(S(=O)(=O)c3cccc4nsnc34)C2)c1,0
16758912,CCC(=O)[C@@]1(O)C(=O)N2C(=C3C(=O)OCCC31)N(Cc1ccccc1)C(C)=C(C(=O)OC)C2c1ccccc1,0
3247362,C[C@@H](C(=O)Nc1ccc2ccccc2c1)[C@@H]1C[C@@]1(C)[C@@H](NC(=O)c1cccnc1)c1ccccc1,0
3239992,O=C(CN1C(=O)CN=C(c2ccccc2)c2ccccc21)NCc1ccco1,0
664616,O=C(Cc1ccccc1)NC(NCCCN1CCOCC1)(C(F)(F)F)C(F)(F)F,0
688581,C[C@@H](C(=O)O)c1ccc(C(=O)c2cccs2)cc1,0
664603,N#C[C@@H]1[C@@H]2C(=O)N(c3ccc4c(c3)OCCO4)C(=O)[C@@H]2C2c3ccccc3C=CN21,0
752648,C=CCn1c(N)c(C(=O)NCc2cccnc2)sc1=S,0
5307415,CCn1cc(C(=O)NCC2CCCO2)c(=O)c2cc(S(=O)(=O)N(C)C3CCCCC3)ccc21,0
3241761,CCOC(=O)N1CCN(C(=O)CCSCCc2ccncc2)CC1,0
3242247,Cc1cccc(N2CCN(C(=O)c3ccc(NS(=O)(=O)c4c(C)noc4C)cc3)CC2)c1C,0
3245470,Cn1c(=O)cc(SCC(=O)NCCCN2CCOCC2)c2ccc(Cl)cc21,0
934640,CNC(=O)c1ccc(OCc2ccccc2)c(OC)c1,0
654539,Fc1ccc(Cn2nnnc2C(c2cccs2)N2CCCCCC2)cc1,0
16758652,O=C(N/N=C1/C[C@@H](O)[C@@H](O)[C@@H]2[C@@H]3C(=O)N(Cc4ccc5c(c4)OCO5)C(=O)[C@H]3CC[C@@H]12)OCc1ccccc1,0
3603231,CN(C)c1ccc(N=Nc2ccccc2C(=O)OCC(=O)NCC2CCCCC2)cc1,1
935042,Cc1nc2nc(COc3ccccc3)nn2c(C)c1Cl,0
644667,Cc1cccc(C)c1NC(=O)C(c1cccs1)N(Cc1ccco1)C(=O)Cn1nnc2ccccc21,0
3234013,O=C(c1cc(C(F)(F)F)cc(C(F)(F)F)c1)N1CCC2(CC1)CCN(c1ncccn1)CC2,0
351610,Nc1nnc(-c2ccco2)s1,0
2168969,CCc1nc(SCC(=O)Nc2ccccc2C(=O)OC)n[nH]1,0
786395,COc1nc(C#N)c(N2CCOCC2)o1,0
3246756,CSc1nnc2c(n1)OC=Nc1ccccc1-2,0
665914,Cc1nc(NC2=NCN(Cc3cccnc3)CN2)nc2c(C)cccc12,0
650825,CCOc1ccc(C(=O)Nc2ccc(N3CCCC3)cc2)cc1,0
54689728,O=C(CC1CCCCC1)c1c(O)c2ccccc2oc1=O,0
3242104,CCC(NS(=O)(=O)c1ccc(C)cc1)C(=O)O,0
665009,CC(CSc1nc2ccccc2s1)Cn1c(N2CCCC2)nc2c1c(=O)[nH]c(=O)n2C,0
2302300,CCc1nc2ccc(C(=O)NCc3ccco3)cc2nc1CC,0
649928,COCCNC(=O)C(c1ccco1)N(C(=O)Cn1nnc2ccccc21)c1cc(C)ccc1C,0
3241120,COc1cc2c(C(=O)N3CCN(Cc4ccc5c(c4)OCO5)CC3)cn(C)c(=O)c2cc1OC,0
6603943,Oc1ccc2c3c1O[C@@H]1c4[nH]c5c(c4C[C@@]4(O)[C@@H](C2)N(CC2CC2)CC[C@]314)C[C@]1(O)[C@@H]2Cc3ccc(O)c4c3[C@@]1(CCN2CC1CC1)[C@H]5O4,0
2320418,CN(C)c1ccc2c(c1)N=C(c1ccco1)OP2(=S)N1CCOCC1,0
6518171,CN(CCOc1ccc(C[C@H](Nc2ccccc2C(=O)c2ccccc2)C(=O)O)cc1)c1ccccn1,0
6604749,O=C(Nc1ccccc1)N[C@H]1C[C@H](C(=O)O)Nc2cc(Cl)cc(Cl)c21,0
657959,Cc1cc(=O)[nH]c(SCC(=O)C23CC4CC(CC(C4)C2)C3)c1C#N,0
2997568,CN1C(=O)C(O)(c2sc(N)nc2-c2ccccc2)c2ccccc21,0
2937278,COCCOC(=O)C1=C(C)N(Cc2ccccc2)C(=O)NC1c1cccc(OC)c1OC,0
71098,N[C@H](Cc1ccc(O)cc1)C(=O)O,0
2236482,COc1ccc2c(c1)N(C(=O)CSc1n[nH]c(C)n1)C(C)(C)C=C2C,0
5307610,CCc1cccc(Nc2cc(C)nc3nc(C)nn23)c1,0
869793,Cc1nc2ccccc2nc1N1CCC(C)CC1,0
3236551,COc1ccc(-c2cc3c(=O)n(CC(=O)NC4CCN(Cc5ccccc5)CC4)ncn3n2)cc1,0
3237095,Cc1ccc(CNC(=O)c2oc3ccc(S(=O)(=O)N4CCC5(CC4)OCCO5)cc3c2C)cc1,0
2997538,C=CCn1c(SCC(=O)NC2CCS(=O)(=O)C2)nc2scc(C3CC3)c2c1=O,0
647067,Cc1ccc2[nH]c(=O)c(CN(Cc3nnnn3C3CCCC3)C3CCCCC3)cc2c1,0
4122234,CCN(CC)S(=O)(=O)c1ccc(S(=O)(=O)N2CCN(CCC#N)CC2)cc1,0
118365120,COCCOc1n[nH]c2cc(NC(=O)N[C@@H](c3ccccc3)C(C)(C)O)ncc12,1
648164,Cc1ccc(-c2noc(CN3CCC(C(N)=O)CC3)n2)cc1,0
3234812,N#Cc1cccc(-c2cncnc2NCc2ccccc2)c1,0
2197468,O=C(c1ccc(NS(=O)(=O)c2cccc3cccnc23)cc1)N1CCOCC1,0
945821,CCc1ccc(CCC(=O)Nc2ccc(C)cc2C)o1,0
5459529,Cc1nn(-c2ccccc2)nc1CNC(=O)C(C)Cc1ccccc1,0
607388,FC(F)(F)C(F)(F)C(F)(F)c1nnc2ccc(N3CCOCC3)nn12,0
1242794,CCOc1ccccc1C(=S)N1CCCC1,0
646181,Cc1cc(C)c2cc(C(O)c3nnnn3Cc3ccccc3)c(=O)[nH]c2c1,0
3247275,COCCNC(=O)[C@H](C)[C@@H]1C[C@@]1(C)[C@@H](NC(=O)OCc1ccccc1)c1ccccc1,0
4618046,Cc1ncc(CO)c2cc(S(=O)(=O)c3ccc(F)cc3)c(=O)oc12,0
707882,COc1ccc2oc(-c3ccccc3)c(C(=O)N3CCOCC3)c2c1,0
3242175,O=C1C2CCCN2C(c2ccc(Cl)cc2)N1c1nccs1,0
6333,ClCBr,0
5914219,CCOC(=O)CC(/C(C)=N\O)c1ccccc1,0
646937,Cc1ccc(NC(=O)CN2C(=O)C(C)Oc3ccccc32)nc1,0
660190,CCOC(=O)C1=C(CSc2nc(C)ccc2C#N)OC(N)=C(C#N)C1c1cccc(OC)c1OC,0
661071,O=C(O)c1ccc(COc2ccccc2Cl)cc1,0
3245493,CCOC(=O)C1CCCN(C(=O)C2CCN(S(=O)(=O)N3CCC4(CC3)OCCO4)CC2)C1,0
16758626,CC(=O)OC[C@@H]1O[C@@H](O/N=C2/C[C@@H](O)[C@@H](O)[C@@H]3[C@@H]4C(=O)N(c5cccc(Oc6ccccc6)c5)C(=O)[C@H]4CC[C@H]23)[C@H](OC(C)=O)[C@H](OC(C)=O)[C@@H]1OC(C)=O,0
1318798,CN(C)c1nc(Oc2ccc(C(=O)OCC(=O)Nc3ccccc3)cc2)nc(N(C)C)n1,0
6518267,COC(=O)[C@@H]1CC[C@H](C)[C@@H](c2ccc(C)cc2)N1C(=O)c1ccc(/C=N\OC[C@@H](O)COCc2ccco2)cc1,0
3244194,CCOC(=O)N1CCN(C(=O)C2CCN(S(=O)(=O)CC)CC2)CC1,0
648993,COc1ccc(S(=O)(=O)N2CCSC2c2ccccc2)cc1,0
1088698,COCc1cc(C)nc(SCC(=O)Nc2ccc3c(c2)OCO3)c1C#N,0
2415229,Clc1c(-c2nnc3n2CCC3)sc2ccccc12,0
973141,O=C(CSc1ncn[nH]1)c1ccc2c(c1)OCO2,0
16758196,CCC12C=CCN3CCC4(c5ccc(OC)cc5N(C)C4[C@@](O)(C(=O)OC)C1OC(C)=O)C32,0
6604735,COC(=O)/C=C\c1cc(O)ccc1O,0
653179,CCOCCCNC(=O)c1c(-c2ccccc2)noc1C,0
4103652,COc1ccc(C(=O)c2oc3ccc(Br)cc3c2NC(C)=O)cc1,0
3242113,CC(=O)Nc1ccc(N=Cc2nc(-c3ccc(C)cc3)oc2O)cc1,0
818944,CC1(C)Cc2ccccc2C(Nn2cnnc2)=N1,0
135436886,CCCSc1nnc(-c2ccccc2NC(=O)CC)c(=O)[nH]1,0
3244971,COc1ccc(C2=CC(c3sccc3C)n3nnnc3N2)cc1,0
6603973,CCCCCCCCCCCCCC(=O)O[C@H]1[C@@H](C)[C@@]2(O)[C@@H](C=C(CO)C[C@]3(O)C(=O)C(C)=C[C@@H]23)[C@H]2C(C)(C)[C@@]12OC(C)=O,0
3233724,O=C(c1cccc(F)c1)N1CCC[C@@]2(CCN(c3ccccc3)C2)C1,0
5771726,CCCOc1ccc(C2/C(=C(/O)c3ccc(F)cc3)C(=O)C(=O)N2CCCN(C)C)cc1,0
2947255,Cc1cc(C)nc(SC2CCOC2=O)n1,0
3233197,Cc1cnc(CNc2cc(-c3cccc(C#N)c3)ncn2)cn1,0
5308529,CCC(C)NC(=O)CC1Oc2ccc(C)cc2NC1=O,0
1820,O=C(O)c1cc2cc(F)ccc2[nH]1,0
2837578,COc1cc(C2C(C#N)=C(N)Oc3cc(O)ccc32)cc2c1OCO2,0
608335,Cc1nn(Cc2ccccc2Cl)c(C)c1N,0
648213,COC(=O)c1cccc(NC(=O)CSc2nnc(COc3ccc(C#N)cc3)n2-c2ccccc2)c1,0
3246101,OC[C@@H]1O[C@@H](n2cnc3c(SCc4ccccc4)ncnc32)[C@@H](O)[C@H]1O,0
3240876,Cc1ccc(C)c(NC(=O)CC(NCCCN2CCOCC2)C(=O)O)c1,0
599957,c1cc2c(nn1)CCc1nonc1-2,0
3238621,CC(C)OC(=O)c1cccc(C(=O)OCc2ccco2)n1,0
3246663,Cc1ccc(CN2CCN(Cc3ccc(C)o3)[C@@H](C)C2)o1,0
2952129,Cc1cc(C)c2nc(C(F)(F)F)nc(N3CC(C)OC(C)C3)c2c1,0
68066,COC(=O)c1c(C)cc(OC(=O)c2c(C)cc(O)c(C=O)c2O)c(C)c1O,0
5309124,Cc1ccc(S(=O)(=O)Cc2ccc(C(=O)N3CCCCCC3)o2)cc1,0
652664,COc1ccc(C2(O)CCN(CC(=O)Nc3nccs3)CC2)c(OC)c1,0
644895,Cc1cccc(OCc2nnc(SCC(=O)N3CCc4ccccc43)n2C)c1,0
2586514,CCn1c(SCC(=O)NCC(=O)Nc2ccc(F)cc2)nnc1-c1cccs1,0
664773,CCC1CCCCN1C(=O)N[C@@H](CCSC)C(=O)OC,0
2243291,COC(=O)c1ccccc1NC(=O)c1nc2nc(C)cc(C)n2n1,0
650148,Cc1[nH]c2ccc(-c3nnc(SCC(=O)N4CCCc5ccccc54)o3)cc2c1C,0
2844839,C=CCOC(=O)C1CC=CCC1C(=O)Oc1ccc(F)cc1F,0
744090,CNc1ccc(OC(F)F)cc1C(=O)c1ccccc1,0
5307477,CC1CCN(C(=O)C2CCC(CNS(=O)(=O)c3cccc4cccnc34)CC2)CC1,0
2854991,COc1ccc(CCNC2CC(=O)N(CCc3ccccc3)C2=O)cc1OC,0
644715,CCCn1c(SCC(=O)NC2CCCCC2)nnc1-c1ccncc1,0
644700,CCOc1ccc(-c2nnn(CC(=O)Nc3cc(OC)cc(OC)c3)n2)cc1OCC,0
768661,CCn1c2c(c3cc(C(=O)O)ccc31)CCCC2=O,0
647486,Cc1cccc(NC(=O)N2CCC(c3nc4ccccc4o3)CC2)c1,0
653321,O=C(c1ccccc1)N1CCCOC1c1ccccc1,0
3241472,CC(C)(C)C1CCc2onc(C(=O)Nc3cnn(Cc4ccc(F)cc4)c3)c2C1,0
3236174,COc1ccc(C(=O)NCc2nnc(SCC(=O)N3CCN(c4ccccc4)CC3)o2)cc1OC,0
934965,CN1CCn2c1nc(N1CCOCC1)nc2=O,0
2998898,O=C(CSc1nnc(NC2CCCCC2)s1)NC1CCS(=O)(=O)C1,0
2190927,CN(C)c1ccc(N/C=C/C(=O)c2ccc(F)cc2)cc1,0
663020,CCCCc1cc(=O)oc2cc(C)cc(OCC(=O)O)c12,0
5309059,O=C(Cn1cc2c(n1)CCCC2)NCc1cccc(Cl)c1,0
3245490,COc1ccc2nc3oc(C(=O)NCc4cccs4)cc3cc2c1,0
2968088,O=C1NC(c2ccccc2)(C(F)(F)F)C(=O)N1Cc1cccnc1,0
649959,CC(C)CNC(=O)C1CC(=O)OC12CCCCC2,0
1259263,Cc1ccc(Nc2nc(Oc3ccc(=O)[nH]n3)nc(N(C)C)n2)cc1,0
834457,NS(=O)(=O)c1ccc(NCc2c(F)cccc2Cl)cc1,0
3245118,CCCN(CCC)CCNC(=O)c1cc2c(C)nc3ccccc3c2o1,0
625722,CC(=O)c1c(C)n(CCCOC(C)C)c2ccc(O)cc12,0
135449540,CCCC(C)C1(CC)C(=O)NC(=Nc2ccc(F)cc2)NC1=O,0
2243194,CCOC(=O)C(Cc1cc(C(C)=O)ccc1OCC)C(=O)OCC,0
2788860,CCOC(=O)c1c(N)sc2c1CCC(C)C2,0
2239590,COC(=O)c1c(NC(=O)CSc2nnnn2-c2ccccc2)sc2c1CCCC2,0
121416656,Cc1cc(-n2ncc3cc(NC(=O)NCc4cccc(Cl)c4)ncc32)ccn1,1
662707,Cc1[nH]c(=O)[nH]c(=O)c1CSc1nnc([C@@H](NC(=O)OC(C)(C)C)C(C)C)o1,0
654436,Cc1nc2ccccc2c(=O)n1-c1cccnc1,0
5456,CCCCCCCCCCCCCCCC[N+](C)(C)CCN(Cc1ccc(OC)cc1)c1ncccn1,0
871284,COc1cccc(CNCc2ccccn2)c1OC,0
2586975,Cc1cc(C)cc(N(CCC#N)C(=O)CSc2nc3nc(C)cc(C)n3n2)c1,0
652337,O=C(CSc1nnc(CNc2ccc(F)cc2)n1Cc1ccco1)NC1CC1,0
3236287,O=C(CNS(=O)(=O)c1ccc(Br)s1)Nc1ccc2c(c1)OCCO2,0
5309069,C=CCn1c(=O)n(CCOC)c(=O)c2sc3ccccc3c21,0
2802499,CCN(CC)S(=O)(=O)C1CCS(=O)(=O)C1,0
2970934,COc1cc(NS(=O)(=O)c2ccc(NC(=O)C3CCCO3)cc2)nc(OC)n1,0
3237201,CCCCOC(=O)C1=C(C)NC2=C(C(=O)CCC2)C1c1cc(OC)ccc1OC,0
977705,O=C(COc1ccccc1Cl)N1CCN(c2ccccc2F)CC1,0
662801,COc1nc(NC(C)(C)C)nc(Oc2ccc(=O)n(-c3ccccc3)n2)n1,0
247882,NC1(C(=O)NC2(C(=O)O)CCCC2)CCCC1,0
121416597,C[C@@H](NC(=O)Nc1cc2cnn(C3CCCCC3)c2c(CO)n1)c1ccccc1,1
665829,O=C(NCC1CCCO1)[C@@H]1CSC2c3ccccc3C(=O)N21,0
704291,O=C(c1ccncc1)N1CCN(C(=O)c2cccs2)CC1,0
11948999,CCC1=C(OC(=O)N(CC)CC)N2C(=O)OC(=NCC3CC3)[C@]2(Cc2ccccc2)[C@H]2C1=CC[C@H]1C(=O)N(CC)C(=O)[C@H]12,0
2999793,Cn1cccc1C(=O)Nc1nccs1,0
970687,COc1ccc(NC(=O)Nc2ccc(N(C)C)cc2)cc1,0
89536079,Cc1cc(-c2n[nH]c3cc(NC(=O)N[C@H](C)C4CCC4)ncc23)ccn1,1
1076051,Cn1c(NC(=O)c2ccccc2NC(=O)C(C)(C)C)nc2ccccc21,0
650720,O=C(CSCc1ccccn1)Nc1ccccc1,0
2713239,COc1ccccc1CNC(=O)Cn1cnc2ccccc2c1=O,0
646291,Cc1ccc(C)c(N2CCN(C(=O)C3CCN(c4nc(C)cc(C)n4)CC3)CC2)c1,0
3234819,O=c1c(-c2ccccc2)nc2cnc(Nc3ccccc3)nc2n1Cc1cccs1,0
659289,C/C(NC1CCCCC1)=C(/C#N)C(=O)NCCN1CCOCC1,0
2972136,COc1ccccc1C(=O)Nc1ccc2c(c1)nc(CCNC(C)=O)n2C,0
6604036,CN(C(=O)Cc1ccccc1)[C@@H]1CC[C@@]2(CCCO2)C[C@H]1N1CCCC1,0
978300,O=C(CS(=O)(=O)Cc1ccccc1)NCc1ccc2c(c1)OCO2,0
3237482,CCC(CCC(=O)Nc1cccc(C(=O)O)c1)C(=O)O,0
1244186,Cc1cc(C(=O)Nc2ccc(S(=O)(=O)Nc3onc(C)c3C)cc2)c(C)o1,0
118045720,Nc1ncc(C2CCOCC2)nc1-c1ccc2c(c1)OCCN(Cc1ccccc1)C2=O,1
172268,[O-][N+]1(CC[N+]2([O-])CCCCC2)CCCCC1,0
3242092,COc1cc(OC)cc(C(=O)Nc2ccc(-c3nc4ccccc4o3)c(O)c2)c1,0
649172,CN(C)C(=O)Cn1c(SCC(=O)N2CCCc3ccccc32)nc2ccccc21,0
650570,Cc1nc2ncnn2c(N2CCN(C(=O)c3cccc(F)c3)CC2)c1Cc1ccccc1,0
135418632,O=C1CC(c2ccccc2)CC(O)=C1C=NCCN1CCNCC1,0
3239278,O=C(CSc1ccc2nnc(-c3cccc(F)c3)n2n1)NCc1ccco1,0
5309266,Cc1nc2ccc(S(=O)(=O)NC(C(=O)NCc3ccco3)C(C)C)cc2s1,0
3233209,CN(C)c1ncc2nc(-c3ccc(F)cc3)c(=O)n(C3CC3)c2n1,0
3237180,O=P(O)(O)C(O)C(F)(F)C(F)(F)C(F)(F)C(F)F,0
2304338,CS(=O)(=O)N(CC(=O)Nc1ccc2c(c1)OCCO2)c1ccc2c(c1)OCO2,0
651100,CCc1cc2cc3c(cc2nc1SCC(=O)N1CCN(C(=O)c2ccco2)CC1)OCO3,0
750580,Cc1ccc(-c2nnc(SCc3ccccc3F)o2)cc1,0
647188,Cn1c(=O)c2c(nc(CN3CCOCC3)n2CCc2ccccc2)n(C)c1=O,0
649409,Cc1ccc2c(c1)NCCO2,0
599710,CCOC(=O)CCc1nc2ccccc2[nH]c1=O,0
5309104,CCOC(=O)c1cccc(NC(=O)C2CCN(S(=O)(=O)c3cnc[nH]3)CC2)c1,0
660442,CN1CCc2c(sc3c2C(=O)NC(c2ccccn2)N3)C1,0
647391,CC(Sc1ncc(C#N)c(N)n1)C(=O)Nc1ccccc1,0
2087787,COc1ccc(CCC(=O)NC2=NCCS2)cc1OC,0
5307349,CCOC(=O)N1CCC(Nc2c(N3CCN(c4cc(Cl)ccc4C)CC3)c(=O)c2=O)CC1,0
651999,O=C(NC1CCCCC1)N(CCN1CCOCC1)Cc1cc2cc3c(cc2[nH]c1=O)OCCO3,0
650958,CCOC(=O)C(C(C)=O)c1nc(C)nc2c1nnn2Cc1ccccc1Cl,0
2089640,COc1ccc(C(C)=O)cc1COC(=O)c1ccc(OCc2c(C)noc2C)cc1,0
16758487,C=CC[C@@H]1C=C[C@H](O/N=C\[C@@H](C)[C@H](OCc2ccccc2)C(C)C)[C@H](CO)O1,0
655120,COC(=O)CSc1nnc2c(C)cc3cc4c(cc3n12)OCCO4,0
5310902,CCN(CC)Cc1c(O)ccc2c(-c3ccccc3)cc(=O)oc12,0
3237772,COc1ccc(NC(=O)C2CC(c3cc(OC)c(OC)c(OC)c3)=NO2)cc1OC,0
6604710,N[C@H](C(=O)O)c1nn[nH]n1,0
655577,Cc1ccc(C(=O)c2coc3ccc(O)c(CN4CCN(C)CC4)c23)cc1,0
646271,Cc1ccc(C)c(N(C(=O)Cn2nnc(-c3cccs3)n2)C(C(=O)NC2CC2)c2ccc(C)o2)c1,0
3236444,CC1COC(c2cccn2Cc2ccccc2Cl)=N1,0
750061,Cc1ccc(-n2cnnn2)c2cccnc12,0
670414,COCc1[nH]nc2c1C1(CCSCC1)C(C#N)=C(N)O2,0
1368289,CCC(=O)OCCn1c(=O)c2cc3c(=O)n(CCOC(=O)CC)c(=O)c3cc2c1=O,0
649031,CS(=O)(=O)N1CCc2cc(-c3csc(NC(=O)Cc4cccs4)n3)ccc21,0
653982,Cc1ccc(-n2nc(C)c(C3C(C#N)=C(N)OC4=C3C(=O)CCC4)c2Cl)cc1,0
718247,COc1ccc2[nH]c(C)c(C(=O)CN(C)C)c2c1,0
118045771,C[C@@H](O)Cc1cnc(N)c(-c2ccc(C(=O)NCc3ccccc3)c(F)c2)n1,1
665299,O=C1c2ccccc2C(=O)N1c1ccc2nc(-c3ccc(Br)o3)[nH]c2c1,1
2999269,O=C(CN1CCOCC1)Nc1cccc(C(=O)Nc2cccc(C(F)(F)F)c2)c1,0
967559,COC(=O)CN(c1cccc(C(C)=O)c1)S(C)(=O)=O,0
145995634,Cn1nccc1Nc1nccc(-c2cc3n4c(nnc4c2)[C@@H](COCc2ccccc2)CCO3)n1,1
1302878,COC(=O)COc1ccc(S(=O)(=O)Nc2ccc(NC(C)=O)cc2)cc1,0
652483,NC(=O)CSc1nnc(-c2ccc(O)cc2)n1Cc1ccco1,0
3003880,O=c1[nH]c(SCc2c(Cl)c(Cl)c(Cl)c(Cl)c2Cl)nc(=S)[nH]1,0
660099,CCOC(=O)CN/C(C)=C(/C#N)C(N)=O,0
3663594,CCC(C)N1C(=O)CCC1C(=O)NCc1ccc2c(c1)OCO2,0
1093320,CCN1CCN(C(=O)CN(C)S(=O)(=O)c2ccc(OC)cc2)CC1,0
5307319,CCOc1ccc(N(CC(=O)Nc2ccc(C)c(C)c2)S(=O)(=O)c2c(C)noc2C)cc1,0
666620,COc1ccccc1CNc1nc2nc(C)c(C)c(=O)n2[nH]1,0
653547,Cc1ccc2c(c1)N(CC(=O)N1CCc3ccccc3C1)C(=O)CO2,0
688507,CC(C)C[C@@H](N)C(=O)Nc1ccc2ccccc2c1,0
3242013,CCOC(=O)N1CCC(NC(=O)CC(NS(=O)(=O)c2ccc(Cl)cc2)c2ccco2)CC1,0
654757,CSCCC(NC(=O)OC(C)(C)C)C(=O)NC(CC(C)C)C(N)=O,0
662112,Cc1ccc(C2C(C(=O)c3cc4ccccc4o3)=C(O)C(=O)N2CCN2CCOCC2)o1,0
1554807,CCOCCOC(=O)CCSc1n[nH]c(=O)[nH]c1=O,0
118380915,C[C@@H](NC(=O)Nc1cc2[nH]nc(N3CCN(C)CC3)c2cn1)c1ccccc1,1
767690,O=C(O)c1cccc(S(=O)(=O)N2CCCC2)c1,0
3236194,CCN1CCN(CCCNC(=O)c2cc3cc4ccc(OC)cc4nc3o2)CC1,0
657886,Cn1c(=O)[nH]c(=O)c2c1nc(OC(=O)c1ccccc1)n2CC(O)COc1ccc(F)cc1,0
663787,COC(=O)[C@H](Cc1ccccc1)NC(=O)NCC1CCCO1,0
2859088,Cc1ccc2c(c1)C1CCCC3C1N2CC(=O)N3Cc1ccccc1,0
2158975,CCCN(CCC)S(=O)(=O)c1ccc(C(=O)Nc2nnc(-c3cc(OC)cc(OC)c3)o2)cc1,0
801509,COc1ccc(Cl)cc1C(=O)Nc1ccc2c(c1)OCO2,0
2956221,COc1ccc(CN2C(=O)C(O)(CC(=O)c3c(C)n[nH]c3C)c3ccccc32)cc1OC,0
5307784,Cn1c(=O)cc(OCC(=O)N2CCN(C3CCCCC3)CC2)c2ccccc21,0
75680,Cc1cc(=O)[nH]c2cc(Cl)ccc12,0
865286,O=C(CSc1nnc(-c2cccs2)o1)N1CCCCC1,0
4136,CNC(=O)OCC[N+](C)(C)C,0
1379853,c1coc(-c2nnc(-c3ccc4c(c3)OCO4)o2)c1,0
2199218,O=C(Nc1nnc(CC2=CCCCC2)s1)c1cccs1,0
2881773,Cc1[nH]nc2c1C(C1CC=CCC1)C(C#N)=C(N)O2,0
5844876,O=C(O)/C=C/c1cccc(B(O)O)c1,0
2963015,O=C(CSc1ncc(-c2ccccc2)nn1)NCc1ccco1,0
652322,Cc1nn(CC(=O)Nc2cccnc2N2CCOCC2)c(=O)c2ccccc12,0
647095,O=C(Nc1cccc(F)c1)c1ccc(S(=O)(=O)NCC2CCCO2)cc1,0
647923,COc1ccc(S(=O)(=O)N2Cc3ccccc3CC2C(=O)N2CCOCC2)cc1OC,0
3242161,Cc1cc(C(F)(F)F)nc(NCc2ccc(F)cc2)n1,0
662208,CCN(CC)CCCN1C(=O)C(O)=C(C(=O)c2ccco2)C1c1cc(OC)ccc1OC,0
5771399,Cc1noc(/C=C/N(C)C)c1S(=O)(=O)N1CCCC(C(=O)NCc2ccccc2Cl)C1,0
3235044,CN(C)c1ncc2nc(CCc3ccccc3)c(=O)n(CCC#N)c2n1,0
651192,Cc1ccc(S(=O)(=O)NCc2ccncc2)cc1,0
653167,COCCCn1c(SCC(=O)Nc2cccc(C)n2)nnc1-c1ccco1,0
2493037,CCCn1c(=O)c2ccccc2n2c(SCCOc3ccccc3)nnc12,0
666707,Cc1ccc(-n2c(SCC(=O)OC(C)C)nnc2-c2cnccn2)cc1,0
118380985,CC(C)COC(=O)Nc1n[nH]c2cc(NC(=O)N[C@H](C)c3ccccc3)ncc12,1
224792,COc1ccc2nccc(SCC(=O)O)c2c1,0
1262407,Cc1ccnc(NC(=O)c2ccc(NC(=O)c3ccco3)cc2)c1,0
3233409,O=C(c1cnccn1)N1CCC2(CC1)CCN(c1ccccn1)CC2,0
3243126,Cn1c(C(=O)N2CCC3(CC2)OCCO3)cc2c(=O)n(C)c3ccccc3c21,0
2983558,COC(=O)C1=C(CN2CCSCC2)NC(=O)NC1c1cc(C)ccc1C,0
653708,CCOc1ccc(CN(Cc2ccco2)C(c2cccs2)c2nnnn2C(C)(C)C)cc1,0
121416627,Cc1cc(-n2ncc3cc(NC(=O)N[C@H]4CCCC[C@@H]4N)ncc32)ccn1,1
2974470,COc1ccc(F)cc1S(=O)(=O)NC(Cc1ccccc1)C(N)=O,0
3238187,CCS(=O)(=O)N1CCCC(C(=O)NC2CCC(C)CC2)C1,0
2053505,O=C(Nc1ccc2c(c1)OCO2)c1ccc(COc2ccc3c(c2)CCC3)o1,0
3239628,COCCNC(=O)Cn1cnc2sc(C)c(S(=O)(=O)N3CCC(C)CC3)c2c1=O,0
135449181,CN(C)CCCNCCCNC(=O)/C(=N\O)c1ccccn1,0
3233192,Cc1cccc(CNc2ncncc2-c2cccnc2)c1,0
648502,CCOC(=O)c1sc(NC(=O)CSc2nnnn2-c2ccc(C)c(C)c2)nc1C,0
5309960,O=C(NCCc1ccccc1)C1CCN(C(=O)c2sccc2-n2cccc2)CC1,0
3239695,COc1ccccc1Nc1ncc(C(=O)N2CCC(C(N)=O)CC2)c2ccccc12,0
4167161,COc1ccc(C2C(C(N)=O)=C(C)Nc3nc(-c4ccccc4Cl)nn32)c(OC)c1,0
2999891,Cc1ccc(C)c(NC(=O)C(Sc2nncn2C)c2ccccc2)c1,0
135415455,O=C(CCc1nc2ccccc2c(=O)[nH]1)OCc1nnc(-c2ccccc2)o1,0
665411,CCOC(=O)c1[nH]c2ccc(OCC)cc2c1NC(=O)CN1CCN(c2ccccc2)CC1,0
844907,COc1ccccc1NC(=O)CSc1nc2ncccc2[nH]1,0
2959770,CCn1c(CCNC(=O)c2ccc(Cl)cc2)nnc1SCC(=O)NC1CCCC1,0
3238542,O=C(COc1ccc(Cl)cc1)NCc1nnc(SCC(=O)NCCc2ccccc2)o1,0
3242864,O=C(Cn1ncc2c(=O)oc3ccccc3c21)NC1CC1,0
110993,NC(Cc1cnc[nH]1)C(=O)Nc1ccc2ccccc2c1,0
973540,O=C(NCCN1CCOCC1)Nc1ccc(Cl)cc1Cl,0
664471,CCOc1ccccc1C(=O)N(C)Cc1cc2cc(OC)ccc2[nH]c1=O,0
658955,CC1CN(C(=O)N2c3ccccc3Sc3ccccc32)C(C)CC1=O,0
71529035,COc1ccc([C@H](NC(=O)c2cc(F)c3cnc(NC4CCOCC4)nc3c2)c2cnn(C)c2)cc1F,1
3236052,Cc1ccc2cc3cc(C(=O)N4CCCCCC4)oc3nc2c1,0
825714,N#CC1=C(N)SC(N)=C(C#N)C1c1cccc(Oc2ccccc2)c1,0
54676763,C=CCn1c(=O)c(C(=O)Nc2ccccc2O)c(O)c2ccccc21,0
3240334,CC(C)CCn1c(=S)[nH]c2ncccc2c1=O,0
3247186,COC(=O)[C@@]1(Cc2ccccc2)[C@H]2c3cc(C(=O)N4CCCC4)n(Cc4ccc(O)c(OC)c4)c3C[C@H]2CN1C(=O)c1ccccc1,0
71529169,Cn1cc([C@H](NC(=O)c2ccc3cnc(NC4CCOCC4)nc3c2)c2ccc(C#N)c(Cl)c2)cn1,1
667258,Cn1c(=O)c2c(nc(CN3CCC(C(N)=O)CC3)n2CCc2ccccc2)n(C)c1=O,0
3236901,Cc1nn(C)c(C)c1S(=O)(=O)N1CCC(C(=O)NC2CCCCC2)CC1,0
7681,CN(C)Cc1ccccc1,0
4139196,CCOC(=O)C(C)Sc1nnc(Cc2cc(=O)[nH]c(=O)[nH]2)n1-c1ccc(OCC)cc1,0
3236373,O=C1c2cccc3c(Cl)ccc(c23)C(=O)N1O,0
2902043,COc1ccc(OC)c(NC(=O)CCN2CCN(c3ccccc3F)CC2)c1,0
2858017,CCOC(=O)C1=C(N)OC2=C(C(=O)CCC2)C1c1cccs1,0
3246217,CC(=O)[C@]1(O)CC[C@@H]2[C@H]3C[C@@H](C)C4=CC(=O)CC[C@@]4(C)[C@H]3[C@@H](O)C[C@]21C,0
3236149,CCOC(=O)C1CCCN(C(=O)c2sc3nc(-c4ccc(OC)cc4)cn3c2C)C1,0
5389781,CC(O)CNc1nc2c(c(=O)n(C)c(=O)n2C)n1C/C=C/c1ccccc1,0
2998245,CCOC(=O)C1=C(C)NC(C)=C(C(=O)OCC)C1C(=O)OCC(=O)N1CCCCC1CC,0
16758370,COc1ccc(O[C@H]2C=C[C@@H](c3ccccc3)O[C@H]2COC(=O)CC/C(C)=N\OC[C@@H](O)[C@H]2O[C@H]3OC(C)(C)O[C@H]3[C@@H]2O)cc1,0
647629,COc1ccc(-c2nnc(SC)n2C)cc1,0
118404594,CC1(C)c2cnc(NC3CCOCC3)nc2CN1C(=O)NCc1ccc(Cl)c(F)c1,1
649339,CCOC(=O)CSc1nnnn1-c1cc(OC)ccc1OC,0
3239053,Cc1ccccc1Cn1cc(NC(=O)c2cc(-c3cccs3)on2)cn1,0
712541,CCN(CC)C(=O)CSc1ccccc1N,0
675220,O=C(COc1ccccc1Br)NCc1ccco1,0
83609,Cc1cc(=O)cc(C)[nH]1,0
5743,C[C@@H]1C[C@H]2[C@@H]3CCC4=CC(=O)C=C[C@]4(C)[C@@]3(F)[C@@H](O)C[C@]2(C)[C@@]1(O)C(=O)CO,0
649795,CCCc1nnc(NC(=O)Cn2c(=O)sc3ccccc32)s1,0
665686,CC(C)(C)OC(=O)N1CCC[C@H]1c1nnc(SCc2c(Cl)cccc2Cl)o1,0
648708,Cc1nn(C)c(C)c1CNC(=O)c1cnn2c1NC(c1ccccc1)CC2C(F)(F)F,0
16759013,COC(=O)C(/C=C/C(C)Cc1cc(Br)cc(OCc2ccccc2)c1OC)OCc1ccccc1,0
2222450,N#Cc1c(NC(=O)CSc2nnc(-c3ccccc3O)n2-c2ccccc2)sc2c1CCCC2,0
870729,ON=Cc1cccn1-c1ccccc1,0
648321,O=C(NCCCCO)C(F)(F)C(F)(F)C(F)(F)C(=O)NCCCCO,0
71250308,Cn1cc([C@@H](NC(=O)c2ccc3cnc(N[C@@H]4CCO[C@H](CO)C4)nc3c2)c2ccc(Cl)c(F)c2)cn1,1
5960,N[C@@H](CC(=O)O)C(=O)O,0
2999615,O=C(COC(=O)c1cc(S(=O)(=O)N2CCOCC2)ccc1O)NCC1CCCO1,0
135450668,N=C1C(c2nc3ccccc3c(=O)[nH]2)=C(O)CN1CCO,0
2104462,Cc1cc(NS(=O)(=O)c2ccccc2)n(-c2ccccc2)n1,0
648578,Cc1ccc2nc(-c3ccc(SCC(=O)O)nc3)[nH]c2c1,0
665074,CCc1ccc2nc(NC3=NCN(CCCN4CCOCC4)CN3)nc(C)c2c1,0
1247433,O=C(Nn1cnnc1)c1cc2c(s1)CCCC2,0
3243655,CSc1ccc(C(C(C(=O)c2cccs2)N2CCOCC2)N2CCOCC2)cc1,0
3233788,CS(=O)(=O)Nc1cccc(-c2cc(NCc3cccs3)ncn2)c1,0
1246103,O=C(c1cccc(Cl)c1Cl)N1CCN(c2ccccn2)CC1,0
969752,Nn1c(=O)c2ccccc2n2c(SCc3ccccc3)nnc12,0
118365036,COc1n[nH]c2cc(NC(=O)N[C@H](C)c3ccccc3)nc(CN3CCCC3=O)c12,1
5459707,CNC(=O)C1(C)C=CC2(CCCCC2)N1C(C)=O,0
1124527,O=C(c1cc2nc(-c3ccc(F)cc3)cc(C(F)(F)F)n2n1)N1CCCC1,0
9556106,CCc1cc2c(nc1CC)CCN(CC/C(C)=N/OC[C@H]1O[C@H](c3ccccc3)C=C[C@@H]1Oc1ccc(OC)cc1)C2,0
648112,CC(Sc1nc(-c2ccccc2)cc(C(F)(F)F)n1)C(=O)NCCN1CCOCC1,0
5307582,c1ccc(CN2CCN(CCCNc3ccc4nnc(-c5ccccc5)n4n3)CC2)cc1,1
661226,CC1(C)CC(NC(=O)c2coc(=O)c(Br)c2)CC(C)(C)N1,1
665680,COc1ccc(-c2nc(N)nc(C)c2Oc2ccccc2Br)c(O)c1,0
3247221,COC(=O)[C@@]1(Cc2ccccc2)[C@H]2c3cc(C(=O)N(C)C)n(CCSCCO)c3C[C@H]2CN1C(=O)c1ccccc1,0
1304072,CCOC(=O)c1ccc(NC(=O)CSc2nnc(COc3ccccc3)n2C)cc1,0
655302,Cc1ccc(Cl)cc1N1CCN(Cc2nnnn2Cc2ccco2)CC1,0
3234914,CS(=O)(=O)Nc1cccc(-c2nccc(-n3ccnc3)n2)c1,0
11571,Oc1cc(Cl)cc(Cl)c1,0
2535257,CCOC(=O)c1oc2ccc(Br)cc2c1CSc1nnc(C)s1,0
2124377,O=C(Cn1c(=O)oc2ccccc21)NC(=O)NCc1ccco1,0
3243776,CCN1C(=O)c2ccccc2Sc2ccc(C(=O)N3CCC4(CC3)OCCO4)cc21,0
2982516,CCOC(=O)c1ccc(N2C(=O)CC(N3CC(C)OC(C)C3)C2=O)cc1,0
645481,C=CCn1c(Sc2nnc(C)s2)nc2c1c(=O)[nH]c(=O)n2C,0
5308396,CC1CCCN(C(=O)c2cc3c(-c4ccc(Cl)cc4)nn(C)c3s2)C1,0
135415543,CCCc1cc(=O)[nH]c(SCC(=O)N(Cc2ccccc2)C(C)C)n1,0
71528857,C[C@@H](CO)Nc1ncc2ccc(C(=O)N[C@H](c3ccc(Cl)c(F)c3)c3cnn(C)c3)cc2n1,1
2887746,O=C1NC(=O)C(CC(=O)N2CCOCC2)S1,0
646150,COc1ccc(N2CCN(C(c3cccs3)c3nnnn3C3CCCC3)CC2)cc1,0
884141,Cc1ccc(C(=O)CSc2n[nH]c(C)n2)cc1,0
665543,Cc1ccc(-c2noc(CCC(=O)N3CCCC3)n2)cc1,0
654119,CC(C)C(=O)Nc1ccc(N2CCN(C(=O)c3cccs3)CC2)cc1,0
3246390,O=c1[nH]c(=S)[nH]c(-c2ccccc2)c1Cc1c(O)ccc2ccccc12,0
5310650,COc1ccccc1NC(=O)C(C/C=C(\C)Cl)C(C)=O,0
663410,CCOC(=O)C1CCN(CC(=O)Nc2c(C(=O)OC)[nH]c3cccc(Cl)c23)CC1,0
655685,O=C(Nc1ccc(NC(=O)C2CC2)cn1)c1ccccc1Cl,0
2948907,Clc1ccc(OCCCn2cncn2)cc1Cl,0
649970,CCCn1c(SCC(=O)Nc2ccccc2N2CCCCC2)nc2c1c(=O)n(C)c(=O)n2C,0
652525,O=C(c1ccc(Cl)cc1)N1CCC(c2nc(-c3cccs3)no2)CC1,0
2998733,CCOC(=O)c1sc(N)c(C(=O)OCC)c1COC(=O)C1CC(=O)N(Cc2ccco2)C1,0
135470833,CCSc1nnc(-c2ccccc2N)c(=O)[nH]1,0
2997988,CC1CCc2c(C(=O)N3CCN(S(=O)(=O)c4cccs4)CC3)csc2C1,0
653867,O=C(Nc1ccc(C(=O)N2CCOCC2)cc1)c1cccs1,0
5389826,CCCCOC(=O)C1[C@H]2C(=O)N(CCCOC)C[C@]23C=C[C@H]1O3,0
2999932,O=C1CSC(c2ccncc2)N1Cc1ccco1,0
2998961,CCN(CC)S(=O)(=O)c1ccc(NC(=O)C2COc3ccccc3O2)cc1,0
3246530,CN1CCC[C@H](OC(=O)[C@](O)(c2ccccc2)C2CCCC2)C1,0
1359190,Cc1ccc(OCC(=O)N2CCN(C(=O)Cc3ccccc3)CC2)cc1,0
3239549,CCCCOC(=O)C1=C(C)Nc2nnnn2C1c1ccc(OC)c(OC)c1OC,0
118365321,COCCNC(=O)Nc1cc2[nH]nc(OC)c2c(COC)n1,1
3239804,CCCCCSc1nnc2c(n1)OC(c1cccn1C)N(C(C)=O)c1ccccc1-2,0
3245288,Cn1c(C(=O)O)c(CC(=O)NCC2COc3ccccc3O2)c2ccccc21,0
3239018,COc1ccc(N2C(=O)CCC(C(=O)N3CCCCC3)C2c2ccc(F)cc2)cc1,0
3239603,CCOC(=O)c1cccnc1SCC(=O)NC(C)CC,0
3234706,CN(C)c1ncc2nc(-c3cc(F)cc(F)c3)c(=O)n(CCC#N)c2n1,0
3236393,Cn1c(=O)[nH]c(=O)c2c1nc(CN(Cc1ccccc1)Cc1ccccc1)n2CCN1CCOCC1,0
3244805,O=C1Nc2ccccc2OC1CC(=O)N1CCN(c2cccc(C(F)(F)F)c2)CC1,0
71247917,COc1ccc([C@H](NC(=O)c2cc(F)c3cnc(NC4CCOCC4)nc3c2)c2cnc(C)[nH]2)cc1F,1
413701,O=C(O)CCSC1=NCCN1,0
2124287,Cc1noc(C)c1COC(=O)c1cc(C)n(-c2ccccc2)c1C,0
3246043,O[C@@H](c1cc(-c2ccc(Cl)cc2)nc2ccccc12)[C@@H]1CCCCN1,0
3239500,O=C1c2cccnc2C(O)N1Cc1ccco1,0
3234379,COc1ccc(-c2nc3cnc(N(C)C)nc3n(-c3ccccc3)c2=O)cc1,0
662599,O=C(c1ccccc1)N1CCCC(C(=O)N2CCCCCC2)C1,0
2226678,CCOC(=O)N1CCN(C(=O)COc2ccc(Br)cc2Cl)CC1,0
2219801,Cc1ccc(SCc2nc(-c3ccncc3)no2)cc1,0
4459009,Cn1cc(CC(=O)NCCCN2CCCC2=O)c2ccccc21,0
3234147,COc1ncc2nc(-c3ccc(Cl)cc3)c(=O)n(CCc3ccccc3)c2n1,0
71247534,COc1ccc([C@H](NC(=O)c2ccc3cnc(Nc4ccnn4C)nc3c2)c2ccnn2C)cc1F,1
2970422,CCC(C(=O)N1CCC2(CC1)OCCO2)c1ccccc1,0
659168,O=S(=O)(c1ccccc1)c1nc(-c2ccco2)oc1N1CCOCC1,0
118047027,Nc1ncc([C@@H]2CC[C@@H](O)C2)nc1-c1ccc(C(=O)NCc2ccccc2)c(F)c1,1
666726,CC(C)CCOCC(=O)Nc1cccc(C(=O)O)c1,0
6604213,CC[C@H](CC[C@H](C)[C@@H]1CC[C@@H]2[C@H]3CC=C4C[C@@H](O)CC[C@]4(C)[C@H]3CC[C@]21C)C(C)C,0
1137490,O=C(c1ccc(Br)o1)N1CCN(Cc2ccc3c(c2)OCO3)CC1,0
3245289,CCOC(=O)Cn1c(=NC(=O)CSC(C)=O)sc2cc(OC)ccc21,0
3236588,CN(C)C(=O)N1CCC(C(=O)NC2CCCCCCC2)CC1,0
2999368,CC(=O)NC(C)C(=O)OCc1ccc(Cl)cc1Cl,0
771469,O=C(CCN1CCc2ccccc2C1)Nc1cccc(F)c1,0
649336,Cc1cc(NS(=O)(=O)c2ccc(NC(=O)CCCOc3ccc(Cl)cc3)cc2)no1,0
5771830,CCCC[C@@H]1C[C@H]1C(NC(=O)c1cccs1)c1ccc(Cl)cc1,0
3243091,CC1CCCCN1CCNC(=O)CN1C(=O)COc2ccccc21,0
3240690,O=C(CN1C(=O)C2C3C=CC(C3)C2C1=O)NCCN1CCCc2ccccc21,0
644587,Cc1sc2nc(SCC(=O)NCc3cccs3)[nH]c(=O)c2c1C,0
135413839,Cc1cc(=O)[nH]c2c1c(C)nn2C1CCCC1,0
1072238,O=S(=O)(c1ccccc1)N1CCN(Cc2ccccc2C(F)(F)F)CC1,0
2221501,CCCOc1ccccc1C1C(C(=O)OC)=CN(C(C)C)C=C1C(=O)OC,0
135485430,COc1ccc(/C(O)=C(\C#N)c2nc3ccccc3n2C)cc1OC,0
660010,C/C(=C(\C#N)C(=O)NCCCN1CCOCC1)N(C)C,0
7841,C=CCBr,0
654471,CCCOc1ccc2[nH]cc(C(=O)O)c(=O)c2c1,0
4088356,O=C(c1ccco1)N1CCN=C1SCc1ccccc1F,0
71247850,COc1ccc([C@H](NC(=O)c2ccc3cnc(N[C@H]4CCOC[C@@H]4F)nc3c2)c2ccnn2C)cc1F,1
118395379,C[C@@H](NC(=O)Nc1cc2[nH]nc(NCCC(=O)N(C)C)c2cn1)c1ccccc1,1
654110,CC(C)(C)NC(=O)COc1ccc(CNn2nnnc2N)cc1,0
973024,CC(=O)Nc1ccc2c(c1)n(C)c(=O)n2C,0
73506288,C[C@@H](NC(=O)Nc1cc2[nH]nc(N[C@H](C)c3ccccn3)c2cn1)c1ccccc1,1
2964527,CC1CCCCN1C(=O)Cn1cc(C(=O)c2ccco2)c2ccccc21,0
3239703,FC(F)(F)c1nc(N2CCN(c3ccccc3)CC2)nc2c1CCCCC2,0
665690,Cc1cc(C)n(-c2nc(NCc3cccnc3)c3c4c(sc3n2)COC(C)(C)C4)n1,0
3236171,Cc1ccc(-c2[nH]nc3c2C(c2ccccc2OC(=O)N2CCOCC2)C(C#N)=C(N)O3)cc1,0
751267,Cn1c(CCNC(=O)C(C)(C)C)nc2ccccc21,0
10387,O=C(Cl)OCc1ccccc1,0
662887,COc1cc(Cl)c(C)cc1NC(=O)CSc1nnc(-c2ccccn2)n1Cc1ccco1,0
648863,Cc1ccc(CNc2ccc(N3CCOCC3)cc2)s1,0
662916,CC(C)(C)OC(=O)NCCc1nnc(SCc2ccccc2Cl)o1,0
898381,O=C(NCc1cccs1)c1ccncc1,0
10825,O=C(O)c1ccc(NS(=O)(=O)Cc2ccccc2)cc1,0
135449268,CCC/C(O)=C1\C(=O)CC(C)(C)CC1=Nc1ccccc1OC,0
330812,CC1(C)CC(=O)C(C(c2cccc(O)c2O)C2C(=O)CC(C)(C)CC2=O)C(=O)C1,0
1974879,Cc1ccc(-c2nn3c(C)nnc3s2)cc1NCc1c(F)cccc1Cl,0
5459447,C[C@H]1C2=C3C(CC[C@H]4C(OCc5ccc(F)cc5C(F)(F)F)OC[C@](C)([C@@H]34)N(C(=O)OC(C)(C)C)C2)C(CO)C1CO,0
1255614,Cc1ccc(NC(=O)c2ccco2)c(NC(=O)CN2C(=O)c3ccccc3C2=O)c1,0
1244041,Cc1noc(C)c1C(=O)Nc1ccccn1,0
3240650,COc1cccc(C2=NOC(C(=O)N3CCN(Cc4ccccc4)CC3)C2)c1OC,0
6604263,COc1ccc([C@@H]2CC(=O)c3c(O)cc(O[C@H]4O[C@@H](CO[C@H]5O[C@@H](C)[C@@H](O)[C@@H](O)[C@@H]5O)[C@@H](O)[C@@H](O)[C@@H]4O)cc3O2)cc1O,0
3240287,CN(C)c1ccc(NC(=O)CN2CCN(CC(=O)Nc3ccc(F)cc3)CC2)cc1,0
2100623,COC(=O)c1cc(COC(=O)c2ccc(OC)c(S(=O)(=O)N3CCCC3)c2)oc1C,0
3233633,CC(C)NC(=O)N1CCC2(CC1)CCN(C(=O)Oc1ccccc1)CC2,0
6603817,C[C@]12CC[C@H](O)CC1=CC[C@@H]1[C@H]2CC[C@]2(C)C(=O)CC[C@H]12,0
1310291,COc1ccc(OC(=O)c2cccc(S(=O)(=O)N3CCCC3)c2)cc1,0
1046666,Cc1nn(-c2nnc(NCc3ccccc3)nn2)c(C)c1Br,1
379077,O=C1C(Cl)=C(NCCN2CCOCC2)C(=O)c2ncccc21,0
664283,Cc1ccc(S(=O)(=O)N[C@H](C(=O)N2CCC(C(=O)NCC(=O)O)CC2)C(C)C)cc1,0
5085871,O=C(C1CC1)N1CCN=C1SCc1ccccc1Cl,0
658149,CC(=O)c1ccc(C(C)(C)c2ccc(C(C)=O)s2)s1,0
654112,Cc1cc2cc(CN(Cc3ccc4c(c3)OCO4)C(=O)c3cnccn3)c3nnnn3c2cc1C,0
663701,CC1CC(C)CN(c2ncc3c(n2)CC(c2ccc(Cl)cc2)CC3=O)C1,0
1218121,Cc1c(N=C/C=C2\N(C)c3ccccc3C2(C)C)c(=O)n(-c2ccccc2)n1C,0
3235430,c1ccc(-c2cccc(N3CCCC4(CCNCC4)C3)c2)cc1,0
118365294,CCOc1n[nH]c2cc(NC(=O)N[C@@H](c3ccccc3)C3(O)CCC3)ncc12,1
121432297,COC[C@@H](NC(=O)Nc1cc2cnn(C3CCOCC3)c2cn1)c1ccccc1,1
2155653,CSCc1nnc(NC(=O)c2ccc(S(=O)(=O)N(CC(C)C)CC(C)C)cc2)o1,0
5309729,CCOC(=O)C1CCCN(c2c(N3CCC(N4CCCCC4)CC3)c(=O)c2=O)C1,0
653162,O=C(Nc1ccc2c(c1)OCCO2)C1CCCN(c2ncccn2)C1,0
3236332,COC(=O)C(C)n1cnc2c(cnn2-c2ccc(Cl)cc2)c1=O,0
16758513,COC(=O)C/C=C\[C@@H](C)[C@@H](/C=N\O[C@@H](C)c1cn([C@H]2COC[C@H]2O)nn1)OC,0
3237658,Cc1ccc(NC(=O)c2oc3ccccc3c2NC(=O)c2ccc3c(c2)OCO3)cc1,0
2712193,CCOC(=O)c1cnc(-c2cccc(OC)c2)[nH]c1=O,0
654099,NC(=O)CSc1nnc(-c2cccnc2)n1CCc1ccccc1,0
2001334,CCCOc1ccc(C(=O)N2CCN(c3ccc(N)cc3Cl)CC2)cc1,0
2622789,O=C(CN1C(=O)NC2(CCCC2)C1=O)N1CCN(C(=O)c2ccco2)CC1,0
2372872,c1cnc2c(SCc3ccc(-c4nnco4)cc3)cccc2c1,0
3232859,N#CCCn1c(=O)cnc2cnc(Oc3ccccc3)nc21,0
7440,Cc1ccc([N+](=O)[O-])cc1C,0
6509749,CCOC(=O)/C=c1\s/c(=C\c2ccc3c(c2)OCCO3)c(=O)n1CC(=O)NCC1CCCO1,0
804306,CN(c1ccc(C(=O)O)cc1)S(=O)(=O)c1ccccc1,0
3244322,CC(C)OC(=O)C1C(=O)CC(C)(O)C(C(=O)OC(C)C)C1c1cccc(O)c1,0
5344000,CCOC(=O)c1c(C)nc2c(c1C)/C(=N/O)CC(C)(C)C2,0
121416733,C[C@@H](NC(=O)Nc1cc2cnn(-c3ccc(F)cc3)c2c(COCCO)n1)c1ccccc1,1
3242827,COC(=O)c1cnn2c3c(c(C)nc12)CCCC3,0
665601,CC(C(=O)c1ccccc1)n1c(N2CCOCC2)nc2c1c(=O)n(C)c(=O)n2C,0
3232861,N#Cc1cccc(-c2nc3cnc(N4CCOCC4)nc3n(C3CC3)c2=O)c1,0
121416699,Cc1cc(-n2ncc3cc(NC(=O)N[C@H]4CN(C)C[C@@H]4C4CC4)ncc32)ccn1,1
87841,Nc1nc(=O)c2[nH]cnc2n1O,0
6859993,CC(C)COC(=O)c1cc(-c2ccc(/C=N/n3cnnc3)o2)ccc1Cl,0
5760135,O=C(CN1C(=O)/C(=C/c2ccccc2)SC1=S)NNC(=O)c1ccccc1O,1
2948108,CCOC(=O)C1=C(C)NC(=O)NC1c1ccc(OC)c(CN2CCOCC2)c1,0
98771,CNC(=O)Nc1cccc(C(F)(F)F)c1,0
54685919,CC1(C)N([O-])C(c2ccc(C(=O)O)cc2)=[N+]([O-])C1(C)C,0
3241589,CCOC(=O)c1c(C)c(C(=O)NC2CCCCCC2)c(C)n1C,0
654557,CCOC(=O)Cc1nnc2c(Nc3ccc(C)cc3)nc3nonc3n12,0
135453558,CCCc1cc(=O)[nH]c(SCC(=O)N2CCN(c3ccc(F)cc3)CC2)n1,0
806700,O=C(CC1CCCCC1)N1CCN(c2ccccn2)CC1,0
973958,CS(=O)(=O)N(CC(=O)N1CCCCC1)c1ccc2c(c1)OCO2,0
665509,CCc1nc(SCC(=O)Nc2nccs2)c2oc3ccccc3c2n1,0
2997839,CCC(C)n1c(SCC(=O)NC(=O)Nc2ccc3c(c2)OCCO3)nc2ccccc2c1=O,0
746501,c1ccc([C@H]2NCCc3c2[nH]c2ccccc32)cc1,0
71555535,Cc1cc(-c2n[nH]c3cc(NC(=O)NCc4cccc5ccccc45)ncc23)ccn1,1
655989,O=C(O)CCc1ccc(-c2ccccc2)n1Cc1ccco1,0
742948,CCNC(=O)Cn1cnc2c1c(=O)n(C)c(=O)n2C,0
650500,Cn1c(C(=O)NC2CCCCC2)cc2sccc21,0
1265381,COc1ccc(CCNC(=O)COc2nsnc2N2CCOCC2)cc1OC,0
12641355,CC1CCC(C(C)C)[C@H](OC(=O)c2ccccc2)C1,0
16758543,O=C(NCCC[N+]1=CC=N[C@H]1c1ccccc1)N1CCCc2nc(-c3ccc(Br)cc3)ccc21,0
3233026,CN(C)Cc1ccccc1-c1nc(NCc2cccs2)c2ccccc2n1,0
2381417,CCN1C(=O)c2cccc3c(NC(=O)C(C)(C)C)ccc1c23,0
3154581,Clc1ccc(C2CC(c3cccs3)n3ncnc3N2)c(Cl)c1,0
3244601,Cc1ccc(CCNC(=O)C2CCCN(c3nc4ccccc4o3)C2)cc1,0
3233361,Cc1noc(C)c1-c1cc(N(C)Cc2ccco2)ncn1,0
266689,NS(=O)(=O)c1ccc(NC2(C(=O)O)CCCC2)cc1,0
662525,COc1ccc(NC(C)=O)cc1NC(=O)CSc1nnc(-c2ccc(F)cc2)n1N,0
6603972,COc1cc2nc(N3CC=[N+](C(=O)c4ccco4)CC3)nc(N)c2cc1OC,0
654572,Cc1cc(C)cc(NC(=O)C2CCCN(c3nccc(C)n3)C2)c1,0
8407,O=[N+]([O-])c1ccccc1Nc1ccccc1,1
666837,COC(=O)Cc1c(C)nc2nc[nH]n2c1=O,0
1252027,Cc1ccc(C(C)C)c(Oc2nnnn2-c2ccccc2)c1,0
900603,Cc1ccc(Nc2nc(N)nc(CSc3nccn3C)n2)cc1,0
3234668,CC(C)CN1CCC2(CC1)CCN(S(C)(=O)=O)CC2,0
1618543,COc1ccc(CCNCc2ccccn2)cc1OC,0
3245268,O=C(NCc1ccccc1Cl)C1CCN(S(=O)(=O)N2CCCCC2)CC1,0
2281855,COc1ccc(S(=O)(=O)NCCSc2ccccc2)cc1OC,0
664389,CCCCn1c2nc3ccccc3nc2c2c(=O)n(CCC)cnc21,0
648429,Cc1cc(NC(=O)CCC(=O)N(Cc2ccco2)C2(C(=O)NC3CCCCC3)CCN(C)CC2)no1,0
135544637,O=C(CSc1nc2c(c(=O)[nH]1)CCCC2)Nc1ccc(Cl)cc1F,0
1017508,CCOc1ccc(C(=O)Nc2ccc(N3CCN(C)CC3)cc2)cc1Br,0
2978233,COC(=O)C1CCN(C(=O)C23CCC(C)(C(=O)O2)C3(C)C)CC1,0
4668146,COc1ccc(NC(=O)N(Cc2ccc(C)cc2)Cc2ccccn2)c(OC)c1,0
6880170,Cc1nc2c(c(=O)n1CCC1=CCCCC1)c1nc3ccccc3nc1n2/N=C/c1ccco1,0
664497,CCC(=O)Nc1nn(C)c2nc3c(C)cccc3cc12,0
2998683,CC(C)Cn1c(SC(C)C(=O)Nc2ccc3c(c2)OCCO3)nc2ccccc2c1=O,0
2168938,COc1ccccc1CCNC(=O)c1cnn2c(C(F)F)cc(C)nc12,0
2954797,CCNC(=O)N1CCNC(=O)C1CC(=O)OC,0
649045,O=C(CSc1nnc(-c2cccnc2)o1)OC1CCCCC1,0
1010736,O=C(COc1ccc2ccccc2c1Br)N1CCOCC1,0
3240683,CCc1ccc(Nc2cc(=O)n(C3CCCCC3)c(=O)[nH]2)cc1,0
890988,O=C(O)c1cccc(COCC(F)(F)C(F)F)c1,0
646942,O=C(Nc1ccc2oc(-c3cccnc3)nc2c1)c1cccnc1,0
3243133,O=C(NCCN1CCN(c2ccccc2)CC1)c1cccn2c(=O)c3cc(Cl)ccc3nc12,0
648905,O=S(=O)(c1ccc(N2CCN(c3ccc(F)cc3)CC2)cc1)N1CCCC1,0
663534,O=S(=O)(c1cccc(-c2csc(-c3cccnc3)n2)c1)N1CCCCC1,0
894934,CCOC(=O)N1CCN(C(=O)Cc2ccc(C)cc2)CC1,0
957338,COc1ccccc1Cc1noc(-c2cc(Cl)ccc2OC)n1,0
3244324,CCN(C(=O)CCc1nc(-c2ccccc2F)no1)c1cc(OC)ccc1OC,0
895015,CCC(=O)Nc1cccc(C(=O)c2ccccc2)c1,0
2958006,CCN1C(=O)C(CC(=O)NCc2ccc(Cl)cc2)N(CC)C1=O,0
2972189,Cc1ccc(NC(=O)CCCCCC2NC(=O)NC2C)cc1,0
644594,O=C(CCN1C(=O)C2(OCCO2)c2ccccc21)c1ccccc1,0
652923,O=C(O)C1CC(=O)N(Cc2cccnc2)C1,0
2868949,O=C(CN1C(=O)C2CC=C(Cl)CC2C1=O)N1CCOCC1,0
648925,O=C(NC1CCCCC1)N(CCN1CCCC1)Cc1cc2cc3c(cc2[nH]c1=O)OCCO3,0
652081,Cc1cccn2c(=O)c3cc(C(=O)NCC4CCCO4)c(=N)n(Cc4cccnc4)c3nc12,0
655740,Cc1ccc(NC(=O)c2cnn(-c3ccccc3)c2NC(=O)c2ccco2)cc1C,0
2864438,CCOC(=O)c1c(C)nn(Cc2cccc(Cl)c2)c1N,0
5771828,CCCC[C@@H]1C[C@H]1C(NC(=O)c1ccccc1)c1ccc(Cl)cc1,0
117876334,Cc1ccnc(Oc2ccc(-c3cc4c(cc3F)ncc3nc(C)n(C5CCN(C(=O)CO)CC5)c34)c(F)c2)n1,1
653306,CC1(C)CC(=O)C2=C(C1)NCN(Cc1ccccc1)C2,0
3241286,Cc1ccc(CCNC(=O)C2CCCN(S(=O)(=O)c3c(C)noc3C)C2)cc1,0
1081048,Cc1ccc(C(=O)NCc2ccc3c(c2)OCO3)cc1S(=O)(=O)N1CCOCC1,0
5411856,CN1/C(=N\O)c2cccc3cccc1c23,0
838549,CS(=O)(=O)N(CC(=O)Nc1cccc(F)c1)Cc1ccccc1,0
665763,Cn1c(=O)c2c(nc(NC3CCCCC3)n2CC(O)COc2ccccc2)n(C)c1=O,0
614000,COCNc1nc(OCC#N)nc(N(C)C)n1,0
652829,Cn1c(=O)[nH]c(=O)c2c1ncn2CCCc1ccccc1,0
135415530,O=c1c2ccccc2c(/C=N/c2ncn[nH]2)c(O)n1Cc1ccccc1,0
661041,COc1ccccc1-c1nc(SCc2ccccn2)n[nH]1,0
118380785,C[C@@H](NC(=O)Nc1cc2[nH]nc(NC(=O)OC3CCOC3)c2cn1)c1ccc(F)cc1,1
2877810,O=C(Nc1ccncc1)C1COc2ccccc2O1,0
652623,CCN(CC)C(=O)C(C)OC(=O)COc1ccc(Cl)cc1C,0
655427,O=C1c2ccccc2C(=O)N1CCCCN1CCN(CCCCN2C(=O)c3ccccc3C2=O)CC1,0
2089447,Cc1ccc(S(=O)(=O)N(C)CC(=O)OCc2nnc(-c3ccccc3)o2)cc1,0
649220,COc1ccc(N2CCN(C(c3cc4ccc(C)cc4[nH]c3=O)c3nnnn3C3CCCC3)CC2)cc1,0
9568633,N/C(COc1ccc(C(=O)O)cc1)=N\O,0
2997718,O=C(NC1CCCCCC1)c1cc(S(=O)(=O)N2CCOCC2)ccc1N1CCCCC1,0
16759130,CCCCC#CC1C=CC(Oc2ccc(OC)cc2)C(CO)O1,0
270517,O=C(O)C(=O)Cc1ccc2c(c1)OCO2,0
645648,CSc1nnc(-c2cnccn2)n1CCCN1CCCC1=O,0
977250,c1ccc(Cn2ccnc2-c2ccco2)cc1,0
3241982,Cn1c(C(=O)NCCN2CCc3ccccc3C2)cc2c(=O)[nH]c3ccccc3c21,0
3237239,COc1ccc(-c2cc3nc(C)c(CCC(=O)NCc4ccco4)c(C)n3n2)c(OC)c1,0
3243734,Cn1c(=O)[nH]c(=O)c2c1nc(CN1CCOCC1)n2CCc1ccccc1,0
714396,O=C(Cn1cnc2ccccc2c1=O)Nc1ccc2c(c1)OCCO2,0
2893786,O=C(CSC1=NC(=O)C(Cc2ccccc2)C(=O)N1)Nc1ncccn1,0
2887247,CCc1cccc(C)c1NC(=O)C1C2CCC(O2)C1C(=O)O,0
58881819,CCNC(=O)Nc1ccc2ncc(Nc3ccc(OC)cc3)nc2n1,1
72139,O=c1oc2cc(O)ccc2s1,0
2808509,Cc1csc2ncnc(N3CCN(C(=O)Nc4ccc(OC(F)(F)F)cc4)CC3)c12,1
3236566,CCN(C(=O)c1cn(CC)c(=O)c2cc(OC)c(OC)cc12)c1ccccc1C,0
2123690,CCOc1cc(N2CCOCC2)c(OCC)cc1NS(=O)(=O)c1ccc(Cl)s1,0
3232931,CC(C)NC(=O)N1CC[C@@]2(CCCN(C(=O)c3ccncc3)C2)C1,0
650839,O=C(CN1CCC(n2nnc3ccccc32)CC1)NCc1cccs1,0
71554946,C[C@@H](NC(=O)Nc1cc2[nH]nc(-c3ccc(C#N)cc3)c2cn1)c1cccc(Cl)c1,1
3236380,CCOC(=O)C1C(=O)CC(C)(O)C(C(=O)OCC)C1c1ccc(Br)o1,0
6881174,CC(C)(/C=N/O)/[N+]([O-])=C/c1ccco1,0
117876730,Cc1nc2cnc3cc(F)c(-c4ccc(Oc5ncccn5)cc4Cl)cc3c2n1C1CCN(C(C)CO)CC1,1
9568676,CC1(C)CC(=O)C2=C(C1)OC(/N=C/N1CCOCC1)=C(C#N)C2c1ccccc1,0
2997811,CC1CCCC(C)N1C(=O)COc1ccc(-c2nnco2)cc1,0
135413736,CCCc1cc(=O)[nH]c(SCC(=O)N2CCN(c3ccccc3)CC2)n1,0
5307146,COc1cccc(C2=NOC(C(=O)N3CCc4ccccc4C3)C2)c1,0
717564,Cc1cc(NC(=O)c2ccc3c(c2)OCO3)no1,0
648134,CCC(C)(C)n1nnnc1C(c1ccncc1)N1CCN(c2cccc(OC)c2)CC1,0
3241212,CCOC(=O)N1CCN(C(=O)c2ccc(CNS(=O)(=O)c3ccc(OC)cc3)cc2)CC1,0
16758157,CC(C)C1=CC2=CC[C@@H]3[C@](C)(CO)CCC[C@]3(C)C2CC1,0
2219277,NCCCNC(=O)c1cc2ccccc2[nH]1,0
653343,O=C(CN1CCOCC1)Nc1ccccc1-c1ccccc1,0
2998175,CN1CCN(c2ccc(Cl)cc2NC(=O)c2nn(-c3ccccc3)c(=O)c3ccccc23)CC1,0
2998573,CC1CN(C(=O)c2ccccc2C(=O)c2ncc[nH]2)CC(C)O1,0
5308547,Cn1c(Cn2c(=O)sc3ccccc32)nnc1SCC(=O)NCc1ccc2c(c1)OCO2,0
60198271,Cn1cc(C(NC(=O)N2CCc3cnc(NC4CCOCC4)nc3C2)c2ccc(Cl)c(F)c2)cn1,1
2435656,COc1ccccc1N(C)S(=O)(=O)c1ccc(C(=O)OCC(=O)NCc2ccco2)cc1,0
7748,CCOC(=O)CBr,0
656255,O=C(Cn1nc(Cl)nc1Cl)N1CCCCC1,0
2217865,COCCCNC(=O)c1ccccc1NS(C)(=O)=O,0
2964934,COC(=O)c1[nH]c2c(c1C)C(=O)CC(c1cccs1)C2,0
413284,CN(CCC(=O)O)C1=Nc2ccc(Cl)cc2C(c2ccccc2)=[N+]([O-])C1,0
3784,COC(=O)C1=C(C)NC(C)=C(C(=O)OC(C)C)C1c1cccc2nonc12,0
623689,O=c1c2c3c(sc2nc2n1CCCCC2)CCCC3,0
655032,COc1ccc(F)c(C2C(C#N)=C(N)Oc3n[nH]c(C(C)(C)C)c32)c1,0
712563,O=C(O)CCN1C(=O)c2ccncc2C1=O,0
828490,O=C(COc1ccc(F)cc1)Nc1ccc(-n2cnnn2)cc1,0
3247100,COC(=O)[C@@]1(Cc2ccc(OC)cc2)[C@H]2c3cc(C(=O)N4CCCC4)n(CCc4ccc(OC)c(Br)c4)c3C[C@H]2CN1C(=O)c1ccccc1,0
648371,COc1cc(NC(=O)c2cccs2)c(OC)cc1NC(=O)c1ccco1,0
5309166,CC1CC(C)CN(C(=O)C(NS(=O)(=O)c2ccc3c(c2)oc(=O)n3C)C(C)C)C1,0
6858477,Cc1ccc(/C=N/n2cnc3sc4c(c3c2=O)CCCC4)o1,0
958619,COCc1cc(C)nc(N2CCc3ccccc32)c1C#N,0
648939,Cc1cc(C)c2cc(C#N)c(SCC(=O)NCC3CCCO3)nc2c1,0
16758818,C[C@H](c1ccccc1)N1C(=O)[C@H]2[C@@H]3[C@H](O)[C@H](O)CC(=O)[C@H]3CC[C@H]2C1=O,0
664863,Nc1c(S(=O)(=O)c2cccs2)c2nc3ccccc3nc2n1Cc1cccs1,0
1888166,CCOC(=O)c1c(N)n(CCN2CCCCC2)c2nc3ccccc3nc12,0
3232951,O=C(c1csnn1)N1CCC2(CCCN(C(c3ccccc3)c3ccccc3)C2)CC1,0
2081480,CCOc1ccccc1OCCCC(=O)NC1=NCCS1,0
570153,CC(=O)c1n[nH]nc1NC(=O)c1ccccc1,0
2953497,CC(Oc1ccc(Cl)cc1Cl)C(=O)Nc1ccc2oc(-c3ccncc3)nc2c1,0
1304080,Cc1cc(OCC(=O)N2CCOCC2)cc2oc(=O)c3ccccc3c12,0
2955434,CN(C)c1ccc(NC(=O)CC2NCCNC2=O)cc1,0
135566737,O=C(NCc1ccc2c(c1)CCO2)c1cc(-c2[nH]ncc2-c2cccc(Cl)c2)c[nH]1,1
664615,COC(=O)c1[nH]c2cccc(OC)c2c1NC(=O)CN1CCN(c2cccc(OC)c2)C(C)C1,0
756957,COC(=O)NCc1cccc(CNC(=O)OC)c1,0
12232,CSSC,0
2997903,CC1(c2ccc(OC(F)F)cc2)NC(=O)N(CC(=O)Nc2ccc3c(c2)OCO3)C1=O,0
658735,Cc1cccc2nc(CSc3nncn3-c3ccccc3)cn12,0
3239878,O=C(NCCC1=CCCCC1)C1CCN(S(=O)(=O)c2cccc3nonc23)CC1,0
92044861,COC(C)CNC(=O)Nc1cc2[nH]nc(-c3ccnc(C)c3)c2cn1,1
6604391,CC(C)(C)C(=O)OCOC(=O)[C@@H]1N2C(=O)[C@@H](NC(=O)[C@@H](N)c3ccccc3)[C@H]2SC1(C)C,0
646888,Cc1csc2nnc(N)n12,0
2396,CN(C)CCCn1cc(C2=C(c3c[nH]c4ccccc34)C(=O)NC2=O)c2ccccc21,1
2997603,CC1CCCN(C(=O)Cn2c(=O)oc3ccccc32)C1,0
665463,CC1(C)SC2c3ccccc3C(=O)N2[C@@H]1C(=O)NCc1ccco1,0
3693566,COc1cc(OC)c(C(=O)CCCCN2CCC3(CC2)NC(=O)NC3=O)cc1NS(=O)(=O)c1ccc(C(F)(F)F)cc1,0
648198,Cc1ccc2cc(C)c(NCCO)nc2c1,0
2930384,COCCn1c(=N)c(C(=O)NCCc2ccccc2)cc2c(=O)n3cccc(C)c3nc21,0
9568007,Cc1cccc(-c2nnn(CC/C(N)=N/O)n2)c1,0
2970296,Cc1cc(C(=O)NC(C)c2ccc3c(c2)OCO3)cs1,0
652085,CCCOC(=O)Cn1c(=O)c2cc3c(=O)n(CC(=O)OCCC)c(=O)c3cc2c1=O,0
2239896,CCOC(=O)CNC(=O)CSc1nc(NCc2ccccc2)nc(N(C)C)n1,0
266964,OCC1(CO)COC2(CCCC2)N1,0
3244394,CCc1c(C)sc(NC(=O)c2cc(C)on2)c1C#N,0
663712,COC(=O)[C@@H](NC(=O)Nc1ccccc1F)C(C)C,0
2999977,Cc1ccc(C(=O)Oc2ccc3c(c2)ncn3C)cc1,0
89536143,COc1cc(-c2n[nH]c3cc(NC(=O)N[C@H](C)c4ccccc4)ncc23)ccn1,1
118365288,COCCOc1n[nH]c2cc(NC(=O)N[C@@H](c3ccccc3)C(C)(C)O)nc(CO)c12,1
16759008,COC(=O)NC(c1cccc(C)c1)C(C(C)=O)C(=O)OC,0
813457,Cc1cc(C(F)(F)F)nn1CC(=O)N1CCCC1,0
2849564,CC1CN(S(=O)(=O)c2ccccc2)CC(C)O1,0
3243080,COC(=O)c1ccc(OCC(=O)Nc2nn(-c3ccccc3)nc2C(N)=O)cc1,0
5459607,COC(=O)c1ccc(C(NC(=O)OCc2ccccc2)/C(=C/[C@@H](C)C(=O)N[C@@H](CO)Cc2ccccc2)c2cccnc2)cc1,0
580038,CN1C2CCC1CC(OC(=O)CCN1CCCC1)C2,0
2932548,CC1CCc2cc(F)ccc2N1C(=O)CN1C(=O)c2ccccc2C1=O,0
3239783,Cc1sc2nc3c(C(=O)N4CCN(c5ncccn5)CC4)cccn3c(=O)c2c1C,0
667333,COc1ccc(C2=NO[C@@H]3C(=O)N(c4c(C)cccc4C)C(=O)[C@H]23)cc1OC,0
666038,Cc1cc(C)c2c(n1)nn1c(-n3ccnc3)cc(C)nc21,0
1201933,CCOC(=O)N1CCN(C(=O)c2ccc(N3C(=O)CCC3=O)cc2)CC1,0
2961755,O=C1NC(=O)c2c(NC(=O)C3CCCO3)cccc21,0
652924,CC(=O)c1c(C)nn(CC(O)Cn2c3c(c4cc(C)ccc42)CCCC3=O)c1C,0
92044791,Cc1cc(-c2n[nH]c3cc(NC(=O)NCc4ccsc4)ncc23)ccn1,1
698162,COC(=O)c1sc(NC(=O)c2ccco2)nc1C,0
2788373,COC(=O)c1cccc(NC(=O)C2COc3ccccc3O2)c1,0
653798,Cc1ccc(C)c(CSc2nnc(-c3cccnc3)o2)c1,0
3246423,O=C(O)[C@H]1CCCC[C@@H]1c1c2ccc(=O)c(O)c-2oc2c(O)c(O)ccc12,0
3239023,O=C(CN1C(=O)C2(OCCO2)c2ccccc21)c1ccc(F)cc1,0
5059019,COc1cccc(C2C(C(N)=O)=C(C)Nc3nc(CCCO)nn32)c1OC,0
2232224,CCCCOc1ccc(C(=O)Nc2ccncc2)cc1,0
3246042,OC[C@@H](O)CNc1ncnc2ccccc12,0
760279,CC1(C)CC(=O)C=C(NCCc2ccc(S(N)(=O)=O)cc2)C1,0
3246002,O=[N+]([O-])c1ccc([C@@H](Nc2ccccc2)c2ccc3cccnc3c2O)cc1,0
3235875,O=C(NCCCN1CCOCC1)c1ccc(CNS(=O)(=O)c2ccc(F)cc2)cc1,0
651733,COc1ccccc1NC(=O)Nc1ncccc1C,0
665881,COc1cc([C@H]2[C@@H]3CCCC[C@]3(O)CCN2Cc2ccccc2F)ccc1O,0
646978,CCCn1c(SCC(=O)NCCc2ccc(OC)c(OC)c2)nc2c1c(=O)n(C)c(=O)n2C,0
3245678,COc1ccc(NC(=O)CCCN2C(=O)C3C4C=CC(C4)C3C2=O)c(OC)c1,0
121416551,Cc1cc(-n2ncc3cc(NC(=O)N[C@@H]4CN(C)C(C)(C)[C@H]4c4ccccc4C)ncc32)ccn1,1
3233583,CN1CC[C@@]2(CCCN(C(=O)c3ccncc3)C2)C1,0
2233423,COc1ccccc1NC(=O)CSc1nnc(C2CCCCC2)n1C,0
659860,N#Cc1c(SCC(=O)Nc2nccs2)nc2c(c1-c1ccco1)CCCC2,0
5309558,COc1ccc(N(CC(=O)Nc2ccc(C)cn2)S(=O)(=O)c2c(C)nn(C)c2C)cc1,0
2207638,O=c1c(Cl)c(NCCO)ncn1-c1ccccc1,0
3237288,Cc1c(C(=O)NCc2ccccn2)sc2nc(-c3ccc(F)cc3)cn12,0
3241980,Cc1cc(C)n(C(=O)CCNC(=O)c2ccccc2Br)n1,0
1319487,COC(=O)c1ccc(NC(=O)c2ccc(N(C)S(C)(=O)=O)cc2)cc1,0
121418065,O=C(NCc1ccccc1)Nc1cc2cnn(-c3ccncc3)c2cn1,1
650580,O=S(=O)(c1ccccc1Cl)N1CCCC(c2nc(-c3cccnc3)no2)C1,0
3233813,CN(Cc1ccco1)c1ncncc1-c1ccccc1Cl,0
5459547,CC(Cc1ccccc1)C(=O)NCC1CC1,0
135449545,CCCCn1c(/N=C/c2cc(OC)ccc2O)nc2ccccc21,0
1245238,CCOC(=O)c1cc(NC(=O)c2ccoc2C)cc(C(=O)OCC)c1,0
5459601,COC(=O)c1ccc(C(NC(=O)OCc2ccccc2)/C(=C/[C@@H](C)C(=O)NC2CCCCC2)c2cccnc2)cc1,0
5308664,N#CC1=C2SCN(c3ccc(F)cc3)CN2C(=O)CC1c1cccc(F)c1,0
654598,Cn1c(Cn2nnc3ccccc32)nnc1SCC(=O)c1ccc(F)cc1,0
662566,COc1cccc(C(=O)N(Cc2ccc(N(C)C)cc2)C2CCS(=O)(=O)C2)c1,0
2172307,CCOC(=O)NC(=O)CSc1nnnn1-c1ccccc1,0
677574,Nc1ccc(-c2n[nH]c(=O)c3ccccc23)cc1N,0
2925042,Nc1ccc2c(c1)C(=O)N(CC1CCCO1)C2=O,0
135476421,Cc1nc(NCc2ccco2)[nH]c(=O)c1CCC(C)C,0
3240281,COc1ccc(-n2cc(-c3ccccc3)c3c(N4CCN(CCO)CC4)ncnc32)cc1,0
655079,Cc1cccc(C)c1NC(=O)CSc1nnc(-c2ccoc2C)n1CCc1ccccc1,0
3242881,CCN1CCN(C(c2cccs2)C(C)NS(=O)(=O)c2ccc(Br)cc2)CC1,0
6838,O=NN(c1ccccc1)c1ccccc1,0
665420,Cc1cccc(OCC(O)Cn2c(NCc3cccnc3)nc3c2c(=O)[nH]c(=O)n3C)c1,0
2519,Cn1c(=O)c2c(ncn2C)n(C)c1=O,0
891628,CCSc1nc(=S)n(CC)c(C)c1C(C)=O,0
135411363,CCCSc1nc(C)cc(=O)[nH]1,0
3242217,CC12CC(NC(=O)N1c1ccc(C(=O)N3CCN(c4ccccn4)CC3)cc1)c1ccccc1O2,0
5389949,CC1Cc2cc(/C(O)=C3/C(=O)C(=O)N(CCCn4ccnc4)C3c3ccco3)ccc2O1,0
673661,COC(=O)c1ccc(CSc2nc3ccccc3s2)o1,0
135513628,CCOC(=O)/C(C(N)=NCCCO)=C(\O)OCC,0
3232717,O=C(c1ccco1)N1CCC2(CCCN(c3cccc(-c4ccccc4)c3)C2)CC1,0
2334417,O=C(OCC(=O)N1CCN(C(=O)c2ccco2)CC1)c1cc(-c2ccc(F)cc2)nc2ccccc12,0
629376,CC(C)Sc1nc(N2CCOCC2)c2c(c1C#N)CC(C)(C)SC2,0
2998282,Cc1ccccc1-n1nnnc1SC1CCOC1=O,0
3246090,Cc1c([C@@H](C)[C@H]2NC[C@H](C)C[C@@H]2O)ccc2c1C[C@@H]1[C@H]2CC=C2C[C@@H](O)CC[C@@]21C,0
5308306,O=C1C(=O)N(CCO)C(c2ccccc2)/C1=C(\O)c1ccccc1,0
646980,c1ccc(-c2nc3ccccc3nc2N2CCOCC2)cc1,0
648537,CCc1cc2c(NCCO)ncnc2s1,0
753814,O=C(NS(=O)(=O)c1ccc2c(c1)OCCO2)c1ccccc1,0
2056174,c1ccn2c(SCc3ccc4c(c3)OCCO4)nnc2c1,0
3000199,CCCCn1cnc2c1c(=O)n(CC(=O)c1cc(C)n(C)c1C)c(=O)n2CC(C)C,0
666576,Cc1nnc(SCCn2c(N3CCN(C)CC3)nc3c2c(=O)[nH]c(=O)n3C)s1,0
5307644,O=C1CCc2cc(S(=O)(=O)N3CCC(C(=O)NC4CCCC4)CC3)ccc2N1,0
2610393,O=C(CSc1nnnn1-c1ccc(Cl)cc1)N1CCc2ccccc2C1,0
786671,Cc1nc2scc(-c3ccccc3)c2c(=O)o1,0
397588,CCC1C(C#N)=C(N)OC2=C1C(=O)CC(C)(C)C2,0
616267,COc1cc2nc(N3CCNCC3)nc(N)c2cc1OC,0
3232900,O=c1c(CCc2ccccc2)nc2cnc(N3CCOCC3)nc2n1C1CC1,0
3242656,O=C(Nc1ccc2c(c1)OCCO2)C1CCN(S(=O)(=O)c2ccc(Br)s2)CC1,0
1022059,COc1ccc(OC)c(S(=O)(=O)N(C)CC(=O)Nc2ccccc2OC)c1,0
5771584,C[C@@H](NC(=O)C1(N)CCCC1)C(=O)O,0
647808,COc1cccc(OC)c1C(=O)N1CCN(Cc2ccc3c(c2)OCO3)CC1,0
805203,CCOC(=O)N1CCN(C(=O)CSc2ccc(Cl)cc2)CC1,0
145995624,COc1ccc(C[C@@H]2CNc3cc(-c4ccnc(Nc5ccnn5C)n4)cc4nnc2n34)cc1,1
2063687,Nc1nnc(C2CCCC2)s1,0
54682919,CCCn1c2c(c(O)c(C(=O)Nc3ccccn3)c1=O)CCCC2,0
16758584,CC(C)=CCC/C(C)=C/CO/N=C1/C[C@@H](O)[C@@H](O)[C@@H]2[C@@H]3C(=O)N(Cc4ccccc4)C(=O)[C@H]3CC[C@H]12,0
71555763,Cc1cc(-c2n[nH]c3cc(NC(=O)NCc4cccc(F)c4)ncc23)ccn1,1
649976,CC(=O)N(c1cccc(C)c1)C1SC(=O)N(c2ccccc2)C1=O,0
5309928,Cn1c(C(=O)NCc2cccs2)cc2c(=O)n(C)c3ccccc3c21,0
77793,COc1ccc(-c2cc(=O)c3ccccc3o2)cc1,0
5307486,CC1CCCC(NC(=O)c2ccc(CNc3c(N4CCCC4)c(=O)c3=O)cc2)C1C,0
650754,CC(C)(C#N)Nn1cnnc1,0
977848,CC(=O)Oc1c(S(=O)(=O)c2ccccc2)c(C)nn1C(C)(C)C,0
2967427,O=C1c2ccccc2S(=O)(=O)N1CC(O)Cn1ccc2ccccc21,0
3244273,CCN(CC)c1ccc(NC(=O)CN2CCN(CC(=O)Nc3ccccc3F)CC2)cc1,0
3241228,CC(C)C(NS(=O)(=O)c1ccc(Br)s1)C(=O)O,0
3233261,FC(F)(F)c1ccccc1-c1ccc2ncnc(NCc3cccnc3)c2c1,0
2292924,COc1ccccc1NC(=O)CSc1nnnn1C,0
76071570,COc1n[nH]c2cc(NC(=O)N[C@H](C)c3ccccc3)nc(-c3nnc(C)s3)c12,1
651703,Nc1nonc1C(=O)OCC(=O)N1CCOCC1,0
2098213,O=C(COc1ncnc2ccccc12)N1CCN(S(=O)(=O)c2ccccc2)CC1,0
6605110,Cc1nc(NCc2ccccc2)c2nc(-c3ccccc3)n(CCN3CCCCC3)c2n1,0
3246038,O=C(O)C[C@H](Sc1ccccc1)c1ccccc1,0
882150,CCC(CC)C(=O)Nc1ccccc1NC(C)=O,0
5307377,COc1ccc(NC(=O)CSc2nnc(Cn3c(=O)sc4ccccc43)n2C)cc1,0
16758887,COCC#Cc1ccc(C2C(C)CCC3C(=O)N4C(CCC(C)C4c4ccc(C#CCOC)cc4)C(=O)N32)cc1,0
3235679,CCOc1ccc(C(=O)Nc2c(C(N)=O)oc3ccccc23)cc1,0
892054,O=C(COc1cccc2ccccc12)N1CCN(c2ccccn2)CC1,0
3233497,FC(F)(F)c1ccccc1-c1nccc(N2CCNCC2)n1,0
2847991,CCCCS(=O)(=O)N1CN(S(=O)(=O)CCCC)C2NC(=O)NC21,0
3244264,CCOC(=O)N1CCC(NC(=O)CCN2C(=O)C3C4C=CC(C4)C3C2=O)CC1,0
16758884,CC1CCC2C(=O)N3C(CCC(C)[C@H]3c3ccccc3Br)C(=O)N2C1c1ccccc1Br,0
16758816,O=C1[C@@H]2[C@H]3C(=CC[C@@H]2C(=O)N1Cc1ccccc1)C1(OCCCO1)[C@H]1O[C@@H]1[C@H]3O,0
2275401,Cc1cccc(N2C(=O)CC(=O)NC2=O)c1,0
3243568,O=C(NCCCN1CCCC1=O)c1cccc(N2CCCC2=O)c1,0
648641,Cc1cnc(-c2nnc(N(C)C(=O)c3ccccn3)s2)cn1,0
657530,CCN(CC)CCN/C(C)=C(\C#N)C(N)=O,0
3237445,Cc1ccc(-n2ncc3c(=O)n(CC(=O)NC4CCCCC4)cnc32)cc1,0
435966,Clc1cc2c(c(CSC3=NCN(CC4CC4)CN3)c1)OCOC2,0
892627,COc1ccc(-c2noc(-c3ccccc3Cl)n2)cc1OC,0
4013699,CC(=O)Cc1nsc(NC(=O)C2Cc3ccccc3C(=O)O2)n1,0
650684,COCC(=O)NC1CCN(S(=O)(=O)c2ccc(C(=O)O)cc2)CC1,0
652568,O=C(NCCc1ccccc1)c1cccnc1N1CCCCCC1,0
659734,Cc1nnc(C)c2c(C)n(Cc3ccccc3)c(C)c12,0
2819082,CSC(SC)=C(C#N)C(=O)c1ccccc1,1
3234786,O=C(Oc1ccccc1)N1CCC[C@@]2(CCN(Cc3cc(C(F)(F)F)cc(C(F)(F)F)c3)C2)C1,0
645743,CCOC(=O)c1cc2sc(C)cc2n1CC(=O)NCc1ccc(F)cc1,0
3241229,CC(C)=C1C2C=CC1C(C(=O)Nc1cc(C)ccc1C)C2C(=O)O,0
2999280,CCOc1ccccc1C(=O)NCC(=O)OCC(=O)NCCc1ccc(S(N)(=O)=O)cc1,0
649153,COCCNC(=O)C(c1ccc(C)o1)N(CC1CCCO1)C(=O)Cn1nnc2ccccc21,0
391237,CCOC(=O)c1c(NC(=O)c2cccs2)sc2c1CCCC2,0
5871620,COc1ccc(CC[n+]2cc(/N=C(\C)[O-])on2)cc1OC,0
3242994,Cc1c(C(=O)NCc2cccs2)oc2ccc(S(=O)(=O)N3CCOCC3)cc12,0
828555,Cc1ccc(-c2nc(N)n(S(C)(=O)=O)n2)cc1,0
3247187,COC(=O)[C@@]1(Cc2ccccc2)[C@H]2c3cc(C(=O)N4CCCC4)n(Cc4ccc(C)o4)c3C[C@H]2CN1C(=O)c1ccccc1,0
645306,Cc1csc(SCC(=O)O)n1,0
648554,Cc1ccc(CNC(=O)CSc2nc(C)cc(C)c2C#N)cc1,0
2622916,Cc1cc(SCC(=O)NC(=O)NCc2ccco2)nc2ccccc12,0
665472,COc1cc(-c2noc(CCC(=O)Nc3cccnc3)n2)cc(OC)c1OC,0
2832697,Cc1ccc2nc(C(F)OC(F)(F)F)[nH]c2c1,0
1371146,Cc1ccnc(NS(=O)(=O)c2ccc(NS(=O)(=O)Cc3ccccc3)cc2)n1,0
5309907,COc1ccccc1S(=O)Cc1ccc(C(=O)NCCc2ccc(Cl)cc2)o1,0
7127,C=CCc1ccc(OC)c(OC)c1,0
866388,CCN(CC)CCCn1c(=S)[nH]c2ccccc2c1=O,0
2970022,CN(C(=O)c1ccc(NC(=O)C2CC=CCC2C(=O)O)cc1)c1ccccc1,0
118365231,CCOc1n[nH]c2cc(NC(=O)N[C@@H](c3ccccc3)[C@@H](O)COC)ncc12,1
652973,Cc1cc(-c2nnc(SCc3ccccn3)o2)no1,0
644837,CCOC(=O)Nc1sc(=S)n(C)c1C,0
1265037,COC(=O)c1cc(-c2c[nH]c3ccccc23)n[nH]1,0
971379,CCCn1c(-c2ccc(F)cc2)n[nH]c1=S,0
649322,COc1ccccc1N1CCN(C(=O)CSc2nc(-c3ccco3)cc(C(F)(F)F)n2)CC1,0
3237673,CC(=O)c1cccc(NC(=O)c2nccnc2C(=O)O)c1,0
3156106,COc1ccccc1-c1c(C)nn2c(C)cc(C)nc12,0
1288674,COc1ccc(Nc2oc(COc3ccc(Cl)cc3)nc2C#N)cc1,0
654377,CCC(c1nnnn1Cc1ccco1)N(Cc1ccccc1OC)Cc1cc2cc(C)ccc2[nH]c1=O,0
3241733,CCC(=O)N1CCc2cc(Br)cc(S(=O)(=O)NCCN3CCOCC3)c21,0
665329,COc1ccc(CN2C(=O)[C@@H]3C(c4ccc(F)cc4)=NO[C@@H]3C2=O)cc1,0
945564,COc1ccc2[nH]c3c(NCCC4=CCCCC4)ncnc3c2c1,1
579089,Cc1ncc(CSc2nc3ccccc3[nH]2)c(N)n1,0
5308325,COCCCNC(=O)CS(=O)Cc1nc(-c2ccccc2C)oc1C,0
327470,CCOC(=O)c1ccc(NC(=O)N2CC(C)OC(C)C2)cc1,0
3238820,COc1cccc(-c2cc(C(F)(F)F)nc(-n3cncn3)n2)c1,0
2981691,CCNC(=O)CC1C(=O)N(c2cccc(OC)c2)C(=O)N1CCOC,0
118381018,CC(C)Nc1n[nH]c2cc(NC(=O)N[C@H](C)c3ccc(F)cc3)ncc12,1
2915884,COc1cccc(C(=O)COC(=O)C(C)N2C(=O)c3ccccc3C2=O)c1,0
71554730,C[C@@H](NC(=O)Nc1cc2[nH]nc(-c3ccc4nn(C)cc4c3)c2cn1)c1ccc(Cl)cc1,1
2999200,CC1CCCC(NC(=O)CSc2nnnn2C)C1C,0
2229128,O=C(CCSc1ccccc1)N1CCN(C(=O)c2ccco2)CC1,0
3238728,CCOc1ccc(NC(=O)c2nccnc2CO)cc1,0
648106,CCOC(=O)c1cnc(SCC(=O)Nc2nc(C)c(C)s2)nc1N,0
719523,CN1CCN(CCC(=O)Nc2ccc(F)c(F)c2)CC1,0
3233826,CC(C)CN1CCC2(CC1)CCN(C(=O)Oc1ccccc1)CC2,0
5308209,Cn1cccc1Cc1nnc(SCC(=O)N2CCc3ccccc32)n1CCc1ccccc1,1
3241580,Cc1ccc2c(c1)N(CC(=O)NC1CCCc3ccccc31)C(=O)CO2,0
974979,Cc1cc(C)n(-c2nc3ccccc3[nH]c2=O)n1,0
3237513,CCOCCCn1c(=S)[nH]c2cc(C(=O)N3CCN(C)CC3)ccc2c1=O,0
73099,O=C(NNS(=O)(=O)c1ccccc1)c1cccnc1,0
2244067,CC1=CC(=C2C(=O)NC(=O)NC2=O)C=C(C(F)(F)F)N1C(C)C,0
135538518,Cc1ccccc1-n1c(SCc2ccccn2)nc2n[nH]c(C)c2c1=N,0
3242787,CCC(C)(C(=O)NC1CCCC1)N(Cc1cccs1)C(=O)Cc1cccs1,0
2959837,COc1ccc(NC(=O)CC2C(=O)N(c3ccc(OC)cc3)C(=O)N2CCN2CCN(C)CC2)cc1,0
594242,CC(=O)Nc1ccn(-c2ccccc2)n1,0
2610226,CCOC(=O)NC(=O)CSc1nnnn1-c1ccc(Cl)cc1,0
5144820,COc1ccc(CC(NC(=O)c2ccccc2)C(=O)NCC(=O)O)cc1,0
3241702,CN(CCCNC(=O)C1CCN(S(=O)(=O)N2CCC3(CC2)OCCO3)CC1)Cc1ccccc1,0
3239344,CCOc1ccc(-n2cc(C(=O)Nc3cccc(C)n3)c3cc(OC)c(OC)cc3c2=O)cc1,0
655145,COc1ccc(NC(=O)Cn2nnc(-c3ccccc3NC(=O)C3CC3)n2)cc1,0
3243006,COCCNC(=O)C1c2cc(OC)c(OC)cc2C(=O)N(C)C1c1cccnc1,0
5314,C[N+](C)(C)CCOC(=O)CCC(=O)OCC[N+](C)(C)C,0
2215490,CC(=O)Nc1cccc(-c2csc(Nc3ccc(Cl)cn3)n2)c1,1
5389867,CCCOc1ccc(/C(O)=C2/C(=O)C(=O)N(CCCOC)C2c2ccncc2)cc1,0
3245233,CCOC(=O)N1CCN(S(=O)(=O)c2cc(Br)cc3c2N(C(=O)CC)CC3)CC1,0
1091094,CC(=O)Nc1ccc(C(=O)Nc2ccc3c(c2)OCO3)cc1,0
654180,CCOC(=O)Cn1c(=O)c2c(nc3n2CCS3)n(C)c1=O,0
660555,C/[N+]([O-])=C1\Cc2ccccc2C1=O,0
3238983,Cc1ccc(C)n1CCN1CCN(CC(=O)Nc2ccc(S(N)(=O)=O)cc2)CC1,0
121416617,Cc1cc(-n2ncc3cc(NC(=O)N[C@H]4CNC[C@@H]4Oc4ccc(F)cc4)ncc32)ccn1,1
16758970,COC(=O)NC(c1ccccc1)[C@@]1(C(=O)OC)CCCC1=O,0
3129893,CCOC(=O)CCCCC(=O)c1[nH]c(=O)[nH]c1CSc1nc(C)cc(C)n1,0
648949,CCCCn1c(=N)n(CC(O)COc2ccccc2)c2ccccc21,0
3233267,COCCn1c(=O)c(C)nc2cnc(N3CCN(C)CC3)nc21,0
2571531,CCCCn1c(SCc2cc(=O)n3ccsc3n2)nc2cc(C(=O)OC)ccc2c1=O,0
2950074,O=C1CC(N2CCC(O)(c3ccc(Cl)cc3)CC2)C(=O)N1Cc1ccc(N2CCCC2=O)cc1,0
1148700,CCOC(=O)N1CCN(C(=O)CN(c2ccc(C)c(C)c2)S(=O)(=O)c2ccccc2)CC1,0
659055,O=C1CCC2CCCCC2(O)O1,0
1021210,Cc1ccc(C(C)C)c(OCc2nnc(SCC(=O)Nc3ncc(C)s3)n2C)c1,0
655701,Cc1ccccc1NC(=O)N1C2CCCC1CC(NC(=O)C(C)(C)C)C2,0
1163448,COc1ccc(N2CCN(S(=O)(=O)c3ccc(OC)cc3)CC2)cc1,0
2999037,CCC1CCCCN1P(=O)(c1ccc(C)o1)C(C)(C)C,0
2223900,CC(C)NS(=O)(=O)c1ccc(OCC(=O)Nc2ccc3c(c2)OCO3)c(Cl)c1,0
5459417,CC(C)c1cccc2nc3c(c(C(C)(C)C)c12)Cn1c-3cccc1=O,0
2227064,CC(=O)Cc1nsc(NC(=O)c2ccc(-c3cc(C(F)(F)F)ccc3Cl)o2)n1,0
5310821,O=C(/C=C\Nc1ccccn1)c1ccccc1,0
255024,CC(=O)Nc1ccccc1C=C1c2ccccc2-c2ccccc21,0
135491548,O=C1CSC(=Nc2cc(Cl)ccc2Cl)N1,0
71555390,Cc1cc(-c2n[nH]c3cc(NC(=O)N[C@H](C)c4ccc(Cl)cc4)ncc23)ccn1,1
612407,Cc1cc(C)n(-c2ccc(F)cc2)c(=O)c1C(=O)O,0
135481525,Nc1nc2c(ncn2C2OC(COC(=O)c3ccccc3)C(OC(=O)c3ccccc3)C2OC(=O)c2ccccc2)c(=O)[nH]1,0
2560874,Cc1ccc(S(=O)(=O)N2CCN(C(=O)CSC3CCCC3)CC2)c(C)c1,0
5308441,CCOC(=O)C1CCN(C(=O)Cn2cc3c(n2)CCC(C)C3)CC1,0
3363314,CC(=O)Oc1cc(OC(C)=O)c2c(c1)OC(c1ccc(OC(C)=O)c(OC(C)=O)c1)C(OC(C)=O)C2,0
649626,O=C(NC1CCCCC1)NC1CC2CCC(C1)N2C(=O)NC1CCCCC1,0
1254267,COc1ccc(NC(=O)c2ccc3c(c2)C(=O)N(Cc2cccnc2)C3=O)cc1,0
666950,COc1cc2c(cc1OC)CN(C(=O)C1(c3ccccc3)CC1)CC2,0
3237494,CCOC(=O)N1CCC(n2c(SCC(=O)NCCC3=CCCCC3)nc3ccccc3c2=O)CC1,0
135435963,CCc1c(O)nc(SCc2ccccc2)n(C(C)CC)c1=O,0
3243110,CCS(=O)(=O)NCc1cn2c(C)csc2n1,0
3236137,Cc1cccc(C)c1NC(=O)CC(NCc1ccco1)C(=O)O,0
5459645,CC(=O)N1CC=CC1(CC(C)C)C(=O)O,0
135415452,Cc1csc(/C(C#N)=N/O)n1,0
2980262,CC1CC(C(F)(F)F)n2ncc(C(=O)O)c2N1,0
771128,Cn1c(NC(=O)c2ccc(Br)o2)cc(=O)n(C)c1=O,0
653207,CCC(=O)Nc1cccc(NC(=O)c2cccnc2)c1,0
644957,Cc1ccc2c3c(c(SCC(=O)Nc4nonc4C)nc2c1)CCCC3,0
654902,CC12CN3CC(C)(CN(C1)C3c1ccccc1Cl)C2O,0
3398600,CCC(=NCc1ccco1)c1c(O)n(C2CCCCC2)c(=O)[nH]c1=O,0
2938255,C=CCN1C(=O)C(CC(=O)O)SC1=Nc1c(C)n(C)n(-c2ccccc2)c1=O,0
3235737,Cc1nc2ccccc2n1CCC(=O)Nc1cccc(F)c1,0
1994425,CCCCc1nc2ccccc2n2cc3c(=O)n(C)c(=O)n(C)c3c12,0
750712,CC(=O)c1c(NCCc2ccccc2)cc(C)oc1=O,0
646626,COC(=O)CCNc1ccc2c(c1)OCCO2,0
92044914,C[C@@H](NC(=O)Nc1cc2[nH]nc(-c3ccc(OC(F)(F)F)cc3)c2cn1)c1ccccc1,1
2998225,C=CCn1c(COc2cccc(C)c2)nnc1SCC(=O)NC(=O)NCc1ccco1,0
667175,Cc1cc(NCCN2CCOCC2)n2ncc(-c3ccc(Cl)cc3)c2n1,0
3238772,CS(=O)(=O)N1CCCC(C(=O)NCCCN2CCOCC2)C1,0
659775,CCOC(=O)C1C(=O)NC(C)C1c1ccccc1,0
894019,CCC(=O)Nc1ccc(S(=O)(=O)Nc2cccnc2)cc1,0
652331,COc1ccc(Cn2nnnc2CN(Cc2cc3cc(C)ccc3[nH]c2=O)C2CCCC2)cc1,0
5309036,COc1ccc(C2NC(=O)c3n[nH]c(C)c32)c(OC)c1,0
585642,O=C(O)c1ccc(CSc2nc3ccccc3o2)cc1,0
3247291,C[C@@H](C(=O)NCc1ccccc1)[C@@H]1C[C@@]1(C)[C@@H](NC(=O)OCc1ccccc1)c1ccccc1,0
645289,COC(=O)CSc1nnc(-c2ccoc2C)n1-c1ccc(C)cc1,0
656280,CCOC(=O)c1cnc2ccccc2c1NCCO,0
664258,COc1ccccc1C1c2c(oc3ccc(Cl)cc3c2=O)C(=O)N1c1cc(C)on1,0
2784599,CN(C)C(=O)NC1CCCCCCCCCCC1,0
2955956,O=C(Nc1nc2ccc(S(=O)(=O)N3CCCC3)cc2s1)C1CCCO1,0
8081,C1OCOCO1,0
99926,C=CC(C1=CC(=O)C(OC)=CC1=O)c1ccccc1,0
135415434,Cc1ccc(S(=O)(=O)N2CCN(C(=O)CSc3nc4ccccc4c(=O)[nH]3)CC2)cc1,0
135471493,CCCSc1nnc2[nH]c(=O)cc(N)n12,0
92044877,COC[C@@H](NC(=O)Nc1cc2[nH]nc(-c3ccc4nn(C)cc4c3)c2cn1)c1ccccc1,1
783424,OCCN(Cc1ccccc1)CC1CCCCC1,0
3234583,CC(C)CN1CC[C@@]2(CCCN(C(=O)c3cccc(F)c3)C2)C1,0
6603885,N[C@H](C(=O)O)c1cc(=O)[nH]o1,0
662872,COc1ccc(C2=Nn3c(nnc3-c3ccc(OC)cc3)SC2)cc1,1
2847933,CCOC(=O)CCCNC(=O)CCNC(=O)c1ccc(OCC)cc1,0
645704,COCCN(C(=O)c1csnn1)C(C(=O)NC1CCCCC1)c1cccs1,0
9568632,COc1c(Br)cc(Br)cc1/C=N/n1c(C)nnc1C,0
662769,C=C(C)CSc1nnc([C@@H](NC(=O)OC(C)(C)C)C(C)CC)o1,0
2999400,CCN(CC)S(=O)(=O)c1ccc2c(c1)nc(SCC(=O)NC1CC1)n2-c1ccccc1OC,0
14569,Cc1cccc(Nc2ccccc2)c1,0
3243504,CCC(C(=O)NCc1ccco1)n1nc(-c2ccc(OC)cc2)ccc1=O,0
2791873,CCOC(=O)c1cnc2ccc(Br)cc2c1NCC(C)O,0
654807,COC(=O)c1c(C(=O)OC)c2ccncn2c1Cl,0
1300454,Cc1cccc(-c2noc(CN(C)S(=O)(=O)c3cc(Cl)ccc3Cl)n2)c1,0
3233498,Cc1ccccc1-c1cc(N(C)Cc2ccco2)ncn1,0
3235805,CCCN(CCC)CCNC(=O)C1CCCN(S(=O)(=O)c2ccc3c(c2)oc(=O)n3C)C1,0
1576014,CCc1ccc(OCCCC(=O)O)c(Br)c1,0
16759303,CC[C@H](CC[C@@H](C)C1CC[C@H]2C3CC=C4C[C@@H](O)CC[C@]4(C)C3CC[C@]12C)C(C)C,0
2201536,CCOC(=O)c1ccc(NC(=O)CSc2nnc(C)n2-c2ccccc2)cc1,0
3246264,C[C@@]12CC[C@H]3[C@H](CC=C4C[C@@H](O)CC[C@@]43C)[C@@H]1CC[C@@H]2N(CCO)CCO,0
3233787,N#Cc1cccc(NC(=O)N2CC[C@@]3(CCCN(C(=O)Oc4ccccc4)C3)C2)c1,0
5308526,CSc1nnc(Cn2c(=O)sc3ccccc32)n1-c1ccccc1C,0
3238435,CCn1c(=O)cc(OCC(=O)N2CCN(C(=O)c3ccco3)CC2)c2ccccc21,0
2928619,CC1(C)CC2CC(C)(CN2C(=O)CCCN2C(=O)c3ccccc3C2=O)C1,0
118365241,CCOc1n[nH]c2c(F)c(NC(=O)N[C@H](COC)c3ccc(F)cc3)ncc12,1
2999416,O=C(Nc1nnc(C2CC2)s1)C1Cc2ccccc2CN1S(=O)(=O)c1cccs1,0
646336,CCOCCn1c(SCCCc2ccccc2)nc2c1c(=O)[nH]c(=O)n2C,0
2943434,COc1cc(C2C(C(=O)N3CCOCC3)=C(C)NC3=C2C(=O)CCC3)ccc1OC(C)=O,0
663677,COc1ccccc1-c1nc(C#N)c(N2CCN(c3cccc(Cl)c3)CC2)o1,0
122362919,CC(=O)Nc1n[nH]c2cc(NC(=O)N[C@@H](C)c3ccccc3)ncc12,1
709871,Cn1c(=O)c2cn3ncccc3c2n(C)c1=O,0
261502,CCOC(=O)c1cnc2nc[nH]n2c1=O,0
118374006,COc1n[nH]c2cc(NC(=O)N[C@H](C)c3ccccc3)nc([C@H](C)O)c12,1
664759,O=C(CN1CCN(Cc2ccccc2)CC1)c1ccc(Br)cc1,0
744447,O=C(O)[C@@H](c1ccccc1)[C@@H](C(=O)O)c1ccccc1,0
2999909,CCCN(CCC)C(C(=O)Nc1cccc(OC)c1)c1ccccc1,0
3240171,Cc1nc2ccc3nc(NC(=O)c4ccco4)sc3c2s1,0
649584,CCC(c1nnnn1Cc1ccc2c(c1)OCO2)N1CCN(c2ccc(OC)cc2)CC1,0
2997928,Cc1cc(C)n2cc(CSCc3ccco3)nc2n1,0
659318,C=C(C)C1Cc2c(C)nn(-c3ccccc3)c2C1,0
3235380,O=c1cnc2cnc(N3CCOCC3)nc2n1Cc1cccs1,0
347384,NC(=O)C1C(c2ccccc2)=C1c1ccccc1,0
662244,O=C(c1cccc(Cl)c1)N(Cc1cccs1)C1CCS(=O)(=O)C1,0
879553,CC(=O)CC(=O)NC1C2CC3CC(C2)CC1C3,0
135399986,CCN(CC(=O)NCc1ccc(F)cc1)Cc1nc2ccccc2c(=O)[nH]1,0
118365440,COCc1nc(NC(=O)N[C@H](COC(F)F)c2ccccc2)cc2[nH]nc(OC)c12,1
647384,Cc1occc1-c1nnc(SCC(=O)N2CCN(c3ccccc3)CC2)n1C,0
2201551,CCCC(=O)Nc1ccc(C(=O)n2nnc3ccccc32)cc1,0
238309,CN(C)CCCc1cccnc1,0
3246362,Cn1c(=S)c2[nH]c(SCCN3C(=O)c4ccccc4C3=O)nc2n(C)c1=O,0
880303,COc1ccc(-c2nn(CC(=O)N(C)C)c(=O)c3ccccc23)cc1,0
1281364,COc1ccccc1Oc1ccc(S(=O)(=O)Nc2cccnc2)cc1,0
689674,CCc1ccc(C2C(C#N)=C(N)SC(N)=C2C#N)cc1,0
656349,COCCCn1c(Cc2csc(Nc3cccc(Cl)c3)n2)nnc1SCC(=O)OC,0
649678,COc1cc(C)nc(N2CCC(C(N)=O)CC2)n1,0
4122240,N#CCCN1CCN(S(=O)(=O)c2ccc(S(=O)(=O)N3CCCCCC3)cc2)CC1,0
649500,CCCOC(=O)Nc1nc2ccccc2o1,0
2204323,Cc1nnc2sc(-c3ccc(NC(=O)CSc4ccc(Cl)cc4)cc3)nn12,0
3245808,O=C(Nc1ccc(Br)cc1)N1CCCCCCC1,0
3238493,COc1ccc(CNC(=O)c2cc(-c3ccco3)on2)cc1,0
611858,O=C(Cn1c(-c2cncs2)nc2ccccc21)NCCc1ccccc1,0
5307305,O=C(NC1CCCc2ccccc21)C1CCC(CNc2c(N3CCOCC3)c(=O)c2=O)CC1,0
3239523,Cc1cc2ccccc2c(=O)n1CC(=O)N1CCN(c2cccc(Cl)c2)CC1,0
16758704,CCOC(=O)N/N=C1/C[C@@H](O)[C@@H](O)[C@@H]2[C@@H]3C(=O)N(C(C)(C)C)C(=O)[C@H]3CC[C@H]12,0
11328,Cc1ccc2c(C)cccc2c1,0
5308826,Cn1c(Cn2c(=O)sc3ccccc32)nnc1SCC(=O)N1CCCC1,0
5309232,O=C(NCCCN1CCOCC1)C1CCC(=O)N1CCc1ccccc1,0
2983089,COc1ccc(NC2CCN(C3CC(=O)N(c4ccc(F)c(Cl)c4)C3=O)CC2)cc1,0
688071,Cc1c(C)c2c(c(C)c1O)CC[C@@](C)(C(=O)O)O2,0
3237042,CC(C)Cn1cc(C(=O)NCCCN2CCCC2=O)c2c3ccccc3n(C)c2c1=O,0
3241656,Cc1cc(C(=O)Nc2c(C)nn(Cc3ccccc3Cl)c2C)no1,0
3234416,Fc1ccc(Nc2ccnc(-c3ccoc3)n2)cc1,1
1938468,C/C(Cl)=C\CSc1nnc2n(N)c(=O)c3ccccc3n12,0
3240467,CCn1c(SCC(=O)NC2CCCCC2)nc2c(c1=O)SC(C)C2,0
1073006,CN(CC(=O)NCc1ccccn1)S(=O)(=O)c1ccc(Cl)cc1,0
667281,CCOC(=O)N1CCN(Cc2cc(=O)oc3ccc(Cl)cc23)CC1,0
646148,CCC(=O)Nc1ccc(NC(=O)Cc2ccccc2)cn1,0
5389897,COc1ccccc1-c1c(C)oc2c(CN3CCN(CCO)CC3)c(O)ccc2c1=O,0
662519,Nn1c(SCC(=O)Nc2ccc(F)cc2)nnc1C1CCCCC1,0
647870,CN(C(=O)c1cccnc1)c1nnc(-c2cnccn2)s1,0
3235851,CCOC(=O)N1CCC(NC(=O)c2cc(-c3ccc(F)cc3)[nH]c2C)CC1,0
2088447,O=c1[nH]c(CN2CCc3ccccc32)nc2scc(-c3cccs3)c12,0
653345,CCSc1nnc(CNc2ccc(F)cc2)n1CC1CCCO1,0
1311001,CCn1ncc(Br)c1C(=O)Nc1sc2c(c1C(=O)OC)CCC2,0
3239236,COC(=O)C1C(=O)NC(SC)=C(C#N)C1c1ccccc1F,0
654217,Cc1ccc2cc(C#N)c(NCCNC(=O)C3CCC3)nc2c1C,0
2894647,O=C(O)C(Oc1ccc2c3c(c(=O)oc2c1)CCC3)c1ccccc1,0
3242536,Cc1ccc(-n2ncc3c(=O)n(CC(=O)NC4CCCCC4)cnc32)cc1C,0
5309084,COc1ccccc1NC(=O)NCCCN1CCN(c2cccc(Cl)c2)CC1,0
3163338,COC(=O)CN1C(=O)COc2ccc(Cl)cc21,0
838812,C=CCN(CC=C)S(=O)(=O)c1ccc2nsnc2c1,0
2930337,O=C1C2CC=C(Cl)CC2C(=O)N1CC1Cc2ccccc2CO1,0
653190,O=S(=O)(c1ccc(S(=O)(=O)N(Cc2ccc(F)cc2)C2CCCC2)cc1)N1CCCC1,0
2551384,CCCn1c(N)c(C(=O)CN2CCN(S(=O)(=O)c3cccs3)CC2)c(=O)[nH]c1=O,0
989979,CCOc1ccccc1OCc1nn2c(-c3ccc(C)cc3)nnc2s1,0
3240449,COc1ccccc1N1CCN(C(=O)c2ccc3nc(-c4ccco4)c(-c4ccco4)nc3c2)CC1,1
3234447,COc1ncc2nc(CCc3ccccc3)c(=O)n(Cc3ccc(F)cc3)c2n1,0
648679,CC(=O)NC1CC2CCCC(C1)N2CC(=O)N1CCCc2ccccc21,0
2206419,COc1ccc2nc(NC(=O)Cn3cnc4c(=O)n(C)c(=O)n(C)c43)sc2c1,0
2956096,O=C(NC(Cc1ccccc1)C(=O)NCc1ccccn1)c1ccco1,0
652921,COc1ccc(-c2nnn(CC(=O)c3c[nH]c4ccccc34)n2)cc1OC,0
73506464,CC1(C)c2cnc(NC3CCOCC3)nc2CN1C(=O)N[C@H]1c2ccccc2C[C@H]1O,1
665807,C=CCN1C(=NC(=O)CCCC(=O)O)SC2CS(=O)(=O)CC21,0
3234298,CN(C)C(=O)c1ccc(-c2nc(N3CCOCC3)c3ccccc3n2)cc1,0
2950404,C=CCOc1c(OC)cc(Cl)cc1C1NC(=O)NC(C)=C1C(C)=O,0
2941550,CC1CC(C)CN(c2oc(-c3ccccc3Cl)nc2C#N)C1,0
655411,COc1cccc2cc(C(=O)Nc3ccccc3C(=O)N3CCOCC3)c(=O)oc12,0
656209,Cc1cc(C)c(NC(=O)CS(=O)CC(=O)Nc2cccnc2)c(C)c1,0
2949650,CCOC(=O)C1CCCN(S(=O)(=O)c2cc(OCC(N)=O)c(C)cc2Cl)C1,0
654348,CCOC(=O)CCC(=O)Nc1ccc(S(=O)(=O)N2CCCC2)cc1,0
2053110,O=C(CS(=O)(=O)c1cn(Cc2cccc(F)c2)c2ccccc12)N1CCCCC1,0
3518,NC(N)=NCCN1CCCCCCC1,0
654188,O=C(NC1CC2CCCC(C1)N2C(=O)NC1CCCCC1)c1ccccc1,0
655175,O=C(NCC1CCCO1)c1cc2n(n1)C(C(F)(F)F)CC(c1ccc(F)cc1)N2,0
3240409,COc1ccccc1N1CCN(C(=O)c2cc(-c3cccs3)on2)CC1,0
1110091,c1cncc(CNc2nc(N3CCOCC3)nc(N3CCOCC3)n2)c1,0
5309799,Cc1noc(C)c1S(=O)(=O)N1CCCC(C(=O)Nc2nccs2)C1,0
653834,O=C(CSc1nnc2c3c4c(sc3ncn12)CCCC4)NCc1ccco1,0
3232669,CC(C)CN1CC[C@@]2(CCCN(C(=O)c3csnn3)C2)C1,0
649167,CCn1c(=N)c(C(=O)OC)cc2c(=O)n3ccccc3nc21,0
2999364,Brc1ccc2nc(CSc3ncn[nH]3)cn2c1,0
1293902,Cc1cc(NS(=O)(=O)c2ccc(NC(=O)CCCC(=O)O)cc2)nc(C)n1,0
648356,Cc1ccc(C(C(=O)NCc2ccco2)N(C(=O)Cn2nnc3ccccc32)c2ccccc2)o1,0
121416540,Cc1cc(-n2ncc3cc(NC(=O)N[C@H]4CN(C)C[C@@H]4CCCc4ccccc4)ncc32)ccn1,1
650638,COC(=O)c1ccccc1NC(=O)c1ccccc1OC,0
121416464,COCCNCc1nc(NC(=O)N[C@H](C)c2ccccc2)cc2cnn(-c3ccc(F)cc3)c12,1
2493079,CCCn1c(=O)c2ccccc2n2c(SCc3cc(=O)n4ccsc4n3)nnc12,0
3000089,COc1cc2c(C#N)c(N3CCOCC3)nc(N)c2c(N)n1,0
16759284,CC[C@H]1C2CC3[C@@H]4N(C)c5ccccc5[C@]45C[C@@H](C2[C@H]5O)N3[C@@H]1O,0
2998026,CC(c1ccco1)N(C(=O)c1ccc(Cl)s1)c1ccccn1,0
654122,COc1ccc(OC)c(Nc2nc(-c3sc(N)nc3C)cs2)c1,0
138374522,Cc1cc(-c2n[nH]c3cc4c(cc23)CN([C@H]2CCC[C@@H](NCc3ccccc3)C2)C(=O)N4)ccn1,1
967760,COc1cccc(NC(=O)c2ccccc2NS(C)(=O)=O)c1,0
6604868,O[C@H](CCCN1CCN(c2ncc(F)cn2)CC1)c1ccc(F)cc1,0
97143,COc1ccc(-c2oc3ccccc3c(=O)c2O)cc1OC,0
3718,CC(C(=O)O)c1ccc(N2Cc3ccccc3C2=O)cc1,0
646594,CCc1nnc(NC(=O)CSc2nnc(-c3ccc(OC)cc3)n2C)s1,0
665606,Cc1cc(C)c2oc(=O)cc(CN3CCN(Cc4ccc5c(c4)OCO5)CC3)c2c1,0
750517,Cc1ccc(OCC(=O)N2CCN(C(=O)c3cccs3)CC2)cc1,0
3239323,CCS(=O)(=O)N1CCC(C(=O)NCCCN2CCN(c3ccccc3F)CC2)CC1,0
135449229,C=CCSc1nc(C)c(CC(=O)OCC(C)C)c(=O)[nH]1,0
3429042,CC(C)N1C(=O)CCC1C(=O)NCCc1ccc(Cl)cc1,0
3241238,CNC(=O)c1ccc(Oc2ccc(C(=O)NC)cc2)cc1,0
645121,CC1CCCCC1NC(=O)c1ccc(S(=O)(=O)NCc2ccco2)cc1,0
1244181,Cc1ccc2c(c1)CCCN2C(=O)c1cccs1,0
5600879,CCOC(=O)/C(C#N)=C1/C=Nc2ccccc2N1,0
3234323,c1cnc(N2CCC3(CCNCC3)CC2)nc1,0
657480,N#CCCNC(=O)CCN1CCOCC1,0
135415466,CCCc1cc(=O)[nH]c(SCC(=O)N(C)CC(=O)Nc2ccccc2CC)n1,0
3236971,COc1ccc(C)cc1NC(=O)CN1CCN(S(=O)(=O)c2ccc(F)cc2)CC1,0
135412516,Cc1ccc(N=c2oc3cc(O)ccc3cc2C(N)=O)cc1,0
2936288,O=C(NCC1CCCO1)c1ccc2c(c1)C(=O)N(C1CCCCC1)C2=O,0
3234994,Cc1cccc(CNc2ncnc3ccc(-c4ccccc4C#N)cc23)c1,0
3245333,Cc1ccc(CNC(=O)C2CCC(=O)N2C2CCCCC2)cc1,0
649298,CCCC(=O)Nc1cccc(NC(=O)c2ccc3c(c2)OCO3)c1,0
801055,CCOC(=O)Cn1cnc2sc3c(c2c1=O)CCC3,0
655700,COc1ccccc1N(CC(=O)Nc1ccc2c(c1)OCCO2)S(C)(=O)=O,0
3240564,N#CCSc1nc2cc(C(=O)N3CCC(C(N)=O)CC3)ccc2c2nc3ccccc3n12,1
9568671,Cc1cccc(NC(=O)C23CCC(C)(/C(=N/O)C2)C3(C)C)c1,0
95552,Cc1ccc(NCC(O)C(O)C(O)CO)cc1C,0
5307809,O=C(CN1CC(c2ccccc2)CC1=O)Nc1ccc(F)cc1,0
826927,CCN(C(=O)c1ccnc(C(C)(C)C)c1)c1ccccc1,0
659844,CCCCOC(=O)CSc1nc(N)c(C#N)c(-c2ccc(OCC)cc2)c1C#N,0
5309235,Cc1oc(-c2ccccc2)nc1CS(=O)CC(=O)N1CCc2ccccc2C1,0
650407,Cc1nc(SCC(=O)CC(=O)OC(C)C)c(C#N)c(C)c1C,0
1733715,Cc1cc(OCC(=O)NCCO)cc(C)c1Cl,0
3238093,Cc1cccc2sc(NC(=O)CN(C)S(=O)(=O)c3cccs3)nc12,0
1295615,CCN(CC)S(=O)(=O)c1ccc(NC(=O)CN(c2ccc(OC)cc2OC)S(C)(=O)=O)cc1,0
118046471,Nc1ncc(C2COC2)nc1-c1ccc(C(=O)N[C@H](CO)c2ccccc2)c(F)c1,1
7619,c1ccc2sc(SN3CCOCC3)nc2c1,0
644528,COC(=O)c1ccc(NC(=O)CSc2nnc(CNc3ccc(OC)cc3)n2C)cc1,0
855323,CS(=O)(=O)Nc1nnc(Cc2ccccc2)s1,0
2788336,COc1ccc(OC)c(NC(=O)C2COc3ccccc3O2)c1,0
3244991,Cc1c(C(=O)N2CC(C)OC(C)C2)sc2nc(-c3ccccc3)cn12,0
95416,CC(=O)OC(C(=O)c1ccccc1)c1ccccc1,0
3234907,CN(Cc1ccco1)c1nc(-c2cccc(C#N)c2)nc2ccccc12,0
6604817,CNC(=O)[C@H]1O[C@H](n2cnc3c(NCc4cccc(I)c4)nc(Cl)nc32)[C@@H](O)[C@@H]1O,1
2565283,CC(C)(C)NC(=O)NC(=O)COc1ccccc1C#N,0
653589,Cc1cccn2c(=O)c3cc(C(=O)NC4CCCC4)c(=N)n(C4CCCC4)c3nc12,0
699513,O=C1CC(=O)CC(c2ccco2)C1,0
710950,c1ccc(N2CCN(c3nnnn3-c3ccccc3)CC2)cc1,0
2897594,CCC(=O)N1c2ccccc2NC2=C(C(=O)CCC2)C1c1cccnc1,0
654849,CCOc1ccc(-c2nnn(CC(=O)Nc3cccc(OC)c3)n2)cc1OCC,0
3245307,Cc1ccc(C2=N/C(=C/N3CCOCC3)C(=O)O2)cc1,0
128018,CN(C)CCCc1cc(C(=O)Nc2ccc(-c3ccncc3)cc2)ccc1O,0
5308347,CC(C)NC(=O)c1ccc(CS(=O)(=O)c2ccc(Br)cc2)o1,0
652533,Cc1ccc(C(OC(=O)c2ccco2)C(=O)NCc2cccs2)cc1,0
5308175,CN1C(=O)CS(=O)c2ccc(C(=O)NCCC3=CCCCC3)cc21,0
16758891,CC(=O)Nc1ccc(C2C(C)CCC3C(=O)N4C(CCC(C)[C@@H]4c4ccc(NC(C)=O)cc4)C(=O)N32)cc1,0
2973841,COc1ccc(CCNS(=O)(=O)c2ccc(C3CNC(=O)C3)cc2)cc1OC,0
3246628,O=C(O)[C@@H]1CS[C@@]2(CCCN(Cc3ccccc3)C2)N1,0
3239289,O=C(C1CC1)N1CCc2cc(Br)cc(S(=O)(=O)NCc3ccccn3)c21,0
663635,C#CCSc1nnc(-c2cccc3ccccc23)o1,0
660101,C=CCn1c(Cc2c[nH]c3ccccc23)n[nH]c1=S,0
2124830,COc1ccc(CC(=O)NCc2cccs2)cc1,0
3786084,CSc1ccc(C2NC(=O)c3c(sc4c3CCN(C)C4)N2)cc1,0
649338,Cc1ccc(N2CC(C(=O)OCC(=O)C(C)(C)C)CC2=O)cc1C,0
652335,Cc1ccc(Nc2nc(C(=O)NCCCN3CCOCC3)cs2)cc1,0
68296,S=c1ccss1,0
1192842,CCN1C(=O)c2cccc3c(S(=O)(=O)NCc4ccco4)ccc1c23,0
645571,Cc1ccc(N=C(c2cccs2)N2CCOCC2)cc1,0
3243838,Cc1cccc(C)c1NC(=O)N1CC=C(n2c(=O)[nH]c3ccccc32)CC1,0
3245553,Cc1ccc(Cn2nnc3c(=O)n(CC(=O)OCc4ccccc4)cnc32)cc1,0
754902,Cn1cnc2nc3n(c2c1=O)CCC3,0
408515,Cc1cc(N2CCCCC2)nc2ccc(Cc3ccc4nc(N5CCCCC5)cc(C)c4c3)cc12,0
6604304,N[C@H]1C[C@H]1c1ccccc1,0
3235010,Cn1cccc1C(=O)N1CCC2(CC1)CN(C(=O)Nc1cccc(C#N)c1)C2,0
3242939,CS(=O)(=O)NCc1csc(-c2ccccc2)n1,0
2999012,Cc1ccc(N=Cc2nc(-c3ccco3)oc2O)cc1,0
21058,CC(C)COC(=O)COc1cc(Cl)c(Cl)cc1Cl,0
644559,Cc1ccc2cc(C#N)c(NCc3ccco3)nc2c1,0
645846,N#Cc1c(NC(=O)CSc2nnnn2C2CCCCC2)sc2c1CCCC2,0
2086396,COc1ccc(C)cc1-n1c(SCC(=O)Nc2cc(C)on2)nc2sc(C)c(C)c2c1=O,0
3238085,CCN(CC)CCNC(=O)Cc1c(C(=O)O)n(C)c2ccccc12,0
16758274,CO[C@@H]1COC(=O)C/C=C\[C@H](C)[C@H](OC)COC(=O)[C@H](C)NC(=O)C/C=C\[C@H]1C,0
12301,CCOCC(=O)O,0
89536074,Cc1cc(-c2n[nH]c3cc(NC(=O)NCCOc4ccccc4)ncc23)ccn1,1
4615084,CCSc1nc2c(c(=O)[nH]1)C(C(C)C)C(C#N)=C(N)O2,0
3234545,CC(C)NC(=O)N1CC[C@@]2(CCCN(S(C)(=O)=O)C2)C1,0
2215251,COCCCNC(=O)Cn1cc(C(C)=O)c2ccccc21,0
1122041,Cc1onc(-c2ccccc2)c1C(=O)Nc1ccncc1,0
1257387,COc1ccc(OC)c2c(C)cc(N3CCN(C(=O)c4ccc(F)cc4)CC3)nc12,1
11957499,CNc1ccc2oc(C[C@H]3O[C@@]4(CC[C@H]3C)O[C@H]([C@H](C)C(=O)c3ccc[nH]3)[C@H](C)C[C@H]4C)nc2c1C(=O)O,1
2122833,Nn1c(SCc2csc(-c3ccccc3)n2)nnc1-c1cccs1,0
118054619,COC(=O)NC[C@@H](NC(=O)c1ccc(-c2nc(C3CCOCC3)cnc2N)cc1F)c1cc(F)cc(Br)c1,1
747117,O=C(Nc1ccccn1)c1cccc(S(=O)(=O)N2CCCCC2)c1,0
664183,CC(C)c1nnc(NC(=O)CCC(=O)NCc2ccc3c(c2)OCO3)s1,0
3044369,COc1cc(N[C@@H](C)CCCN)c2ncccc2c1,0
2595061,O=C(Cc1n[nH]c(=O)c2ccccc12)Nc1cccc(-c2nnc3n2CCCCC3)c1,0
3246779,CCC(Oc1ccc(C)c(C)c1)C(=O)O,0
792513,Clc1nnc2ccc(-c3ccccc3)nn12,0
6603926,CSC(N)=NCCC[C@@H](N)C(=O)O,0
3233794,COc1ncc2nc(-c3ccccc3)c(=O)n(C[C@H]3CCCO3)c2n1,0
653201,COCCn1c(SCC(=O)c2ccc3c(c2)OCCO3)nnc1-c1ccco1,0
2997797,CSCCC(NC(N)=O)C(=O)N(C)CC(=O)Nc1ccc(C)cc1,0
2853053,O=C(CC12CC3CC(C1)CC(CC(=O)N1CCCC1)(C3)C2)N1CCCC1,0
778626,Cc1cc2n(c1)CCn1c(C)ccc1-2,0
401437,CCOC(=O)NC(Nc1nnc(C)s1)(C(=O)OCC)C(F)(F)F,0
650556,CC(=O)Nc1ccc(-c2nc3c(C)cccc3[nH]2)cc1,0
655307,NC1=NC(=O)CC(C(=O)NCCc2ccccc2)S1,0
647704,COC(=O)CN(C(=O)CSc1nnc(-c2cccc(OC)c2)o1)c1ccc(OC)cc1,0
644448,O=C(O)CCn1ccnc1-c1ccccc1,0
795044,COc1ccc(C(=O)CC(=O)O)c2c1C=CC(C)(C)O2,0
875268,O=C(Cc1ccc(Br)cc1)N1CCCCCC1,0
651634,COc1ccc(CNC(=O)C2CCN(c3nccs3)CC2)cc1,0
3234250,Cc1noc(C)c1C(=O)N1CCC[C@@]2(CCN(C(=O)Nc3ccccc3)C2)C1,0
655306,CCn1c(SCC(=O)Nc2ccccc2)nnc1-c1ccc(S(=O)(=O)N2CCOCC2)cc1,0
2998488,CC(C)(C)OC(=O)NCCCC(CCCNC(=O)OC(C)(C)C)C(=O)O,0
2917822,O=C(c1ccccc1)c1nnc(-c2ccccc2F)o1,0
2249842,O=C(Nc1ccc2c(c1)OCO2)c1c(F)c(F)c(F)c(F)c1F,0
652339,CC(C)NS(=O)(=O)c1ccc(CCC(=O)NCc2cccnc2)cc1,0
6407399,Cc1ccc(-c2nnc(N3CCN(C(=O)COc4cccc(C)c4)CC3)c3ccccc23)cc1,1
2999927,CC(C)Cn1cnc2c1c(=O)n(CC(=O)Nc1ccc3c(c1)OCO3)c(=O)n2Cc1ccccc1,0
54683810,O=C(NCc1ccco1)c1c(O)c2cccc3c2n(c1=O)CCC3,0
1300325,CN(Cc1nc(-c2ccccn2)no1)S(=O)(=O)c1ccc(Cl)cc1,0
3236933,O=C(NC1CCCC1)C1CCC(=O)N1C1CCCC1,0
869785,Cc1cccc(C(=O)O)c1NC(=O)c1ccc(F)cc1,0
665374,Cn1c(=O)n(CCc2ccccc2)c(=O)c2c1nc1n2CCCN1CCc1ccccc1,1
145995674,COc1ccc(C[C@H]2CC(=O)N(C)c3cc(-c4ccnc(Nc5ccnn5C)n4)cc4nnc2n34)c(F)c1,1
135449189,O/N=C1\CCCc2nnc3c(c21)CCCC3,0
5459456,CCCc1cc2c(n1Cc1ccc(C)cc1)C(C)C1CN(C(=O)c3ccccc3)C(C)(C(=O)OC)C21,0
16759111,CC(=O)OCC1OC(C#Cc2ccc(F)cc2F)C=CC1OC(C)=O,0
135449249,C=C(C)Cc1c(C)nc(-c2ccccc2)[nH]c1=O,0
3240903,CCOC(=O)c1[nH]c(C)c(C(=O)Nc2cc(OC)ccc2OC)c1C,0
646203,CC(=O)N1CCN2C(=O)C1CCCC(=O)c1cc(C3CCCCC3)ccc12,0
2958791,O=C(Nc1ccccc1C(F)(F)F)C1CC(=O)N(c2ccccc2F)C1,0
644583,CC(Sc1nc2ccccc2o1)C(=O)O,0
2869367,COCCNC(=O)COc1ccccc1Cl,0
676303,COc1cc2oc(-c3ccccc3)cc(=O)c2cc1O,0
650069,COCCNC(=O)C(c1cccs1)N(CCc1ccccc1)C(=O)Cn1nnc2ccccc21,0
3240209,CCOC(=O)c1sc(=NC(=O)c2ccc(OC)c(OC)c2)n(C)c1C,0
646504,Cc1ccc(NC(=O)Cn2nc(C)cc2C)cc1,0
16134261,C=C(NC(=O)C(=C)NC(=O)c1csc(C2=N[C@@H]3c4csc(n4)[C@@H]4NC(=O)c5csc(n5)[C@@H]([C@](C)(O)[C@H](C)O)NC(=O)[C@@H]5CSC(=N5)/C(=C/C)NC(=O)[C@@H]([C@H](C)O)NC(=O)c5csc(n5)[C@]3(CC2)NC(=O)[C@@H](C)NC(=O)C(=C)NC(=O)[C@@H](C)NC(=O)[C@@H]([C@@H](C)CC)N[C@H]2C=Cc3c([C@H](C)O)cc(nc3[C@@H]2O)C(=O)O[C@H]4C)n1)C(N)=O,0
2434551,COc1ccc(S(=O)(=O)N2CCc3ccccc32)cc1C(=O)OCc1c(C)noc1C,0
664344,COc1ccc(N2CCCn3c2nc2c3c(=O)n(Cc3ccccc3F)c(=O)n2C)cc1,0
748263,COCn1c(-c2ccccc2)nc2ccccc21,0
663454,COc1ccc(-c2ccc(-c3noc(-c4ccc(OC)c(OC)c4)n3)c(OC)n2)cc1,0
2931238,COc1ccc(OC)c(S(=O)(=O)Nc2cnc3ccccc3c2)c1,0
118046227,Nc1ncc([C@H]2CNC(=O)C2)cc1-c1ccc(C(=O)N[C@H](CO)c2ccccc2)c(F)c1,1
135406068,CSCCC(N=CC1=C(O)CC(C)(C)CC1=O)C(=O)O,0
3244911,CCOc1cc2[nH]c(=O)n(CCC(=O)N3CC=C(c4ccccc4)CC3)c(=O)c2cc1OCC,0
3244452,COc1ccc(S(=O)(=O)NCc2ccc(C(=O)O)cc2)cc1,0
661786,COc1ccc(-c2nnc3sc(CCN4C(=O)c5ccccc5C4=O)nn23)cc1,0
767910,Nc1nc(CSc2nc3ccccc3[nH]2)cs1,0
653471,COc1ccc(OC)c(C(C(=O)NCc2ccco2)N(C(=O)Cn2nnc3ccccc32)C2CC2)c1,0
665345,CC1CC(=O)c2cnc(Nc3cccc(C(F)(F)F)c3)nc2C1,0
3243979,CCn1cc(C(=O)N2CC=C(c3ccccc3)CC2)c(=O)c2ccc(C)nc21,0
5308899,CC(CCc1ccco1)NC(=O)Cn1ncc2c(=O)oc3ccccc3c21,0
653295,O=C1C2C3C=CC(C3)C2C(=O)N1CNc1ccc(O)cc1,0
3238838,CCN(CC)CCNC(=O)c1ccc(N2CCCCC2)c(NS(=O)(=O)c2ccc(C)cc2)c1,0
647851,O=C(c1cccs1)N1CCn2c1nc1ccccc12,0
1321523,CCOC(=O)c1ccccc1NC(=O)CN(c1ccccc1OC)S(C)(=O)=O,0
2873224,Cc1onc(-c2c(F)cccc2Cl)c1C(=O)NCC1COc2ccccc2O1,0
118380948,CC(C)(O)[C@@H](NC(=O)Nc1cc2[nH]nc(N3CCOCC3)c2cn1)c1ccccc1,1
3237193,CC(C)(C)C1CCc2onc(C(=O)N3CCOCC3)c2C1,0
121416680,C=CC(=O)NCCc1nc(NC(=O)N[C@H](C)c2ccccc2)cc2cnn(C)c12,1
76072169,CCOc1n[nH]c2cc(NC(=O)NCCc3ccc(OC)cc3)ncc12,1
660278,C=CCOC(=O)C1=C(C)NC(SCC(=O)NC(=O)OCC)=C(C#N)C1c1cccnc1,0
219778,Cn1ncc2c(NCc3ccccc3)ncnc21,0
1167735,COc1ccc2c(c1)C(C)=CC(C)(C)N2C(=O)CSc1nnc(-c2ccc(C)cc2)o1,0
3241454,COC(=O)CSc1nsc(SCC(=O)OC)n1,0
5307448,CCN1CCN(CCCNC(=O)c2cc3sccc3n2CC)CC1,0
9555299,Cc1cc(C)n(-c2nncn2/N=C/c2ccccc2F)n1,0
2948511,Cc1cccc(OCC(O)CN2C(C)(C)CC(O)CC2(C)C)c1,0
665790,COc1ccc(-c2noc(CCC(=O)NC3CCCCC3)n2)cc1OC,0
667348,Cc1ccc2cc(CN(CC3CCCO3)C(=O)C(C)C)c(=O)[nH]c2c1,0
2997526,CC(C)N(c1ccccc1)c1ccc(NC(=O)C2CCCO2)cc1,0
6605056,CCCn1c(-c2ccc(F)cc2)nc2c(NCCCN(C)C)nc(C)nc21,0
653805,N#CC1=C(N)SC(N)=C(C#N)C1CCc1ccccc1,0
2884552,OC(COc1cccc(OCC(O)CN2CCOCC2)c1)CN1CCOCC1,0
655658,CCOC(=O)c1oc2ccc(CNCCO)c(Cl)c2c1C,0
1212243,O=C(Cc1ccc(Br)cc1)N1CCN(c2ccccc2)CC1,0
31241,CCCCC(C=O)CC,0
3238454,CCc1ccccc1-n1cnc2cc(C(=O)O)ccc21,0
5771840,CCC/C=C(\CCC)C(NC(=O)c1ccccc1)c1ccc(C(=O)OC)cc1,0
2999631,COCC(C)n1c(C)cc(C(=O)CN2C(=O)NC3(CCCCC3C)C2=O)c1C,0
656262,CCc1nn(CC(=O)O)c(=O)c2ccccc12,0
665812,Cc1cc(NCCCN2CCOCC2)n2ncc(-c3ccccc3)c2n1,0
2998028,Cc1cnc(NC(=O)CN2C(=O)C3CC=CCC3C2=O)s1,0
657674,CCOC(=O)N(Cc1ccccc1)C(C(=O)O)C(C(=O)O)N(Cc1ccccc1)C(=O)OCC,0
5020277,COc1ccc(C(=O)N2CCN=C2SCc2cccnc2)c(OC)c1,0
121416555,Cc1cc(-n2ncc3cc(NC(=O)NC(C)(C)c4ccccc4)ncc32)ccn1,1
3242541,COCCn1cc(C(=O)N2CCC3(CC2)OCCO3)c2c3ccccc3n(C)c2c1=O,0
3237230,COc1ccc(OC)c(C2C(C(=O)O)c3ccccc3C(=O)N2C)c1,0
661303,Cc1[nH]c2ccc(Br)cc2c(=O)c1CN1CCCCC1,0
76070653,COC[C@H](NC(=O)Nc1cc2[nH]nc(OC)c2cn1)c1ccccn1,1
3239784,Cc1cccc(CS(=O)(=O)Cc2ccc(C(=O)NCCCN3CCOCC3)o2)c1,0
977151,CSc1nc(-c2ccco2)nn1C(=O)Cc1ccccc1,0
2998046,O=C(COC(=O)C1(c2ccccc2F)CCCC1)N1CCN(C(=O)c2ccco2)CC1,0
2846938,CCOC(=O)CCCNC(=O)CCNC(=O)c1ccc(OC(C)C)cc1,0
2210509,CN(C)c1nc(SCC#N)nc(N(C)C)n1,0
2188626,C=CCOc1ccccc1/C=c1\sc2nc(-c3oc4ccccc4c3C)nn2c1=O,0
3242343,CN(CC(=O)N1CC=C(c2ccccc2)CC1)S(=O)(=O)c1cnc[nH]1,0
121418046,Cc1cc(-n2ncc3cc(NC(=O)NC4CNC(c5ccccc5)C4)ncc32)ccn1,1
663037,Cc1c(C(=O)O)oc2c1C(O)CCC2,0
648442,CC(C)CC(OC(=O)c1cccs1)C(=O)NCC1CCCO1,0
3233291,CCNc1ncc2nc(-c3ccccc3)c(=O)n(C)c2n1,0
2953291,Cc1ccc(NC(=O)C2CC(=O)NC(N3CCCCC3)=N2)cc1Cl,0
3570748,COC1(CS(=O)c2ccccc2)CCN(CCc2c[nH]c3ccc(F)cc23)CC1,0
3245395,COCCNC(=O)CSCc1nc(-c2ccc(SC)cc2)oc1C,0
3239062,O=C(c1ccc(Cn2c(=O)[nH]c3ccccc3c2=O)cc1)N1CCN(c2ccc(Cl)cc2)CC1,0
67316,NS(=O)(=O)c1ccc(N=Nc2ccc(O)c(C(=O)O)c2)cc1,0
2865632,Cc1cccc(CC2CC(=O)N(c3ccccc3)C2=O)c1,0
1377033,COc1cc(CN2CCN(c3cccc(C)c3C)CC2)cc(OC)c1O,0
665666,CCCn1c(=NC(=O)c2ccc3c(c2)OCO3)c(C#N)cc2c(=O)n3cccc(C)c3nc21,0
2496855,CCN1CCc2nc(NC(=O)Cc3ccc4c(c3)OCCO4)sc2C1,0
3241772,COc1cc2c(C(=O)NCc3ccccn3)cn(C)c(=O)c2cc1OC,0
3243195,Cc1ccc(C)c(N2CCN(C(=O)C3CCCN(S(=O)(=O)c4c(C)[nH]c(=O)[nH]c4=O)C3)CC2)c1,0
254792,O=c1cc(-c2ccco2)oc2ccc(Cl)cc12,0
2920624,COc1ccc(N2CC(C(=O)NCCCN3CCOCC3)CC2=O)cc1,0
6604873,N#C[C@H](Cc1ccc(O)cc1)c1ccc(O)cc1,0
1815814,CCCCNC(=O)CN(C1CCCCC1)S(C)(=O)=O,0
650479,CCOC(=O)CSc1nc2cc(OCC)ccc2cc1C#N,0
660270,CCOC(=O)CSC1=C(C#N)C(c2ccccc2OCC)C(C(=O)OCC)C(=O)N1,0
888560,c1csc(Cn2c(-c3cccs3)nc3ccccc32)c1,0
651084,CC(C)OC(=O)C1C(=O)CC(C)(O)C(C(=O)OC(C)C)C1c1cccnc1,0
2235559,COC(=O)c1ccccc1NC(=O)c1cc2ncc(Br)cn2n1,0
645515,Cc1cc(C)n(C(=O)c2cc3sccc3[nH]2)n1,0
660,O=C1CCc2ccccc2O1,0
938245,COc1ccc(N2CCN(C(=O)CSc3ccccc3)CC2)cc1,0
654880,COc1cccc2c(=O)c3c(cnn3C)n(C)c12,0
135449271,Oc1ccc2oc3c(c2c1/C=N/n1cnnc1)CCCC3,0
1154655,Cc1ccc(S(=O)(=O)N(CC(=O)N2CCOCC2)C2CCCCC2)cc1,0
3234927,COc1cccc(Cn2c(=O)c(-c3ccccc3)nc3cnc(N4CCNCC4)nc32)c1,0
3244820,C#CC(C)(CC)NC(=O)Cn1nnc(-c2ccc(S(C)(=O)=O)cc2)n1,0
2216933,CN1CCc2nc(SCCOc3ccccc3)c(C#N)cc2C1,0
135413577,CCOC(=O)CSc1nnc(CSc2nc3ccccc3c(=O)[nH]2)n1-c1ccccc1,0
2155329,CCOc1ccc(-n2c(SCC(=O)Nc3ccc4c(c3)OCCO4)nc3c(c2=O)SCC3)cc1,0
11949206,N#Cc1ccc(C23CC4(C2)[C@H](CN(Cc2cccnc2)[C@@H]4c2ccccc2)C3c2ccc(C(F)(F)F)cc2)cc1,0
645652,COc1cc(S(=O)(=O)N2CCC(O)(c3cccc(C(F)(F)F)c3)CC2)ccc1-n1cnnn1,0
963193,COC(=O)Cn1cc(C(=O)C2CC2)c2ccccc21,0
3234152,COc1ccc(NC(=O)N2CCCC3(CCN(C(=O)c4cnccn4)CC3)C2)cc1,0
5309938,CC1CCCCN1CCNC(=O)c1cc2c(-c3ccccc3F)nn(C)c2s1,0
602757,O=C(CN1C(=O)c2cccc3cccc1c23)Nc1ccc2c(c1)OCO2,0
5309903,CC(=O)c1cccc(NC(=O)C2CCCN2S(=O)(=O)c2cccc3cccnc23)c1,0
654255,CCOC(=O)C1=C(C)OC(N)=C(C#N)C12C(=O)Nc1ccc(C)cc12,0
6604862,C=C(C)CN1CC[C@@]23c4c5ccc(O)c4O[C@H]2c2[nH]c4ccccc4c2C[C@]3(O)[C@@H]1C5,0
652432,O=S(=O)(NCC1CC1)c1cccc(S(=O)(=O)N2CCCC2)c1,0
3232853,O=C(Nc1cccc(F)c1)N1CCCC2(CCNCC2)C1,0
662728,COc1ccc(NC(C)=O)cc1NC(=O)CSc1nnc(-c2cccnc2)n1C,0
5308539,Cn1c(Cn2c(=O)sc3ccccc32)nnc1SCc1cccnc1,0
3246218,OCCNc1ncnc2c1ncn2[C@@H]1O[C@@H](CO)[C@H](O)[C@@H]1O,0
5307383,CCOC(=O)N1CCN(C(=O)c2ccc(CS(=O)(=O)c3ccc(OC)cc3)o2)CC1,0
8635,COC(=O)c1ccccc1N,0
5307367,CCOC(=O)C1CCN(c2c(N3CCN(Cc4ccccc4)CC3)c(=O)c2=O)CC1,0
3787293,Cc1cccc(OCCCCCn2ccnc2)c1,0
135467355,CCSc1nc2c(c(=O)[nH]1)C(c1ccncc1)C(C(=O)OC(C)C)=C(C)N2,0
3243313,CC(=O)c1cc(-c2ccc(F)cc2)n(CC(=O)NCc2cccs2)c1C,0
1305812,CCc1cc2c(=O)c(-c3ccc4c(c3)OCCO4)coc2cc1OC(=O)c1ccco1,0
115348,COc1ccc2[nH]c(I)c(CCNC(C)=O)c2c1,0
16758705,COc1ccc(COC(=O)N/N=C2/C[C@@H](O)[C@@H](O)[C@@H]3[C@@H]4C(=O)N(C(C)(C)C)C(=O)[C@H]4CC[C@H]23)cc1,0
1232708,O=C(CCN1C(=O)c2ccccc2C1=O)N1CCN(c2ccccn2)CC1,0
3236412,CCC(=O)N1c2ccccc2NC2=C(C(=O)CCC2)C1c1ccc(N(C)C)cc1,0
665445,COCCN(CCOC)S(=O)(=O)c1ccc(OC)cc1,0
118046994,Cc1nn(C(F)F)cc1-c1cnc(N)c(-c2ccc(C(=O)N[C@H](CO)c3cccc(CF)c3)c(F)c2)c1,1
11948972,CCC1=C(OC(=O)N(CC)CC)N2C(=O)OC(=NCCOC)[C@]2(Cc2ccccc2)[C@H]2C1=CC[C@H]1C(=O)N(CC(=O)OC)C(=O)[C@H]12,0
659744,COc1ccccc1-n1cnc(N)c1C(C)=O,0
970101,Cn1c(=O)c2ncn(CC(=O)NCCC3=CCCCC3)c2n(C)c1=O,0
648546,COCCNC(=O)Cn1nc(-c2ccccc2OC)ccc1=O,0
6903048,Cc1nn(-c2cccc(C(F)(F)F)c2)c(Cl)c1/C=N/n1cnnc1,0
461168,COC(=O)c1c(C(=O)OC)c2n(c1C)Cc1ccccc1C2,0
888373,CC(C)(Oc1ccc(Cl)cc1)C(=O)NCc1ccncc1,0
661531,N#Cc1nc(COc2ccccc2F)oc1NCCc1ccccc1,0
118404580,CC1(C)c2cnc(NC3CCOCC3)nc2CN1C(=O)N[C@@H]1CCN(Cc2cccc(Cl)c2)C1,1
660103,CCCOc1ccc([C@@H]2C3CN(C(=O)OCC)CC=C3C(C#N)=C(N)C2(C#N)C#N)cc1OC,0
3239714,O=C(CSc1oc(-c2ccc(F)cc2)nc1S(=O)(=O)c1ccc(F)cc1)NCC1CCCO1,0
656136,O=C(NCC1CCCO1)c1ccc(Cl)c(F)c1F,0
16758658,O=C1[C@H]2[C@H]3[C@H](O)[C@H](O)C/C(=N/OC[C@@H](O)COCc4ccco4)[C@H]3CC[C@@H]2C(=O)N1C[C@@H]1CCCO1,0
2297135,Clc1cc(Br)ccc1OCCOCCN1CCOCC1,0
16637,C=CC(=O)NC(C)C,0
662936,Cn1c(=O)c2c(nc(Br)n2CCSc2nnnn2-c2ccccc2)n(C)c1=O,0
963166,O=C(c1ccccc1)c1cn(CC(=O)N2CCCC2)c2ccccc12,0
818460,CC(C)c1ccc(O)c(CN2CCN(c3ccccc3)CC2)c1,0
3243095,CCOC(=O)COc1ccc2c(c1)C(=O)CC1(CCN(C(C)=O)CC1)O2,0
3235568,CN(C)c1ncc2nc(-c3ccc(Cl)cc3)c(=O)n(Cc3ccc(F)cc3)c2n1,0
651734,O=C(NCC(=O)N(CC1CCCO1)C(C(=O)NC1CCCC1)c1ccc(F)cc1)c1ccco1,0
300571,Cc1ccc(C2NC(=O)c3ccccc3N2)s1,0
804304,Cc1cccc(C)c1NC(=O)CSCC(=O)O,0
2980567,CN1C(=O)NC(NC(=O)C2CCCCC2)(C(F)(F)F)C1=O,0
743130,CC1(C)CC(=O)c2cnc(NC(=O)C3CCCC3)nc2C1,0
28207,CCOc1ccc(NC(C)=O)cc1N,0
3240633,O=C(c1cc2nc3c(c(C(F)(F)F)n2n1)CCc1ccccc1-3)N1CCN2CCCC2C1,0
2997795,CCOC(=O)c1[nH]c(CSc2nnc(-c3ccncc3)n2CCOC)c(C(=O)OCC)c1C,0
89536165,Cc1cc(-c2n[nH]c3cc(NC(=O)N[C@@H](c4ccccc4)C4(O)CCCC4)ncc23)ccn1,1
736185,CC(=O)c1ccc(OCc2ccccc2)c(C)c1O,0
662485,CC1CN(c2nc3c(c(=O)n(C)c(=O)n3C)n2Cc2c(Cl)cccc2Cl)CC(C)O1,0
2953248,CCOC(=O)C1CCCN(Cc2nc(N)nc(Nc3ccc(OC)cc3)n2)C1,0
2430016,Cc1cc(C)n2nc(C(=O)OCCOc3ccc(Br)cc3)nc2n1,0
2336432,Cc1ccsc1C(=O)OCC(=O)c1cc2ccccc2o1,0
650509,Cc1occc1-c1nnc(SCC(=O)NCc2cccs2)n1-c1ccc(F)cc1,0
2951417,Cc1ccc(C(=O)CC(C(=O)O)n2cccn2)cc1,0
5341215,CCn1c(/C=N/n2cnnc2)nc2ccccc21,0
1257284,Cn1c(=O)c2c(ncn2Cc2cc(-c3ccccc3)no2)n(C)c1=O,0
645796,CCn1nnnc1SCC(=O)N(C1CCCCC1)C1CCCCC1,0
1242818,N#C/C(=C\c1ccco1)Sc1nc2ccccc2s1,0
79737,COc1ccc(C(=O)O)c(O)c1OC,0
562945,CCCCc1ccc(S(=O)(=O)Nc2cc(C)on2)cc1,0
2540991,Cc1occc1-c1nnc(SCC(=O)NC(=O)NC(C)C)n1N,0
2155773,CCOC(=O)N1CCN(C(=O)CSc2nnc(-c3ccc(Cl)s3)o2)CC1,0
2970203,CCCC(C)n1[nH]c(=O)c2c1NC(=O)CSC2c1ccc(OC)c(OC)c1,0
659974,Cc1cc(C)c2c(N)c(C(=O)N3CCN(c4ncccn4)CC3)sc2n1,0
669390,CCOc1ccc(C(=O)N2CCCCCC2)cc1,0
654707,COc1ccc(-c2nnc(CSc3nc4ccccc4c(=O)n3CC3CCCO3)o2)cc1OC,0
651230,CCCOC(=O)Cc1n[nH]c(=O)[nH]c1=O,0
3105144,Cc1cccc(NC(=O)C2C(C(=O)O)C3C=CC2C32CC2)c1C,0
3236284,CCC(=O)N1CCc2cc(S(=O)(=O)NC(C(=O)NCc3ccc(C)cc3)C(C)C)ccc21,0
2997648,O=C(O)C1CC=CCC1C(=O)Nc1ccccc1Cl,0
3243632,O=C(CCCn1c(=O)[nH]c2ccsc2c1=O)NCc1cccs1,0
780681,CCCn1c(NC(=O)c2ccc(C)cc2)nc2ccccc21,0
5789,Cc1cn([C@H]2C[C@H](O)[C@@H](CO)O2)c(=O)[nH]c1=O,0
1083469,CS(=O)(=O)Nc1ccc(Cc2ccc(NS(C)(=O)=O)cc2)cc1,0
799292,CN(C)S(=O)(=O)Nc1ccc2c(c1)Cc1ccccc1-2,0
650096,COc1cc2cc(C)c3nnc(SCC(N)=O)n3c2cc1OC,0
972836,CC(C)NC(=O)Cn1cc(C#N)c2cc(Br)ccc21,0
2536790,CCN(C(C)=O)c1nc(CSc2nnc(NC(C)C)s2)cs1,0
136420,COc1ccc(-c2coc3cc(OC)cc(OC)c3c2=O)cc1,0
664654,NC(=O)Nc1ccc(Oc2c(F)c(F)c(F)c(F)c2F)cc1,0
957541,CC(=O)N1CN(CCCn2ccnc2)Cc2c1sc1c2CCCC1,0
976770,O=C(Cc1cccs1)Nc1cccc(C(=O)Nc2ccco2)c1,0
652323,O=C(CN1C(=O)CSC1=O)Nc1ccc(C(=O)O)cc1,0
645080,COC(=O)C(C)Oc1ccc(=O)[nH]n1,0
2401131,CN(C)S(=O)(=O)c1ccc(C(=O)OCc2ccc(C#N)cc2)cc1,0
76071938,COCCOc1n[nH]c2cc(NC(=O)NCc3c(F)cccc3F)ncc12,1
664848,CCSc1nc(C)nc2c1oc1ccccc12,0
647568,CC(C)c1ccc(-c2nnn(Cc3nc4ccccc4s3)n2)cc1,0
2999984,CCn1c(CSc2nnc(-c3ccoc3C)n2C)nc2cc(S(=O)(=O)N(C)C)ccc21,0
11972589,OC[C@@H]1O[C@@H](n2cnc3c(N[C@@H]4C[C@@H]5CC[C@H]4C5)ncnc32)[C@@H](O)[C@H]1O,0
685191,CC1(C)CC(=O)C=C(Nc2ccccc2F)C1,0
135485450,CO[C@@H]1/C=C\O[C@@]2(C)Oc3c(C)c(O)c4c(c3C2=O)C(=N[C@H]2CC[C@H](O)O[C@@H]2C)C=C(NC(=O)/C(C)=C\C(=O)[C@@H]2C[C@@H]2[C@@H](O)[C@H](C)[C@@H](O)[C@H](C)[C@H](OC(C)=O)[C@@H]1C)C4=O,0
650413,CC(C)NC(=O)CSc1nc2ccccc2n1CC(=O)N1CCc2ccccc21,0
136915,O=C(O)CN(CC(=O)O)c1ccccc1,0
726387,Cc1cc(OCC(=O)O)c2c3c(c(=O)oc2c1)CCCC3,0
3237912,COc1ccc(N2C(=O)C3CCCN3C2c2ccccc2)cc1Cl,0
850042,CCOc1ccc(Cl)cc1S(=O)(=O)N1CCCC1,0
655654,COc1ccc(NC2=C(C(C)=O)C(c3ccc4c(c3)OCO4)C(C(C)=O)C(C)(O)C2)cc1,0
3244167,O=C(NCc1cccs1)c1cccc(N2CCCC2=O)c1,0
691328,CCOC(=O)c1[nH]c(=O)[nH]c1COC(=O)c1cc2ccccc2o1,0
2998524,CC(OC(=O)CNC(=O)c1ccc2c(c1)OCO2)C(=O)NCCC1=CCCCC1,0
5351814,O=C(O)/C=C\C(=O)Nc1cccc2c1-c1ccccc1C2=O,0
3240957,CCOC(=O)c1[nH]c(C)c(CN(CCc2ccc(OC)c(OC)c2)C(=O)CCCC(=O)O)c1C,0
2999420,COC(=O)c1ccc(C2NC(=O)NC(C)=C2C(=O)N(C)C)cc1,0
848720,c1ccc(Cc2nnc3sc(-c4ccccn4)nn23)cc1,0
92044852,Cc1cc(-c2n[nH]c3cc(NC(=O)NCCO)ncc23)ccn1,1
3244440,COC(=O)c1cn(NC(=O)c2ccc3c(c2)OCO3)c(=O)c2ccccc12,0
660082,CC(C)CCOCC(=O)Oc1ccccc1C(=O)O,0
3238832,CCCS(=O)(=O)N1CCCC(C(=O)NCCCOC(C)C)C1,0
663679,Cc1cc(C)n(-c2ncnc3c2oc2ccccc23)n1,0
652446,O=C(CC1(O)C(=O)Nc2ccccc21)c1cccnc1,0
4223812,CCC(=O)N1CCN(C(=O)c2ccccc2)CC1,0
790878,CCOC(=O)c1oc2cccc(OC(C)=O)c2c1C,0
655508,COC(=O)CSc1nc2cc3c(cc2cc1C)OCCO3,0
648080,COc1ccc2cc(C)c(SCC(=O)Nc3cc(C)on3)nc2c1,0
5309205,Cc1ccccc1-c1nc(CS(=O)(=O)CC(=O)NCc2ccccc2)c(C)o1,0
2999918,COC(=O)C1=C(C)C(c2cccs2)NC(=O)N1C,0
621830,CC1(C)CC(CCNC(=O)c2ccco2)CC(C)(C)N1,0
971024,Nc1nc(-c2cccnc2)nn1C(=O)CCc1ccccc1,0
3242982,C=CCn1c(SCC(=O)Nc2nnc(CC)s2)nnc1-c1ccco1,0
866382,COC(=O)c1sc(=S)n(-c2ccccc2)c1N,0
2998037,CN(C)S(=O)(=O)c1cccc(C(=O)C2=C3SC=C(c4ccccc4)N3CC2)c1,0
663327,Cn1c(SCc2nc3ccccc3[nH]2)nnc1-c1cccs1,0
3241094,COc1ccc(CCNC(=O)CCNS(=O)(=O)c2ccc3c(c2)CCN3C(C)=O)cc1OC,0
669507,CC(C)(C)c1ccc(C(=O)NCc2cccnc2)cc1,0
715023,COc1ccc(NS(=O)(=O)Cc2ccccc2Cl)cn1,0
135427810,Cc1nnc(N2CCN(c3ccccc3)CC2)[nH]c1=O,0
1261030,CCOc1ccc(S(=O)(=O)N2CCC(C(N)=O)CC2)c2ccccc12,0
6603716,CC1=C(/C=C\C(C)=C\C=C/C(C)=C/C=C\C=C(C)\C=C/C=C(C)/C=C\C2=C(C)[C@@H](O)C(=O)CC2(C)C)C(C)(C)CC(=O)[C@@H]1O,0
2998876,CC(c1ccco1)N(C(=O)CSc1ccc(Br)cc1)c1ccccn1,0
647136,CCc1c(C)nc2ncnn2c1Nc1ccc(C#N)c(Cl)c1,0
1249685,O=C(Nc1cccc(C(=O)N2CCOCC2)c1)c1cccnc1,0
1247236,COC(=O)c1c(-c2ccncc2)csc1NC(=O)c1ccoc1C,0
649716,COc1cccc(NC(=O)Cc2cccs2)c1,0
888345,Cc1ccc(OCCN2CCCCCC2)c(C)c1,0
92044731,Cc1cc(-c2n[nH]c3cc(NC(=O)NCC4(O)CCN(C)CC4)ncc23)ccn1,1
824791,CC1(C)Cc2ccccc2-c2nnc(-c3cccc(O)c3)n21,0
796632,CCN(CC)C(=O)CP(=O)(c1ccccc1)c1ccccc1,0
893621,O=C(O)CCc1ccc(-c2ccc(F)cc2)n1Cc1ccco1,0
975504,Cc1noc(C)c1CSc1nc2ccccc2[nH]1,0
659646,CCOC(=O)c1cnn(-c2ncnc3c2oc2ccccc23)c1N,0
73505019,C[C@@H](O)[C@@H](NC(=O)Nc1cc2[nH]nc(N3CCOCC3)c2c(CO)n1)c1ccc(F)cc1,1
731038,CCOC(=O)c1ccc2[nH]c(C)c(CN3CCN(C)CC3)c(=O)c2c1,0
135448731,COc1ccc(-n2c(/C=C(\C)O)nc(=O)c3c(C)cc(C)nc32)cc1,0
650408,Cc1cc2nn(-c3ccccc3)nc2cc1NC(=O)c1cccs1,0
362128,CN1CC(=O)N(C)c2ncn(Cc3ccccc3)c2C1=O,0
3246677,Cc1cc2c(cc1C)NC1=C(N2)O[C@H](c2c[nH]c3ccc(COc4ccccc4)cc23)C1=O,0
663590,CCN(CC)CCCN1C(=O)c2oc3ccccc3c(=O)c2C1c1cc(OC)ccc1OC,0
2193358,O=C(CSc1nnnn1-c1ccccc1)Nc1ccc(N2CCOCC2)c(Cl)c1,0
2236117,Cc1cccc(-c2noc(CN(C(C)C)S(=O)(=O)c3ccc(F)cc3)n2)c1,0
3239595,O=C(CSc1c2c(nc3ccc(Cl)cc13)CCCC2)N1CCN(C(=O)c2ccco2)CC1,0
1000754,CCOC(=O)N1CCN(C(=O)c2ccc(CN(c3ccc(C)c(C)c3)S(C)(=O)=O)cc2)CC1,0
776886,Cc1cc(C)nc(SCc2ccccc2C#N)n1,0
652372,CCOC(=O)c1ccc(NC(=O)CSc2nnc(CNc3ccc(OC)cc3)n2C)cc1,0
654810,Cc1ccc(NCc2nnc(SCC(=O)Nc3ncc(C)s3)n2Cc2ccco2)c(C)c1,0
651399,CC(C)(C)c1ccccc1OCC(=O)NCCC(=O)O,0
9550014,CCOc1ccc(/C(O)=C2/C(=O)C(=O)N(c3ncccn3)C2c2ccccc2)cc1,1
3243647,COc1ccc(-c2cc(C(=O)NC(C)C)no2)cc1,0
3234010,N#Cc1ccccc1-c1ccc2ncnc(NCc3cccnc3)c2c1,0
652426,COc1ccc(S(=O)(=O)Nc2ccc(S(=O)(=O)N3CCCCC3)cc2)cc1,0
667100,CC1CN(Cc2nc3c(c(=O)n(C)c(=O)n3C)n2CC(O)CO)CC(C)O1,0
774159,Cc1cc(Cl)ccc1OCC(=O)N1CCCCC1,0
5309787,Cc1n[nH]c(C)c1S(=O)(=O)N(CC(=O)NC1CCCC1)c1ccc(C(C)C)cc1,0
874396,COc1cc2[nH]c(=O)n(-c3ccccc3)c(=O)c2cc1OC,0
2955880,O=C(NC(Cc1ccccc1)C(=O)N1CCN(c2ccccn2)CC1)c1ccco1,0
2237717,Cc1cc(C)c2c(CC(=O)Nc3nccs3)coc2c1,0
617210,Cc1ccc(-c2cn3nc(C)c(C)nc3n2)cc1,0
308963,CC(C)(C)c1ccc(OC(=O)Nc2ccc(O)c(C(=O)O)c2)cc1,0
2947662,Fc1ccc(C2CC(c3ccco3)n3ncnc3N2)cc1,0
3239962,O=C(NCC1CCCO1)C1CCN(S(=O)(=O)N2CCCC2)CC1,0
2576,CCCC(C)(COC(N)=O)COC(=O)NC(C)C,0
2183617,COc1ccc(OCCSc2ncccn2)cc1,0
118045470,Cn1cc(-c2cnc(N)c(-c3ccc(C(=O)N[C@H](CO)c4ccccc4)cc3)n2)cn1,1
3240677,O=C(O)c1ccccc1C(=O)NCc1ccc(F)cc1,0
655173,O=C(CSc1nc(-c2ccco2)cc(C(F)(F)F)n1)Nc1ccc2c(c1)OCO2,0
6636212,COc1ccc(-c2cnnc(CCCn3ccnc3-c3ccccc3)n2)cc1,0
3243409,N#Cc1ccc(NC(=O)C2CC(c3ccc(F)cc3)=NO2)cc1,0
3245476,COc1ccccc1NC(=O)Cn1cnc2sc(C(=O)NCc3ccco3)c(C)c2c1=O,0
3240131,COc1cccc(C(=O)Nc2ccc(C(=O)O)cc2)c1,0
665403,CCc1nnc(NC(=O)CCC(=O)NCC2CCCO2)s1,0
5307873,CC1CCC(NC(=O)c2cc3c(=O)n(C)c4ccccc4c3n2C)CC1,0
783207,C/C=C(\C)CN1CCN(c2cc(C)ccc2C)CC1,0
3237986,O=C(NCCc1ccccc1)c1cc(-c2ccc3c(c2)OCO3)on1,0
2192108,O=C(Nc1ccc(Cl)cc1C(=O)Nc1ccc(Br)cn1)c1ccco1,0
3240158,CC(C)(C)n1ncc2c(=O)n(CC(=O)N3CCc4ccccc43)cnc21,0
3236774,CCSc1nnc(NC(=O)CSc2nc3c(c(=O)n2CC)SC(C)C3)s1,0
3233418,COc1cccc(Nc2ncc3nc(-c4ccccc4)c(=O)n(C[C@H]4CCCO4)c3n2)c1,0
662969,C=CCn1c(SCc2ccc(OC)cc2)nnc1-c1cccnc1,0
3236783,CN1CCN(C(CNS(=O)(=O)c2ccc(Cl)cc2)c2cccnc2)CC1,0
654815,CC(=O)NC(=O)NC1OC(=O)C(Cl)=C1Cl,0
3232973,CC(=O)N1CCC[C@@]2(CCN(C(=O)Nc3ccccc3)C2)C1,0
891940,CN(C)c1oc(-c2ccccc2Cl)nc1C#N,0
63204,O=c1nc(-c2ccccc2)c2cc(Cl)ccc2[nH]1,0
655003,Cc1onc(-c2ccccc2)c1C(=O)Nc1cccnc1,0
3246141,Nc1nc(SCc2ccccc2[N+](=O)[O-])c2[nH]cnc2n1,0
60198228,CN1CC(NC(=O)N2CCc3cnc(NC4CCOCC4)nc3C2)[C@H](c2ccc(Cl)c(F)c2)C1,1
707701,CCCc1cc(=O)oc2cc3oc(C)c(C)c3cc12,0
644525,CCn1c(CSc2nc(C)cc(C)n2)nnc1SCC(=O)Nc1ccccc1,0
2355,COc1c2ccoc2cc2oc(=O)ccc12,0
977447,Cn1c(NCc2cccs2)nc2ccccc21,0
664701,CCN(CC)CCCNc1oc(-c2ccc(OC)c(OC)c2)nc1C#N,0
1242695,COC(=O)c1ccc(COc2cc(O)c3c(c2)OC(C)(C)CC3=O)cc1,0
866512,c1ccc(-n2ncc3c(NCc4cccnc4)ncnc32)cc1,0
2867228,Cc1nc(N)sc1-c1csc(Nc2ccccn2)n1,0
118054693,Nc1ncc(C2CCOCC2)nc1-c1ccc(C(=O)NC(c2ccccc2)C(F)(F)F)c(F)c1,1
2568704,O=C(c1ccccc1)N1CCN(C(=O)c2ccccc2Br)CC1,0
1091576,COc1ccccc1N1CCN(S(=O)(=O)c2ccc(Cl)s2)CC1,0
5769020,CCN(CC)CCCN1C(=O)C(=O)/C(=C(/O)c2cc(C)ccc2C)C1c1cccnc1,0
645322,CCOC(=O)N1CCN(C(=O)Nc2ccccc2Cl)CC1,0
664395,COc1ccc(OC)c(C2c3c(oc4ccccc4c3=O)C(=O)N2CCCN(C)C)c1,0
644899,O=S(=O)(c1cccc(S(=O)(=O)N2CCC(n3nnc4ccccc43)CC2)c1)N1CCCCC1,0
3235055,COc1ccccc1CN1CCCC2(CCN(C(=O)Oc3ccccc3)CC2)C1,0
2220297,Cc1sc2nc3n(c(=O)c2c1C)CCCS3,0
5309895,O=C1c2ccccc2C(Nc2ccc3c(c2)OCCO3)N1c1ccccn1,0
773424,O=C(Nc1ccc2nsnc2c1)c1ccc2c(c1)OCO2,0
3237250,Cc1cc2ccccc2c(=O)n1CC(=O)NCC(=O)N1CCN(c2cccc(Cl)c2)CC1,0
3235541,COc1ccccc1CN1CC[C@@]2(CCCN(C(=O)c3ccncc3)C2)C1,0
644468,CCc1oc(C(=O)O)cc1COC,0
16758179,CC1(C)OC2CC3C4CC(F)C5=CC(=O)C=C[C@@]5(C)[C@@]4(F)C(O)C[C@@]3(C)[C@]2(C(=O)CO)O1,0
2583924,CCN(CC)C(=O)CN(Cc1ccccc1)S(=O)(=O)c1ccc(F)cc1,0
660708,CCCCOC(=O)N1CCOCCOCCN(C(=O)OCCCC)CCOCCOCC1,0
650456,O=C(Nc1cccc(NS(=O)(=O)c2ccc(S(=O)(=O)NC3CC3)cc2)c1)c1ccccn1,0
1797604,C=CCNC(=O)CNS(=O)(=O)c1ccc(F)cc1,0
667246,CCOc1ccc(C2C(C#N)=C(N)Oc3cc(C)n(Cc4ccco4)c(=O)c32)cc1OC,0
719144,CC(C)(C)c1ccccc1OCC(=O)Nc1ncn[nH]1,0
1160921,Cc1c(NC(=O)c2ccc3c(c2)OCO3)c(=O)n(-c2ccccc2)n1C,0
2515057,Cn1cnnc1SCC(=O)NC(=O)NC1CCCC1,0
3245803,CCOC(=O)c1ccc2nc3c(cc2c1)CCS3,0
662276,CCOC(=O)c1cnc(-n2nc(C)cc2C)nc1NC1CCCCC1,0
121416704,Cc1cc(-n2ncc3cc(NC(=O)N[C@H](CN)c4ccccc4)ncc32)ccn1,1
3244669,CCOCCCN1C(=O)CN(C2CCCCC2)C(=O)C1c1ccc(OCC)c(OC)c1,0
649047,COc1ccc(C(=O)N(Cc2ccco2)C(C(=O)NC2CCCC2)c2ccc(O)cc2)cc1OC,0
662806,COc1ccc(C)cc1NC(=O)CSc1nnc(-c2ccco2)n1Cc1ccco1,0
650436,Cn1c(-c2ccc(F)cc2)cnc1SCC(=O)NCc1ccco1,0
970152,O=C(Nc1ccccc1C(F)(F)F)N1CCCCCC1,0
653971,Cc1ccc2cc(C#N)c(SCC(=O)NCC3CCCO3)nc2c1C,0
5309187,c1ccc(CN2CCN(c3nc4ccccc4n4cnnc34)CC2)cc1,0
2226989,CSc1ccccc1C(=O)NCc1ccc2c(c1)OCO2,0
121416681,CO[C@H]1CCC[C@@H]1NC(=O)Nc1cc2cnn(-c3ccnc(C)c3)c2cn1,1
3235744,COc1ccccc1NC(=O)C(O)C(O)C(=O)Nc1ccccc1OC,0
771697,O=C(CCN1CCOCC1)Nc1ccc2c(c1)CCC2,0
2220531,Cc1cc(C)c2nc(-c3ccccn3)cc(C(=O)NCc3ccco3)c2c1,0
3234870,O=C(Nc1cccc(F)c1)N1CC[C@@]2(CCCN(C(=O)c3csnn3)C2)C1,0
3236573,CCN(CC)CCCNC(=O)c1sc2nc(-c3ccc(F)cc3)cn2c1C,0
651220,COc1ccc(NC(=O)CN(C)S(=O)(=O)c2ccc3c(c2)OCCO3)c2ncccc12,0
6603816,CN(C)C(=O)/N=N\C(=O)N(C)C,0
2211338,COc1ccccc1C(=O)n1nc(-c2ccccc2)nc1NCc1ccco1,0
6359532,O=S(=O)(/N=C(\c1ccccc1)N1CCOCC1)c1cccs1,0
851384,CN(C)S(=O)(=O)c1ccc(C(=O)Nc2cccc(C(=O)O)c2)cc1,0
2112419,Cc1cc(C(F)(F)F)c2c(C)nn(CCc3nn[nH]n3)c2n1,0
1354022,O=S(=O)(c1ccccc1)N1CCN(S(=O)(=O)c2ccccc2)C1,0
649944,Nc1ccc(NC(=O)c2cccs2)c(Cl)c1,0
3242426,Cn1c2ccccc2c2cnn(CC(=O)N3CCN(c4ncccn4)CC3)c(=O)c21,0
1079377,COc1ccc(S(=O)(=O)Nc2ccc3oc(C)c(C(=O)O)c3c2)cc1,0
2142207,COc1ccc(F)cc1S(=O)(=O)NC1CC(C)(C)NC(C)(C)C1,0
666615,COc1cc(C2CC(=O)c3cnc(N4CCN(Cc5ccccc5)CC4)nc3C2)cc(OC)c1OC,0
2998977,Cc1cc(NC(=O)Cc2cn3ccsc3n2)n(-c2ccccc2)n1,0
888536,O=C(O)Cc1nc2nc3c(c(=O)n2[nH]1)CCCC3,0
653220,Cc1nnc(NC(=O)CSc2ccccn2)s1,0
705148,N#Cc1c(NC(=O)CN2CCCCC2)sc2c1CCC2,0
651441,O=C1NC(=O)C(CCc2ccncc2)(C2CCCCC2)C(=O)N1,0
3244874,COc1ccccc1NC(=O)CCc1c(C)[nH]c(=O)c(C#N)c1C,0
3245362,COc1ccc(C(=O)NCc2nnc(SCC(=O)NCc3ccc(F)cc3)o2)cc1,0
49830710,COc1cccc(C(C)NC(=O)c2sc(-c3ccncc3)nc2C)c1,1
3233669,COc1ccc(C(=O)N2CCC3(CC2)CN(CC(C)C)C3)cc1,0
644944,CCN=C1SC(CC(=O)Nc2sc3c(c2C#N)CCCC3)C(=O)N1CC,0
3233810,O=c1c(-c2ccc(Cl)cc2)nc2cnc(Oc3ccccc3)nc2n1C1CC1,0
3238202,CCc1ccc(NC(=O)c2cc(C)on2)cc1,0
12308,OCCCBr,0
644780,CCCCn1nnnc1SCC(=O)Nc1cccc(C)n1,0
5771523,CC1(C)[C@@H]2CC[C@]1(CC(=O)O)[C@H](Cl)C2,0
135429050,O=C(c1ccco1)N(Cc1nc2ccccc2c(=O)[nH]1)C1CCCC1,0
3234556,O=c1c(-c2cc(F)cc(F)c2)nc2cnc(Oc3ccccc3)nc2n1C1CC1,0
3232989,COc1ccccc1CNc1ccnc(-c2cccnc2)n1,0
648775,COc1ccc(N2CCN(C(=O)CSc3nc4c(c(=O)n(C)c(=O)n4C)n3C(C)C)CC2)cc1,0
3235227,COCCn1c(=O)c(-c2ccccc2)nc2cnc(Oc3ccccc3)nc21,0
3238640,CCOc1ccc(-n2cc(C(=O)N3CCC(C)CC3)c3cc(OC)c(OC)cc3c2=O)cc1,0
135415417,Cc1ccc(CNC(=O)CCc2nc3ccccc3c(=O)[nH]2)cc1,0
1917188,CCCCCn1c(N)c(C(=O)NCCN2CCOCC2)c2nc3ccccc3nc21,0
3540827,COc1c(Cl)cc(-c2noc(C)c2C(=O)NC(C)C)cc1Cl,0
647999,O=C(CN(C(=O)CCNC(=O)c1ccco1)c1ccccc1)NC1CCCC1,0
2972240,Cc1c(N2C(=O)C(C)SC23C(=O)Nc2ccccc23)c(=O)n(-c2ccccc2)n1C,0
3247272,COC(=O)[C@H](C)[C@@H]1C[C@@]1(C)[C@@H](NC(=O)OCc1ccccc1)c1ccccc1,0
644964,O=C1c2ccccc2C(=O)N1CCCc1nc2ccccc2c(=O)n1CCCn1ccnc1,0
3241241,CCOCCn1c(=O)c2c(nc3n2CCN3c2ccccc2)n(C)c1=O,0
135450660,Cc1ccc2nc(/C(C#N)=N/O)[nH]c2c1,0
5355167,CS(=O)(=O)c1ccc(/C=N\NC(N)=S)cc1,0
1492723,CC(=C1C(=O)c2ccccc2C1=O)N1CCC(C(N)=O)(N2CCCCC2)CC1,0
654193,Cc1ccc(OCc2nnc(SCC(=O)Nc3cc(C)on3)n2C)cc1,0
5309832,Cc1ccc(NC(=O)Cn2cc3c(n2)CCC(C)C3)cc1,0
1251717,CCn1c(=O)c2cc(S(=O)(=O)NCc3ccccc3)ccc2n(CC)c1=O,0
3241947,CCOc1ccc(OCC)c(NC(=O)CN(c2ccc(C)cc2)S(=O)(=O)c2c(C)noc2C)c1,0
654785,C1CCC(n2nnnc2CN2CCN(C3CCCC3)CC2)CC1,0
6604720,O=C1CC2(CCCC2)CC(=O)N1CCCCNC[C@H]1COc2ccccc2O1,0
25674,CCSCC[C@H](N)C(=O)O,0
653365,O=C1c2ccccc2C(=O)N1Cc1nc2ccccc2c(=O)n1Cc1ccco1,0
8130,CCCCCCC=O,0
725675,COc1ccc(NC(=O)c2cc3ccccc3o2)cc1,0
92044650,COc1cncc(-c2n[nH]c3cc(NC(=O)N[C@H](C)c4ccc(F)cc4)ncc23)c1,1
659511,CC1(C)CC(=O)C(C(c2ccncc2)C2C(=O)CC(C)(C)CC2=O)C(=O)C1,0
3583494,Cc1cccc(OCc2nc(C#N)c(N3CC(C)CC(C)C3)o2)c1,0
1301551,CC(=O)Nc1ccc(S(=O)(=O)Nc2ccc(NC(=O)c3ccco3)cc2)cc1,0
1939573,COc1cc(OC)nc(NC(=O)CN2CCN(c3ccc(F)cc3)CC2)n1,0
16758364,CO/N=C(/C)CCC(=O)OC[C@@H]1O[C@H](c2ccccc2)C=C[C@@H]1Oc1ccc(OC)cc1,0
659438,CCc1nnc(NC(=O)CN2C(=O)c3ccccc3C2=O)s1,0
2622660,Cc1cc(C)c(NC(=O)CN2C(=O)NC3(CCCCC3)C2=O)c(C)c1,0
656275,CCOC(=O)Cc1csc(NC(=O)CSc2nnc(-c3ccc(C)cc3)o2)n1,0
3233953,O=C(Oc1ccccc1)N1CCC[C@@]2(CCN(c3ccccc3)C2)C1,0
2078054,COc1ccc(C(=O)COC(=O)CN2C(=O)NC(C)(C)C2=O)cc1OC,0
655980,COc1cccc(-c2nnn(CCC(=O)O)n2)c1,0
2221777,CC(=O)c1cccc(NC(=O)c2cccc(S(=O)(=O)N(C)C)c2)c1,0
576126,CC1(C)OC(=O)C(=CNc2ccccc2)C(=O)O1,0
89536095,Cc1cc(-c2n[nH]c3cc(NC(=O)NCc4cc5ccccc5cn4)ncc23)ccn1,1
646328,CCOC(=O)C1CCN(C(=O)c2ccco2)CC1,0
654254,O=C(NCc1cccs1)C1CCN(S(=O)(=O)c2ccc3c(c2)OCCO3)CC1,0
666363,COc1ccccc1-c1noc(CCC(=O)Nc2cccc(C(F)(F)F)c2)n1,0
974815,Nc1nnc(SCC(=O)NC2CCCCC2)n1-c1ccccc1,0
3236297,Cc1cc(NC(=O)CSc2nc3ccsc3c(=O)n2Cc2ccccn2)n[nH]1,0
767342,Nc1ccc(SC(F)(F)F)cc1C(=O)c1ccccc1,0
2997803,c1ccc(CSCc2cn3ccsc3n2)cc1,0
2889735,COc1cc(SC)ccc1C(=O)NCC1CCCO1,0
3000041,CCSc1nnc(NC(=O)C(CC)Oc2ccccc2)s1,0
3246470,CC1(C)O[C@H]2[C@@H](c3[nH]nc4c(=O)[nH]c(=O)[nH]c34)OC[C@H]2O1,0
978127,Brc1cccc(-c2nnco2)c1,0
2970927,O=C(c1cc2c(s1)CCCC2)N1CCN(C(=O)C2CCCO2)CC1,0
3242614,COc1cccc(NC(=O)C2C3C=CC4(O3)C2C(=O)N(C2CC2)C4C(=O)NC2CCCCC2C)c1,0
3238801,COc1ccccc1-n1nc(C(=O)Nc2ccc3c(c2)OCO3)c2ccccc2c1=O,0
3243597,CCCCn1c(C(C)NC(=O)c2cccs2)nc2ccccc21,0
3240169,CCOC(=O)c1sc2nc(CC(=O)OC)nc(NCCN3CCOCC3)c2c1C,0
11883,Cc1ccc([N+](=O)[O-])c([N+](=O)[O-])c1,0
2999839,COc1ccc(-c2cc3n(n2)CCc2nc4ccccc4n2-3)cc1,0
605837,CSC1=C(C#N)C(c2ccccc2C)C(C#N)=C(N)N1,0
6605184,CCCn1c(C)nc2c(NCCCCN(C)C)nc(C)nc21,0
2891573,CC1=C(C(=O)OC(C)C)C(c2ccccc2Cl)CC(=O)N1,0
2370343,COc1ccc(-c2noc(C)c2-c2ccc3ccccc3n2)c(O)c1,0
12332,CCCCCC(N)=O,0
3238163,Cc1ccc(-n2nnc3c(=O)n(CC(=O)NCC4CCCO4)cnc32)cc1,0
1565331,O=C(CCCOc1ccc(Cl)cc1)N1CCCCC1,0
1298184,COC(=O)c1cc(OC)c(OC)cc1NC(=O)Nc1ccc(OC)cc1OC,0
1809552,COc1ccc(NCCNc2ccc(OC)cc2)cc1,0
2789683,CCOC(=O)C(Sc1ncn[nH]1)c1ccccc1,0
648369,Clc1ccc2c(c1)C1OCCC1C(c1ccco1)N2,0
1262969,Cc1nn(-c2ccc(F)cc2F)c2c1-c1nc(N3CCCC3)ncc1CC2,0
2997587,CCC(C)C(NC(=O)c1ccc(Cl)cc1)C(=O)O,0
1263223,CC(=O)c1cccc(NC(=O)c2ccc(NS(C)(=O)=O)cc2)c1,0
644427,CCCc1cc(=O)oc2cc(OCC(=O)N(C)C)c(Cl)cc12,0
658281,CCCc1nn(CCc2ccccn2)c(N)c1CC,0
54686777,CC(C)[C@H]1C(=O)C(C(N)=O)=C(O)[C@]2(O)C(=O)C3=C(O)c4c(O)ccc(N(C)C)c4C[C@H]3C[C@@H]12,0
3243930,COc1ccc(C(=O)N(CN2CCCC2=O)c2nccs2)cc1OC,0
1190351,O=C(C1CCN(S(=O)(=O)c2cccs2)CC1)N1CCc2ccccc2C1,0
645362,CCCCSc1nn[nH]n1,0
5309402,CCOC(=O)N1CCC(N2Cc3cccc(C(=O)Nc4ccc(OC)c(OC)c4)c3C2=O)CC1,0
665250,Cn1cc(C(=O)c2ccc(Cl)cc2)cc1-c1nc2ccccc2n1C,1
3238683,CCCCC(=O)Nc1ccc2c3c(cccc13)C(=O)N2CC,0
3239307,CCC(C)(C(=O)NC1CCCCC1)N(C(=O)C1CCC(=O)N1)c1ccc(C)cc1,0
2832202,O=C(O)C1CN2CCC1CC2,0
2982188,CCOc1ccc(Br)cc1-c1noc(-c2cccs2)n1,0
2301640,Cc1ccc(CNC(=O)Nc2ccccc2)cc1,0
3035672,c1ccc(CCCCN2CCC(c3ccccc3)CC2)cc1,0
2586417,CCn1c(SCC(=O)NC(=O)Nc2ccc3c(c2)OCCO3)nnc1-c1cccs1,0
176158,Cn1cc(C2=C(c3ccc(Cl)cc3Cl)C(=O)NC2=O)c2ccccc21,0
655220,O=C(c1cnn2c(C(F)F)cc(-c3ccccc3)nc12)N1CCSCC1,0
7098,CCN(Cc1ccccc1)c1ccccc1,0
3247085,COC(=O)[C@@]1(Cc2ccc(OC)cc2)[C@H]2c3cc(C(=O)N(C)C)n(Cc4ccsc4Br)c3C[C@H]2CN1C(=O)c1ccccc1,0
121416496,Cc1cc(-n2ncc3cc(NC(=O)NCC4CNC4)ncc32)ccn1,1
16758064,CC1(C)CC[C@]2(C(=O)O)CC[C@@]3(C)C(=CCC4[C@@]5(C)CCC(O)[C@@](C)(CO)C5CC[C@@]43C)C2C1,0
644767,CC(C)(C)n1nnnc1C(c1cccnc1)N1CCN(C2CCCCC2)CC1,0
646414,COC(=O)C1=C(C)NC(C)=C(C(=O)OC)C1c1ccc(N(C)C)cc1,0
4199,Cc1cc(-c2ccccc2)nnc1NCCN1CCOCC1,0
2879271,CCN(CC)S(=O)(=O)c1ccc(N=Cc2c(O)n(-c3ccccc3)c(=O)[nH]c2=O)cc1,0
770820,Cc1cc(C)c(S(=O)(=O)Nc2ccccc2C(F)(F)F)c(C)c1,0
135439686,O=c1[nH]c(O)c(/C=C2/C=CC(c3cc(Cl)ccc3Cl)=N2)c(=O)[nH]1,1
244,OCc1ccccc1,0
117892667,Cc1nc2cnc3cc(F)c(-c4ccc(Oc5ncccn5)cc4Cl)cc3c2n1[C@H]1CCN(S(C)(=O)=O)C[C@@H]1F,1
3243709,COC(=O)c1ccccc1NC(=O)c1noc2c1CCCC2,0
338385,O=C(O)c1nn(-c2ccc(Cl)cc2)c2c1C(=O)c1ccccc1C2=O,0
64127,Cn1c(=O)c2c(nc(Br)n2C)n(C)c1=O,0
1506381,COc1cccc(Cn2c(-c3nonc3N)nc3ccccc32)c1,0
3236722,O=C(CNC(=O)c1ccccc1)NC1(C(=O)NC2CCCC2)CCCCC1,0
648766,Cc1ccc(S(=O)(=O)N2CCC(C(=O)N3Cc4ccccc4C3)CC2)cc1,0
1803157,COCCSc1ccccc1C(=O)NCc1ccco1,0
3242411,CCN(C(=O)c1cn(C)c(=O)c2cc(OC)c(OC)cc12)c1ccccc1C,0
3243832,COc1ccc(NC(=O)c2cnc3sccn3c2=O)cc1,0
673507,NS(=O)(=O)c1ccc(NC(=O)CCc2ccccc2)cc1,0
3243021,COc1ccc(CCNC(=O)C2CCN(Cc3nc(-c4ccccc4F)oc3C)CC2)cc1OC,0
5771798,CCC[C@@H]1C[C@@]1(CCC)C(NC(=O)OCc1ccccc1)c1ccc(-c2ccccc2)cc1,0
2947828,CC(NS(=O)(=O)c1ccc(OCC(=O)N2CCOCC2)cc1)c1ccccc1,0
3242183,O=C(NCCCN1CCN(c2cccc(Cl)c2)CC1)c1cccc(N2CCCC2=O)c1,0
652909,Cc1occc1-c1nnc(SCC(=O)N2CC(=O)Nc3ccccc32)n1CC(C)C,0
650872,COC(=O)c1ccccc1NC(=O)CN1C(=O)CSC1=O,0
657545,COC(=O)C(NC(=O)c1ccccc1)=C(C)C,0
666370,COC(=O)C1=C(N)Oc2cc(C)n(CC3CCCO3)c(=O)c2C1c1ccccc1,0
10819,C=C(C)C1CC=C(CO)CC1,0
1361027,COc1ccc(NC(=O)CN(c2ccc(C)cc2)S(C)(=O)=O)c(OC)c1,0
9554615,N/C(=N\O)c1ccc(NC(=O)c2ccc(Br)o2)cc1,0
2971844,O=C1CC(c2ccc(S(=O)(=O)NCCOc3ccccc3)cc2)CN1,0
3709691,CCCOc1ccccc1C1NC(=O)NC(C)=C1C(=O)OCCOC(C)C,0
654077,CCn1c(SCC(=O)Nc2nnc(C)s2)nnc1-c1ccco1,0
1212198,COc1cc(C)nc(N(Cc2ccccc2)S(=O)(=O)c2ccccc2)n1,0
135415470,Cc1nn(-c2ccccc2)c(C)c1C(=O)OC/C(O)=C(\C#N)c1nc2ccccc2[nH]1,0
2962165,O=C(NC1(C(F)(F)F)NC(=O)N(Cc2cccnc2)C1=O)c1ccncc1,0
663421,O=C(CSc1ncnc2c1oc1ccccc12)N1CCN(c2ccccc2)CC1,0
655526,Cc1ccc(-c2csc3nnc(SCC(=O)Nc4cccc(C)n4)n23)cc1,0
873978,CC(=O)c1c(C)nc(C)nc1NC(=O)Cc1ccccc1,0
2079299,CCCCNC(=O)NCC(=O)Nc1ccc(F)c(F)c1,0
2999219,O=S(=O)(c1cc(C(F)(F)F)ccc1Cl)N1CCN(CC(O)COCC2CCCO2)CC1,0
135429188,COc1ccc(CN(Cc2nc3ccccc3c(=O)[nH]2)C(=O)NC2CCCCC2)cc1,0
5308425,Cc1cccc(-c2nc(CS(=O)CC(=O)NC3CCCC3)c(C)o2)c1,0
351531,CCOc1ccccc1OCC(=O)O,0
3239201,COC(=O)c1cc2oc(C)cc2n1CC(=O)Nc1cc(C)cc(C)c1,0
3241566,Cc1cc2cc(CCNC(=O)c3ccc(Br)o3)c(=O)[nH]c2cc1C,0
647471,COc1cccc(NC(=O)CSc2nnc(-c3cccs3)n2C)c1,0
5307368,CSc1nnc(Cn2c(=O)sc3ccccc32)n1-c1ccccc1,0
970117,Cn1nc(C(=O)Nc2cccnc2)c2ccccc2c1=O,0
2078591,O=C(COc1ncnc2c(Cl)cc(Cl)cc12)N1CCCCC1,0
736116,CN(CCc1ccccn1)C(=O)Nc1ccc(F)cc1,0
645189,COc1ccccc1N1CCN(C(=O)CSc2nnc3n2C(C)(C)Cc2ccccc2-3)CC1,0
976338,CN(C)C(=O)Oc1ccc(-c2nnco2)cc1,0
2348570,COc1cc(S(=O)(=O)N2CCOCC2)ccc1NC(=O)c1cc2c(s1)CCC2,0
645990,COCCNC(=O)C1CCCN(c2ncccn2)C1,0
3246078,O=C(c1[nH]o[n+](=O)c1C(=O)c1csc2ccccc12)c1csc2ccccc12,0
5307750,CCOc1ccc(NC(=O)CSc2nnc(Cn3c(=O)sc4ccccc43)n2C)cc1,0
653534,COc1ccc(OC)c(Nc2cc(C)nc3ccccc23)c1,0
658334,C/C(N)=C(\C#N)C(=O)NCc1ccccn1,0
2999314,CC(NC(=O)Cn1cnnn1)C12CC3CC(CC(C3)C1)C2,0
412128,c1ccc(-c2nnn(CCN3CCCCC3)n2)cc1,0
121416678,CCCN1CC[C@@H](NC(=O)Nc2cc3cnn(-c4ccnc(C)c4)c3cn2)C1,1
12117,CC(=Nc1ccccc1)Nc1ccccc1,0
2837920,CCOC(=O)C1CCCN(Cc2cc(Br)ccc2OC)C1,0
3237585,O=C(Cn1c(=O)c(C(F)(F)F)nc2ccccc21)N1CCC2(CC1)OCCO2,0
1517492,O=C(CSc1nnnn1-c1cccc2ccccc12)N1CCOCC1,0
647858,COCCc1nnc(NC(=O)Cc2ccccc2)s1,0
3245666,CCCCCOC(=O)NCCOC(=O)Nc1ccc(C(=O)OCC)cc1,0
2931700,C=CCN(CC=C)C(=O)CCCC(=O)N(CC=C)CC=C,0
3243279,COCCCNC(=O)CCCn1c(=O)c2ccccc2n(CC(=O)Nc2c(C)cccc2C)c1=O,0
1255527,N#CCc1ccc(NC(=O)Nc2cccc(Cl)c2)cc1,0
2866904,CC(C)C1=C2CCCCC2NC(=O)N1,0
3238062,CCC(C)N(C)Cc1cccc(C2(O)CCN(S(=O)(=O)c3ccc(F)cc3)CC2)c1,0
2998696,Cn1c(N)c(C(=O)CSc2nc3ccccc3n2-c2ccccc2)c(=O)n(C)c1=O,0
2202721,CSc1ccccc1NC(=O)CN(Cc1ccccc1)S(C)(=O)=O,0
73504540,CN1CC(Nc2ncc3c(n2)CN(C(=O)N[C@H](CO)c2ccccc2)C3(C)C)CCC1=O,1
16758551,COCOc1ccc(Br)cc1C(=O)[C@H]1O[C@H]1c1cccc(OC)c1,0
5310847,COc1ccc(/C(O)=C2/C(=O)C(=O)N(CCN3CCOCC3)C2c2ccc(C)cc2)cc1,0
3240824,Cc1ccc(NC(=O)c2nnn(CC(=O)Nc3ccccc3)c2N)cc1C,0
1547171,COc1ccc(-c2nnnn2C)cc1S(=O)(=O)NCc1ccccc1,0
3242286,COc1cccc(-n2nc(C(=O)N3CCC4(CC3)OCCO4)c3ccccc3c2=O)c1,0
647428,CS(=O)(=O)N1CCC(C(=O)c2cccc(Cl)c2)CC1,0
2998459,Cc1nnc(SCC(=O)NCC2CCCO2)n1-c1ccccc1,0
870646,O=C1CS/C(=C/C(=O)c2ccccc2)N1,0
1259308,O=C(Cn1nc(C(F)(F)F)c2c1CCCCC2)N1CCOCC1,0
3000131,O=C(CN1CCN(c2ccccn2)CC1)Nc1ccc2ccccc2c1,0
2308189,Cc1ccc(NS(=O)(=O)c2cccc(C(=O)O)c2)c(C)c1,0
2401953,O=C1CN(C(=O)CCCc2c[nH]c3ccccc23)c2ccccc2N1,0
5459415,CCc1c2c(nc3c(C(C)C)cccc13)-c1cccc(=O)n1C2,0
3000064,CCCCn1c(N)c(N(CCC(C)C)C(=O)COC(=O)c2ccco2)c(=O)[nH]c1=O,0
651247,COC(=O)c1cc(=O)nc2sc3ccccc3n12,0
2193181,CC(=O)Nc1c(O)nc(SCC(=O)N2CCN(c3ccc(F)cc3)CC2)[nH]c1=O,0
14985,Cc1c(C)c2c(c(C)c1O)CC[C@@](C)(CCC[C@H](C)CCC[C@H](C)CCCC(C)C)O2,0
1616103,COc1ccc(CCn2c(O)c(C=NCc3cccnc3)c(=O)[nH]c2=O)cc1OC,0
3238822,CC(=O)NC(CCS(C)(=O)=O)C(=O)N1CCc2ccccc21,0
2237015,COc1ccc(C)cc1S(=O)(=O)N(C)CC(=O)NC1CCCCC1,0
2394818,COc1cc(CC(=O)Oc2ccc3c(c2)OCO3)cc(OC)c1OC,0
703931,CCOC(=O)c1nn(-c2ccc3c(c2)OCO3)cc1O,0
135420379,O=C(Nc1ccccc1)C1=C(O)CC(c2ccco2)CC1=Nc1ccccc1,0
2336012,COC(=O)CNC(=O)c1ccc2c(c1)S(=O)(=O)c1ccccc1C2=O,0
145995664,CC(C)C[C@H]1CC(=O)N(C)c2cc(-c3ccnc(Nc4ccnn4C)n3)cc3nnc1n23,1
2221525,CC(=O)OCCN1C(=O)c2cccnc2C1=O,0
644789,COc1ccc(C(=O)Nc2ccccc2-c2nnn(CC(=O)NCc3ccco3)n2)cc1,0
3233407,c1ccc(CN2CCCC3(CCNCC3)C2)cc1,0
3240897,Cc1ccc(NC(=O)Cn2cccc2)cc1C,0
2827372,COc1ccc(C(=O)OC(COc2ccccc2)Cn2ccnc2)cc1,1
3238585,Cc1noc(C)c1S(=O)(=O)Nc1ccc(C(=O)NC2CCCCC2C)cc1,0
3743017,CC(C)COC(=O)C1C2C=CC3(CN(C(C)c4ccc(Br)cc4)C(=O)C13)O2,0
424326,O=C(N1CCOCC1)C1(c2ccccc2)CCNCC1,0
3239440,O=C(NCCN1CCN(c2cccc(Cl)c2)CC1)c1cccn2c(=O)c3ccccc3nc12,0
146012509,Cc1cc(C2NNC3CC4NC(=O)N(C(C)c5ccc(F)cc5)CC4CC32)ccn1,1
2964735,COc1cccc(C2C(C(=O)c3cc4cccc(OC)c4o3)=C(O)C(=O)N2c2cc(C)on2)c1OC,0
3240830,CCOc1ccc(-n2nc(C(=O)NCCOC)c3ccccc3c2=O)cc1,0
118365369,COc1n[nH]c2cc(NC(=O)N[C@H](C)c3ccc(Cl)cc3)ncc12,1
2975605,CN1C(=O)C2(OCC(COc3ccc(Cl)cc3)O2)c2ccccc21,0
1246798,Cc1cc(C(=O)Nc2ccon2)cs1,0
3239321,COc1ccccc1NC(=O)CC(NCc1ccccc1)C(=O)O,0
9587717,N#Cc1cnn(Cc2ccccc2)c1/N=C/N1CCOCC1,0
667299,Cn1c(=O)[nH]c(=O)c2c1nc(N1CCc3ccccc3C1)n2CCSc1nc2ccccc2s1,0
145995667,COc1ccc(C[C@H]2CC(=O)N(C)c3cc(-c4ccnc(Nc5ccnn5C)c4)cc4nnc2n34)c(F)c1,1
16758486,CC(C)[C@@H](OCc1ccccc1)[C@H](C)/C=N\OC[C@@H](O)[C@@H]1O[C@@H]2OC(C)(C)O[C@@H]2[C@H]1O,0
645567,O=C(Nc1ccc2c(c1)OCO2)c1cnn2c1NC(c1ccco1)CC2C(F)(F)F,0
3247104,COC(=O)[C@@]1(Cc2ccc(OC)cc2)[C@H]2c3cc(C(=O)N4CCCC4)n(CCc4c[nH]c5cc(F)ccc45)c3C[C@H]2CN1C(=O)c1ccccc1,0
5741681,O=C(Nc1nccs1)C1C2/C=C\CCCCC21,0
2849161,N#CC1=C(N)OC2=C(C(=O)CCC2)C1Cc1ccccc1,0
3233453,CC(=O)N1CCC[C@@]2(CCN(Cc3nccs3)C2)C1,0
2882558,O=C(NC12CC3CC(CC(C3)C1)C2)c1ccc(S(=O)(=O)N2CCOCC2)cc1,0
5308926,CC(C)Cc1cc(C(=O)NCc2ccco2)no1,0
2157678,Cc1cc(NC(=O)CS(=O)(=O)c2cn(Cc3ccccc3Cl)c3ccccc23)no1,0
2496240,Cc1ccc(S(=O)(=O)Nc2c(C)n(C)n(-c3ccccc3)c2=O)cc1C(=O)NCc1ccccn1,0
647932,CCNC(=O)C1CC(=O)N(Cc2ccc3c(c2)OCO3)C(=Nc2ccc(F)cc2)S1,0
718035,O=S(=O)(Nc1ccc(N2CCCCC2)cc1)c1cccs1,0
3240898,CCN(CC)C(=O)CCC(=O)Nc1ccc(C(=O)OC)cc1,0
16758807,O=C1C=C[C@@H](O)[C@H]2[C@@H]3C(=O)N(c4cccc(Oc5ccccc5)c4)C(=O)[C@@H]3CC[C@H]12,0
645033,O=S(=O)(NCCc1ccncc1)c1ccc(S(=O)(=O)N2CCCCCC2)cc1,0
648109,COCCn1c(SCCN2CCCCC2)nc2ccccc2c1=O,0
2178367,C=CCNc1nc(NCCO)nc(N2CCCC2)n1,0
987473,CCN(CCO)c1ccc(-n2c(N)c(C(=O)OC)c3nc4ccccc4nc32)cc1,0
1290769,Cc1nn2c(-c3cccc(NC(=O)CSc4nc5ccccc5o4)c3)nnc2c2ccccc12,0
2349772,O=C(COC(=O)C1c2ccccc2Oc2ccccc21)Nc1ccc2c(c1)OCO2,0
3238757,COc1ccc(CC(=O)N2CC(=O)N(CCc3ccccc3)C(=O)C2)cc1,0
329202,Nc1ccccc1SCc1csc(-c2ccc(Cl)cc2)n1,0
977017,NC(=O)c1nc(N2CCOCC2)nc(N2CCOCC2)n1,0
117876565,Cc1cc(Oc2ncccn2)ccc1-c1cc2c(cc1F)ncc1nc(C)n([C@H]3CCN(C(=O)CO)C[C@@H]3F)c12,1
3236292,Cc1ccc(-c2noc(CCC(=O)N(C)c3ccccc3C)n2)cc1,0
6575,ClC=C(Cl)Cl,0
1084415,COc1ccc(C(=O)n2nc(-c3ccc(Cl)cc3)nc2N)cc1OC,0
3244306,CC(=O)Nc1c(O)[nH]c2ccccc12,0
5309793,Cc1nc2ccc(S(=O)(=O)NC(C(=O)N3CCC(C)CC3)C(C)C)cc2s1,0
5308265,CCOC(=O)N1CCN(C(=O)Cn2ncc3ccccc32)CC1,0
829926,O=C(CCc1nc2ccccc2[nH]1)Nc1ccc(F)cc1,0
73505654,COC(=O)Nc1n[nH]c2cc(NC(=O)N[C@H](C)c3ccc(Cl)c(OC)c3)ncc12,1
666048,c1cncc(-c2nn3c(Cn4nnc5ccccc54)nnc3s2)c1,0
5771833,CCC[C@@H]1C[C@@]1(CCC)C(NC(=O)c1ccccc1)c1cccc(Cl)c1,0
3239531,O=C(NCCN1CCCCCC1)C1CC(=O)N(CCc2ccccc2)C1,0
5345365,C/C(=N\O)c1ccc2c3c([nH]c2c1)CCCC3,0
1242022,Cc1ccc(C(N)=O)cc1S(=O)(=O)Nc1cccc(C)c1C,0
722048,Cc1c(Cc2ccccc2)sc(N)c1C(N)=O,0
2958069,CCCCC(=O)Nc1ccc(C(=O)N2CCN(c3ccccc3OC)CC2)cc1,0
16746083,OCCCNc1nccc(-c2cc(Nc3cccc(Cl)c3)ncn2)n1,1
118046278,Cn1cc(-c2cnc(N)c(-c3ccc(C(=O)NCc4cccc(Br)c4)c(F)c3)c2)cn1,1
73504768,CN(C)C(=O)c1cccc(CNC(=O)N2Cc3nc(NC4CCOCC4)ncc3C2(C)C)c1,1
645896,CCc1c(C)nc2ncnn2c1N1CCCC(C(=O)NCc2ccc3c(c2)OCO3)C1,0
118380802,O=C(Nc1cc2[nH]nc(N3CCOCC3)c2cn1)N[C@H](CO)c1ccccc1,1
3232702,c1cncc(CNc2ncncc2-c2cccnc2)c1,0
2932528,O=C(C1CCCO1)N1CCN(c2ncccn2)CC1,0
3566321,O=C(CSc1nnc(C2COc3ccccc3O2)o1)Nc1nccs1,0
5351335,C=C1CCC2C(C)(CO)C(O)CCC2(C)C1C/C=C1\C(=O)OCC1O,0
945786,CCCC(CCC)n1[nH]c(=O)c2c(C)cc(C)nc21,0
3232836,CCNc1ncc2nc(-c3ccc(OC)cc3)c(=O)n(CCOC)c2n1,0
2219848,O=C(CCCCCN1C(=O)CCC1=O)Nc1ccc2c(c1)OCO2,0
2793589,COc1ccc(S(=O)(=O)N2Cc3ccccc3CC2C(=O)O)cc1OC,0
651841,CCOc1ccc(C(=O)NC2CCN(C(=O)NCc3ccccc3)CC2)cc1,0
740481,Brc1ccccc1-c1nnc(-c2cccnc2)o1,0
2900521,CCC1CC(C)(C(=O)Nc2ccc(S(N)(=O)=O)cc2)OC1=O,0
4524064,O=C(O)CC(C(=O)NC1CCCCC1)C1CCCO1,0
646506,Cc1c(Cl)cccc1NC(=O)CC(C(=O)O)C1CCCO1,0
2224093,C=CCc1cccc2cc(C(=O)NC)c(=O)oc12,0
2947059,CCc1ccc(N2CC34C=CC(O3)C(C(=O)OC)C4C2=O)cc1,0
7515,CNc1ccccc1,0
118380777,COC[C@@H](NC(=O)Nc1cc2[nH]nc(NC3CCOCC3)c2cn1)c1ccccc1,1
3241804,CCOC(=O)N1CCN(C(=O)CCS(=O)(=O)c2ccc(Br)s2)CC1,0
16758766,CC[C@@H](c1ccccc1)n1c(=O)n2n(c1=O)[C@H]1[C@H](O)[C@H]3O[C@@H]3/C(=N/OCC(C)C)[C@@H]1CC2,0
1309069,O=c1c2ccccc2nc(SCc2cc(F)cc3c2OCOC3)n1Cc1ccco1,0
3670604,CCOCC(O)CS(=O)Cc1ccccc1,0
664439,CCN1CCN(c2oc(COc3ccc(-c4ccccc4)cc3)nc2C#N)CC1,0
708775,Cn1nnnc1SCc1cn2cccnc2n1,0
751748,COc1cccc(NC(=O)CSc2nc(N)cc(N)n2)c1,0
682232,CCOC(=O)c1c(C)nc2cc(C)ccn12,0
5310759,CCCCN(C)Cc1c(O)ccc2c(-c3ccccc3)cc(=O)oc12,0
1085680,O=C(CN1C(=O)c2ccccc2S1(=O)=O)N1CCc2ccccc2C1,0
2998069,CN(C(=O)COC(=O)COc1ccccc1F)C1CCS(=O)(=O)C1,0
2999845,CCC(C)n1c(SC(C)C#N)nc2ccccc2c1=O,0
6991,Cc1ccc([N+](=O)[O-])c(C)c1,0
117876847,Cc1nc2cnc3cc(F)c(-c4ccc(Oc5cc(=O)n(C)cn5)cc4Cl)cc3c2n1C1CCN(C(=O)CO)CC1,1
651414,COCc1[nH]nc2c1C1(CCC3(CC1)OCCO3)C(C#N)=C(N)O2,0
668614,Nc1nc(CSc2ccccn2)nc(Nc2ccccc2)n1,0
1743800,COc1cc(NC(=O)c2c(F)c(F)c(F)c(F)c2F)c(OC)cc1Cl,0
3241921,CC(C)OC(=O)c1cccc(C(=O)O)n1,0
3235745,CC(C)(C)c1noc2c1C(c1cccs1)C(C#N)=C(N)N2,0
752384,O=C(O)CCN1C(=O)c2ccc(NC(=O)c3cccs3)cc2C1=O,0
6858418,CCOc1ccc(/C=N/n2cnnc2)cc1,0
135449543,CCCn1c(/N=C/c2cc(OC)ccc2O)nc2ccccc21,0
3242149,COC(=O)c1cc2sccc2n1CC(=O)Nc1cccc(SC)c1,0
228532,CC(=O)Nc1ccc(C(=O)c2ccccc2)cc1,0
645072,COCCNC(=O)Cn1nc(C(F)(F)F)c(Cl)c1C,0
351912,CCOC(=O)CSc1nnc(N)s1,0
648085,CC(C)n1c(C(=O)OCC(=O)NCc2ccc3c(c2)OCO3)cc2occc21,0
54676097,CC(C)Cn1c(=O)c(C(=O)Nc2ccncc2)c(O)c2ccccc21,0
663032,Cc1cc(C)nc(NC(=O)CSc2nn(C)c(=S)s2)n1,0
5311218,N[C@H](C(=O)O)[C@H](OCc1ccccc1)C(=O)O,0
986954,Cc1cc(C)nc(NS(=O)(=O)c2ccc(NC(=O)c3ccco3)cc2)n1,0
135400595,O=C1NCC(O)=C1C=NC12CC3CC(CC(C3)C1)C2,0
3234660,CN(C)C(=O)c1ccc(-c2ccc3ncnc(N4CCC(C(=O)O)CC4)c3c2)cc1,0
2975239,Cc1ccc(CCN=c2c([N+](=O)[O-])nn(-c3ccccc3)n2O)cc1,1
647321,COc1ccc(CCNC2CCN(C)CC2)cc1OC,0
3238643,O=C(CCS(=O)(=O)Cc1ccccc1F)NCCCN1CCCCC1,0
57242,CCCN1CCC[C@@H]2Cc3nc(N)ncc3C[C@H]21,0
665684,COc1ccc(Nc2ncc3c(n2)CC(c2ccc(OC)cc2)CC3=O)cc1,0
1518966,Cn1c(=O)c2cc(S(=O)(=O)Nc3ccc4c(c3)OCO4)ccc2n(C)c1=O,0
3241232,c1ccc(-c2oc3ncnc(NCCCn4ccnc4)c3c2-c2ccccc2)cc1,1
5308126,C=CCN(C1CCCCC1)S(=O)(=O)c1ccc2c(c1)oc(=O)n2C,0
653966,COC(=O)c1c(C(=O)OC)c2cc(C)ccn2c1Cl,0
2943362,CC1Cc2ccccc2N1S(=O)(=O)c1cccs1,0
2872626,CCN1C(=O)/C(=C2\SC(=S)N(CC3CCCO3)C2=O)c2ccccc21,0
4306,NCCCCCCNS(=O)(=O)c1ccc2c(Cl)cccc2c1,0
20313,C[N+](C)([O-])CCC=C1c2ccccc2CCc2ccccc21,0
3236800,O=C(C1CCC(=O)N1C1CCCCC1)N1CCC2(CC1)OCCO2,0
2215525,O=C(CSc1ncn(-c2ccccc2)n1)Nc1ccc2c(c1)OCCO2,0
3235623,CC(=O)Nc1ccc(S(=O)(=O)NCc2ccc(C(=O)NCCN3CCCCCC3)cc2)cc1,0
2998427,CSc1ccc(Cl)c(C(=O)OCC(=O)N2CC(C)OC(C)C2)c1,0
648968,CCC(C)NS(=O)(=O)c1ccc(OCC(=O)NCc2ccco2)cc1,0
118365074,COc1n[nH]c2cc(NC(=O)N[C@H](C)c3ccccc3)nc(Cn3ccnc3)c12,1
1190260,CCOC(=O)c1c(-c2cccs2)csc1NC(=O)CN1CCOCC1,0
645888,COc1ccc(N2CCN(CC(=O)Nc3ccc(-n4cnnn4)cc3)CC2)cc1,0
654069,O=S(=O)(c1ccccc1)N1C2CCC1CC(O)(c1cccnc1)C2,0
2266004,COc1ccccc1OCCNC(=O)c1cccs1,0
1301485,O=C(Nc1ccc(Cl)cc1C(=O)O)c1ccc2c(c1)C(=O)N(Cc1ccco1)C2=O,0
92044679,COC[C@@H](NC(=O)Nc1cc2[nH]nc(-c3ccn4ncnc4c3)c2cn1)c1ccc(F)cc1,1
2928086,c1cn(CCCNc2ncnc3sc4c(c23)CCC4)cn1,0
851472,Cc1[nH]c(=O)[nH]c(=O)c1NC(=O)c1cccs1,0
19920,CC(C)OCC1CO1,0
3247144,COC(=O)[C@@]1(Cc2ccc(OC)cc2)[C@H]2c3cc(C(=O)N(C)C)n(CCc4ccc(O)c(OC)c4)c3C[C@H]2CN1C(=O)c1ccccc1,0
6603712,CCCCC[C@H](CC(=O)NO)C(=O)N[C@@H](C(=O)N1CCC[C@H]1CO)C(C)C,0
1576577,c1ccc(OCCSc2nnc3sc4ccccc4n23)cc1,0
676284,CCn1c(-c2cccc(Br)c2)n[nH]c1=S,0
657449,Cn1c(=O)[nH]c(=O)c2c1nc(NC1CCCCC1)n2CC(=O)NC1CCCCC1,0
935556,O=C(O)c1cccc(CSc2nnc(Cc3ccccc3)o2)c1,0
54699177,CC(=O)C[C@H](c1ccc([N+](=O)[O-])cc1)c1c(O)c2ccccc2oc1=O,0
661179,Cn1c(=O)c2cn(-c3cccc4ccccc34)cc2n(C)c1=O,0
2999134,Cc1ccc(S(=O)(=O)N2CC(O)CC2C(=O)Nc2ccc3c(c2)CCC3)cc1,0
645638,Cc1ccc(N(C(=O)CCC(=O)Nc2cc(C)on2)C(C(=O)NC2CCCC2)c2ccncc2)cc1,0
1250725,Clc1ccc(Cn2cc(Br)cn2)cc1Cl,0
5309038,Cc1ccc(N(CC(=O)NCc2ccc3c(c2)OCO3)S(=O)(=O)c2c(C)noc2C)cc1,0
1367143,COc1ccccc1N1CCN(C(=O)COc2ccc(Cl)cc2Br)CC1,0
1277248,COc1ccc(-c2nnc(SCc3nnc(-c4ccccc4)o3)n2-c2ccccc2)cc1,0
6604403,C[C@@]12CC3CC(N)(C1)C[C@@](C)(C3)C2,0
3243637,COC(=O)Cn1cnc2c(nnn2Cc2ccc(Cl)cc2)c1=O,0
2999419,CCOc1c(Br)cc(C2NS(=O)(=O)N=C3CCCCCN32)cc1OC,0
3238819,O=c1cc(NCc2ccco2)[nH]c(=O)n1-c1ccc(Br)cc1,0
5461761,CC(=O)N1CC2(CC2)CC1c1ccccc1,0
6603921,CC[C@H](CO)NC(=O)[C@@H]1C=C2c3cccc4[nH]cc(c34)C[C@@H]2N(C)C1,0
646892,COCCNC(=O)C(C)OC(=O)c1nsc(Cl)c1Cl,0
16759271,COC(C)C(O)(C(=O)OC1=CCN2CC[C@H](O)[C@H]12)C(C)C,0
5739885,Cc1c(C)c2cc(Cl)c(O)c(CN(C)C)c2oc1=O,0
772871,Nc1c(C(O)(C(F)(F)F)C(F)(F)F)ccc2ccccc12,0
1258242,COc1ccc(-n2c(SCCC(=O)O)nnc2-c2ccncc2)cc1,0
653714,O=C(NCc1ccccc1F)C1CCN(C(=O)NCc2ccccc2)CC1,0
2422597,O=C(Cn1nnc(-c2ccccc2)n1)OCc1csc(-c2ccccc2)n1,0
659333,CCOc1ccc(C2NC(=O)c3ccccc3O2)cc1,0
3237341,O=C(Nc1ccccc1)N(Cc1cccnc1)Cc1ccco1,0
990808,COCc1nnc(SCC(=O)Nc2cccc(Cl)c2C)n1-c1ccccc1,0
666303,CC1CCN(CCc2nc3cc(NS(=O)(=O)c4ccc(F)cc4)ccc3n2C)CC1,0
3237135,COc1cc(OC)c(NC(=O)CCc2nc(-c3cccs3)no2)cc1Cl,0
8559,CCCOC(=O)c1ccccc1C(=O)OCCC,0
2906489,S=c1[nH]nc(-c2ccccc2)n1C1C=CCCC1,0
1903614,CCOc1ccc(C(=O)NCCC(=O)NCCCC(=O)O)cc1,0
658753,CN1C(=S)SC(C)(C)C1(C)NO,0
154732825,CN1C(=O)N(Cc2ccc(Cl)cc2)C2NNC3CC(c4ccnc(Nc5ccnn5C)n4)CC1N32,1
2906356,CCCC1=C(C(=O)OCC)C(c2ccccc2OCC)NC(=O)N1C,0
135436116,C=CCn1c(SCc2nc3ccccc3c(=O)[nH]2)nnc1-c1ccco1,0
5742472,C/C(N)=C(/C#N)C(=O)CSc1nnnn1-c1ccc(C)cc1C,0
2965302,CCOC(=O)c1cnn(-c2nc3sc4c(c3c(=O)[nH]2)CCCC4)c1N,0
3238342,CC1CCCCC1NC(=O)CN(C)S(=O)(=O)c1cccc2nsnc12,0
2856716,O=C1C2C(c3ccccc3)C=CC(c3ccccc3)C2C(=O)N1CCO,0
154586840,CN=CN=C(N)c1ccc(C2=CCN(C(=O)CN3CC[C@]4(CCN(c5ccc(N)c(C(=N)c6ccc7oc(C(C)C)nc7c6)n5)C4=O)C3)CC2)cc1,1
1087200,Cc1onc(-c2ccccc2Cl)c1C(=O)Nc1ccc(S(=O)(=O)N2CCCC2)cc1,0
717930,O=C(Nc1ccc2c(c1)OC1(CCCC1)O2)C1CC1,0
3240554,O=C(Nc1ccccc1C(F)(F)F)c1cc(-c2ccccc2O)on1,0
834797,O=C(NCCc1ccccc1)c1ccncc1,0
666226,CCc1nc2oc3ccccc3c(=O)c2c(=O)n1CCOC,0
3239336,O=C(NCc1ccc2c(c1)OCO2)C1CC(=O)N(C2CCCC2)C1,0
54687615,Cn1c(=O)c2c(O)cc(=O)n(-c3ccccc3)c2n(C)c1=O,0
5129101,CCCCn1c(O)c(C(C)=NCCCN(C)C)c(=O)[nH]c1=O,0
135412725,NCCCNCCCCN(CCCN)/[N+]([O-])=N/O,0
3238383,Cn1cc(C(=O)NC2CCCCCC2)c(=O)c2cc(S(=O)(=O)N3CCCC3)ccc21,0
665205,O=C(O)c1ccc(S(=O)(=O)Nc2ccc(F)c(Cl)c2)cc1,0
1284913,O=C(c1ccccc1NS(=O)(=O)c1ccc(Br)s1)N1CCOCC1,0
73506721,COC1(C)CN(c2n[nH]c3cc(NC(=O)N[C@H](C)c4ccccc4)ncc23)C1,1
646813,Cc1ccc(NC(=O)CS(=O)CC(=O)N(C2CCCC2)C(C)C(=O)NC2CCCCC2)cc1,0
3744541,Cn1c2c(c(=O)n(C)c1=O)C1c3ccccc3OCC1C(C)(C)O2,0
2216070,CC1(C)NC(=O)N(CCOCCSc2ccccc2)C1=O,0
1237630,O=C(Nc1ccon1)c1ccc(Br)o1,0
2929660,COc1ccc(CC(=O)N2CC3(C)CC2CC(C)(C)C3)cc1OC,1
870743,O=C1CCCc2sccc2N1,0
662454,COc1ccccc1CNc1nc2ccccc2n1CCN1CCCCC1,0
262425,Cn1c(=O)c2[nH]c(CSCc3ccccc3)nc2n(C)c1=O,0
664281,c1ccc(CCN2CN=C(Nc3nc4ccccc4o3)NC2)cc1,0
660250,CCOC(=O)c1ccc(Nc2ncnc3c2cnn3C)cc1,0
2353836,CCCCOC(=O)Nc1ccc(OC)cc1S(=O)(=O)N1CCOCC1,0
2408834,Cc1ccc(Nc2cc(C)nn2-c2nc(C)cc(C)n2)cc1,0
3247369,COC(=O)[C@@H]1C[C@H]1[C@@H](NC(C)=O)c1ccccc1,0
3241456,Cc1c(C(=O)N2CCCCC2)oc2ccc(S(=O)(=O)N3CC(C)CC(C)C3)cc12,0
5307997,O=C(Nc1nnc(N2CCCCCC2)s1)c1cc(-c2ccc(Br)cc2)on1,0
2915380,CC1CCCN(C(=O)Cc2ccc(F)cc2)C1,0
2304231,O=C(c1cc(-n2cnnc2)ccc1Cl)N1CCOCC1,0
2972732,CC1Cn2c(nnc2C(=O)c2ccccc2)S1,0
672043,COCc1cc(C)nc(SCC(=O)NCc2ccco2)c1C#N,0
3239368,COc1ccc(CN2CC(C(=O)NCc3ccccn3)CC2=O)cc1,0
2539361,O=C(OCn1nnc2ccccc2c1=O)c1ccc2c(=O)n3c(nc2c1)CCC3,0
654870,COCC(=O)N(Cc1ccco1)c1nnc(C2CCOC2)s1,0
647126,COc1ccc2nc(NCCCNC(=O)c3cc(OC)c(OC)c(OC)c3)c(C#N)cc2c1,0
2998169,CCS(=O)(=O)N1Cc2ccccc2CC1C(=O)OCC(=O)Nc1ccc(C)cc1,0
2998713,CCOC(=O)CSC1=C(C#N)C(c2ccc(C)cc2)C2=C(CCCC2=O)N1,0
7105719,O=C(NNc1nc2cc3c(cc2s1)OCO3)c1cccc(F)c1,1
659191,O=C(c1cccs1)c1ccc(-c2cccs2)s1,0
1247720,Cc1onc(-c2c(F)cccc2Cl)c1C(=O)NCc1cccs1,0
7741,NCCc1ccn[nH]1,0
2964566,O=C(NCCC1=CCCCC1)C1CCCN(S(=O)(=O)c2ccc(F)cc2)C1,0
3237160,O=C(c1cc(-c2ccco2)on1)N1CCc2ccccc2C1,0
664799,CN(C)C(=O)Cn1c(=O)n(C)c2ccccc21,0
2103155,CCCCNC(=O)Nc1ccc(Br)cn1,0
5307558,CNC(=O)c1nnc(Cc2ccc(F)cc2)o1,0
4118026,N#CCCN1CCN(S(=O)(=O)c2ccc(S(=O)(=O)NC3CC3)cc2)CC1,0
19244,CC(C)[C@H]1CC[C@@H](C)C[C@H]1O,0
688437,CN1CCN([C@@H](c2ccccc2)c2ccc(Cl)cc2)CC1,0
1253300,CCOC(=O)Nc1ccc2c(c1)nc(CN1CCN(C(C)=O)CC1)n2C,0
89536004,O=C(NCc1ncco1)Nc1cc2[nH]nc(-c3ccc(F)cc3)c2cn1,1
2850847,CC1=NC2(CCCc3c2no[n+]3[O-])N(O)C1(C)C,0
645940,Cc1nc(SCC(=O)N2CCC(C(N)=O)CC2)n[nH]1,0
89525829,CCCCNC(=O)Nc1cc2n[nH]c(C3CCC3)c2cn1,1
650946,COC(=O)c1sc(NC(=O)CSc2nc3cccnc3n2C2CCCCC2)nc1C,0
146962,Cn1c(=O)c2c(ncn2CC(=O)N2CCOCC2)n(C)c1=O,0
2963973,COc1ccccc1CNC(=O)C(C)NS(=O)(=O)c1ccccc1,0
1069012,Cc1c(Nc2nc3ccccc3nc2NS(=O)(=O)c2ccccc2)c(=O)n(-c2ccccc2)n1C,0
949919,C=C(C)Cn1c(N2CCN(CC)CC2)nc2c1c(=O)[nH]c(=O)n2C,0
665883,COc1cc(-c2nnc3sc(-c4ccccn4)nn23)cc(OC)c1OC,0
952079,CCOC(=O)c1ccc(COC(=O)c2cc3ccccc3oc2=O)o1,0
869610,COc1cc(NC(=O)Cc2cccs2)cc(OC)c1,0
6858836,Fc1ccc(COc2ccc(/C=N/n3cnnc3)cc2)cc1,0
2905319,CCOC(=O)C1CCCN(C(=O)c2ccccc2Oc2ccccc2)C1,0
652199,CCN(CC)CC(=O)N(CC(=O)Nc1c(C)cc(C)cc1C)C1CCCCC1,0
5307565,COc1ccc(S(=O)(=O)Cc2ccc(C(=O)N3CCN(c4cc(Cl)ccc4C)CC3)o2)cc1,0
802097,Cc1cc(C)n(S(=O)(=O)c2cc(C)c(C)cc2C)n1,0
3239626,C=CCN(CC=C)CC(O)Cn1c2ccccc2c2ccccc21,0
1246540,Cc1cc(C(=O)Nc2sc(C)c(C)c2C#N)c(C)o1,0
3232683,N#Cc1cccc(NC(=O)N2CCCC3(CCN(C(=O)c4ccncc4)CC3)C2)c1,0
2972595,CC(=O)c1c(C)n(CC2CCCO2)c2ccc(O)cc12,0
653147,CCCCCCc1nc2c(=O)[nH]c3ccccc3c2o1,0
655668,COc1ccc(NC(=O)c2ccco2)cc1NC(=O)c1ccc(C)cc1,0
2258047,COc1ccc(C(=O)/C=C/Nc2cc(C)on2)cc1,0
179503,COc1ccc2c(C)c(Cl)c(=O)oc2c1,0
3241458,CCN1CCN(C(=O)C2c3cc(OC)c(OC)cc3C(=O)N(C)C2c2ccc(SC)cc2)CC1,0
652421,C1CCc2c(nnc3c2-c2nonc2CC3)C1,0
16757946,COC(=O)CC1C(C)(C)C2(O)OC34CC2C(=O)[C@@]1(C)C3CC[C@]1(C)C4=CC(=O)OC1c1ccoc1,0
934666,COc1ccc(C(C)(C)C)cc1S(=O)(=O)N1CCN(C)CC1,0
651409,Fc1ccc(C(c2nnnn2C2CCCC2)N2CCN(Cc3ccccc3)CC2)cc1,0
364626,Cn1cnc([N+](=O)[O-])c1Sc1nnc(-c2cccnc2)n1C,0
755828,COCc1cc(C)nc(SCC(=O)Nc2cccc(C)c2)c1C#N,0
782615,c1ccc(Oc2cccc(CN3CCOCC3)c2)cc1,0
847892,O=C1COc2ccc(C(=O)NCc3ccc4c(c3)OCO4)cc2N1,0
2392415,Cc1noc(C)c1CSc1nc2ccccc2s1,0
3238743,O=C(Cn1cccc1C(=O)c1ccccc1)NCCN1CCOCC1,0
665673,Cc1cc(C)n(-c2nc3ccccc3c(=O)n2OCC(=O)OCc2ccccc2)n1,0
5771824,CCC[C@@H]1C[C@@]1(CCC)C(NS(=O)(=O)c1cccc2cccnc12)c1ccc(Cl)cc1,0
650135,Cc1cccc(NC(=O)Cn2nnc(-c3cccs3)n2)c1C,0
5307844,CCOC(=O)CNC(=O)CSc1nnc(Cn2c(=O)sc3ccccc32)n1C,0
666197,Cc1ccc(S(=O)(=O)NC2=NCN(Cc3ccccc3)CN2)cc1,0
2997573,Cc1cc(NC(=O)CSc2ncnc3sc4c(c23)CCC(C)C4)no1,0
118380754,CCNc1n[nH]c2cc(NC(=O)NCc3cnsn3)ncc12,1
11949195,c1ccc(-c2ccc(CN3C[C@@H]4C(c5ccccc5)C5(c6cccnc6)CC4(C5)[C@H]3c3ccccc3)cc2)cc1,0
650823,Cc1nnc(NC(=O)C2CCCO2)s1,0
2130721,C=CCSc1nnc(NC(=O)c2cccc(S(=O)(=O)N3CCOCC3)c2)s1,0
2999890,CCCCCCNC(=O)C(C#N)c1nc2ccccc2nc1N1CCCC1,0
2848884,N#CC1=C(N)OC2=C(C(=O)CCC2)C1C1CC=CCC1,0
5307283,Cc1ccc(-c2nc(CS(=O)(=O)CC(=O)NC3CCCCC3C)c(C)o2)cc1,0
3244388,O=C(NCN1C(=O)C2C3C=CC(C3)C2C1=O)Nc1nccs1,0
54687453,O=C(c1c(O)c2ccc(Cl)cc2[nH]c1=O)C1CC1,0
654290,COc1nc(-c2ccc(C)cc2)ccc1-c1noc(-c2cccnc2)n1,0
3243690,CC(=O)NC(CCS(C)(=O)=O)C(=O)Nc1ccccc1C,0
2950291,CC1CN(C)C(C)CC1NCc1ccc2c(c1)OCO2,0
2942944,CSC1CCCCC1(O)CSc1nc2ccccc2o1,0
3236811,COc1cccc(-n2c(C)nc3c(cnn3-c3ccc(C)cc3)c2=O)c1,0
2724564,NC(=S)NNC(N)=S,0
121416451,CCO[C@H]1CN(Cc2c(F)cccc2F)C[C@@H]1NC(=O)Nc1cc2cnn(-c3ccnc(C)c3)c2cn1,1
6604300,CC[C@H](C)[C@H](N)C1=N[C@H](C(=O)N[C@@H](CC(C)C)C(=O)N[C@@H](CCC(=O)O)C(=O)N[C@@H](C(=O)N[C@H]2CCCCNC(=O)[C@@H](CC(N)=O)NC(=O)[C@@H](CC(=O)O)NC(=O)[C@@H](Cc3cnc[nH]3)NC(=O)[C@@H](Cc3ccccc3)NC(=O)[C@@H]([C@@H](C)CC)NC(=O)[C@@H](CCCN)NC2=O)[C@@H](C)CC)CS1,0
3233539,Cc1nc2cnc(N3CCNCC3)nc2n(C2CC2)c1=O,0
651017,CCOc1ccc2nc(NC(=O)CSc3nc4c(c(=O)n(C)c(=O)n4C)n3CC)sc2c1,0
3239658,CCOC(=O)N1CCC(NC(=O)CC(NS(=O)(=O)c2ccc(C)cc2)c2ccco2)CC1,0
118046258,Cn1cc(-c2cnc(N)c(-c3ccc(C(=O)NCc4cccc(Cl)n4)c(F)c3)c2)cn1,1
5287792,Cc1ccc2c(c1)C(=O)[C@]1(O)CCN(c3ccccc3)C1=N2,0
1871019,O=C(C[C@@H](c1ccccc1)N1CCCCC1)c1ccccc1,0
2997569,COc1ccc(-n2nnnc2SC(C)C(N)=O)cc1,0
653900,CCn1nnnc1SCC(=O)c1cc(OC)ccc1OC,0
652536,Cc1cc(C)cc(N2C(=O)C3C4C=CC(C4)C3C2=O)c1,0
11949149,COC(=O)[C@@H]1C[C@@]2(O)[C@H](O)[C@H](O)[C@H](O)C[C@H]2N1C/C=C/c1ccccc1,0
5459520,CC(Cc1ccccc1)C(=O)N1CCN(C)CC1,0
135417981,Cc1nn(-c2ccccc2)c2[nH]c(=O)c(CNCC3CCCO3)cc12,0
655864,O=C(c1ccco1)N1CCN(c2nc(C3CC3)nc3sc4c(c23)CCCC4)CC1,0
117975089,CCn1ccc([C@H](NC(=O)c2ccc3cnc(NC4CCOCC4)nc3c2)c2ccc(Cl)c(F)c2)n1,1
1254764,CCOC(=O)N1CCN(S(=O)(=O)c2ccc(OC)c(Cl)c2)CC1,0
3232875,O=C(c1cnccn1)N1CCC[C@@]2(CCN(Cc3nccs3)C2)C1,0
656358,O=C(NC1CCCCC1)C1CCN(c2nccs2)CC1,0
1252494,CSc1ccccc1C(=O)Nc1cccc(N(C)S(C)(=O)=O)c1,0
3234377,Cc1cccc(CNc2cc(-c3cccnc3)ncn2)c1,0
805501,Cc1cccn2cc(-c3ccc(F)cc3)nc12,0
655312,CCCCn1c(SCC(=O)NCCc2ccc(OC)c(OC)c2)nc2c1c(=O)n(C)c(=O)n2C,0
664016,CCCOc1nc2c(c(=O)n(C)c(=O)n2C)n1CCC,0
225069,Cn1c(=O)c2[nH]c(CCNC(=O)c3ccccc3)nc2n(C)c1=O,0
272209,CN1CCN(CC(=O)N2c3ccccc3Sc3cc4ccccc4cc32)CC1,0
3244566,CCOC(=O)N1CCC(NC(=O)C(CC(C)C)NC(=O)C2CCCCC2)CC1,0
135403571,O=C(CSc1nc2ccccc2c(=O)[nH]1)N1CCOCC1,0
117890064,COc1cc(Oc2nccc(C)n2)ccc1-c1cc2c(cc1F)ncc1ncn(C3(C)CCN(CCO)CC3)c12,1
2999354,CN(C(=O)COC(=O)c1nc(-c2ccccc2)n(-c2ccccc2)n1)C1CCS(=O)(=O)C1,0
866267,Cc1[nH]c(=O)[nH]c(=O)c1S(=O)(=O)N(C)Cc1ccccc1,0
3233940,COc1ccccc1-c1nc(N(C)C)c2ccccc2n1,0
3238453,Cc1cccc(N(C)S(=O)(=O)c2ccc3[nH]c(=O)c(=O)[nH]c3c2)c1,0
645672,c1ccc2c(-n3cnnn3)cccc2c1,0
5389722,CCCOC(=O)C1[C@H]2C(=O)N(CCCOC)C[C@]23C=C[C@H]1O3,0
647305,c1ccc2c(-n3cccn3)cccc2c1,0
711270,CN(C)C(=O)N1CCN(C(=O)c2ccco2)CC1,0
3234015,O=c1c(-c2ccc(F)cc2)nc2cncnc2n1Cc1ccccc1,0
1124485,CN1CCN(Cc2c(O)ccc3occ(C(=O)c4ccccc4)c23)CC1,0
2925127,NC(=O)CN1C(=O)C(O)(CC(=O)c2ccccc2O)c2ccccc21,0
829764,CCN(CC)c1ccc2oc(=O)c(C)nc2c1,0
648848,COc1cc(C)nc(OCCNS(=O)(=O)c2cc(C)ccc2C)n1,0
654719,COc1ccc(C(c2nnnn2CCc2ccccc2)N2CCN(C)CC2)cc1OC,0
649540,CCOc1cc(C2C(C(=O)c3ccc(C)o3)=C(O)C(=O)N2CCc2ccccc2)ccc1O,0
660994,O=C(N1CCCCC1)C12CC3CC(C1)CC(C(=O)N1CCCCC1)(C3)C2,0
6605089,Cc1nc(NCCO)c2nc(-c3ccccc3)n(CCCN(C)C)c2n1,0
644409,O=C(NCC1CC1)C1CCCN(S(=O)(=O)c2ccc(-n3cnnn3)cc2)C1,0
16757935,COC(=O)CC1C(C)(C)C(=O)C2CC3=C4CC(=O)OC(c5ccoc5)[C@]4(C)CCC3[C@@]1(C)C2=O,0
135449198,CCCCCN=C(C)c1c(O)c2ccccc2oc1=O,0
7529,C=Cc1cccc(C)c1,0
2092983,COc1ccc(NC(=O)c2ccc(Cl)c(S(=O)(=O)N3CCc4ccccc4C3)c2)cn1,0
688424,NS(=O)(=O)c1cc([C@@]2(O)NC(=O)c3ccccc32)ccc1Cl,0
2998238,C=CCn1c(SCC(=O)NCC2CCCO2)nnc1C1CCCCC1,0
16758734,CC(=O)OC[C@@H]1O[C@@H](O/N=C2/C[C@@H](O)[C@@H](O)[C@@H]3[C@@H]4C(=O)N(C5CCCCC5)C(=O)[C@H]4CC[C@H]23)[C@H](OC(C)=O)[C@H](OC(C)=O)[C@@H]1OC(C)=O,0
2160372,COc1ccc(C(=O)Nc2c3c(nn2-c2cccc(Cl)c2)CS(=O)C3)cc1,0
653067,COc1ccc(C(=O)COC(=O)Cn2nnc3ccccc32)cc1Br,0
3237717,COc1ccc(C2=NOC(C(=O)N3CCOCC3)C2)cc1OC,0
5307207,CCN(CCNC(=O)CC1Oc2ccccc2NC1=O)c1ccccc1,0
647631,Cc1cc(C)c2cc(CN(CCN3CCCC3)C(=O)Nc3ccc(F)cc3)c(=O)[nH]c2c1,0
649206,OCCN1CCOCCN(CCO)CCN(CCO)CC1,0
3241759,OCCNc1nc(OCC(F)(F)F)nc(N2CCN(C34CC5CC(CC(C5)C3)C4)CC2)n1,0
661788,COc1ccc(C2Nc3ccccc3C(=O)N2Cc2ccco2)cc1COc1ccc(NC(C)=O)cc1,0
5280567,Cc1cc(=O)oc2cc(O)ccc12,0
648660,COC(=O)C1C2C=CC3(CN(C(C)c4ccc(OC)cc4)C(=O)C13)O2,0
121416579,Cc1cc(-n2ncc3cc(NC(=O)NCCC4CCOC4)ncc32)ccn1,1
2990940,FC(F)(F)c1cc(-c2ccco2)nc(NCc2cccs2)n1,0
6604389,COc1cc([C@H]2c3cc4c(cc3[C@@H](O[C@H]3O[C@H]5CO[C@@H](C)O[C@H]5[C@@H](O)[C@@H]3O)[C@@H]3COC(=O)[C@H]23)OCO4)cc(OC)c1O,0
232061,CC(=O)Nc1ccc(C)cc1NC(C)=O,0
3242835,CCc1ccc(NC(=O)NCCN2CCc3ccccc3C2)cc1,0
637759,CC(=O)/C=C/c1ccccc1,0
8461,Cc1ccc([N+](=O)[O-])cc1[N+](=O)[O-],0
3235395,COc1ccc(NC(=O)N2CCC3(CC2)CCN(S(C)(=O)=O)CC3)cc1,0
645728,CC(C)c1ccc(NC(=O)c2csnn2)cc1,0
3236584,CC(C)Cn1cc(C(=O)NCC2CCCO2)c2c3ccccc3n(C)c2c1=O,0
1084704,O=C(O)CCc1ccc(-c2cccs2)n1NC(=O)c1ccc(O)cc1,0
118365414,COc1n[nH]c2cc(NC(=O)NC(C)c3ccc(F)c(F)c3)ncc12,1
663844,O=C1c2ccccc2-c2onc3ccc(NCCCn4ccnc4)c1c23,1
5308613,O=C(Cn1ncc2c1-c1ccccc1OC2)N1CCN(c2ccccn2)CC1,0
296093,CC(=O)CC(=O)Nc1ccc2ccccc2c1,0
876327,Cc1onc(-c2c(F)cccc2Cl)c1C(=O)NCc1ccco1,0
654201,CC(=O)c1cccc(NC(=O)CN(c2ccccc2)S(C)(=O)=O)c1,0
2970366,CC(NC(=O)c1cccnc1)c1ccc2c(c1)OCO2,0
6570,C=CC(C)=O,0
645309,COc1ccc(CNC(=O)CN(c2cccc(OC)c2)S(C)(=O)=O)cc1,0
89536111,Cc1cc(-c2n[nH]c3cc(NC(=O)N[C@@H]4CCCc5ncccc54)ncc23)ccn1,1
3238925,CSc1ccccc1NC(=O)c1noc2c1CCC2,0
691684,CSc1nsc(SC)c1NC(=O)N1CCCC1,0
646627,CC(=O)N(C1=NCCCS1)c1ccccc1F,0
54676860,O=C1OC(C(O)CO)C(O)=C1O,0
657786,Cc1ccc(C)c(NC(=O)c2ccccc2O)c1,0
666162,Cc1cccc(N2CSC3=C(C#N)C(c4ccc(C)o4)CC(=O)N3C2)c1,0
2938991,Cc1ccc(-n2ncc3c(NCC4CCCO4)ncnc32)c(C)c1,0
5309481,CCn1cc(C(=O)NC2CCCCC2)c(=O)c2cc(S(=O)(=O)N(C)C)ccc21,0
648131,CC1(C)CC(=O)C=C(N2CCNCC2)C1,0
778398,COc1cccc(NS(=O)(=O)c2ccc(OC)c(OC)c2)c1,0
647166,CCOc1ccc(-c2nnc(-c3ccncc3)o2)cc1,0
2099429,Cc1ccc(C)c(Oc2nnnn2-c2ccccc2)c1,0
646669,CCOC(=O)c1coc(CNC(=O)c2c(C)oc3c2CCCC3)c1,0
2991881,COc1ccccc1-c1cc(C(F)(F)F)nc(N2CCN(c3ccccc3)CC2)n1,0
2931826,CCCCOC(=O)c1ccc(NC(=O)C2CCCO2)cc1,0
647374,Cc1ccc2c(c1)N(Cc1ccc3c(c1)OCO3)C(=O)C(C)O2,0
2998799,CC1CCCC(NC(=O)COC(=O)c2ccc(S(=O)(=O)N3CCOCC3)cc2)C1C,0
3125900,CCOC(=O)C(Cc1ccccc1)NS(=O)(=O)c1ccc(NC(C)=O)cc1,0
6806,CC(=O)Nc1c(I)cc(I)c(C(=O)O)c1I,0
3242972,CCOC(=O)N1CCC(NC(=O)CCc2nc(-c3ccc(C)cc3)no2)CC1,0
2346958,Cc1ccc(C(=O)OCC(=O)c2ccc(Cl)s2)s1,0
652361,C=CCN1C(=O)C2C(C(=O)NCc3ccccc3)C3C=CC2(O3)C1C(=O)NC(C)(C)C,0
648223,COc1ccc(OC)c(NC(=O)C2CCN(c3nc(C)cc(C)n3)CC2)c1,0
660825,CCN(CC)C(=O)CSC(=Nc1ccccc1F)NC#N,0
646173,CCOc1ccc(C(=O)NCc2ccncc2)cc1,0
654171,CC(C)Cc1cc(C(=O)O)n[nH]1,0
5308096,COc1ccc(C(=O)CCC(=O)N2CCN(c3ccc(N4CCOCC4)nn3)CC2)cc1,0
3241732,N#CCSc1nc2ccccc2c(=O)n1CCC(=O)NCCc1ccccc1,0
341872,Cc1cc(=O)[nH]c2cc3oc4ccccc4c3cc12,0
2883927,O=C(O)c1cnn2c1NC(c1ccc(F)cc1)CC2C(F)(F)F,0
3240695,CCOC(=O)N1CCN(C(=O)c2ccc3nc(N4CCCCC4)sc3c2)CC1,0
5323714,O=C1OCCN1/N=C/c1ccc([N+](=O)[O-])o1,0
3238926,NC(=O)CSC1=Nc2ccccc2C2=NC(CCC(=O)NCc3ccc(F)cc3)C(=O)N12,0
5308056,Cc1ccc(-c2nc(CS(=O)CC(=O)NCCN3CCOCC3)c(C)o2)cc1,0
3236701,Cc1cc(N2C(=O)C3CCCN3C2c2cccc(Cl)c2)no1,0
651151,CCN(CC)C(=O)Cn1nc(-c2ccccc2O)nc1SCC(=O)Nc1ccc(OC)cc1,0
3242615,O=C(Cn1nc(-c2ccccc2)ccc1=O)NCc1ccc2c(c1)OCO2,0
3235580,CCN1C(=O)/C(=C/N(C)c2ccccc2)OC1=S,0
1299412,CCC(=O)Nc1c(C(=O)N2CCCCCC2)cnn1-c1ccc(C)c(C)c1,0
2899723,O=C(C1COc2ccccc2O1)N1CCN(c2ccccc2)CC1,0
2157582,CCn1cc(S(=O)(=O)CC(=O)Nc2ccc3c(c2)OCCO3)c2ccccc21,0
3238194,COCCNC(=O)c1ccc(CS(=O)(=O)c2ccc(Cl)cc2)o1,0
3240042,CN1C(=O)NC(c2ccc(O)cc2)C(C(=O)c2cccs2)C1(O)C(F)(F)F,0
8029,c1ccoc1,0
3245475,COc1ccc(-n2ccnc2SCC(=O)Nc2ccc(OC)cc2OC)cc1,0
3237733,O=C(C(Cc1ccccc1)NS(=O)(=O)c1ccc(F)cc1)N1CCC2(CC1)OCCO2,0
3233041,FC(F)(F)c1ccccc1-c1nc(-n2ccnc2)c2ccccc2n1,0
4290028,CCc1nnc(NC(=O)C2Cc3ccccc3C(=O)O2)s1,0
16757819,CCC1OC(=O)C(C)[C@@H](O[C@H]2C[C@@](C)(OC)C(O)C(C)O2)C(C)[C@@H](O[C@@H]2OC(C)CC(N(C)C)C2O)[C@@](C)(O)CC(C)CN(C)C(C)C(O)[C@]1(C)O,0
587511,COc1ccc(CSc2nnnn2C)cc1F,0
3651651,CCN(Cc1ccccc1)c1ccc(N=Nc2nn(C)c(C)c2[N+](=O)[O-])cc1,1
3234853,COc1ccc(-c2nc3cnc(N4CCN(C)CC4)nc3n(CCc3ccccc3)c2=O)cc1,0
653412,Cn1c(SCC(=O)NCc2ccc3c(c2)OCO3)nnc1-c1cc2ccccc2cc1O,0
2104654,O=C(COC(=O)c1ccc[nH]c1=O)c1ccc(Cl)s1,0
660688,COC(=O)CCCC(=O)N1CCOCCN(C(=O)CCCC(=O)OC)CCOCC1,0
54677783,CC(C)c1ccc(C(c2c(O)c3ccccc3oc2=O)c2c(O)c3ccccc3oc2=O)cc1,0
16758152,CCC(C)C(=O)OC1CCC=C2C=CC(C)C(CCC3CC(O)CC(=O)O3)[C@@H]21,0
2998794,CN1CCN(c2ccc(Cl)cc2NS(=O)(=O)c2ccccc2Cl)CC1,0
3237944,COc1cc(C2N(c3ccccn3)C(=O)C3CCCN32)cc(OC)c1OC,0
886529,Cc1ccc(/C=C2\C(=O)NC(=S)N(c3ccccc3F)C2=O)s1,1
2536033,CCCSc1nnc(Sc2nnnn2-c2ccccc2)s1,0
664359,Cc1ccc(-c2nnc(N3CCN(C(=O)CN4CCOCC4)CC3)c3ccccc23)cc1,0
664054,CC(=O)c1ccc(NC(=O)N[C@@H](Cc2ccccc2)C(=O)O)cc1,0
8717,Cc1cc(C)c(N)cc1C,0
5307420,CC1CCc2nn(CC(=O)NC3CCCC(C)C3C)cc2C1,0
3244466,O=C(NCc1ccc(F)cc1)C1CCN(S(=O)(=O)N2CCCCC2)CC1,0
3241136,O=C(NCCN1CCc2ccccc2C1)C1CC(=O)N(C2CCCC2)C1,0
1854652,COc1ccc(Nc2cc(C)nc3ncnn23)c(OC)c1,0
4646,O=C(O)C=Cc1ccc(Cn2ccnc2)cc1,0
75879,O=C1CCCCCN1C(=O)c1ccc(C(=O)N2CCCCCC2=O)cc1,0
2162790,CCOCC(=O)Nc1ccc(S(=O)(=O)NCCc2ccccc2)cc1,0
6605115,Cc1nc(Nc2ccccc2)c2nc(-c3ccccc3)n(CCN3CCOCC3)c2n1,0
645580,O=C(NCc1ccco1)c1cc2nc(-c3ccc4c(c3)OCO4)cc(C(F)(F)F)n2n1,0
2384408,O=S(=O)(Cc1nc2ccccc2s1)c1ccccc1,0
3243490,CC(C(=O)Nc1ccc(C(=O)O)cc1)N1C(=O)c2ccccc2C1=O,0
887215,Cc1occc1C(=O)N1CCN(c2ncccn2)CC1,0
651756,COc1ccc2[nH]c(=O)c(-c3noc(-c4ccc(F)cc4)n3)cc2c1,0
5308698,Fc1ccc(Cc2nnc(-c3cccs3)o2)cc1,0
118365248,COc1n[nH]c2cc(NC(=O)N[C@H](C)c3cccc(Cl)c3)ncc12,1
662194,CC(C)Oc1ccc(C2C(C(=O)c3ccco3)=C(O)C(=O)N2Cc2cccnc2)cc1,0
118045207,Nc1ncc(C2CCS(=O)(=O)C2)cc1-c1ccc(C(=O)NCc2ccccc2)c(F)c1,1
2997723,CC(C)N(C(=O)COC(=O)c1ccccc1C(=O)N1CCN(c2ccc(F)cc2)CC1)C(C)C,0
894128,C=CCn1c(CCC(=O)O)ccc1-c1ccccc1,0
2999865,CC1Cc2ccccc2N1C(=O)Cn1cnc2ccccc2c1=O,0
976403,CC(C)(C)N1C(=O)c2ccc(C(=O)NCc3ccco3)cc2C1=O,0
1246960,Cc1cc(C(=O)NCc2cccnc2)cs1,0
652028,CC1(C)Oc2ccc(C(=O)N3CCCC3)cc2N(CC(=O)NCc2ccccc2)C1=O,0
663826,Cc1ccc2nc(Nc3ncc4c(n3)CCCC4=O)nc(C)c2c1,0
135406141,CC(=Nc1ccc(C)c(C)c1)C1=C(O)CSC1=O,0
2882073,C=C(C)CC1Nc2ccccc2NC1CC(=C)C,0
51040,COc1ccc(C(=O)CC(=O)c2ccc(C(C)(C)C)cc2)cc1,0
1978203,CC1=CS/C(=C(/C#N)C(=O)N2CCOCC2)N1c1ccccc1,0
183782,CCCCN1CCC(CCC(=O)c2cc(Cl)c(N)cc2OC)CC1,0
860469,Cn1c(SCC(=O)NCc2ccco2)nnc1-c1cccs1,0
6604278,C[C@@H]1O[C@H](O[C@@H]2CC[C@@]3(C=O)[C@H]4CC[C@@]5(C)[C@@H](C6=CC(=O)OC6)CC[C@@]5(O)[C@@H]4CC[C@]3(O)C2)C[C@H](O)[C@@H]1O,0
2200621,O=C(Nc1ccc(N2CCOCC2)c(Cl)c1)c1c(F)c(F)c(F)c(F)c1F,0
118365330,COc1n[nH]c2cc(NC(=O)N[C@H](C)c3ccc(Cl)cc3)nc(CO)c12,1
3238916,O=C1CCc2nc3sc4c(c3c(=O)n2N1)CCCC4,0
237591,Cc1nc2ccccc2c(=O)n1N,0
5214133,CCCOCCOC(=O)c1[nH]c2c(c1C)C(=O)CC(c1cc(OC)ccc1OC)C2,0
3232769,O=C(c1csnn1)N1CCC2(CCCN(c3ccccn3)C2)CC1,0
1081773,COc1ccc(S(=O)(=O)N2CCC(C(=O)N3CCc4ccccc4C3)CC2)cc1,0
3233489,O=C(c1ccncc1)N1CCC2(CCCN(Cc3ccccc3)C2)CC1,0
16758853,CC(C)CCN1CCc2nc(COc3ccccc3)c3c(c2C1)COC(C)C3,0
2096951,COC(=O)c1cc(COC(=O)c2cccnc2SC)oc1C,0
118381027,Nc1n[nH]c2cc(NC(=O)N[C@@H]3CCOc4ccccc43)ncc12,1
11948951,CCC1=C2CC[C@H]3C(=O)NC(=O)[C@H]3[C@H]2[C@@]2(C)C(=NCCc3c[nH]c4ccccc34)OC(=O)N2C1=O,0
2109912,COC(=O)c1ccc(CSc2nnc(NCc3ccccc3)s2)o1,0
3243404,COc1ccc(S(=O)(=O)NCC(c2cccnc2)N2CCN(c3ccc(F)cc3)CC2)cc1C,0
658773,CCOC(=O)C1CCCN(CC(=O)Nc2c(C(=O)OC)[nH]c3ccc(C)cc23)C1,0
2123726,COc1cc(OC)c(NC2=NCCCCC2)cc1Cl,0
648678,CN(C)c1nc(SCCOC(=O)Nc2ccccc2)nc(N(C)C)n1,0
658723,COC(=O)c1[nH]c2ccc(Br)cc2c1NC(=O)CN1CCN(C2CCCCC2)CC1,0
651018,C=CCn1c(N2CCCC2)nc2c1c(=O)[nH]c(=O)n2C,0
2155755,COc1ccc(-c2nnc(SCC(=O)N3CCN(c4ccccc4)CC3)o2)cc1OC,0
3239674,O=C(Cn1ncc2ccccc21)N1CCN(c2cccc(C(F)(F)F)c2)CC1,0
3234967,Cc1nc2cncnc2n(C2CC2)c1=O,0
2918622,CCCCN1C(=O)C2ON(c3ccccc3C)C(c3ccco3)C2C1=O,0
9217,c1ccc2c(c1)Oc1ccccc1S2,0
2281640,O=S(=O)(NCc1cccnc1)c1ccc(Cl)c(Cl)c1Cl,0
671564,Cc1cc(NC(=O)NC(=O)c2ccc(F)cc2F)n[nH]1,0
654866,O=C(CN1CCOCC1)n1c2ccccc2c2ccccc21,0
975117,Cc1ccc(NC(=O)COc2ccc3oc4c(c3c2)CCCC4)nc1,0
230460,COc1cc2c(cc1OC)C(=O)OC2,0
6603999,Cc1cc2c(cc1Cl)N(C(=O)Nc1ccnc3ccccc13)CC2,0
684548,CCOC(=O)c1cnn(CC2CCCCC2)c1N,0
2231318,COc1ccc(S(=O)(=O)N2CCN(c3nc4ccccc4nc3-n3nc(C)cc3C)CC2)cc1,0
6604769,O=C(O)[C@@H]1C[C@@H](C(=O)O)N1,0
2999002,Nc1cc(C(=O)OCC(=O)NCC2CCCO2)ccc1Cl,0
2616131,Cc1cc(-n2c(C)cc(C(=O)CSc3ccc4c(c3)OCCO4)c2C)no1,0
2927276,CC1CC(C)(C)Nc2ccc(OC(=O)c3ccco3)cc21,0
648163,COCCNC(=O)CN(C(=O)CCC(=O)Nc1cc(C)on1)c1cccc(C)c1C,0
665676,COc1ccc(-c2noc(-c3ccccc3C(=O)Nc3cccc(OC)c3)n2)cc1,0
2920647,CC(NC(=O)CSc1ncnc2nc[nH]c12)c1ccccc1,0
2198447,CCOCC(=O)Nc1cc(OC)c(Cl)cc1OC,0
1116274,CCOc1cc(C(=O)N2CCN(c3ccccc3)CC2)cc(OCC)c1OCC,0
3239968,CCCOc1ccccc1NC(=O)c1ccc(N)cc1,0
16758611,CC(C)=CCC/C(C)=C/CO/N=C1/C[C@@H](O)[C@@H](O)[C@@H]2[C@H]3C(=O)N(c4ccc(F)cc4F)C(=O)[C@@H]3CC[C@@H]12,0
54676404,CCCCn1c(=O)c(C(=O)OCC)c(O)c2ccccc21,0
9555994,COc1ccc(O[C@H]2C=C[C@@H](c3ccccc3)O[C@@H]2CO/N=C(\C)CCN2CCCCc3nc(C)c(C)cc32)cc1,0
3238367,O=C(NCc1cccs1)C1CCCN(S(=O)(=O)c2cccs2)C1,0
696879,Cc1oc2ccccc2c1-c1cn2c(n1)SCC2,0
2951411,O=S(=O)(c1ccc(NC2CCCCC2)cc1)N1CCOCC1,0
1932841,O=c1c2c3nc4ccccc4nc3n(CCN3CCOCC3)c2ncn1CCN1CCOCC1,0
2127084,Cc1ccc(-c2nc(C)sc2CC(=O)NCc2ccco2)cc1,0
801424,C1CCC2(CC1)C1=C(CCCC1)Nc1nnnn12,0
803966,CC(C)C(=O)Nc1ccc2c(c1)C(=O)N(CCC(=O)O)C2=O,0
645014,CCCOc1ccc(-c2nnn(CC(=O)Nc3cccc(C(=O)OC)c3)n2)cc1,0
3237132,CC(C)Cn1cc(C(=O)N2CCC3(CC2)OCCO3)c2c3ccccc3n(C)c2c1=O,0
2355897,CN(c1ccc(OCC(=O)N2CCCCC2)cc1)S(=O)(=O)c1cccs1,0
2997539,COc1ccc(CCNC(=O)COc2ccc(S(=O)(=O)N3CCOCC3)cc2)cc1,0
752198,Cc1nc(CSc2nnc(C)s2)cs1,0
2105816,COc1ccc(N(C)S(=O)(=O)c2cccc(C(=O)NC3=NCCS3)c2)cc1,0
888120,Cc1cccc(-c2noc(-c3ccc(F)cc3)n2)c1,0
666555,COc1cc(C(=O)N(Cc2cc3cc(C)ccc3[nH]c2=O)CC2CCCO2)cc(OC)c1OC,0
3242321,Cc1ccc(CN2CC34C=CC(O3)C(C(=O)NCc3ccc5c(c3)OCO5)C4C2=O)cc1,0
3236892,CCC(=O)N1CCc2cc(S(=O)(=O)N3CCc4ccccc43)ccc21,0
60198658,COC[C@@H](NC(=O)N1CCc2cnc(NCCO)nc2C1)c1ccc(Cl)c(Cl)c1,1
3235493,COc1cccc(-c2nc(Nc3ccncc3)c3ccccc3n2)c1,1
2968259,CC(NC(=O)NCC1CCCO1)(C(F)(F)F)C(F)(F)F,0
11972600,CCOC(=O)O[C@]1(C(=O)COC(=O)CC)CC[C@@H]2[C@@H]3CCC4=CC(=O)C=C[C@@]4(C)[C@H]3[C@H](O)C[C@]21C,0
3235341,Cc1cccc(CNc2ccnc(-c3cccc(NS(C)(=O)=O)c3)n2)c1,1
3243123,Cc1ccc(C)c(N2CCN(C(=O)CC3Sc4ccccc4NC3=O)CC2)c1,0
674994,O=S(=O)(c1cccs1)N1CCC(Cc2ccccc2)CC1,0
2549881,COc1cc(C(=O)OCC(=O)Nc2ccc3c(c2)OC(F)(F)O3)ccc1OCc1c(C)noc1C,0
726885,COc1cc2c(cc1O)C[C@@H]1c3c(cc(O)c(OC)c3-2)CCN1C,0
745091,COC(=O)c1c(F)c(F)c(N2CCOCC2)c(F)c1F,0
118404570,CC1(C)c2cnc(NC3CCOCC3)nc2CN1C(=O)NCc1cc(F)cc(Cl)c1,1
3246319,N[C@H](CO)C(=O)NCC(=O)O,0
3237390,O=C(NCC1CCCO1)C1CCCCN1S(=O)(=O)c1ccc(F)cc1,0
16758018,CC(CCC(=O)O)C1CCC2C3CC(O)[C@@H]4CC(O)CC[C@]4(C)C3CC[C@@]12C,0
667015,Cc1nc(N2CCN(C(c3ccccc3)c3ccccc3)CC2)nc2c1C(=O)CCC2,0
3234428,COc1ccccc1CN1CCC2(CC1)CCN(S(=O)(=O)c1ccccc1)CC2,0
3840,O=c1cc(CO)occ1O,0
60198398,C[C@@H](CO)Nc1ncc2c(n1)CN(C(=O)N[C@@H](c1ccc(Cl)c(Cl)c1)C(F)(F)F)CC2,1
3239775,CCOc1ccc(N(CCC#N)S(=O)(=O)c2ccc(OC)cc2)cc1,0
888010,CCC(CC)C(=O)Nc1cc(C(=O)OC)cc(C(=O)OC)c1,0
2998041,CC(=O)c1c(C)[nH]c(C(=O)CSc2nnc(CN3CCCCCC3=O)n2-c2ccccn2)c1C,0
92044785,Cc1cc(-c2n[nH]c3cc(NC(=O)NC4CCCOC4)ncc23)ccn1,1
2961854,N#CC1=C(SCC(=O)NC23CC4CC(CC(C4)C2)C3)NC(=O)C(C#N)C12CCCCC2,0
645162,CCC(C)N(CC(=O)NCc1ccc(OC)cc1)C(=O)c1csnn1,0
2940253,CC1CN(S(=O)(=O)c2ccc(Cl)c(C(F)(F)F)c2)CC(C)O1,0
667256,CCOCCn1c(CN2CCN(c3ccc(F)cc3)CC2)nc2c1c(=O)n(C)c(=O)n2C,0
3236078,Cc1cccc(N2CCN(C(=O)c3ccc(NC(=O)C4CCCO4)cc3)CC2C)c1,0
1068286,O=C(Nc1c(C(=O)N2CCCC2)cnn1-c1ccccc1)c1cccc(F)c1,0
3237882,CCOC(=O)c1cc(C)n(-c2c(C)n(C)n(-c3ccccc3)c2=O)c1C,0
2948211,Cc1cc2nc3c(nc2cc1C)C1(C(=O)O)CCC3(C)C1(C)C,0
2943266,COc1ccc(OC)c(S(=O)(=O)N2c3ccccc3CC2C)c1,0
3242485,Cc1ccc(OC(=O)c2ccc(C)c(C)c2)cn1,0
2114543,O=C(CSCc1nc2ccccc2[nH]1)N1CCN(c2ccc(F)cc2)CC1,0
2999464,C=CCn1c(SCc2nc3c(c(=O)[nH]c(=O)n3CCCC)n2CCC)nnc1-c1ccccc1,0
5307281,CC1CCCCC1NC(=O)C1CCN(S(=O)(=O)c2ccc3c(c2)CCC(=O)N3)CC1,0
3243221,Cc1nc2ccc3nc(NC(=O)c4ccc(S(=O)(=O)N5CCOCC5)cc4)sc3c2s1,0
69448,O=C(Nc1cccc2ccccc12)c1ccccc1,0
5308957,CCOC(=O)c1[nH]c(C)c(C(=O)Nc2ccccc2C)c1C,0
666372,O=C(c1ccc(Cl)cc1Cl)C1(n2cncn2)Oc2ccccc2C1O,0
894278,O=S(=O)(CCSc1nc2ccccc2o1)Cc1ccccc1,0
762744,COc1cccc(NC(=O)c2ccncc2)c1,0
3246366,Cc1ccc(S(=O)(=O)O[C@H]2CN3CCC2CC3)cc1,0
3235025,Cn1cccc1C(=O)N1CCC2(CCN(Cc3ccccc3)CC2)CC1,0
2676802,O=C(CCCN1C(=O)c2ccccc2C1=O)NC1=NCCS1,0
3239945,CC1(C)CC(=O)C2=C(C1)NC(=O)CC2c1cc(F)ccc1F,0
2328314,c1ccc(-n2nnnc2SCCCSc2nc3ccccc3s2)cc1,0
3243334,CCN(CCCNC(=O)c1c(C)cc(=O)oc1C)c1ccccc1,0
2941446,O=C(O)C1CCCCC1C(=O)Nc1cccc(C(=O)N2CCCCC2)c1,0
16758564,O=C1CCCC=C1[C@@H](O)COCc1ccccc1,0
656094,Cc1ccc2cc(CN(Cc3ccco3)S(=O)(=O)c3c(C)ccc4nsnc34)c(=O)[nH]c2c1,0
2349317,Cc1cc(NC(=O)CCc2ccc(S(=O)(=O)N3CCOCC3)cc2)n(-c2ccccc2)n1,0
885285,CC(=O)c1ccc(CCCC(=O)O)cc1,0
644412,COc1cc(C2Nc3ccccc3C(=O)N2c2ccccc2OC)ccc1O,0
655460,O=C(Nc1ccc(NC(=O)C2CCCCC2)cn1)c1ccco1,0
2999938,CSCCC(NC(=O)c1ccco1)C(=O)OC(C)C(=O)NC(=O)NC1CCCCC1,0
655617,CC(=O)c1cccc(S(=O)(=O)N2CCCC(c3nc(-c4ccc(C)o4)no3)C2)c1,0
3245774,CCCS(=O)(=O)N1CCC(C(=O)N2CCC(Cc3ccccc3)CC2)CC1,0
2084354,COc1ccc(COC(=O)c2ccc(N3CCCC3=O)cc2)cc1F,0
764313,COC(=O)c1ccc(NC(=O)c2ccco2)cc1,0
654232,CC(=O)Nc1ccc(NC(=O)Cn2c(CC(=O)N3CCCC3)nc3ccccc32)cc1,0
2872342,CC1CCCCN1C(=O)c1cnn2c(C(F)(F)F)cc(-c3ccco3)nc12,0
3239980,CCOC(=O)N1CCN(C(=O)c2cc(C)c3c(C)nn(-c4ccccc4)c3n2)CC1,0
17709,O=CNc1ccccc1Oc1ccccc1,0
651693,COC(=O)c1ccc(C(C(=O)NCc2ccccc2)N(Cc2ccco2)C(=O)c2cnccn2)cc1,0
664862,CCN1C(=O)/C(=C\N2CCCc3ccccc32)SC1=S,0
2423307,Cc1ccc(-c2csc(NC(=O)c3cccc(S(=O)(=O)N4CCN(C)CC4)c3)n2)cc1,0
3241035,COC(=O)c1cc(NS(=O)(=O)c2ccc3c(c2)CCC(=O)N3)cc(C(=O)OC)c1,0
645791,COc1cc(NC(=O)C2COc3ccccc3O2)c(OC)cc1Cl,0
655829,CCN(CC)c1ccc(C2NC(=O)NC(C)=C2C(=O)Nc2ccccc2)cc1,0
6603875,CC(C)N[C@@H](C)Cc1ccc(I)cc1,0
645101,COc1ccc2cc(C(c3nnnn3CC3CCCO3)N3CCOCC3)c(=O)[nH]c2c1,0
1244711,CN1CCN(c2oc(-c3cccs3)nc2S(=O)(=O)c2ccccc2)CC1,0
644536,Cc1cc2n(n1)C(c1ccsc1)Nc1ccccc1-2,0
16757940,COC(=O)CC1C(C)(C)C(OC(C)=O)[C@@]2(O)C=C3C4CC(=O)OC(c5ccoc5)[C@]4(C)CCC3[C@@]1(C)C2=O,0
665072,O=c1[nH]c2ccccc2nc1NCCN1CCOCC1,0
3242923,CCOC(=O)CC(NC(=O)c1ccco1)c1ccccc1Cl,0
5307904,O=C(CC1Oc2ccccc2NC1=O)NCCCN1CCOCC1,0
54713096,O=C(NC1CCCCCC1)c1c(O)c2ccccc2[nH]c1=O,0
16758875,CC1CCC(C(=O)O)NC1c1ccc(C#CCN(C)C)cc1,0
135498002,COc1cccc(/C=N/Nc2ncnc3c2ncn3Cc2ccccc2)c1O,1
649792,CC(C)(C)NC(=O)C(c1ccco1)N(C(=O)Cn1nnc(-c2ccc(F)cc2)n1)c1ccccc1F,0
549228,CN1CC(=O)N(C)c2nc(Br)n(C)c2C1=O,0
2959664,Cc1ccc(C(=O)O)cc1S(=O)(=O)NCC1CCCO1,0
651892,Cc1ccc2cc(C(c3nnnn3C3CCCC3)N(Cc3cccnc3)Cc3ccco3)c(=O)[nH]c2c1,0
2998647,Cn1nc(N)c2c1N=P(N1CCOCC1)(N1CCOCC1)N=C2c1ccccc1,0
650129,Cc1ccc2cc(CN(Cc3ccc(F)cc3)Cc3nnnn3C3CCCC3)c(=O)[nH]c2c1,0
882167,CCC(CC)C(=O)NCCc1ccc(OC)c(OC)c1,0
2997600,Cc1cc(NC(=O)COC(=O)C2CCCN2C(=O)c2cccs2)no1,0
325823,CC(C)c1cc(C(F)(F)F)nc(NNc2nc(C(C)C)cc(C(F)(F)F)n2)n1,0
2084826,O=C(CSc1nc2ccccc2o1)NC(=O)NCc1ccco1,0
649104,COCc1nc2ccccc2n1CCOc1ccccc1OC,0
713179,O=C1OCc2cc(NS(=O)(=O)c3cccs3)ccc21,0
2536158,Cc1nn(Cc2ccccc2)c(Cl)c1C(=O)NCc1ccc(C)n1C,0
2068299,CCc1ccc(NS(=O)(=O)c2cccs2)cc1,0
653029,C=CCn1c(NCc2ccc3c(c2)OCO3)nc2ccccc21,0
2787707,COC(=O)C(CC(C)C)NC(=O)c1cc(OC)c(OC)c(OC)c1,0
2162873,CCCCc1ccc(NC(=O)COCC)cc1,0
117876332,CC1(n2cnc3cnc4cc(F)c(-c5ccc(Oc6ncccn6)cc5Cl)cc4c32)CCN(CCO)CC1,1
73250,Cn1c(=O)c2[nH]c(CCCCc3nc4ccccc4[nH]3)nc2n(C)c1=O,0
666957,Cc1ccc(S(=O)(=O)N(C)Cc2cc3ccccc3[nH]c2=O)cc1,0
2998224,CCOC(=O)c1ccc(S(=O)(=O)N2CCN(CC(=O)NC(=O)NC3CCCCC3)CC2)cc1,0
2226223,CSc1nc2cc(S(=O)(=O)N3CCOCC3)ccc2s1,0
2999636,CC(c1nnc(SCC(=O)Nc2sccc2C#N)n1-c1ccc(Cl)cc1)N(C)C,0
2999881,N#CCC(=O)N1CCn2c1nc1ccccc12,0
2887552,Cc1c(C)c2ccc(OC3CCCCC3=O)cc2oc1=O,0
3236347,CC1Cc2ccccc2N1C(=O)CCS(=O)(=O)c1cccc2nonc12,0
3239217,COc1ccc(-c2noc(CCC(=O)Nc3ccc4c(c3)OCCO4)n2)cc1,0
662547,O=S(=O)(c1ccc(Br)s1)N1CCN(c2ccccc2)CC1,0
4059,Cc1ccccc1OCC(O)CO,0
588017,Cc1cc(C)nc(SCC(=O)NCc2ccco2)n1,0
649014,O=C(Nc1ccc2c(c1)OCO2)C1CCCN1C(=O)NCc1ccccc1,0
2330417,COCCN(CCOC)c1ncc(Cl)c(C(=O)c2c(C)cc3ccccn23)n1,0
598633,O=c1cc(-c2ccc(Cl)c(Cl)c2)[nH][nH]1,0
3234332,COc1ccc(-c2nc3cnc(N4CCNCC4)nc3n(Cc3ccc(F)cc3)c2=O)cc1,0
834331,COc1cccc(CNc2ccc(N3CCCCC3)cc2)c1OC,1
2387667,O=C(COC(=O)c1ccccc1O)Nc1ccc(OC(F)F)cc1,0
3243881,O=C(NCc1ccco1)c1noc2c1CCCC2,0
135399314,NC(=O)c1cc2ccc(O)cc2oc1=NCc1ccccc1,0
5309543,COc1ccc(C)cc1NC(=O)C1CCCN(S(=O)(=O)c2cnc[nH]2)C1,0
3235821,Cc1ccc(C)c(NC(=O)c2nnn(Cc3ccccc3)c2N)c1,0
658463,O=c1c2[nH]c3ccccc3c2ncn1Cc1ccccn1,0
2577652,COC(=O)c1ccc(CSc2nc3sc4c(c3c(=O)n2C)CCCC4)o1,0
3242242,O=C(CC1NC(=O)NC1=O)NC1(C(=O)NC2CCCCC2)CCCCC1,0
648047,CC(=O)N(Cc1cc2ccc(C)c(C)c2n2nnnc12)C1CCCC1,0
1157494,Cc1c(C(=O)Nc2c(C)n(C)n(-c3ccccc3)c2=O)oc2ccccc12,0
2997809,COc1cc(C(=O)OC(C)C(=O)N2CCc3ccccc3C2)ccc1OCC(=O)N1CCOCC1,0
3238936,COc1ccc(CCNC(=O)C2CCN(S(=O)(=O)N3CCOCC3)CC2)cc1OC,0
3238769,CC(Sc1sc(=S)sc1SC(C)C(=O)O)C(=O)O,0
3237241,O=C(NCC(=O)N1CCC(N2CCCCC2)CC1)C1CCCCC1,0
3246683,O=NN(Cc1ccc(Cl)cc1)[C@@H](C(=O)O)c1ccccc1,0
551154,Cc1c(C(=O)N2CCCC2)nnn1-c1nonc1N,0
1988918,Cc1nn2c(-c3cccc(NC(=O)c4ccco4)c3)nnc2c2ccccc12,0
3234324,O=C(Nc1ccccc1)N1CCC2(CC1)CCN(C(=O)c1cccc(F)c1)CC2,0
660203,COc1cc(C(=S)N2CCCC2)ccc1O,0
3237589,CCOC(=O)c1cccnc1SCC(=O)N(C)c1ccccc1,0
9647465,OC1(c2ccccc2)C/C(=N\n2cnnc2)C=C1c1ccccc1,0
16758342,CO[C@H]1COC(=O)[C@H](C)NC(=O)[C@@H](C)COC(=O)[C@H]2CCCN2C(=O)C/C=C\[C@H]1C,0
135544652,O=C(NCc1ccccn1)c1ccc(/C=N/O)nc1,0
71247559,Cn1cc([C@@H](NC(=O)c2ccc3cnc(Nc4ccnn4C)nc3c2)c2ccc(Cl)c(F)c2)cn1,1
16758839,CC(=O)OCC1OC(C#CCC2CCCCC2)C=CC1OC(C)=O,0
3235844,CCOC(=O)CSc1nc(-c2ccc(OC)cc2)ns1,0
1313765,COc1ccc(OC)c(NC(=O)CSc2nnc(C)n2Cc2ccccc2)c1,0
866269,CCn1cnc2cc(NCc3ccc(C)cc3)ccc21,0
2541165,COc1ccc(C(C)=O)cc1COC(=O)Cn1cnc2ccccc2c1=O,0
652113,COCCn1nnnc1C(c1cc2ccc(OC)cc2[nH]c1=O)N1CCc2ccccc2C1,0
663201,CC(C)CCOP(=O)(c1ccc(N(C)C)cc1)C(O)c1ccccn1,0
10377,CCCCCc1cc(O)cc(O)c1,0
2998257,Cn1c(/C(C#N)=C2/CCCCCN2)nc2ccccc21,0
3241332,CCN(CC)S(=O)(=O)c1ccc(NC2c3ncccc3C(=O)N2Cc2ccccc2)cc1,0
3240396,O=C(O)CCS(=O)(=O)Cc1cccc(Cl)c1,0
2964388,COC(=O)c1ccc(NC(=O)C2CC(=O)N(c3cc(C)ccc3C)C2)cc1,0
2564674,O=S(=O)(c1ccc(Oc2ccc3oc4ccccc4c3c2)nc1)N1CCCC1,0
660037,Clc1ncn(C23CC4CC(CC(C4)C2)C3)n1,0
3244866,O=C(CCc1nc(-c2ccccc2F)no1)NCCc1ccccc1Cl,0
651905,CC1(C)CC(C2N3CC4(C)CN2CC(C)(C3)C4=O)CCO1,0
650116,COc1cccc(C(=O)Nc2ccc(NC(=O)c3ccco3)nc2)c1,0
5308626,CCc1cccc(NC2c3ccccc3C(=O)N2c2ccc(C)cn2)c1,0
3242168,CCN(CCNC(=O)C1CCN(S(=O)(=O)c2cccc3nsnc23)CC1)c1ccccc1,0
665539,Cc1oc(C)c2c(=O)ccc3c(c12)OC(N)=C(C#N)C3c1ccc(F)cc1,0
664787,COc1ccccc1Nc1ncc(C(C)=O)c(C)n1,0
785,Oc1ccc(O)cc1,0
5307800,Cn1cccc1Cc1nnc(SCC(=O)Nc2ccc3c(c2)OCO3)n1CCc1ccccc1,1
5309275,Cc1cc(C)cc(N(CC(=O)N2CCn3c2nc2ccccc23)S(=O)(=O)c2c(C)noc2C)c1,0
2310181,CCOC(=O)c1cnn(-c2sc(C(=O)OCC)c(C)c2C(=O)OCC)c1N,0
782395,COc1ccccc1/C=C/CN1CCOCC1,0
747572,Cc1[nH]n(-c2ccccc2)c(=O)c1N=Nc1ccc2c(c1)OCCO2,1
760116,Cc1cc2c(C(F)(F)F)cc(=O)oc2c2c1NCCC2,0
5309393,COc1ccc(Cl)cc1N1C(=O)C2CCCN2C1c1ccc(F)c(F)c1,0
3243844,Cc1cccc(NC(=O)c2cc(S(=O)(=O)NCc3ccco3)ccc2F)c1C,0
135432418,CCOc1ccccc1NC(=O)CCCc1nc2ccccc2c(=O)[nH]1,0
3239158,Cc1ccc2c(c1)N(CCC(=O)NC1CC1)C(=O)C(C)O2,0
2121076,NC(=O)c1cc(-c2ccccc2)sc1NC(=O)Cc1ccc(S(=O)(=O)N2CCOCC2)s1,0
662017,COCCCNC(=O)c1c(N)n(-c2ccc3c(c2)OCO3)c2nc3ccccc3nc12,0
3233846,N#Cc1ccc(CN2CC3(CCN(C(=O)c4cc(C(F)(F)F)cc(C(F)(F)F)c4)CC3)C2)cc1,0
663103,Cc1ccc(C)c(CSc2nnc(-c3ccccn3)n2N)c1,0
312154,CC1=CC(=O)NP(=O)(Oc2ccc3ccccc3c2)N1,0
663834,CCn1nc(NC(=O)c2ccncc2)c2cc3ccc(C)cc3nc21,0
4935,CCCOc1ccc(C(=O)OCCN(CC)CC)cc1N,0
2998569,CCOc1ccc(N2CC(C(=O)Nc3ccc(S(=O)(=O)N4CCOCC4)cc3)CC2=O)cc1,0
117876237,COCC(=O)N1CCC(n2c(C)nc3cnc4cc(F)c(-c5ccc(Oc6nccc(C)n6)cc5Cl)cc4c32)CC1,1
651839,COc1ccc(OC)c(S(=O)(=O)Nc2ccc3oc4c(c3c2)C(=O)CCC4)c1,0
3238807,O=C1CCCC2=C1C(c1ccc(Br)cc1)c1c([nH]c(=S)[nH]c1=O)N2,0
10900,ClC=CCl,0
655449,COc1ccc(N2CCCCn3c2nc2c3c(=O)[nH]c(=O)n2C)cc1,0
2997654,O=C(Cc1cn2ccsc2n1)NCc1ccccc1,0
712660,N#Cc1c(N)sc(=S)c2c1CCCC2,0
686152,O=C(O)c1cc(-c2ccco2)nc2ccc(Br)cc12,0
2489851,O=c1c2ccccc2nc(SCc2nc3ccccc3s2)n1Cc1ccco1,0
2090020,O=C(Cc1c[nH]c2ccccc12)N1CCc2ccccc21,0
16759103,CCOC(=O)OCC1OC(c2ccccc2)C=CC1OC(=O)OCC,0
3243767,CCS(=O)(=O)N1CCCC(C(=O)NCc2ccccc2Cl)C1,0
646535,COc1cccc(C(=O)CSc2nnc(CNS(C)(=O)=O)n2-c2ccc(C)cc2)c1,0
3245977,Cc1ccc(CCNC(=O)CN2CCN(Cc3ccccc3F)C2=O)cc1,0
649467,CCCOc1ccc(N2CC(C(=O)Nc3ccccc3F)CC2=O)cc1,0
644479,O=C(CN(C(=O)c1cc2c(s1)CCC2)C1CCCC1)NCc1cccs1,0
818948,Cc1cc2c(cc1C)C(=O)NC(C)(C)C2,0
5307577,CSc1ccccc1NC(=O)c1onc(C)c1Cl,0
2999249,CCC(C)N(C(=O)COC(=O)c1cn(CC)c2nc(C)ccc2c1=O)C1CCS(=O)(=O)C1,0
655537,CCOC(=O)CCc1c(C)nc(SCCN2CCCC2)c(C#N)c1C,0
2952147,CCc1ccc2c(c1)C(NC(C)=O)C(=O)N2CC,0
667064,CCOC(=O)Cc1cc(=O)c2c(=O)n(-c3ccccc3)[nH]c2[nH]1,0
648042,Cc1ccc(NCc2nnc(SCC(=O)NCCc3ccccc3)n2C)cc1,0
2302000,CCn1cc(C(=O)NCCOC)c(=O)c2ccc(C)nc21,0
647573,CCOC(=O)CSc1nnc(CSc2nc(C)cc(C)n2)n1Cc1ccco1,0
3245347,CCCc1ccc(C(C)NC(=O)c2cnccn2)cc1,0
3233344,COCC(=O)N1CCC2(CC1)CCN(c1ccccc1)CC2,0
3243742,CCC(C)(C(=O)NC1CCCC1)N(CC1CCCO1)C(=O)c1ccc2c(c1)OCO2,0
408996,c1ccc(-c2ccc(-c3ccc(C4=NCCN4)cc3)o2)cc1,0
650772,CCOC(=O)c1c(C)n(C(=O)c2ccco2)c(=O)n1C(=O)c1ccco1,0
666074,O=c1c2ccccc2oc2nc(C3CCCCC3)n(Cc3ccco3)c(=O)c12,0
649439,Cc1cc(C)nc(N2CCCC(C(=O)NCCC3=CCCCC3)C2)n1,0
5459403,CCc1cccc2nc3c(c([Si](CC)(CC)CC)c12)Cn1c-3cccc1=O,0
266770,O=C1c2cccc([N+](=O)[O-])c2C(=O)N1c1ncn[nH]1,0
3239442,CCOC(=O)c1[nH]c(C)c(CN(CCc2ccccc2)C(=O)CCC(=O)O)c1C,0
564795,CCOC(=O)N(c1ccccc1)P1(=S)OCCO1,0
5389336,COCCOC(=O)/C=C1/NC(=O)CS1,0
662720,Cc1ccc(-c2n[nH]c(=O)c3ccccc23)cc1N,0
5771815,C[C@@]1(C(NC(=O)c2ccccc2)c2ccc(-c3ccccc3)cc2)C[C@H]1C1CCCCC1,0
65065,CC(=O)N[C@@H](CC(=O)O)C(=O)O,0
3163770,COC(=O)c1ccc(NC(=O)CCn2c(=O)oc3ccccc32)cc1,0
665989,COc1ccc(-n2c(Cc3cccs3)nnc2SCC(=O)Nc2ccc3c(c2)OCCO3)cc1,0
3243165,Cc1noc(C)c1S(=O)(=O)NCC(=O)O,0
1318332,O=C(O)CCc1ccc(-c2cccs2)n1NC(=O)c1ccc(Cl)cc1,0
2595094,O=C(CCSc1ccc(F)cc1)Nc1ccc(-n2cnnn2)cc1,0
655612,COc1ccccc1OP(C)(=O)Nc1ccc(C)c(C)c1,0
666207,Cn1c(=O)oc2cc(S(=O)(=O)Nc3ccc4c(c3)OCCO4)ccc21,0
3236000,COc1ccc(NC(=O)CN2CCN(CC(=O)Nc3ccccc3Cl)CC2)cc1,0
1043575,CCOC(=O)Cn1c(-c2nonc2NC(=O)c2ccccc2F)nc2ccccc21,0
3241727,Cc1ccc(CS(=O)(=O)CCC(=O)NCc2cccs2)cc1,0
2857420,Cc1ccc2occ(CN3CC4CC(C3)c3cccc(=O)n3C4)c(=O)c2c1,0
1316259,O=S(=O)(c1ccc(C2CCCCC2)cc1)N1CCN(c2ncccn2)CC1,0
2219849,COCCNC(=O)CCCCCN1C(=O)CCC1=O,0
133076,COc1cc(N)c(Cl)cc1C(=O)CCC1CCN(CCNS(C)(=O)=O)CC1,0
2787417,COC(=O)c1c(NC(=O)c2ccco2)sc2c1C(C(=O)OC)CC2,0
2943589,O=C1CC(N2CCCCCC2)C(=O)N1c1ccc2c(c1)OCO2,0
2956908,COC(=O)c1c(NC(=O)CC2NCCNC2=O)sc2c1CCCC2,0
5461760,C=C(CC1(C(C)NP(=O)(c2ccccc2)c2ccccc2)CC1)c1ccccc1,0
659233,CCOC(=O)c1[nH]c2ccc(Br)cc2c1NC(=O)CCN1CCCCC1,0
654281,Cc1occc1-c1nnc(SCC(=O)Nc2ccccc2)n1CCc1ccccc1,0
2091544,COc1ccccc1-n1cnnc1SCC(=O)Nc1cc(C(C)(C)C)nn1-c1ccccc1,0
3241149,Cc1ccc(CNC(=O)C2CCN(S(=O)(=O)c3c(C)noc3C)CC2)cc1,0
2357239,O=C(Cc1nc2ccccc2[nH]1)NCc1ccco1,0
121432312,COC(=O)NCc1nc(NC(=O)N[C@H](C)c2ccccc2)cc2cnn(-c3ccc(F)cc3)c12,1
3247115,COC(=O)[C@@]1(Cc2ccc(OC)cc2)[C@H]2c3cc(C(=O)N(C)C)n(Cc4nc5ccccc5[nH]4)c3C[C@H]2CN1C(=O)c1ccccc1,0
763759,c1ccc(Cn2nnnc2-c2ccco2)cc1,0
2195172,O=C(O)CCCC(=O)OCCCCc1cccs1,0
652225,COc1cc2c(cc1OC)C(c1cccc(OC)c1OC)CC(=O)N2,0
2362535,Cc1ccc(S(=O)(=O)N2CCOCC2)cc1C(=O)OCC(=O)N1CCc2ccccc2C1,0
1251127,COc1ccc(-c2nc(=S)c3c(n2CCN2CCOCC2)CC(C)(C)OC3)cc1,0
969879,Cn1nc(C(=O)N2CCOCC2)c2ccccc2c1=O,0
650336,CCOc1cc(S(=O)(=O)NCCc2ccccc2C)c(OCC)cc1-n1cnnn1,0
675152,O[C@H](COc1ccccc1)CN1CCCCC1,0
3236062,CC1Cc2nc(SCC(=O)NCC3CCCO3)n(Cc3ccccc3)c(=O)c2S1,0
16758714,CCOC(=O)CCN1C(=O)[C@H]2[C@H]3[C@H](O)[C@H](O)C/C(=N/NC(=O)OCc4ccc(OC)cc4)[C@@H]3CC[C@@H]2C1=O,0
762734,O=C(c1ccc(-c2ccccc2)cc1)N1CCCC1,0
439744,N[C@@H](Cc1ccc(O)c(I)c1)C(=O)O,0
76072170,COc1n[nH]c2c(F)c(NC(=O)N[C@H](C)c3ccccc3)ncc12,1
5308779,CC(=O)c1cccc(NC(=O)c2cc(C(C)C)on2)c1,0
54694096,Cc1nc2ccccc2c(=O)n1NC(=O)c1c(O)c2c(n(CC(C)C)c1=O)CCCC2,0
662121,CC(C)(C)Sc1nc(O)cc(=O)[nH]1,0
3247217,COC(=O)[C@@]1(Cc2ccccc2)[C@H]2c3cc(C(=O)N(C)C)n(Cc4ccc(S(C)(=O)=O)cc4)c3C[C@H]2CN1C(=O)c1ccccc1,0
3233019,CC(=O)N1CCC2(CC1)CN(C(=O)Nc1cccc(C#N)c1)C2,0
1315015,Cc1ccc(CN(c2ccc(C(=O)N3CCCC3)cc2)S(C)(=O)=O)cc1,0
2211973,c1cncc(-c2nnc(SCc3cccc4ccccc34)o2)c1,0
4518605,O=C1CCc2cc(S(=O)(=O)N3CCCC3C(=O)N3CCN(c4ccccc4F)CC3)ccc2N1,0
1050485,CC(=O)Nc1cccc(NC(=O)c2c(-c3c(Cl)cccc3Cl)noc2C)c1,0
655264,Cc1cnc(NC(=O)CSc2nnc(CNc3ccc(F)cc3)n2CC2CCCO2)s1,0
827422,COC(=O)[C@H](N)Cc1ccc(Cl)cc1,0
833835,Nc1nnnn1NCc1cccc(OCc2ccccc2)c1,0
645650,O=C(Nc1cccc(NC(=O)c2nccc3ccccc23)c1)c1ccco1,0
346046,COc1ccc(C(=O)Nc2cccc(C)c2)cc1,0
5307870,CN(CCNS(=O)(=O)c1ccc2c(c1)oc(=O)n2C)Cc1ccccc1,0
658599,COC(=O)CSc1nc(N)c(C#N)c(C(C)C)c1C#N,0
11972602,CCN1C[C@]2(C)CC[C@H](OC)[C@@]34[C@@H]2[C@H](OC(C)=O)[C@]2(OCO[C@@]25C[C@@H](OC)[C@@H]2C[C@@]3(O)[C@H]5[C@@H]2OC)[C@H]14,0
3000065,CC1(c2ccc3c(c2)OCO3)NC(=O)N(CC(=O)NCCC2=CCCCC2)C1=O,0
646268,Cc1nc2cc(N3CCCCC3)c(NC(=O)c3cccnc3)cc2c(=O)n1Cc1ccccc1,0
3240315,CCCC(=O)Nc1sc(C(=O)OC)c(C)c1C(N)=O,0
3234809,COc1ccc(Oc2ncc3nc(-c4ccc(Cl)cc4)c(=O)n(C4CC4)c3n2)cc1,0
2239943,CCCOc1ccc(CC(=O)NCc2ccco2)cc1OC,0
3236196,C=CC(O)(C#CCN(CC)CC)c1ccccc1,0
3235769,Cc1cc(NC(=O)c2cc(-c3ccco3)on2)n(-c2ccccc2)n1,0
2227058,CCOC(=O)C1CCN(C(=O)Nc2ccc(OC)c(OC)c2)CC1,0
2540975,COc1cc(OC)nc(NC(=O)COC(=O)C2CCCCC2)n1,0
1082995,CCOC(=O)COc1ccc(S(=O)(=O)NCc2cccnc2)cc1,0
649684,Cc1ccc(NC(=O)COS(=O)c2ccc(C)cc2)cc1,0
2999455,COc1ccc(CCn2c(C)cc(C(=O)CSc3nnnn3C)c2C)cc1,0
3241510,CN1CCN(CCCNC(=O)CCCOc2cc(=O)n(C)c3ccccc23)CC1,0
1256028,Cc1cc(C)n(-c2nnc3n2N=C(c2c[nH]c4ccccc24)CS3)n1,0
3234003,c1cncc(-c2cc(-n3ccnc3)ncn2)c1,0
3243090,COc1ccc(C2C(C(=O)Nc3cccc(C)n3)CCC(=O)N2c2ccc(OC)cc2)cc1,0
657914,CCOC(=O)C(NC(=O)Nc1ncccn1)(Oc1ccccc1)C(F)(F)F,0
659531,N#CCCN1CCn2c1nc1ccccc12,0
3243162,CCC(Sc1ncccc1C(=O)O)C(=O)N1CCOCC1,0
1080508,Cc1c(Cl)cccc1Nc1nc(N)nc(CSc2ncccn2)n1,0
886031,COc1cccc(/C=C2\N=C(SC)SC2=O)c1OC,0
2109026,Cc1ccc(S(=O)(=O)N2CCOCC2)cc1C(=O)Nc1c(C)n(C)n(-c2ccccc2)c1=O,0
2999132,CC(C)(C)c1cc(=O)n2c(C#N)c(C#N)nc2[nH]1,0
118365091,C[C@H](O)[C@@H](NC(=O)Nc1cc2[nH]nc(OCCOC(F)F)c2cn1)c1ccc(F)cc1,1
547914,COC(=O)c1sc(=S)sc1C(=O)OC,0
3243480,CC1CCCCC1NC(=O)CCn1c(=O)oc2ccccc21,0
1110941,O=C(c1cc2nc(-c3ccc(F)cc3)cc(C(F)(F)F)n2n1)N1CCOCC1,0
97248,CN(C)CCSS(=O)(=O)O,0
3243631,COc1cc2c(C(=O)NCc3ccc4c(c3)OCO4)cn(C)c(=O)c2cc1OC,0
2102842,Cc1cc(C(=O)CSc2nnc(-c3ccco3)o2)c(C)n1-c1ccc2c(c1)OCCO2,0
16758880,COc1cccc(C2NC(C(=O)O)CCC2C)c1,0
2606735,O=C(CSc1ccc2c(c1)OCCO2)NC(=O)NC1CCCC1,0
662560,Cc1cccc(NC(=O)CSc2nnc(CCCCCNC(=O)OC(C)(C)C)o2)c1C,0
3243593,Fc1ccc(N2CCN(c3nc(-c4ccco4)cc(C(F)(F)F)n3)CC2)cc1,0
644672,COc1ccc2[nH]c(=O)c(CN(CCCN(C)C)C(=O)Nc3ccccc3)cc2c1,0
2997816,COc1ccccc1CC1(C)NC(=O)N(CC(=O)N2CCc3ccccc3C2)C1=O,0
535662,O=C(CSCC(=O)N1CCOCC1)Nc1ccccc1,0
3243959,CC1CCc2c(C(=O)NCCN3CCOCC3)csc2C1,0
457288,c1ccc2c(CNn3cnnc3)cccc2c1,0
135449276,CCOC(=O)C1=C(O)CSC1=Nc1ccc(Cl)cc1,0
654833,O=C(CN(C1CC1)S(=O)(=O)c1ccc(S(=O)(=O)N2CCCCCC2)cc1)Nc1ccccc1,0
931001,COc1ccc2[nH]c3c(N4CCc5ccccc5C4)ncnc3c2c1,1
970755,Cn1nc(C(=O)N2CCCC2)c2ccccc2c1=O,0
658614,CCN(CC)c1ccc2c(c1)OC(N)=C(C#N)C2c1cccnc1,0
2326296,O=P(C1=C(N2CCOCC2)/C(=C\c2ccccc2)CC1)(N1CCOCC1)N1CCOCC1,0
5307394,O=C(NCc1cccc(F)c1)c1noc2c1CCCC2,0
3244832,Cn1c(C(=O)N2CCN(c3ccc(Cl)cc3)CC2)cc2c(=O)[nH]c3ccccc3c21,0
5461321,C[C@@]1([C@@H](NP(=O)(c2ccccc2)c2ccccc2)c2ccccc2)C[C@H]1CCO,0
652038,CS(=O)(=O)N(CC(=O)N1CCC(C(N)=O)CC1)C1CCCCC1,0
6603863,C[C@@H]1CNCCN1S(=O)(=O)c1cccc2cnccc12,0
644486,CCOc1ccc(-c2nnn(CC(=O)NCc3ccc(OC)cc3)n2)cc1OCC,0
3235589,O=C(CCCCn1c(=O)[nH]c2ccsc2c1=O)NCc1cccnc1,0
5389871,Cn1c(=O)c2c(nc(NCc3ccco3)n2C/C=C/c2ccccc2)n(C)c1=O,1
1158037,COc1ccc(S(=O)(=O)NCc2ccc3c(c2)OCO3)cc1C(=O)O,0
665954,COCCOC(=O)c1c(C)oc2ccc(OC(=O)c3ccc4c(c3)OCO4)cc12,0
2997551,Cn1c(SCc2nnc(-c3ccc(F)cc3)o2)nnc1C1COc2ccccc2O1,0
3236621,CCN(CC)CCCNC(=O)c1nn(-c2ccccc2OC)c(=O)c2ccccc12,0
659421,Cn1c(=O)c2c(nc(Br)n2CCCc2ccccc2)n(C)c1=O,0
16758455,CCN1C(=O)[C@H]2[C@H]3[C@H](O)[C@H](O)C/C(=N/OC)[C@@H]3CC[C@@H]2C1=O,0
76072292,CCOc1n[nH]c2cc(NC(=O)N[C@H](COC)c3ccccc3)ncc12,1
2212953,COC(=O)c1ccc(NC(=O)CN(C)S(=O)(=O)c2ccc(OC)c(C)c2)cc1,0
645214,Cc1cc(NC(=O)CCCC(=O)Nc2ccc(F)cc2)no1,0
2998570,CCc1nc2ccccc2c(C(=O)OC2CCOC2=O)c1C,0
417800,C[N+]1(CCC(=O)c2ccco2)CC2CCC(CC2)C1,0
3235129,COCC(=O)N1CCC2(CC1)CN(C(=O)Nc1ccc(OC)cc1)C2,0
2905937,Cc1cc(N2C(=O)C3C4c5ccccc5C(c5ccccc54)C3C2=O)no1,0
889170,CN1CCN(C(=O)c2sc(=S)n(-c3ccccc3)c2N)CC1,0
3233151,COc1ccccc1-c1nccc(NCc2cccc(C)c2)n1,0
666711,CCC(=O)Oc1ccc(-c2nc(-c3cccnc3)no2)cc1,0
3242191,CCN(CCNC(=O)C1CCN(S(=O)(=O)CC)CC1)c1ccccc1,0
795328,Cc1ccc(OCC(=O)N2CCCCC2)c(Br)c1,0
3156778,COc1cc(OC)cc(OCC(O)Cn2cnc3cc(C)c(C)cc32)c1,0
135415526,Cc1csc(C2=C(O)CN(CCc3ccccc3)C2=N)n1,0
2881045,COc1ccc(C(=O)NCC2OCCc3ccccc32)c(O)c1,0
3241701,O=C(NCC1COc2ccccc2O1)c1ccc(NC(=O)C2CCCO2)cc1,0
2162823,CCCCc1ccc(NS(=O)(=O)N(C)C)cc1,0
2201239,Cc1nnc(NC(=O)C2(c3ccccc3)CCOCC2)s1,0
646992,CC(C)(C)NC(=O)C(c1ccccc1)N(C(=O)c1csnn1)C1CC1,0
664958,CCOc1nc(C)ccc1-c1noc(-c2ccccn2)n1,0
752651,C=CCn1c(N)c(C(=O)NC2CCCCC2)sc1=S,0
7321,Nc1ccc([N+](=O)[O-])cc1[N+](=O)[O-],0
665425,Cc1cc(NCCCn2ccnc2)n2ncc(-c3ccccc3)c2n1,0
5308571,Cn1c(Cn2c(=O)sc3ccccc32)nnc1SCc1cccc(F)c1,0
2220155,Nc1nnc(SCCN2C(=O)c3ccccc3S2(=O)=O)s1,0
2884971,COc1ccc(OCC(O)CN2C(=O)c3ccccc3S2(=O)=O)cc1,0
1407194,Cc1noc(NS(=O)(=O)c2ccc(NC(=O)c3ccc(Br)o3)cc2)c1C,0
2827171,CC(SCCc1ccccn1)C(=O)O,0
5310794,CCC1Oc2nc(SC)nnc2-c2ccccc2N1C(=O)c1ccccc1,0
2999421,CC1CCCCC12NC(=O)N(CC(=O)c1ccc[nH]1)C2=O,0
688591,CC(C)(C)NC[C@H](O)c1ccccc1Cl,0
648344,CCc1cccc(C)c1NC(=O)CSc1nc2ccccc2n1CC(=O)N(C)C,0
637892,C/C(Cl)=C/CCl,0
118046445,Nc1ncc([C@H]2CC[C@H](O)C2)nc1-c1ccc(C(=O)N[C@H](CO)c2cc(F)cc(I)c2)c(F)c1,1
1811207,COc1ccc(S(=O)(=O)NCCOc2ccccc2)cc1OC,0
2214667,CCCCOc1ccc(Cl)cc1CSc1nncn1N,0
977429,Cc1c(F)cccc1NC(=O)CCC(=O)O,0
665368,COc1ccc2[nH]c(=O)c(CN(C(=O)COc3ccccc3)C(C)C)cc2c1,0
2971209,CC1Cc2ccccc2N1C(=O)Cc1cccs1,0
712750,Cc1cc(C)c2c(=O)n(-c3ccccc3)[nH]c2n1,0
3232816,COc1ccccc1CN1CC[C@@]2(CCCN(S(C)(=O)=O)C2)C1,0
652984,O=C(NC1CCCC1)C(c1ccc(O)cc1)N(CC1CCCO1)C(=O)C1COc2ccccc2O1,0
666043,COC(=O)C1=C(N)Oc2cc(C)n(Cc3ccncc3)c(=O)c2C1c1cccnc1,0
16757682,CC(=O)OCC(=O)[C@@]12OC(C)(C)OC1CC1C3CC(F)C4=CC(=O)C=C[C@@]4(C)[C@@]3(F)C(O)C[C@]12C,0
576494,CC1C(c2ccccc2)N(C)CCC12NC(=O)NC2=O,0
3235944,O=C(NCC(=O)N1CCCC1)c1cccs1,0
2241020,O=C(Nc1c(F)cc(F)cc1Br)c1cc2nc(C(F)F)cc(C(F)F)n2n1,0
666689,CCN1CCN(c2nc3c(c(=O)n(C)c(=O)n3C)n2CCSc2nccc(C)n2)CC1,0
2240918,COc1ccc(CC(=O)NCc2nnc(SCCOc3ccccc3)n2C)cc1,0
3235957,COC(=O)Cn1c(=NC(=O)CSCC(=O)NC2CCCCC2)sc2cc(OC)ccc21,0
3242178,C=CCOC(=O)C1=C(C)OC(N)=C(C(=O)OCC)C12C(=O)N(CC(N)=O)c1ccccc12,0
3244592,CCC(=O)N1CCc2cc(S(=O)(=O)NCCCN3CCN(Cc4ccccc4)CC3)ccc21,0
2386422,c1ccc(Cn2c(SCc3nc4ccccc4s3)nnc2-c2ccco2)cc1,0
15630,COc1ccc2nc(N)sc2c1,0
3247099,COC(=O)[C@@]1(Cc2ccc(OC)cc2)[C@H]2c3cc(C(=O)N4CCCC4)n(CCc4ccc(O)c(OC)c4)c3C[C@H]2CN1C(=O)c1ccccc1,0
3235611,O=C(CCN1C(=O)c2ccccc2C1=O)NCCC1=CCCCC1,0
575165,CCOC(=O)Cc1nnn(CC(=O)OCC)n1,0
649535,Cc1ccc2[nH]c(=O)c(CN(CC3CCCO3)C(=O)c3ccco3)cc2c1,0
2668331,COc1cc(C(=O)Oc2ccccc2)ccc1OCc1c(C)noc1C,0
135482450,CCOC(=O)C1=C(C)Nc2nc(SCC)[nH]c(=O)c2C1c1ccncc1,0
5309268,CCOc1ccc(-c2cc(CCCC(=O)NCc3ccco3)no2)cc1,0
1034468,O=C(Nc1nc2ccccc2n1Cc1ccc(Cl)cc1)c1ccco1,0
9595218,C[C@]12CC[C@H]3c4ccc(O)cc4CC[C@@H]3[C@H]1C/C(=N/O)[C@H]2O,0
665534,CCN(CC)C(=O)CSc1nc2ncc(Cl)cc2[nH]1,0
1072843,COC(=O)c1ccccc1NC(=O)C1CCN(C(=O)c2cc(OC)cc(OC)c2)CC1,0
652539,COc1cccc(C(=O)Nc2ccc(NC(=O)C(C)C)nc2)c1,0
646943,CC(C)N1C(=O)C2C(C(=O)NCc3ccccc3)C3C=CC2(O3)C1C(=O)NC(C)(C)C,0
652185,CCn1nnnc1SCC(=O)N1c2ccccc2CCc2ccccc21,0
5771529,O=C(O)/C=C\c1cccc([Sb](=O)(O)O)c1,0
659849,Cc1cc(N2CCCCCC2)nc(-c2ccccc2O)n1,0
2228738,CC(C)(C)SCCNC(=O)c1ccc(NS(C)(=O)=O)cc1,0
251549,O=C1C2C3C=CC(C3)C2C(=O)N1c1nccs1,0
893954,COc1ccc2nc(-n3c(C)ccc3C)sc2c1,0
2312128,C=C(C)c1cccc(C(C)(C)NC(=O)Nn2cnnc2)c1,0
3239583,O=C(CCn1c(=O)oc2ccccc21)N(Cc1ccccc1)c1ccccn1,0
5037,Cc1c(NC(C)C)c(=O)n(-c2ccccc2)n1C,0
715260,CCOc1cc(C#N)c(NC(=O)c2cccnc2)cc1OCC,0
3240351,Cn1cc(CN2CCc3ccccc3C2)c2ccccc21,0
1013698,CCn1ncc(C(=O)Nc2ccc(S(=O)(=O)N3CCCC3)cc2)c1C,0
687025,Cc1ccc(CCNc2ccccc2)c[n+]1[O-],0
16758540,CC(C)C(=O)N[C@@H]1CCCN1C(=O)/C=C\c1ccccc1,0
655483,Cc1ccc(S(=O)(=O)Nc2nc3ccc(S(C)(=O)=O)cc3s2)cc1,0
662598,COCCNC(=O)c1cc2c(=O)n3cccc(C)c3nc2n(Cc2ccncc2)c1=N,0
653026,O=C(CC(=O)NCc1cccnc1)NCc1cccnc1,0
3233465,O=C(Nc1cccc(F)c1)N1CC2(CCN(C(=O)c3cccc(F)c3)CC2)C1,0
3233094,c1ccc(CNc2ccnc(-c3ccoc3)n2)cc1,0
6397,C[Si](C)(C)Cl,0
2104995,O=C1CN(C(=O)COC(=O)Cc2ccsc2)c2ccccc2N1,0
3241883,O=c1cc(NCC2CCCO2)[nH]c(=O)n1-c1ccc(Cl)cc1,0
707165,O=C(NC1CCCCC1)N1CCc2ccccc21,0
3246302,NCCNC(=S)S,0
665209,COC(=O)c1[nH]c2cc(OC)ccc2c1NC(=O)CCN1CCCCC1,0
647038,CCOC(=O)NC1CCS(=O)(=O)C1,0
5771634,CO[C@@H]1/C=C\O[C@]2(C)Oc3c(C)c(O)c4c(O)c(c(CN(C)C)c(O)c4c3C2=O)NC(=O)/C(C)=C\C=C[C@@H](C)[C@@H](O)[C@H](C)[C@@H](O)[C@H](C)[C@H](OC(C)=O)[C@@H]1C,0
3237550,O=C1c2cccnc2C(O)N1Cc1ccc(F)cc1,0
5402604,CN/S(=N/S(=O)(=O)c1ccccc1)c1ccc(C)cc1,0
16758363,COc1ccc(O[C@H]2C=C[C@@H](c3ccccc3)O[C@H]2COC(=O)N2CCCCC2)cc1,0
767898,CCN(CC)S(=O)(=O)c1cc(C(=O)O)ccc1Cl,0
2842706,COc1cc(C)c(CN2CCCCC2CO)cc1C,0
665742,CCOC(=O)CNC(=O)CSc1ncnc2c1cnn2Cc1ccccc1,0
121416757,Cc1cc(-n2ncc3cc(NC(=O)N[C@@H]4CCN(c5ccc(F)cc5)C4)ncc32)ccn1,1
2999361,CN(C(=O)COC(=O)C1c2ccccc2Oc2ccccc21)C1CCS(=O)(=O)C1,0
646245,COC(=O)c1ccc(NC(=O)C2CCN(S(C)(=O)=O)CC2)cc1,0
16758757,CCOC(=O)N/N=C1/C[C@@H](O)[C@@H](O)[C@@H]2[C@@H]3C(=O)N(CC)C(=O)[C@H]3CC[C@@H]12,0
704289,CCOC(=O)CSc1nc2sc(C)c(C)c2c(=O)n1C,0
83871,COC(=O)CCCC[C@@H]1SC[C@@H]2NC(=O)N[C@@H]21,0
2918953,CC(NC(=O)C1CCC1)c1ccccc1,0
653439,Cc1csc(NC(=O)CSc2nnc3ncccn23)n1,0
3232966,CN(C)Cc1ccccc1-c1nc(N2CCOCC2)c2ccccc2n1,0
5123397,CN(C)C(=O)N1CCC(C(=O)NCc2ccc(F)cc2)CC1,0
2576539,CCn1c(SCc2nc3ccccc3nc2C)nnc1-c1cccs1,0
3243421,COCCN1Cc2cccc(C(=O)Nc3cccc(C)c3C)c2C1=O,0
3243194,O=C(CNS(=O)(=O)c1cccs1)N1CCCC1,0
2979873,CCOC(=O)N1CCN(C2CC(=O)N(c3ccc(C)cc3)C2=O)CC1,0
652154,CC1(C)NC(=O)N(CC(O)CN2C(=O)CCC2=O)C1=O,0
16758604,O=C1[C@H]2[C@H]3[C@H](O)[C@H](O)C/C(=N/OC[C@@H](O)COCc4ccco4)[C@@H]3CC[C@@H]2C(=O)N1Cc1ccccc1,0
2549560,Cc1ccc(-n2c(SCc3cc(=O)n4ccsc4n3)nnc2-c2cccnc2)c(C)c1,0
71555392,CCCc1[nH]nc2cc(NC(=O)N[C@H](C)c3ccccc3)ncc12,1
787678,CCOC(=O)c1ccc(NCn2c(=O)oc3ccccc32)cc1,0
763095,O=C(COc1ccc(Cl)cc1Cl)N1CCCCCC1,0
89966,Nc1nsc2ccccc12,0
3239501,COc1ccc(N2CCN(Cc3nc4c(c(=O)[nH]c(=O)n4C)n3CCCc3ccccc3)CC2)cc1,0
892462,COc1ccc(-c2nc(C#N)c(NCCN(C)C)o2)cc1,0
658737,Cc1ccc2[nH]c(-c3cccc(N)c3)cc2c1,0
2999438,CCN(C(=O)COC(=O)C(Cc1ccccc1)N1C(=O)c2ccccc2C1=O)C1CCS(=O)(=O)C1,0
658494,Cc1ccc(S(=O)(=O)NCCCC(=O)C=[N+]=[N-])cc1,0
657489,OCCOCCn1c2ccccc2c2ccccc21,0
1090611,CN(c1ccc(C(=O)NCc2ccc3c(c2)OCO3)cc1)S(C)(=O)=O,0
2133145,CCOC(=O)NC(NC(=O)OCC)C(=O)c1ccccc1,0
3584988,COc1ccc(C(C)C(=O)c2ccc(O)cc2O)cc1,0
3242245,COc1ccc(C(=O)NCc2nnc(SCC(=O)N3CCCCC3)o2)cc1OC,0
5742458,C/C(N)=C(/C#N)C(=O)COC(=O)c1cc(S(=O)(=O)N2CCCCC2)ccc1C,0
5459621,COC(=O)CCCCCN1C(=O)NC(c2ccc(-c3ccccc3)cc2)C(C(=O)OCc2ccccc2)=C1C,0
409301,C[Hg]Cl,0
3241327,COc1ccccc1CNC(=O)C(CCSC)NS(=O)(=O)c1ccc2c(c1)oc(=O)n2C,0
2997744,O=C1NC(c2ccccc2)(C(F)(F)F)SC2=CCCCCN12,0
664242,COCCCn1c(-c2ccc(OC)cc2)nc2nc3ccccc3nc21,0
653185,CCCCN1CCC(C#N)(Nc2ccccc2)CC1,0
16758188,C[C@@H]1OC(OC2C(OC3CC[C@@]4(C)C5CC=C6C7CC(C)(C)CC[C@@]7(C(=O)O)CCC6(C)C5(C)CCC4[C@]3(C)CO)OCC(O)C2O)C(O)C(O)C1O,1
665703,CCOc1ccccc1C(=O)N(Cc1cccs1)C1CCS(=O)(=O)C1,0
655193,COc1ccc(N(CC(=O)NC2CCCC2)C(=O)Cn2nnc(-c3ccc(C)cc3)n2)cc1OC,0
2999303,Cc1ccccc1SCC(=O)NC1CCOC1=O,0
664397,COc1cccc(C(=O)N(Cc2cc3cc(C)ccc3[nH]c2=O)C(C)C)c1,0
3237215,CCCN(CCC)S(=O)(=O)c1cc(Br)cc2c1N(C(=O)CC)CC2,0
650121,O=C(Cc1ccc(-n2cnnn2)cc1)NC12CC3CC(CC(C3)C1)C2,0
3234370,O=C(Nc1cccc(F)c1)N1CC[C@@]2(CCCN(S(=O)(=O)c3ccccc3)C2)C1,0
653328,O=C(CNC1CCCCCC1)Nc1ccc(S(=O)(=O)NC2CC2)cc1,0
2092218,Cc1ccc(S(=O)(=O)N2CCN(C(=O)COC(=O)c3cc(C)oc3C)CC2)cc1,0
3244787,COc1cc2[nH]c(=O)n(CCC(=O)NCc3cccnc3)c(=O)c2cc1OC,0
3243052,COc1ccc(-c2noc(CCC(=O)NCCCN3CCC(Cc4ccccc4)CC3)n2)cc1,0
3162370,COc1ccc(C2CC(=O)NC3=C2C(=O)CCC3)cc1Cl,0
663042,CCCCCn1c(N2CCN(c3cccc(Cl)c3)CC2)nc2c1c(=O)[nH]c(=O)n2C,0
655155,CCC(=O)N1CCN(CCN=Cc2c(O)n(C)c(=O)n(C)c2=O)CC1,0
647539,CC(C)C(c1nnnn1C1CCCC1)N1CCN(c2ccccc2F)CC1,0
3238552,O=C(O)c1cccc(N2C(=O)CSC2c2c(F)cccc2Cl)c1,0
5308475,O=C(NCc1ccccn1)c1cc2ccccn2n1,0
3240810,CCOc1ccc(NC(=O)c2cccnc2C(=O)O)cc1,0
651856,O=C(Cn1c(C2CC2)nc2ccccc2c1=O)Nc1ccc(Br)cc1,0
2997750,CCNC(=O)CSc1nc2ccccc2c(=O)n1CCCOC(C)C,0
3237052,COc1cccc(C2=NOC(C(=O)NCc3ccc(F)cc3)C2)c1,0
934679,O=C(CSc1ccccn1)Nc1ccc(Br)cn1,0
650566,O=C(CSc1nc(-c2cccs2)cc(C(F)(F)F)n1)NCCCn1ccnc1,0
135449259,CC1(C)CC(=O)C(C=Nc2ccc3c(c2)OCO3)=C(O)C1,0
11948992,CCC1=C(OC(=O)N(CC)CC)N2C(=O)OC(=NCC3CC3)[C@]2(C)[C@H]2C1=CC[C@H]1C(=O)NC(=O)[C@H]12,0
5309970,Cn1c(C(=O)Nc2ccc3c(c2)OCCO3)cc2c(=O)n(C)c3ccccc3c21,0
3243657,CCOC(=O)N1CCC(NC(=O)C(C)n2c3ccccc3c3cnn(C)c(=O)c32)CC1,0
652270,Cc1ccc(NC2=NCC(=O)N2c2ccc3c(c2)OCCO3)c(C)c1,0
2878100,COCC(C)NC(=O)c1cccc(Cl)c1,0
1094006,Cc1ccc(-c2cc(C(F)F)n3ncc(C(=O)N4CCN(c5ccccn5)CC4)c3n2)cc1,0
3236482,CCOC(=O)c1csc(Nc2nc3ccc(F)cc3s2)n1,0
2951438,COc1cccc(N2CCN(C3CC(=O)N(c4ccc(F)c(Cl)c4)C3=O)CC2)c1,0
657474,COC(=O)[C@@H]1C2CCC(C(=O)Nc3ccccc3)(CC2)[C@@H]1C(=O)OC,0
89536003,Cc1cc(-c2n[nH]c3cc(NC(=O)NC(CO)C(F)(F)F)ncc23)ccn1,1
1321784,CS(=O)(=O)N(CC(=O)N1CCCC1)c1cccc(Cl)c1Cl,0
3244344,CC(=O)c1c(C)[nH]c(C(=O)Nc2ccc(C)cn2)c1C,0
6636553,C[C@@H]1C=CCC(=O)OC[C@H](C)C(=O)OC[C@H]2O[C@H]1C=C[C@H]2O,0
3245005,O=C1c2cccnc2C(O)N1Cc1cccs1,0
713735,COc1ccccc1/C=c1\sc2nc(-c3ccncc3)nn2c1=O,0
650762,Cc1ccc(NCc2nnc(SCC(=O)N3CCCCC3)n2CC2CCCO2)c(C)c1,0
1082596,CS(=O)(=O)N1CCC(C(=O)Nc2ccc(Cl)c(C(F)(F)F)c2)CC1,0
647942,Cc1c(C(=O)Nc2cccc3cccnc23)oc2ccccc12,0
741280,N#Cc1c(N)c(C(=O)c2ccccc2)n2c1CCC2,0
2998872,O=C(c1ccco1)N1CCN(CC(=O)N(C2CCCCC2)C2CCS(=O)(=O)C2)CC1,0
2125846,O=C(CN1CC=C(c2ccccc2)CC1)NC(=O)NCc1ccco1,0
807848,CC(C)c1nc(N2CCOCC2)c(C#N)c2c1CCCC2,0
2909894,Cc1ccc(C2C(C(=O)c3cccs3)=C(O)C(=O)N2CCN2CCOCC2)o1,0
646889,COc1ccccc1NC(=O)N1CCN(c2cc(-c3ccccc3)nc3ncnn23)CC1,0
3234948,COc1ccccc1CN1CCCC2(CCN(C(C)=O)CC2)C1,0
653975,Cc1cc(NCCCN2CCOCC2)n2c(nc3ccccc32)c1C#N,0
2974906,CCOc1ccc(NC(=O)C(C)O)c(NS(=O)(=O)c2ccc(CCNC(C)=O)cc2)c1,0
6294,Clc1ccc(C(c2ccc(Cl)cc2)C(Cl)Cl)cc1,0
3235571,CN(C)c1ncc2nc(-c3ccc(F)cc3)c(=O)n(CCC#N)c2n1,0
714029,N#Cc1nc(COc2cccc(Cl)c2)oc1N1CCCC1,0
646482,O=C(Nc1ccc2c(c1)OCCO2)c1ccc(CN2CCOCC2)cc1,0
3246193,S=c1c2[nH]cnc2ncn1CCSc1ncnc2nc[nH]c12,0
1252359,CS(=O)(=O)N(CC(=O)Nc1ccccc1C(=O)N1CCOCC1)c1ccc2c(c1)OCO2,0
644800,CC(=O)Nc1ccc(S(=O)(=O)N2CCC(NC(=O)C(Cc3cccn3C)NC(C)=O)CC2)cc1,0
659938,COc1ccc(C(=O)CSc2nn3c(=O)c(C(C)(C)C)nnc3s2)cc1,0
97226,CC[C@@]1(O)C(=O)OCc2c1cc1n(c2=O)Cc2cc3cc(O)ccc3nc2-1,0
16759000,COC(=O)NC(CC(C)=O)c1ccc(Cl)cc1,0
5307246,CCOC(=O)N1CCC(Nc2ccc3nnc(-c4ccccc4)n3n2)CC1,0
10867,c1ccc(CSCc2ccccc2)cc1,0
3236861,Cc1cccc(-n2ccnc2SCC(=O)Nc2cc(C)on2)c1,0
3245717,COc1cccc(C(CC(=O)NCc2ccco2)NS(=O)(=O)c2ccc(C)cc2)c1OC,0
2219625,O=C(Cn1c(=O)n(Cc2ccco2)c(=O)c2c3c(sc21)CCCC3)Nc1ccccc1,0
3239354,CCCCCn1c(=O)[nH]c2cc(C(=O)NCCN(CC)CC)ccc2c1=O,0
2158895,O=C(Nc1nnc(-c2ccccc2Cl)o1)c1ccc(S(=O)(=O)N2CCCCCC2)cc1,0
647860,CCOCCOCN(C#N)c1nc(OC)nc(N(C)C)n1,0
2126963,CCOc1ccc(S(=O)(=O)N(C)c2ccc(OCC(=O)OCc3c(C)noc3C)cc2)cc1,0
3236755,COc1ccc(C(=O)NCCn2ccc3ccccc32)cc1,0
3243798,CCN(Cc1ccccc1)S(=O)(=O)c1ccc2oc(C(=O)O)c(C)c2c1,0
3235720,CC(=O)N1CCc2cc(S(=O)(=O)CCC(=O)Nc3ccc4c(c3)OCCO4)ccc21,0
3243315,CCCN(CCC)CCNS(=O)(=O)c1ccc2c(c1)oc(=O)n2C,0
1262329,O=C(Nc1ccccc1)c1ccc(S(=O)(=O)N(CCO)CCO)cc1,0
3242367,CCOC(=O)C(CC)n1cnc2c(oc3ccccc32)c1=O,0
651556,O=C(CN1C(=O)C2CCc3[nH]c4ccccc4c3C2C1=O)N1CCCC1,0
2386361,CCOc1ncccc1C(=O)OCC(=O)Nc1ncc(C(F)(F)F)cc1Cl,0
3133108,COC(=O)c1ccc(OCC(O)CN(CC(C)C)CC(C)C)cc1,0
3236207,CC1CC(C)CN(CCCNC(=O)CNC(=O)Cn2ccc3ccccc3c2=O)C1,0
2200072,Cc1ccc2nc(-c3cccc(NC(=O)c4ccco4)c3)[nH]c2c1,0
905708,Cc1ccc(-c2oc3ncnc(N)c3c2-c2ccc(C)cc2)cc1,0
2316278,CCN(CC)P1(=O)OC(c2cc(OC)c(OC)c(OC)c2)=Nc2c1c(C)nn2-c1ccccc1,0
3238449,CCC(=O)Nc1c2c(nn1-c1ccccc1C)CSC2,0
661875,Cc1cc2c(c(=O)n1Cc1cccnc1)C(Cc1ccccc1)C(C#N)=C(N)O2,0
3234848,O=C(c1ccncc1)N1CCC2(CC1)CN(c1ncccn1)C2,0
656143,COc1ccccc1C(=O)Nc1nnn(C)n1,0
662096,Cc1cccc(C)c1N1C(=O)CC(N(O)c2ccccc2)C1=O,0
2951844,O=C(c1ccco1)N1CCN(c2ncnc3c2oc2ccccc23)CC1,0
3245956,COc1ccc(-c2noc(CCC(=O)NCc3cc(Br)ccc3OC)n2)cc1,0
3147955,CCC1CCCCN1C(=O)CSc1nnc(-c2ccc(Cl)cc2)o1,0
5308565,Cc1noc(C)c1S(=O)(=O)N(CC(=O)N1CCCCCC1)c1ccc(C(C)C)cc1,0
3432298,CC1(C(=O)NCc2cccnc2)CCC(=O)N1CCc1ccccc1,0
3234262,COc1ccccc1-c1nc(NCCc2cnc[nH]2)c2ccccc2n1,0
5307393,O=C1c2ccccc2C(O)N1c1cccnc1,0
778690,CC(=O)Nc1ccc(-c2cc(NC(C)=O)n(-c3ccccc3)n2)cc1,0
3240645,CCOC(=O)N1CCC(NC(=O)C(NC(=O)C2CCCCC2)C(C)C)CC1,0
783981,Cc1nn(-c2ccccc2)c(C)c1CCC(=O)O,0
65188,CC1(C)C=Cc2cc3ccc(=O)oc3cc2O1,0
3245778,CCOC(=O)N1CCN(C(=O)c2ccc3c(=O)n(CCc4ccccc4)c(=S)[nH]c3c2)CC1,0
667181,O=S(=O)(Nc1ccc2c(c1)nc1n2CCOC1)c1ccccc1,0
656115,COc1ccccc1NC(=O)C1CCN(c2ncccn2)CC1,0
71529080,Cn1cc([C@@H](NC(=O)c2ccc3cnc(N[C@H]4CCO[C@H](CO)C4)nc3c2)c2ccc(Cl)c(F)c2)cn1,1
663101,CN(C)c1ccc(CN(C(=O)COc2ccccc2)C2CCS(=O)(=O)C2)cc1,0
1528124,O=C(Nc1ccc2c(c1)OCO2)c1cccc(S(=O)(=O)N2CCCC2)c1,1
135415463,CCN(CC(=O)NC(=O)NCc1ccco1)Cc1nc2ccccc2c(=O)[nH]1,0
669410,O=C(c1ccco1)N1CCN(c2cccc(Cl)c2)CC1,0
2225369,O=C(Nc1sc2c(c1C(=O)NC1CC1)CCCCCC2)c1ccco1,0
2405292,Cc1noc(C)c1CSc1nnc(-c2ccco2)o1,0
2998598,CCN=C1SC(CC(=O)Nc2ccc(C)cc2)C(=O)N1CC,0
5309947,Cn1c(C(=O)N2CCCC2)cc2c(=O)n(C)c3ccccc3c21,0
648793,COC(=O)c1ccccc1NC(=O)CSc1nc(-c2ccco2)cc(C(F)(F)F)n1,0
1306035,COc1ccccc1OCC(=O)Nc1oc(-c2ccccc2)c(-c2ccccc2)c1C#N,0
43544,O=C(O)C1(Nc2ccccc2)CCN(Cc2ccccc2)CC1,0
2426621,C=CCN(C(=O)CN1CCOCC1)c1nc(C)c(-c2ccccc2)s1,0
2979011,Cc1cc(C(=O)N2CCC(C(F)(F)F)n3nccc32)on1,0
2998215,N#CC(C(=O)CCN1C(=O)C2CC=CCC2C1=O)c1nc2ccccc2[nH]1,0
1965826,O=C(O)CCCCCNS(=O)(=O)c1ccc(Cl)cc1,0
2997968,COc1ccc(C)cc1-n1nnnc1SCC1CCCCO1,0
443372,CC(C)NC[C@H](O)c1ccc(O)c(O)c1,0
645535,CCC(C)(C)n1nnnc1C(c1ccc2ncccc2c1)N1CCN(Cc2ccc3c(c2)OCO3)CC1,0
2998614,Cc1ccc(S(=O)(=O)N2CCCCC2C(=O)NCc2ccco2)cc1,0
3240029,O=C(NCC1CCCO1)C1c2ccccc2C(=O)N1C1CCCCCC1,0
16758495,CCc1cc2c(nc1CC)CCN(CC/C(C)=N/O[C@@H](C)c1cn([C@@H]3COC[C@@H]3O)nn1)C2,0
2560737,O=C(COc1cnc2ccccc2n1)NCCC1=CCCCC1,0
3243007,COc1cc(C2c3sc(=O)[nH]c3SC3C4CCC(C4)C23)ccc1O,0
2168233,Cc1ccc(NC(=O)CC(O)(C(F)(F)F)C(F)(F)F)c(Br)c1,0
2100863,c1ccc(Oc2cccc(NC3=NCCC3)c2)cc1,0
3240736,CCC1CCCCN1S(=O)(=O)c1ccc(C(=O)Nc2nnc(-c3ccccc3Cl)o2)cc1,0
665036,COc1cc(OC)c(N2CC34C=CC(O3)C(C(=O)O)C4C2=O)cc1Cl,0
2982778,O=C1CC(c2ccncc2)c2cc3c(cc2N1)OCO3,0
666360,Cc1nc(N2CCN(Cc3ccc4c(c3)OCO4)CC2)nc2c1C(=O)CC(c1ccco1)C2,0
2930113,CCc1cc2c(NC(C(=O)O)C(C)C)ncnc2s1,0
121418016,Cc1cc(-n2ncc3c(F)c(NC(=O)N[C@H](C)c4ccccc4)ncc32)ccn1,1
3246287,CC1(C)S[C@@H]2[C@H](C(=O)O)N=C(Cc3ccccc3)N2[C@H]1C(=O)O,0
3240608,COc1cccc(-n2ccnc2SCC(=O)N2CCc3ccccc32)c1,0
1193009,CCOc1ccc(OCC(=O)Nc2ccc(S(=O)(=O)Nc3cc(C)nc(C)n3)cc2)cc1,0
3242105,O=C(NCC1CCCO1)C1C2C=CC3(CN(Cc4cccs4)C(=O)C13)O2,0
3244939,CCOC(=O)N1CCC(=C(C#N)C(=O)Nc2cc(OC)ccc2OC)CC1,0
2314340,COc1ccc2c(c1)-c1ccccc1S(=O)(=O)N2C(C)=O,0
5771628,O=C(O)C[C@H](Cc1ccc2c(c1)OCO2)C(=O)O,0
16758597,COc1ccc(COC(=O)N/N=C2/C[C@@H](O)[C@@H](O)[C@@H]3[C@H]4C(=O)N(c5ccc(F)cc5F)C(=O)[C@@H]4CC[C@H]23)cc1,0
2212572,Nc1ccc(C(=O)c2ccccc2C(=O)O)cc1Cl,0
441140,COC1=CC(=O)C[C@@H](C)[C@]12Oc1c(Cl)c(OC)cc(OC)c1C2=O,0
145995659,COc1ccc(C[C@H]2CC(=O)N(C)c3cc(-c4ccnc(Nc5ccnn5C)c4)cc4nnc2n34)cc1,1
2998341,O=C(c1nn(Cc2ccccc2)c(=O)c2ccccc12)N1CCN(c2ccccn2)CC1,0
3246005,O=C1O[C@@H]([C@H](O)[C@H](O)[C@H](O)CO)[C@@H](O)[C@@H]1O,0
3241652,Cc1ccc2c(c1)N(CCC(=O)NCC1COc3ccccc3O1)C(=O)CO2,0
3233083,O=C(Nc1cccc(F)c1)N1CCCC2(CCN(C(=O)c3cnccn3)CC2)C1,0
862103,O=C(Nc1ccccc1Oc1ccccc1)c1cnccn1,0
3232627,O=c1c(-c2cccs2)nc2cncnc2n1-c1ccccc1,0
5307203,COc1ccc(N2CCN(CCCNC(=O)CC3Oc4ccc(C)cc4NC3=O)CC2)cc1,0
3235027,O=c1c(-c2cc(F)cc(F)c2)nc2cnc(N3CCOCC3)nc2n1-c1ccccc1,0
646642,Cc1cccc(OCc2nnc(SCC(=O)Nc3cc(C)on3)n2C)c1,0
22710,O=Cc1ccc(Cl)c(Cl)c1,0
660656,CSc1nc2oc3c(c2c2nncn12)CC(C)(C)SC3,0
2999800,CCN(CC)S(=O)(=O)c1ccc2oc(SCC3CN=C(c4ccc(OC)cc4)S3)nc2c1,0
5060860,CC1CC1C(=O)OCC(=O)Nc1ccc(N=Nc2ccccc2)cc1,1
3238679,CCC(=O)N1CCCc2cc(S(=O)(=O)N3CCC(N4CCCCC4)CC3)ccc21,0
1549098,N[C@@H](CS(=O)O)C(=O)O,0
935141,COC(=O)Cc1c(C)nc2nc(Cc3ccccc3)[nH]n2c1=O,0
677167,CN(C)c1cc(-c2ccccc2)nc(N)n1,0
5307742,O=C(NCc1ccco1)c1nnc(Cc2ccc(F)cc2)o1,0
3245764,Cc1noc(C)c1S(=O)(=O)N1CCC(C(=O)NCCC2=CCCCC2)CC1,0
652307,O=C(CNC(=O)c1cccs1)OCC(=O)c1cccs1,0
3235046,COCCn1c(=O)c(-c2cccs2)nc2cnc(N3CCOCC3)nc21,0
3238070,COc1ccc(NC(=O)N(C2CCCCC2)C2CCN(C(C)C)CC2)c(OC)c1,0
1292700,Cc1cccc(OCCn2c(NC(=O)c3ccco3)nc3ccccc32)c1,0
3244925,COc1cccc(-c2nc(-c3ccc(NC(=O)c4cccnc4)cc3)no2)c1,0
648465,Cc1ccc(C)n1-c1cccc(N)c1,0
10313,O=C(NO)c1ccccc1,0
662990,Cc1cccc(OC(C)C(=O)N(Cc2cccs2)C2CCS(=O)(=O)C2)c1C,0
892542,Nc1nc(NCc2ccccc2)nc(-c2ccccc2)n1,0
5459495,COC(=O)C1(C)C=C2C(=C(C)C(=O)C2C)CN1,0
6605198,CCCn1c(C)nc2c(N3CCC(N(C)C)C3)nc(C)nc21,0
2998516,CC(OC(=O)C(NC(=O)c1ccco1)C(C)C)C(=O)Nc1ncc(Cl)cc1Cl,0
2939573,Cc1ccc(CC(NC(=O)c2ccccc2)C(=O)N2CCCC2C(=O)O)cc1,0
3236311,CC(C)NC(=O)CCCn1c(=S)[nH]c2cc3c(cc2c1=O)OCO3,0
3245638,O=C(NCCc1ccccc1)C1c2ccccc2C(=O)N1C1CC1,0
3236294,COc1ccc(N2C(=O)CCC(C(=O)N3CCCCC3)C2c2ccc(OC)c(OC)c2)cc1,0
1289222,CCOC(=O)c1ccc(NC(=O)c2ccc(NS(C)(=O)=O)cc2)cc1,0
3242617,O=C(CN1CCN(S(=O)(=O)c2ccc(Cl)cc2)CC1)Nc1ccc2c(c1)OCO2,0
972830,CNC(=O)CN(C#N)c1nc(N(C)C)nc(N(C)C)n1,0
1118369,COc1ccc(C(=O)CN2C3=NCCCN3c3ccccc32)cc1OC,0
2237518,CCc1nnc(NC(=O)CSc2nnc(-c3ccccc3O)n2-c2ccc(C)cc2C)s1,0
656269,Cc1ccc2nc(NCCCNC(=O)c3cnccn3)c(C#N)cc2c1,0
135415504,COc1cc2nc(CN3CCN(c4ncc(C(F)(F)F)cc4Cl)CC3)[nH]c(=O)c2cc1OC,0
649975,Cc1cccc2cc(CN(Cc3cccs3)C3(c4nnnn4C4CCCC4)CCCC3)c(=O)[nH]c12,0
700205,FC(F)(F)c1cccc(NCc2cn3cccnc3n2)c1,0
16759046,CCOC(=O)[C@]1(C(NC(=O)OC)c2ccco2)CCCC1=O,0
16758718,CC(C)CO/N=C1/C[C@@H](O)[C@@H](O)[C@@H]2[C@@H]3C(=O)N(C(C)(C)C)C(=O)[C@H]3CC[C@@H]12,0
665526,COc1ccc(-c2nc(N)ncc2Oc2ccccc2Br)c(O)c1,0
2999514,O=C(c1ccccc1)N(CCN1CCOCC1)C1(C(=O)Nc2ccccc2)CCCCC1,0
611239,CCOC(=O)c1c(C)nc(-c2ccccc2)nc1N,0
3151,O=c1[nH]c2ccccc2n1CCCN1CCC(n2c(=O)[nH]c3cc(Cl)ccc32)CC1,0
3245524,Cn1c(=O)cc(SCC(=O)N2CCC3(CC2)OCCO3)c2ccccc21,0
1080861,CCOC(=O)c1c(C)oc2cc(Br)c(OC(=O)N3CCOCC3)cc12,0
5722931,O=S1(=O)CCC(NS(=O)(=O)/C=C/c2ccccc2)C1,0
2925029,C=CCN1C(=O)C(O)(CC(=O)c2ccc(N)cc2)c2ccccc21,0
5461618,CC1=C(C(=O)OCc2ccccc2)C(c2ccccc2)NC(=O)N1CCCCCC(=O)O,0
3234624,COc1ccccc1CN1CCCC2(CCN(C(=O)c3c(C)noc3C)CC2)C1,0
3232660,O=C(c1ccco1)N1CCC2(CC1)CN(c1ccc(-c3ccccc3)cc1)C2,0
656145,CCn1c(SCc2cc(=O)[nH]c3ccccc23)nc2c1c(=O)n(C)c(=O)n2C,0
135423651,Cc1ccc(N=CC2=C(O)CC(c3ccccc3Cl)CC2=O)cc1,1
3245582,CCN(CC)S(=O)(=O)c1ccc2[nH]cc(C(=O)NCCN3CCCCCC3)c(=O)c2c1,0
645397,Cc1cc2cc(CN(CC3CCCO3)C(=O)c3cnccn3)c(=O)[nH]c2cc1C,0
3240068,COc1cc(C2NC(=O)NC(O)(C(F)(F)F)C2C(C)=O)cc(OC)c1OC,0
6604708,C/C(=C\C=C/[C@@H](C)C(=O)O)[C@H]1CN[C@H](C(=O)O)[C@@H]1CC(=O)O,0
2850157,CCCCNC(=O)C1COc2ccccc2O1,0
2882495,O=C(Nc1ccccc1C(=O)N1CCN(Cc2ccccc2)CC1)c1ccccn1,0
2409878,Nn1c(SCC(=O)N2CCCc3ccccc32)nnc1-c1ccc(Cl)cc1,0
2956882,CC1(C)CC(=O)C2=C(C1)Nc1[nH]n(-c3ccccc3)c(=O)c1C2c1ccc2c(c1)OCO2,0
5307136,COCCCNC(=O)c1cc2c(-c3ccc(Cl)cc3)nn(C)c2s1,0
3238610,O=C(CSc1nc2ccccc2c(=O)n1CCCC(=O)N1CCCC1)NCc1ccco1,0
662305,Cc1cc(C)cc(NC(=O)CSc2nnc(-c3ccccc3)n2N)c1,0
648717,Cc1occc1-c1nnc(SCC(=O)c2ccc(Cl)cc2)n1C,0
783651,COc1ccccc1N1CCN(Cc2c(F)cccc2Cl)CC1,0
3246437,Cc1ccc(OP(=O)(Oc2ccc(C)cc2)N2C=Cc3ccccc3[C@H]2C#N)cc1,0
880829,CC(=O)c1c(N2CCCCC2)nc(=S)n(Cc2ccccc2)c1C,0
3242261,CCOC(=O)CNC(=O)CSc1nnc(Cn2c(=O)sc3ccccc32)n1-c1ccccc1,0
5308865,O=C(NCc1ccccc1Cl)C1CCN(C(=O)c2sccc2-n2cccc2)CC1,0
1338210,CCCN(C(=O)c1ccccc1N)c1c(C)n(C)n(-c2ccccc2)c1=O,0
648920,Nc1ccccc1SCC(=O)N1CCc2ccccc21,0
2192973,O=C(Nc1cccc(S(=O)(=O)c2cccc(NC(=O)C3CC3)c2)c1)C1CC1,0
666659,CC1CCCN(c2nc3c(c(=O)n(C)c(=O)n3C)n2CCSc2nc3ccccc3o2)C1,0
135485451,Cc1c(C(=O)O)nc(/C=C\C(=O)O)[nH]c1=O,0
81994,CCOC(=O)C(C(=O)OCC)C(=O)c1cc(OC)c(OC)c(OC)c1,0
646455,CCOc1nc(OCC)nc(N2CCC(C)CC2)n1,0
3835002,O=c1[nH]c(=O)n(CCc2ccc(F)cc2)c(O)c1C=NCCCn1ccnc1,0
2156314,Cc1cc(NC(=O)CSc2nc3c([nH]c4ccccc43)c(=O)n2-c2cccc(C(F)(F)F)c2)no1,0
2999576,Cc1cc(C)n(-c2nc(C)nc3sc4c(c23)CCC(C)C4)n1,0
3235550,CN1CCN(c2ncc3nc(-c4cccs4)c(=O)n(Cc4cccs4)c3n2)CC1,0
2953149,O=C1CN(C(=O)CN2CCCC2)C(c2ccccc2)c2cc(Br)ccc2N1,0
662249,Cn1c2c(c(=O)[nH]c1=O)C(NC(=O)c1ccco1)(C(F)(F)F)C(=O)N2,0
6604825,Nc1ncnc2c1nc(Br)n2[C@H]1O[C@H]2COP(=O)([O-])O[C@H]2[C@@H]1O,0
3238061,COc1ccc2cc3cc(C(=O)NCCN4CCc5ccccc5C4)oc3nc2c1,0
2539615,Cc1noc(C)c1C(=O)OCC(=O)c1c[nH]c2ccccc12,0
118365372,C[C@@H](NC(=O)Nc1cc2[nH]nc(OC3CCOCC3)c2cn1)c1ccccc1,1
989172,Cc1c(NC(=O)CN2C(=O)c3ccccc3S2(=O)=O)c(=O)n(-c2ccccc2)n1C,0
3236053,CCN(CCCNC(=O)C1CCC(=O)N1C1CCCC1)c1cccc(C)c1,0
652628,CCOC(=O)Nc1ccc2c(c1)Nc1ccccc1S2,0
2849921,COc1ccc(C(NC(N)=O)c2ccccc2)cc1,0
650834,CSc1nc(C)cc(NC(N)=O)n1,0
2363075,O=C(CCS(=O)(=O)c1ccc(Cl)cc1)OCC(=O)N1CCCCC1,0
2997627,Cc1ccc(S(=O)(=O)N2CCN(C(=O)CCC(=O)OCC(=O)Nc3cccc(C#N)c3)CC2)cc1,0
667121,Cc1cc(C)c2c(CN3CCN(C)CC3)cc(=O)oc2c1,0
649407,COc1ccc(OC)c(CC(NC(C)=O)C(=O)NC2CCN(c3nc(C)cc(C)c3C#N)CC2)c1,0
5355836,Cc1cc(=O)oc2c(O)c(O)ccc12,0
1090054,CCN1CCN(c2ccc(NC(=O)c3ccc4c(c3)OCO4)cc2)CC1,0
3242214,CCOC(=O)C1CCCN(C(=O)c2sc3nc(-c4ccc(F)cc4)cn3c2C)C1,0
648177,CC(c1ccccc1)n1cc(C(=O)NCCN2CCOCC2)nn1,0
15945023,N#C/C(=C\C1=C(N2CCOCC2)/C(=C\c2ccccc2)CC1)C(=O)Nc1ccccc1F,1
9223,c1ccc2occc2c1,0
2243534,CCn1c(CNC(=O)c2ccc(OC)cc2)nnc1SCC(=O)c1ccccc1,0
2998347,CC(C#N)Sc1nc2ccccc2c(=O)n1-c1ccccc1,0
887859,COCc1nnc(NC(=O)CSc2ccccc2)s1,0
649183,CCOc1ccc(-c2nnn(CC(=O)NCc3cccs3)n2)cc1,0
873908,Cc1c(C#N)sc2nc(-c3ccccc3)nc(N3CCCC3)c12,0
653689,Cc1cc(C2C(=O)CC(=O)CC2c2ccccc2)on1,0
2890313,CCC(C)NC(=O)CN(c1ccc(OC)cc1)S(=O)(=O)c1ccc(NC(C)=O)cc1,0
663428,CCCNc1oc(-c2cccc3ccccc23)nc1C#N,0
2243562,COc1ccc(CNC(=O)Nc2ccc(C)cc2)cc1,0
2226422,O=C(CCSc1ccccc1)NCCN1CCOCC1,0
667168,CN1C(=O)N(C)C(=O)C2(Cc3c(nc4ccccn4c3=O)N3CCC(Cc4ccccc4)CC32)C1=O,0
912578,COc1ccc(-c2noc(-c3cc(C)cc(C)c3)n2)cc1OC,0
646547,CCOc1cc(NC(=O)C2CC2)c(OCC)cc1NC(=O)c1ccccn1,0
92044551,C[C@@H](NC(=O)Nc1cc2[nH]nc(-c3ccc(S(C)(=O)=O)cc3)c2cn1)c1ccccc1,1
2917801,COC(=O)C1=C(C)NC(=O)NC1C1CC=CCC1,0
3239071,CC12CC(NC(=O)N1c1cccc(C(=O)N3CCN(c4ccccc4F)CC3)c1)c1ccccc1O2,0
9543187,CC1(C)C2CC[C@@]1(C)C(=O)C2,0
2189526,COC(=O)CCCC(=O)Nc1c(F)c(F)c(F)c(F)c1F,0
3247282,C[C@@H](C(=O)NCc1ccccc1)[C@H]1C[C@]1(C)[C@H](NC(=O)OCc1ccccc1)c1ccccc1,0
76071327,COc1n[nH]c2cc(NC(=O)N[C@H](CS(C)=O)c3ccccc3)ncc12,1
1839930,CCOC(=O)NC(Nc1cc(C)ccn1)(C(F)(F)F)C(F)(F)F,0
654879,O=C(Nc1ccc2c(c1)OCCO2)c1ccc2nccnc2c1,0
2183437,CCOC(=O)C1CCN(C(=O)c2ccc(Br)o2)CC1,0
653680,CCCc1cc(N2CCCC(C(=O)NCc3ccc4c(c3)OCO4)C2)n2ncnc2n1,0
4646739,COc1cc2c(cc1OC)C1(O)C(=O)c3ccc(O)c(C(=O)O)c3OC1CO2,0
2850704,O=S(=O)(NCC1CCCO1)c1ccc2ccccc2c1,0
658907,C=CCOC(=O)N1CCN(c2cccc(C(F)(F)F)c2)CC1,0
663035,Cc1ccc(-c2nnc3c4ccccc4c(C)nn23)cc1NC(=O)CN1CCOCC1,0
650681,Cc1cnc(C)c(N2CCC(C(=O)NCc3ccco3)CC2)n1,0
655042,O=C(c1cnn2c(C(F)(F)F)cc(-c3ccc4c(c3)OCO4)nc12)N1CCCCC1,0
2264834,COc1ccccc1N1CCN(CC(=O)Nc2cccc(F)c2)CC1,0
8616,COc1c(C(C)C)oc2cc3oc(=O)ccc3cc12,0
3233091,N#CCCn1c(=O)cnc2cnc(Oc3cccc(Cl)c3)nc21,0
2219114,COc1ccc(S(=O)(=O)Nc2ccc3c(c2)OCO3)cc1Cl,0
977261,CCn1c(SCC(=O)Nc2nccs2)nnc1-c1ccncc1,0
656100,O=C(NC1CCCC1)C(c1ccccc1F)N(C(=O)c1ccco1)C1CCCC1,0
3233722,CC(C)CN1CCC2(CC1)CCN(S(=O)(=O)c1ccccc1)CC2,0
11949193,c1ccc(C2[C@H]3CN(CC4CCCCC4)[C@H](c4ccccc4)C34CC2(c2cccnc2)C4)cc1,0
3233733,CN(C)c1ncc2nc(-c3cc(F)cc(F)c3)c(=O)n(Cc3cccs3)c2n1,0
673500,O=C(Nc1ccc(F)c(F)c1)c1ccc2c(c1)OCO2,0
604704,O=C1CCC(=O)N1c1ccc(CSc2nc3ccccc3[nH]2)cc1,0
3239233,CCN(CC)CCn1c(=S)[nH]c2cc3c(cc2c1=O)OCO3,0
666936,Cc1ccc(OCC(=O)Nc2ccc3c(c2)nc(CCN2CCOCC2)n3C)cc1,0
3232864,N#Cc1ccc(CN2CCC3(CC2)CCN(C(=O)c2cnccn2)CC3)cc1,0
726154,COC(=O)CCC(=O)Nc1ccc(OC)cc1,0
3242093,CCCN1Cc2cccc(C(=O)Nc3cc(OC)cc(OC)c3)c2C1=O,0
2878682,O=C1CC(C2CCCO2)C(=O)N1c1cccc(Cl)c1,0
2160365,COc1ccccc1C(=O)Nc1c2c(nn1-c1cccc(C)c1C)CS(=O)C2,0
3247235,COC(=O)[C@@]1(Cc2ccc(F)cc2)[C@H]2c3cc(C(=O)N4CCCC4)n(Cc4cc(C)n(C)n4)c3C[C@H]2CN1C(=O)c1ccccc1,0
2157554,Cc1cccc(NC(=O)CS(=O)(=O)c2cn(C)c3ccccc23)c1C,0
3241030,Cc1ccc(-c2ccc(=O)n(CC(=O)NCCCN3CCCCC3)n2)cc1,0
2236730,CCOC(=O)c1nnn(-c2nonc2-n2cccc2)c1C,0
16758145,CC1OC(OCC2OC(Oc3c(-c4ccc(O)c(O)c4)oc4cc(O)cc(O)c4c3=O)C(O)C(O)C2O)[C@@H](O)C(O)C1O,0
2818359,N#CCCN1CCCc2cc(N=Nc3ccc(C(F)(F)F)cc3)ccc21,1
3244752,O=C(c1cc(-c2ccc(Cl)c(Cl)c2)on1)N1CCN(c2ccccc2)CC1,0
122636159,CC(NC(=O)N1Cc2nc(Nc3ccccc3)ncc2C1(C)C)c1ccccc1,1
3240472,CCOC(=O)c1c(C)c(C(=O)N(C)C2CCCCC2)c(C)n1C,0
3242172,Cn1c(=O)cc(OCCCC(=O)N2CCCCC2)c2ccccc21,0
5308805,O=C(NCCCN1CCOCC1)c1ccc(CS(=O)(=O)c2c(Cl)cccc2Cl)o1,0
660064,Cn1c(=O)c2c(ncn2CC(=O)Nc2cc(Cl)c(Cl)cc2Cl)n(C)c1=O,0
3236876,COC(=O)c1ccccc1NC(=O)Cn1cnc2ccc(S(=O)(=O)N3CCC(C)CC3)cc2c1=O,0
6859930,Nc1nnnn1/N=C/c1ccccc1OCc1ccc(Cl)cc1Cl,0
2161878,O=C(OCn1nnc2ccccc2c1=O)c1ccc2ccccc2n1,0
3000171,CN(C)C(CNC(=O)CSc1nnc(-c2ccco2)o1)c1ccccc1,0
664084,COc1ccc(C2CC(=O)c3cnc(NC(=O)c4cc(OC)cc(OC)c4)nc3C2)cc1,0
976757,CCOC(=O)N1CCN(C(=O)Nc2ccc3nc(C)sc3c2)CC1,0
772165,O=C(CN1CCOCC1)Nc1ccc(-c2nc3ccccc3[nH]2)cc1,0
3243175,Cn1c(CCCNC(=O)c2ccccc2)nc2ccccc21,0
3238180,CCCS(=O)(=O)NCCc1cc2cc(C)c(C)cc2[nH]c1=O,0
3244571,CC1CCN(S(=O)(=O)c2cn(CC(=O)N3CCN(C)CC3)c(=O)c3ccccc23)CC1,0
1216502,COc1ccc(C(=O)Nc2cccc(C)c2)cc1S(=O)(=O)N1CCOCC1,0
3237374,CCn1cc(C(=O)N2CCc3ccccc32)c(=O)c2cc(S(=O)(=O)N3CCOCC3)ccc21,0
650952,CCc1ccc2[nH]c(=O)c(CN(CCCN3CCOCC3)C(=O)Nc3ccc(Cl)cc3)cc2c1,0
804612,O=C(CCNc1cccc(Cl)c1)c1ccco1,0
98356,COC1=CC(=O)OC(CCc2ccccc2)C1,0
662666,O=S(=O)(NCc1cccnc1)c1ccc(Br)s1,0
2227730,O=C(Nc1ccncc1)c1cncc(Br)c1,0
2971650,CC(=O)NCCc1ccc(S(=O)(=O)N(C)C2CCS(=O)(=O)C2)cc1,0
2827720,O=C(O)CSC1CC(=O)N(c2cccc(Cl)c2)C1=O,0
71528939,COc1ccc([C@H](NC(=O)c2ccc3cnc(NC4CCOCC4)nc3c2)[C@H]2CCCN2)cc1F,1
666665,COc1cccc(CNc2nc3nc(C)cc(C)n3n2)c1,0
2085053,Cc1csc(NC(=O)CCCSc2nc3ccccc3s2)n1,1
2950562,COCCCNC(=O)C12CCC(C)(C(=O)C1)C2(C)C,0
3236635,CCOC(=O)N1CCC(NC(=O)c2ccc3nc(N4CCOCC4)sc3c2)CC1,0
831830,CS(=O)(=O)N1CCN(c2ccccc2F)CC1,0
1244286,Cc1c(C(=O)N2CCC3(CC2)OCCO3)oc2ccccc12,0
651246,COc1cc(C2NC(=O)NC(C)=C2C(=O)OC(C)(C)C)ccc1OCC(N)=O,0
644687,c1ccc2c(c1)CCCN2Cc1nnnn1C1CCCC1,0
118380789,Cc1nc(NC(=O)N[C@H](C)c2ccccc2)cc2[nH]nc(N3CCCC3C(=O)O)c12,1
665578,CN(C)C(=O)CCc1nc(-c2ccc(C(C)(C)C)cc2)no1,0
1267856,CCOC(=O)c1ccc(NC(=O)Cn2nnc(-c3ccccc3)n2)cc1,0
1897076,COC(=O)C(C(=O)OC)=C(/C=C/C=C/N(C)C)N(C)C,0
663140,Nn1c(SCc2cccc(C(F)(F)F)c2)nnc1-c1ccco1,0
3238431,Cn1c(=O)cc(OCC(=O)N2CCCc3ccccc32)c2ccccc21,0
744685,O=C(NC1CCCC1)NS(=O)(=O)c1ccccc1Cl,0
5414920,CC/C(CC(C)(C)c1ccccc1)=N\O,0
3083928,COc1cc2ccc(=O)oc2c(OC)c1OC,0
977846,Cc1cc(C)nc(SCc2nc(N)nc(-c3ccccc3O)n2)n1,0
2058637,CC(C)COC(=O)NCCCOC(=O)Nc1ccccc1,0
652940,O=S(=O)(c1ccc(F)cc1)N1CCC(O)(c2ccc3c(c2)OCO3)CC1,0
403082,Cc1nccn1S(=O)(=O)c1ccc(Br)cc1Br,0
3234958,COc1ccc(NC(=O)N2CC3(CCN(C(=O)c4cnccn4)CC3)C2)cc1,0
3000197,COc1cc(OC)cc(C(=O)NC(C(=O)NCCN(C)C)C23CC4CC(CC(C4)C2)C3)c1,0
5309809,Cn1c(=O)c2cc(S(=O)(=O)NC(C(=O)N3CCCCCC3)c3ccccc3)ccc2n(C)c1=O,0
6603803,CCCC[C@]1(C2CCCC2)Cc2cc(OCC(=O)O)c(Cl)c(Cl)c2C1=O,0
658619,C=CCOC(=O)Nc1ccc(Cl)cc1NC(=O)OCC=C,0
135450656,COc1ccc(S(=O)(=O)N(Cc2ccccc2)Cc2nc3ccccc3c(=O)[nH]2)cc1,0
659056,COC(=O)c1ccc(OCC(O)Cn2nnc3ccccc32)cc1,0
54684657,CCNCCNC(=O)c1c(O)c2c([nH]c1=O)CCCC2,0
2997617,CC(C#N)Sc1ncnc2sc3c(c12)CCC3,0
970916,O=C(Nc1cccnc1)Nc1ccc2c(c1)OCO2,0
117876733,Cc1nc2cnc3cc(F)c(-c4ccc(Oc5ncccn5)cc4Cl)cc3c2n1C1CCN(C(=O)CF)CC1,1
5310695,C/C(=C\C(=O)c1ccccc1)Nc1cccc(O)c1,1
747888,Cc1ccc(Oc2cc(C)nc(-c3ccccc3O)n2)cc1,0
658777,CCOC(=O)c1[nH]c2ccc(F)cc2c1NC(=O)CN1CCc2cc(OC)c(OC)cc2C1,0
647059,Cn1c(CNc2nc(-c3ccccc3)cs2)nnc1SCC(=O)c1ccccc1,0
16758728,CC(C)=CCC/C(C)=C/CO/N=C1/C[C@@H](O)[C@@H](O)[C@@H]2[C@@H]3C(=O)N(C4CCCCC4)C(=O)[C@H]3CC[C@H]12,0
3236843,O=C(NCCN1CCOCC1)c1cc(-c2ccc(F)cc2)on1,0
3240294,COc1cccc(C(=O)NCc2nnc(SCC(=O)Nc3nccs3)n2-c2cccc(C)c2)c1,0
2712659,O=C(NCCCN1CCCC1=O)c1ccc2c(c1)OCO2,0
807933,O=C(CSc1nnc(-c2ccco2)o1)c1ccccc1,0
3232902,N#Cc1ccc(CN2CC3(CCNCC3)C2)cc1,0
2997830,Cc1ccccc1-n1c(C)nnc1SCC(=O)NCC1CCCO1,0
667301,O=C(CCn1nnc2ccccc2c1=O)N[C@@H](Cc1ccccc1)C(=O)O,0
3233401,COc1ccc(-n2c(=O)c(C)nc3cnc(N4CCNCC4)nc32)cc1,0
659071,O=C1c2ccccc2NC2CCCCC12,0
717866,COC(=O)c1ccc(-c2nc(-c3ccc(Br)o3)no2)cc1,0
95687,Cc1ncc(COP(=O)(O)O)c(C)c1O,0
3238246,O=C(CCS(=O)(=O)c1ccc(Br)s1)NCc1ccc2c(c1)OCO2,0
3238764,CCS(=O)(=O)Nc1ccc(C(=O)CC2(O)C(=O)Nc3ccc(Br)cc32)cc1,0
1247280,CC(C)(C)c1csc(NC(=O)c2ccc(Cl)s2)n1,0
788466,COc1ccccc1NC1=C(C)C(=O)CC1,0
1255928,COc1cccc(NC(=O)CNC(=O)c2ccccc2)c1,0
990927,Cc1ccccc1NS(=O)(=O)c1cc(S(C)(=O)=O)ccc1Cl,0
3235794,COc1cc2c(=O)n(Cc3ccccc3)c(=O)n(CC(=O)NCc3ccco3)c2cc1OC,0
1245136,O=C(Nn1cnnc1)c1cc2c(s1)CCCCC2,0
1291266,COc1ccc(S(=O)(=O)N(C)CC(=O)Nc2ccccc2SC)cc1,0
2968490,COc1ccc(OC)c(S(=O)(=O)N2Cc3ccccc3CC2C(=O)Nc2nccs2)c1,0
3234698,CN(C)c1ccc(-c2cc(NCc3cccnc3)ncn2)cc1,0
5416031,O=C(O)c1cc(/C=N\O)ccc1OCc1ccccc1,0
9568680,Cc1oc(/N=C/c2ccc(Cl)cc2Cl)c(C#N)c1C,0
3236094,C=CCSc1nnc(Cc2cc(=O)[nH]c(=O)[nH]2)n1-c1cc(C)ccc1C,0
951593,O=C(O)CN(c1ccc2c(c1)OCCO2)S(=O)(=O)c1ccccc1,0
2113703,Cc1cc(C)c(C(=O)CSc2nnc(-c3ccccc3Br)o2)cc1C,0
645009,c1ccc(OCc2nnc3sc(-c4cccs4)nn23)cc1,0
92044641,Cc1cc(-c2n[nH]c3cc(NC(=O)NC(c4ccccc4)C4CCCO4)ncc23)ccn1,1
3242371,COc1ccc(-c2cc(CCCC(=O)NCCc3ccc(OC)cc3OC)no2)cc1,0
56375,CCN(CC)CC(=O)c1c[nH]c2ccccc12,0
135449501,O=C(CSc1nc2c(c(=O)[nH]1)CCC2)Nc1cccc(Cl)c1,0
656056,O=C(Nc1ccc2c(c1)OCO2)C1CCCN(c2nc3ccccc3s2)C1,0
732237,CCOC(=O)c1cnn(-c2cc(C)c3ccccc3n2)c1N,0
1815812,CCCNC(=O)CN(C1CCCCC1)S(C)(=O)=O,0
2838111,CCN(CC)C(=O)C1CCCN(Cc2ccccc2C(F)(F)F)C1,0
646287,Cc1csc(NC(=O)CSc2nnc(-c3ccccn3)n2-c2ccc(C)c(C)c2)n1,0
3238081,CCN(CC)CCCNC(=O)C1CCC(=O)N(c2ccc(OC)cc2)C1c1ccc(F)cc1,0
11949235,COC(=O)c1cccc(C23CC4(C2)[C@H](CN(Cc2cccnc2)[C@@H]4c2ccccc2)C3c2ccc(Cl)nc2)c1,0
5307650,Cc1n[nH]c(C)c1S(=O)(=O)N1CCCC(C(=O)NC2CCCc3ccccc32)C1,0
653602,O=C(CS(=O)(=O)Cc1ccccc1)Nc1nc2ccccc2s1,1
9595221,N/C(=N\O)c1cn([C@@H]2O[C@@H](CO)[C@H](O)[C@@H]2O)c2ncnc(NO)c12,0
893547,Cc1cccc(Nc2nc(N)nc(CN3CCC(C)CC3)n2)c1C,0
666588,COc1cc(C2c3c(oc4ccccc4c3=O)C(=O)N2Cc2ccncc2)ccc1O,0
1441072,O=C(NCc1ccccc1)c1cccnc1N1CCOCC1,0
674996,O=S(=O)(NCc1ccccn1)c1ccc(F)cc1,0
2369069,CCN1C(=S)SC(=O)C1=C1C=C(C)N(Cc2ccco2)C(C)=C1,0
648669,COCCNC(=O)CN(c1ccc(C)cc1)S(=O)(=O)c1ccccc1,0
649095,Cc1ccc(-c2nnn(CC(=O)N3CCN(c4nc5ccccc5s4)CC3)n2)cc1,0
648464,CCCn1nnc(NC(=O)COc2ccc(Cl)cc2)n1,0
645058,CCOC(=O)C1=C(C)OC(N)=C(C#N)C1c1c(C)nn(-c2ccc(C)cc2)c1Cl,0
2898863,O=C(Nc1ccc(S(=O)(=O)N2CCOCC2)cc1)C1COc2ccccc2O1,0
2337381,Cc1cccc(N=C(N2CCOCC2)P(=O)(N2CCOCC2)N2CCOCC2)c1,0
2960269,O=C(CSc1nc2ccccc2[nH]1)NCCCn1ccnc1,0
669275,O=S(=O)(Cc1ccccc1)N1CCc2ccccc2C1,0
2897320,Cc1cc(C)cc(N(CC(=O)NC2CC3CCC2C3)S(C)(=O)=O)c1,0
3238635,O=C(NCCN1CCN(c2ccccc2)CC1)c1cccn2c(=O)c3ccccc3nc12,0
808384,Cc1cccc(NC(=O)Nc2cccc(F)c2)n1,0
2594730,Cc1ccc(S(=O)(=O)N2CCN(C(=O)c3ccc(OCc4c(C)noc4C)cc3)CC2)cc1,0
2934240,Cc1ccc(S(=O)(=O)c2nc(S(C)(=O)=O)sc2NCC2CCCO2)cc1,0
660129,COc1ccc(N2C(=O)[C@@H]3Cc4ccccc4CN3C2=O)cc1,0
1548698,Cc1ccc(NC(=O)c2ccc(S(=O)(=O)N3CCCC3)cc2)cc1,0
648449,Cc1ccc(C(C(=O)NC2CCCCC2)N(C(=O)c2csnn2)C2CCCC2)o1,0
3233374,COc1cccc(-c2cncnc2NCc2ccccc2)c1,1
1088156,CCOC(=O)c1oc2ccccc2c1CN1CCN(C(=O)c2ccccc2)CC1,0
16758302,CO[C@@H]1COC(=O)C/C=C\[C@@H](C)[C@H](OC)COC(=O)C/C=C\[C@H]1C,0
3237062,Cc1cccc(C)c1NC(=O)c1cc(S(=O)(=O)N2CCOCC2)ccc1F,0
2999424,COC(=O)c1ccc(COc2ccc(C3C4=C(CCCC4=O)Nc4onc(C)c43)cc2)cc1,0
210074,c1ccc(OCc2nc3ccccc3[nH]2)cc1,0
649319,Cc1cc(NC(=O)c2cccc(F)c2)ncc1NC(=O)c1ccco1,0
5309277,Cc1ccc2oc(=O)c3cnn(CC(=O)NCCN(C)C)c3c2c1,0
666314,CCN1CCN(Cc2nc3c(c(=O)n(C)c(=O)n3C)n2Cc2cccc3ccccc23)CC1,0
92044613,Cc1cc(-c2n[nH]c3cc(NC(=O)NC4(C#N)CC4)ncc23)ccn1,1
647987,Cc1ccc(Cl)cc1N1CCN(S(=O)(=O)c2ccc3c(c2)OCCO3)CC1,0
6603728,COC(=O)C1=C(C)NC(C)=C([N+](=O)[O-])[C@H]1c1ccccc1C(F)(F)F,0
3243794,O=C(NCc1ccco1)c1cc(-c2ccco2)on1,0
2948619,COc1cccc2cc(C(=O)NCC3CCCO3)c(=O)oc12,0
135406347,O=C(Cc1cccs1)N1CCC(c2nc3c(nnn3Cc3ccccc3)c(=O)[nH]2)CC1,0
3239815,COC(=O)c1cc(=O)nc2sc(-c3cccs3)nn12,0
898115,COc1ccccc1NC(=O)CCC(=O)Nc1ccccc1OC,0
6537502,C[C@@H]1CC[C@@]2(OC1)O[C@H]1[C@@H](O)[C@H]3[C@@H]4CC[C@H]5C[C@@H](O[C@@H]6O[C@H](CO)[C@H](O[C@@H]7O[C@H](CO)[C@@H](O)[C@H](O[C@@H]8OC[C@@H](O)[C@H](O)[C@H]8O)[C@H]7O[C@@H]7O[C@H](CO)[C@@H](O)[C@H](O[C@@H]8O[C@H](CO)[C@@H](O)[C@H](O)[C@H]8O)[C@H]7O)[C@H](O)[C@H]6O)[C@H](O)C[C@]5(C)[C@H]4CC[C@]3(C)[C@H]1[C@@H]2C,1
5461354,C[C@H](NC(=O)[C@@H]1C[C@H]1[C@@H](NC(=O)OCc1ccccc1)c1ccccc1)c1ccccc1,0
3242369,Cc1ccc2nc(NC(=O)C3CCN(S(=O)(=O)c4cccs4)CC3)sc2c1,1
5308360,Cc1csc(NC(=O)c2cc3c(s2)-c2ccccc2OC3)n1,0
5308352,NC(=O)CSc1nnc(Cn2c(=O)sc3ccccc32)n1CCc1ccccc1,0
874518,Cc1occc1C(=O)Nc1nccs1,0
2855830,COCCOC(=O)C1=C(C)NC2=C(C(=O)CC(C)(C)C2)C1c1cc2c(cc1Br)OCO2,0
647445,Cc1cc(C)nc(N2CCCC(C(=O)NC(C)CCc3ccco3)C2)n1,0
3246657,O[C@]1(c2ccccc2)c2ccccc2NC2=NCCN21,0
209842,CCOC(OCC)P(=O)(c1ccccc1)c1ccccc1,0
3239753,O=C(Nc1ccc(Cl)cc1)C1CC=CCC1C(=O)OCC(F)(F)C(F)F,0
975463,O=S1(=O)N=C(Nc2nc3c(s2)CCCC3)c2ccccc21,0
645483,Cc1ccc2c(c1)-c1ccccc1S(=O)(=O)N2,0
2969957,COc1ccc(S(=O)(=O)NC(C)C(=O)Nc2ccccc2F)cc1,0
647130,O=C1COc2ccc3ccccc3c2CN1,0
644433,CCCn1c(SCC(=O)Nc2ccccc2C(=O)OCC)nc2c1c(=O)n(C)c(=O)n2C,0
649594,Cn1nccc1C(=O)Nc1cccnc1,0
665110,Cc1nc(-c2cnn(-c3ccccc3)c2)c2cc(C)oc2n1,0
6604905,Cc1ccc(S(=O)(=O)/C=C\C#N)cc1,1
970267,CN(c1cccc(NS(=O)(=O)c2cccs2)c1)S(C)(=O)=O,0
2999742,COc1ccc(C)cc1NC(=O)c1ccc(NC(=O)CC2SC(N3CCCC3)=NC2=O)cc1,0
145995647,COc1ccc(C[C@H]2COc3cc(-c4ccnc(Nc5ccnn5C)n4)cc4nnc2n34)cc1,1
16759122,CCOC(=O)OCC1OC(c2ccc(C(C)=O)cc2)C=CC1Oc1ccc(-c2ccccc2)cc1,0
1583639,O=C(NCCO)c1cc2ccccc2c(=O)s1,0
1244217,Cc1ccc(C(=O)Nc2ccc(S(=O)(=O)N3CCc4ccccc43)cc2)o1,0
2673081,Cc1cnc(NC(=O)COc2ccccc2)s1,0
3000174,CC1CCCCC1NC(=O)c1nn(C)c(=O)c2ccccc12,0
1590983,CC(C)c1nnc(SCc2ccc(CSc3nnc(C(C)C)n3N)cc2)n1N,0
2998553,CC(C)C(C)(C#N)NC(=O)CSc1nc2scc(-c3ccco3)c2c(=O)n1-c1ccccc1,0
648176,COc1ccc(C(=O)CSc2nnc(-c3ccc(C)cc3)o2)cc1,0
1243134,COC(=O)c1ccccc1NC(=O)Cn1c(SC)c(F)cnc1=O,0
1088830,O=C(Nc1ccc(N2CCN(C(=O)c3ccco3)CC2)cc1)c1ccccc1F,0
878320,CCCC(=O)Nc1ccc(-c2nc3cc(C)c(C)cc3o2)c(O)c1,0
651065,CCOc1ccc2[nH]c(=O)c(CN(CCO)C(=O)c3ccc(Br)cc3)cc2c1,0
3242136,O=C(O)CN1C(=O)C2(OCCCO2)c2ccccc21,0
661408,O=C(Nc1cccc2nsnc12)C1CC(=O)N(c2ccccc2)C1,0
2951388,Cc1ccc(SCCNS(=O)(=O)c2ccc3c(c2)OCCO3)cc1,0
71529078,C[C@H](Nc1ncc2ccc(C(=O)N[C@@H](c3ccc(Cl)c(F)c3)[C@@H]3CCCN3)cc2n1)C(F)(F)F,1
658458,O=C(NC(NCc1ccccn1)(C(F)(F)F)C(F)(F)F)c1ccco1,0
893386,CNC(=O)c1ccc(N(Cc2ccccc2C)S(C)(=O)=O)cc1,0
3234559,O=C(c1csnn1)N1CCC2(CCCN(c3ccncc3)C2)CC1,0
6710684,CCCCCC(=O)Cc1cc(O)cc(O)c1C(=O)Oc1cc(CC(=O)CCCCC)c(C(=O)O)c(OC)c1,0
753415,C=C(C)c1cccc(C(C)(C)NC(=O)N2CCN(CC)CC2)c1,0
881043,CCc1nnc(NC(=O)Nc2ccccc2OC)s1,0
662751,CCCCSc1nnc([C@H](CC(C)C)NC(=O)OC(C)(C)C)o1,0
2961671,COC(=O)Nc1ccc(C(=O)NCC2CCCO2)cc1,0
667107,Cn1c(=O)n(CCN2CCOCC2)c(=O)c2c1nc1n2CCN1c1ccccc1,0
666989,Cn1c(=O)c2c(nc(CN3CCc4ccccc4C3)n2CC(=O)c2ccccc2)n(C)c1=O,0
578985,Cc1ccc(C(C)C)c(OCCNS(C)(=O)=O)c1,0
4033962,COC(=O)C1(C(F)(F)F)N=C2Sc3ccccc3N2C(N2CCOCC2)=N1,0
3963998,O=c1[nH]c(=O)n(CCC2=CCCCC2)c(O)c1C=NCCCn1ccnc1,0
1077813,CC(=O)Nc1ccc(C(=O)Nc2ccc(S(=O)(=O)N3CCCC3)cc2)cc1,0
787512,CC(=O)Nc1cc2c(cc1C(=O)c1ccccc1)OCCO2,0
16758136,COc1cc(C(=O)OC2CC[C@]3(C)C4CCC5[C@]6(O)CC(O)[C@]7(O)C(CN8CC(C)CCC8[C@]7(C)O)[C@]6(O)C[C@@]53O[C@]24O)cc(OC)c1OC,0
5307562,COc1ccccc1-c1cc(N)n(S(=O)(=O)c2ccc(F)c(C)c2)n1,0
7949,Cc1cc(C)cc(N)c1,0
913036,COC(=O)c1cccc(Nc2nc3ccccc3nc2C)c1,1
5214839,O=C(CN1CCOc2ccccc21)NC1CCN(Cc2ccccc2)CC1,0
2058390,O=C(O)CSCCc1ccccn1,0
3662261,CCC(=Nc1ccc(OC)cc1OC)c1c(O)n(C2CCCCC2)c(=O)[nH]c1=O,0
118045515,Nc1ncc([C@H]2CC[C@H](O)C(F)(F)C2)nc1-c1ccc(C(=O)N[C@H](CO)c2cc(F)cc(Br)c2)c(F)c1,1
676149,COc1ccc(-c2nnc(SCC(=O)c3ccc(C)o3)o2)cc1,0
328773,CCN(CC)CCN1C(=O)c2cccc3cc(N)cc(c23)C1=O,0
16758149,CC(=O)[C@]1(O)CCC2C3CCC4=CC(=O)CC[C@@]4(C)C3CC[C@]21C,0
3242314,Cc1ccc(CS(=O)(=O)CCC(=O)NCc2ccc3c(c2)OCO3)cc1,0
1298869,CSc1cccc(NC(=O)CN(C)S(=O)(=O)c2ccc(F)cc2)c1,0
651280,O=C(NCCO)C1CCN(S(=O)(=O)c2ccc(F)cc2)CC1,0
6604251,C=C(C)[C@H]1CC[C@]2(CO)CC[C@]3(C)[C@@H](CC[C@H]4[C@@]5(C)CC[C@@H](O)C(C)(C)[C@@H]5CC[C@@]43C)[C@H]12,0
2998642,COc1ccc(C2NC(=O)CS2)cc1OC,0
1001145,CCOC(=O)N1CCN(C(=O)c2ccc(CN(c3ccccc3)S(C)(=O)=O)cc2)CC1,0
676309,O=c1cc(-c2ccccc2O)oc2c(O)c(O)ccc12,0
92044882,Cc1cc(-c2n[nH]c3cc(NC(=O)NCc4cccc(S(C)(=O)=O)c4)ncc23)ccn1,1
646426,COc1ccc(C(=O)Nc2ccc(-c3ccc(C)o3)cc2)cc1S(=O)(=O)N1CCOCC1,1
2092056,Cc1cc(C(=O)OCC(=O)N2CCOCC2)c2ccccc2n1,0
664949,Cn1c(SCc2ccccc2)nnc1-c1ccncc1,0
2998117,O=C1CCC(C(=O)OCC(=O)C23CC4CC(CC(C4)C2)C3)N1,0
72892,O=S(=O)(NCCNS(=O)(=O)c1ccccc1)c1ccccc1,0
1765268,Cc1oc(C(=O)O)cc1COc1ccc2c3c(c(=O)oc2c1C)CCCC3,0
655799,CC(C)C(c1nnnn1Cc1ccc(F)cc1)N1CCN(C2CCCCC2)CC1,0
659865,CCSC1(SCC)N=C(N)C2(C#N)C(c3ccccc3)NC(C)=C(C)C12C#N,0
2830700,CCOC(=O)C1CCCn2c1nc1sc3c(c1c2=O)CCCC3,0
3245551,CCOc1ccc(-c2nc(CSCC(=O)NCCN3CCOCC3)c(C)o2)cc1,0
666180,CC(=O)Oc1ccc2c(C)c(CC(C)O)c(=O)oc2c1,0
879154,Cc1cc(=O)n2[nH]c(C)c(-c3ccccc3)c2n1,0
709921,CCc1ccc(Nc2oc(C)cc(=O)c2C(C)=O)cc1,0
3246173,c1nc(N2CC2)c2cnn([C@@H]3CCCCO3)c2n1,0
3244852,Cc1cc(C)cc(NS(=O)(=O)c2ccc3[nH]cc(C(=O)NCc4ccco4)c(=O)c3c2)c1,0
655063,Cc1cccc(C2=NCC(=O)N(CC(=O)NCc3ccco3)c3sc4c(c32)CCCC4)c1,0
2128942,CCn1nc(C(=O)OCC(=O)c2ccc3c(c2)OCCO3)c2ccccc2c1=O,0
645183,CN(C(=O)C1CCOC1)c1nnc(-c2cccnc2)s1,0
663760,C[C@H](NC(=O)Nc1cccc(C(F)(F)F)c1)C(=O)O,0
5307498,O=C(Cn1c(=O)n(Cc2ccco2)c(=O)c2ccccc21)Nc1cccc(Cl)c1,0
2941732,CC1CCc2c(sc(NC(=O)c3ccc(Cn4cc(Br)cn4)o3)c2C(N)=O)C1,0
3245228,COc1ccc(NC(=O)c2oc3ccccc3c2NC(=O)c2ccc(OC)c(OC)c2)c(OC)c1,0
601051,COc1ccc(N=C(N(C)C)P(=O)(N(C)C)N(C)C)cc1,0
660027,COC(=O)c1[nH]c2ccc(Br)cc2c1NC(=O)C(C)N1CCN(C2CCCCC2)CC1,0
16758578,C/C=C\C1=C(CO)C(=O)[C@@H]2O[C@@H]2C1=O,0
1622530,COc1ccccc1/C=C\C(=O)O,0
4087450,COc1ccc(C2CC(c3ccccc3)Nc3ncnn32)cc1,0
3155094,Cc1cc(Nc2cccc(C)c2C)n2ncnc2n1,0
1258994,Cc1c(NC(=O)CSc2nc3ccccc3n2C)c(=O)n(-c2ccccc2)n1C,0
3239621,Cc1ncoc1C(=O)NCc1ccccc1Cl,0
6605174,CCCn1c(C)nc2c(NC(C)CCCN(CC)CC)nc(C)nc21,0
121416569,CO[C@@H]1CN(Cc2cccnc2)C[C@H]1NC(=O)Nc1cc2cnn(-c3ccnc(C)c3)c2cn1,1
786532,CC(C)(CN1CCCCC1)NS(=O)(=O)c1ccc(Cl)cc1,0
517858,Cc1cc(Nc2cccc(Cl)c2)n2ncnc2n1,0
3237888,COc1nc(N)nc(CC(=O)C2CC2)n1,0
3236201,CCOCCCNS(=O)(=O)c1ccc2c(c1)oc(=O)n2CC(=O)OCC,0
652381,CCCCCCn1c(NCC)nc2c1c(=O)[nH]c(=O)n2C,0
2537291,O=C(NCCc1ccccn1)c1n[nH]c(=O)c2ccccc12,0
3234048,COc1cccc(Cn2c(=O)c(C)nc3cnc(OCc4ccccc4)nc32)c1,0
5307764,O=C(CC1Oc2ccccc2NC1=O)NCCCN1CCCC1=O,0
661339,CCCCNCC(=O)Nc1ccc(-c2nc3cc(NC(=O)CNCCCC)ccc3o2)cc1,0
648493,CCOc1ccc(Nc2nc(Cc3nnc(SCC(=O)NCC4CCCO4)n3C)cs2)cc1,0
2290868,CCCOc1ccc2c3c(c(=O)oc2c1OCCC)CCC3,0
10682175,Cn1c(-c2ccccc2)c(O)c(=O)c2ccccc21,0
3240829,O=C(CCCCCn1c(=O)[nH]c2ccsc2c1=O)NCc1cccs1,0
3239716,COc1ccc(NC(=O)C2CCCN(S(=O)(=O)c3c(C)n[nH]c3C)C2)cc1,0
650511,Cc1cnc(C(=O)Nc2nnc(C)s2)cn1,0
3232968,COc1ccc(-n2c(=O)c(-c3cc(F)cc(F)c3)nc3cncnc32)cc1,0
2999978,COc1ccccc1N(CCC#N)C(=O)CSc1nc(-c2ccccc2)cn1N,0
714668,CCCn1nnnc1NCc1ccccc1OCc1cccs1,0
662202,CCOc1ccc(C2C=C(c3ccc(C)cc3)Nc3ncnn32)cc1,0
54713175,COC(=O)CC1C2(C)CC34OC5(C)O[C@@]6(C7/C(=C(/O)C(C)C)C(=O)OC(c8ccoc8)[C@]7(C)C(OC(C)=O)C(OC(C)=O)[C@]6(O5)[C@@]13C)C(OC(C)=O)[C@]4(O)C2OC(=O)C(C)C,0
1535318,O=C(Nc1ccccn1)C1CCN(S(=O)(=O)c2cccs2)CC1,0
744236,CN(C)c1ccc(-c2nc3ccccc3n2C)cc1,0
651286,Cc1ccc(C(=O)CSc2nc(C)cc(SCc3nnc(-c4ccccc4)o3)n2)cc1,0
121416485,C[C@@H](NC(=O)Nc1cc2cnn(C3CCNC(=O)C3)c2cn1)c1ccc(F)cc1,1
3246329,C[C@H]1C[C@H]2[C@H]3CCC4=CC(=O)C=C[C@@]4(C)[C@]3(F)[C@H](O)C[C@]2(C)[C@@]1(O)C(=O)COP(=O)(O)O,0
2951040,Cc1cc(Cl)c(S(=O)(=O)NC(C(=O)O)c2ccccc2)cc1OCC(N)=O,0
2899003,OC(C#CCN1CCOCC1)c1cccs1,0
235898,Nc1nc(Cl)cc(NCCO)n1,0
2565436,CCNC(=O)NC(=O)COc1ccccc1C#N,0
665902,Cc1nn2c(c1-c1ccccc1)NC1=C(C(=O)CCC1)C2c1cccnc1,0
990970,Cc1nnc(SCc2nc3ccccc3c(=O)n2-c2ccccc2Cl)n1N,0
3239670,COC(=O)c1nnn(CC(=O)Nc2cccc(Cl)c2C)c1C(=O)OC,0
665669,COCCn1c(=NC(=O)c2ccc3c(c2)OCO3)c(C#N)cc2c(=O)n3cccc(C)c3nc21,0
786607,CC(=O)c1ccc(OC(=O)c2ccc(Br)o2)cc1,0
3241846,Cc1ccc(CNC(=O)C2CCN(S(=O)(=O)c3cccs3)CC2)o1,0
613092,COCc1cc(C)nc2sc(C(=O)OC)c(N)c12,0
1339266,Cc1ccccc1N(CC(=O)Nc1ccccc1C(=O)O)S(C)(=O)=O,0
655169,Cc1cc(C)nc(N2CCC(C(=O)Nc3cccc(C(F)(F)F)c3)CC2)n1,0
3243913,CCOC(=O)c1nn(-c2ccc(OC)cc2)c(=O)c2c(NC(=O)c3ccco3)scc12,0
659285,C[C@@H]1C[C@H](O)c2cc(Cl)ccc2N1,0
5307765,CCOC(=O)c1cccc(NC(=O)C2CCCN(S(=O)(=O)c3cnc[nH]3)C2)c1,0
656215,O=C(CCN1CCN(c2ccccc2F)CC1)Nc1ccc2c(c1)OCO2,0
749961,O=C(CCN1C(=O)c2ccccc2C1=O)Nc1ccc(F)cc1,0
648186,Oc1ccc(N2CCN(C(c3cccnc3)c3nnnn3Cc3ccccc3)CC2)cc1,0
276779,CC(=NCC(=O)O)c1ccccc1,0
5389860,COc1cccc(C2/C(=C(\O)c3c(C)nc4c(C)cccn34)C(=O)C(=O)N2CCCN(C)C)c1,0
663491,CC(C)C[C@H](NC(=O)NCc1ccccc1Cl)C(=O)O,0
3244323,CC(=O)N1CCc2cc(S(=O)(=O)NCCC(=O)N3CCN(c4ccccn4)CC3)ccc21,0
752838,CCn1c(CCn2ccnc2C)n[nH]c1=S,0
3236113,COc1ccc(S(=O)(=O)NCc2csc(C)n2)cc1,0
892578,CN(C)c1ccc(CNn2cnnc2)cc1,0
1281416,O=C(CCSc1nnc2scc(-c3ccccc3)n12)NCc1ccc2c(c1)OCO2,0
3775,CC(C)[N+](C)(CCC(C(N)=O)(c1ccccc1)c1ccccc1)C(C)C,0
3244922,CN(Cc1ccccc1)C(=O)CNC(=O)Cn1cnc2ccccc2c1=O,0
3240791,Cc1cccc(NC(=O)c2sc3nc(-c4ccccc4)cn3c2C)n1,0
2203738,O=C(O)CCCC(=O)Nc1ccc(Br)cc1C(=O)O,0
663755,CCOC(=O)N1CCN(CC(=O)Nc2c(C(=O)OC)[nH]c3cccc(Cl)c23)CC1,0
3240549,CC1(C)CC(=O)c2cc(C(=O)NC3CCSC3=O)c(=O)n(-c3ccccc3)c2C1,0
2094369,Cn1cccc1C(=O)NC(=O)CSc1cccc[n+]1[O-],0
3243909,COc1ccccc1N1CCN(CCCNC(=O)Nc2ccccc2C)CC1,0
5459574,COC(=O)c1ccc(C(NC(=O)OCc2ccccc2)/C(F)=C/[C@@H](C)C(=O)NC2CCCCC2)cc1,0
990951,CN(C)S(=O)(=O)c1ccc(C(=O)Nc2ccccc2C(=O)Nc2ccccn2)cc1,0
3067696,CCOC(=O)Nc1ccc(S(=O)(=O)N2CCOCC2)cc1,0
122172687,CC(CO)Nc1ncc2ccc(C(=O)N[C@@H](c3ccc(Cl)c(F)c3)c3cnn(C)c3)cc2n1,1
727520,O=C(Cc1nc2ccccc2s1)c1ccc(O)cc1O,0
118380897,COC[C@@H](NC(=O)Nc1cc2[nH]nc(N3CCC3)c2cn1)c1ccccc1,1
3247,CC12CCC3C(=CCc4cc(O)ccc43)C1CCC2=O,0
2997690,CS(=O)(=O)c1ccc(Cl)c(NC(=O)C2CC(=O)N(Cc3ccccc3)C2)c1,0
3234266,COc1cccc(-c2cc(NCCc3c[nH]c4ccc(OC)cc34)ncn2)c1,0
734582,COCc1nnc(NC(=O)C(C)C)s1,0
3235491,CN(C)c1ncc2nc(-c3cc(F)cc(F)c3)c(=O)n(C3CC3)c2n1,0
2363090,Cc1ccc(NC(=O)CSc2nccc(=O)[nH]2)c(S(=O)(=O)N2CCOCC2)c1,0
16757937,C=C1C([C@@]2(C)C(OC(C)=O)CC(=O)O[C@@](C)(COC(C)=O)C2CC(=O)OC)C(OC=O)C(OC(=O)C(OC(C)=O)C(C)CC)[C@]2(C)C(c3ccoc3)CC(=O)C12O,0
2565448,Nn1c(Cc2ccccc2F)nnc1SCC(=O)N1CC(=O)Nc2ccccc21,0
595568,COC(=O)C(F)(F)Sc1c(C)[nH]c2ccccc12,0
653643,Cc1ccc(C(=O)Nc2nnn(C)n2)cc1,0
118381367,CNc1n[nH]c2cc(NC(=O)N[C@H](COC)c3ccc(F)cc3)ncc12,1
3234272,CN(C)c1ccc(-c2ccc3ncnc(N4CCNCC4)c3c2)cc1,0
2341965,CC1=C(C)C(=O)N(c2ccc(C(=O)O)cc2)C1=O,0
92044584,O=C(Nc1cc2n[nH]c(C3CC3)c2cn1)N[C@@H]1CCOc2ccccc21,1
663528,Cc1cccc(S(=O)(=O)Nc2nc3ccccc3nc2NCc2ccco2)c1,0
654017,COC(=O)C1(CCSC)NC(c2ccc(O)cc2)C2C(=O)N(c3ccc4c(c3)OCCO4)C(=O)C21,0
651098,O=C(CCC(=O)N(CC(=O)NC1CCCCC1)c1ccc2c(c1)OCO2)Nc1ccccn1,0
2976031,CCOC(=O)C1CCCN(C(=O)c2cc3nc(-c4cccc(OC)c4)cc(C(F)(F)F)n3n2)C1,1
1314911,Cn1c(NC(=O)c2cccc(Cn3cc(Cl)cn3)c2)nc2ccccc21,0
654417,CCCOc1ccccc1C1NC(=O)NC(C)=C1C(=O)OCCOC,0
219760,CCCCNc1ncnc2c1cnn2-c1ccccc1,0
646944,CC(=O)N(CCO)Cc1cc2cc(C)cc(C)c2[nH]c1=O,0
3235174,N#Cc1cccc(-c2nc(N3CCNCC3)c3ccccc3n2)c1,0
2801982,Cc1cc(N=Nc2ccc(Cl)cc2)cc(CN2CCCC2)c1O,1
3236208,O=C(CN1CCCN(S(=O)(=O)c2ccc(Br)cc2)CC1)Nc1ccc2cn[nH]c2c1,0
1169238,N#Cc1c(NC(=O)c2nc3ncccn3n2)sc2c1CCCCC2,0
644475,O=C(CSc1nnc(-c2ccccc2F)o1)OCc1ccccc1,0
1260077,CCOc1cccc(-c2cc(=O)[nH][nH]2)c1,0
3237895,CCOC(=O)C1CCN(c2c(NCCCN(CC)c3ccccc3)c(=O)c2=O)CC1,0
1291756,COc1ccc(Cl)cc1-c1nc(-c2ccc(NC(=O)c3ccncc3)cc2)no1,0
3236391,CCOC(=O)C1CCN(C(=O)CCn2c(=O)[nH]c3ccccc3c2=O)CC1,0
7812,Nc1ccc(Cl)cc1,0
3237688,CCOC(=O)C(NC(=O)CC)(Nc1sc2c(c1C(=O)OC)CCN(C)C2)C(F)(F)F,0
648402,COCCN(C(=O)CCC(=O)Nc1ccccn1)C(C(=O)NCCC(C)C)c1ccc(OC)cc1,0
305,C[N+](C)(C)CCO,0
2402094,CN(C)/C=c1\sc2c(C#N)cc(C(=O)c3ccc(Br)cc3)n2c1=O,0
665358,CCN1C(=O)C(NC(C)=O)c2cc(OC)ccc21,0
2980696,O=C(N1CCOCC1)N1CCN(CC(O)COc2ccc3ccccc3c2)CC1,0
3247074,COC(=O)[C@@]1(Cc2ccccc2)[C@H]2c3cc(C(=O)N4CCCC4)n(Cc4ccccn4)c3C[C@H]2CN1C(=O)c1ccccc1,0
948801,Cn1cnc2cc(NC(=O)c3ccc(Cl)cc3)ccc21,0
3245839,CCN(C(=O)c1cn(C)c(=O)c2cc(OC)c(OC)cc12)c1cc(C)ccc1C,0
3247255,COC(=O)[C@@]1(Cc2ccc(F)cc2)[C@H]2c3cc(C(=O)N(C)C)n(CCO)c3C[C@H]2CN1C(=O)c1ccccc1,0
656379,CCOC(=O)c1ccc2nc(NC(=O)c3cccs3)sc2c1,0
5307882,CCOC(=O)CN1CC23C=CC(O2)C(C(=O)Nc2cc(OC)ccc2OC)C3C1=O,0
3242041,O=C(C1CCC(Cn2c(=S)[nH]c3ccccc3c2=O)CC1)N1CCOCC1,0
666670,Cn1c(CCNC(=O)c2ccccc2)nc2cc(NC(=O)c3ccco3)ccc21,0
4421465,Nc1nc2n(n1)C(c1cccc(Cl)c1)CC(c1ccc(F)cc1)N2,0
802770,C/C(Cl)=C/CSc1nc2c(c(=O)[nH]c(=O)n2C)n1C(C)C,0
3234954,COc1ccc(Oc2ncc3nc(-c4ccc(OC)cc4)c(=O)n(C4CC4)c3n2)cc1,0
2922045,Cc1cccnc1NCC(O)COc1ccccc1,0
2160486,Cc1ccc(-n2nc3c(c2NC(=O)c2ccc(OC(C)C)cc2)CS(=O)C3)cc1,0
2998156,O=S(=O)(CCN(CCS(=O)(=O)C(F)(F)F)CC1CCCO1)C(F)(F)F,0
804602,COc1cc(NC(=O)C2CC2)c(C(=O)O)cc1OC,0
806905,Cc1cccc(OCC(=O)Nc2ccc(N3CCCC3)cc2)c1C,0
5309495,O=C(NCCCN1CCOCC1)c1cc(-c2ccc(O)cc2)on1,0
653467,CCOc1ccc(C(=O)NC2CCN(S(=O)(=O)CC)CC2)cc1,0
738371,CC1CCN(CC(=O)N2c3ccccc3CCc3ccccc32)CC1,0
3236490,COc1ccccc1CN1C(=O)CN(C2CCCC2)C(=O)C1c1ccc(F)cc1,0
3839220,Clc1ccccc1OCCCCn1ccnc1,0
666998,Cc1csc(Sc2nc3c(c(=O)[nH]c(=O)n3C)n2Cc2ccccc2Cl)n1,0
2365802,O=C(COC(=O)c1cn(-c2ccccc2)nc1-c1cccs1)NC1CC1,0
656278,COc1ccccc1NC(=O)C1C2C=CC(O2)C1C(=O)O,0
1298211,CC(C)NC(=O)c1ccccc1NC(=O)c1ccccc1N(C)S(C)(=O)=O,0
3245510,O=C(NC1CCCCCC1)C1CCCN(S(=O)(=O)c2cccs2)C1,0
241061,Oc1ccc2ccccc2c1C=NCc1c(O)ccc2ccccc12,0
5308644,COc1ccc(Nc2cc(C)nc3nc(C)nn23)cc1Cl,0
2887381,COc1ccc(OC)c(NC(=O)C2C3CCC(O3)C2C(=O)O)c1,0
2999210,Cc1cc(C)nc(-n2nc(C)c(C3(O)C(=O)Nc4ccccc43)c2N)n1,0
404637,COc1ccc(C2C=C(c3ccccc3)Nc3nnnn32)cc1,0
5308289,COc1ccc(NC(=O)CC2Oc3ccc(C)cc3NC2=O)cc1,0
3241471,O=C(NCc1ccco1)c1cccn2c(=O)c3cc(Br)ccc3nc12,0
828743,CCS(=O)(=O)n1nc(-c2ccc(Cl)cc2)nc1N,0
696845,Cc1sc2ncn3cnnc3c2c1C,0
647716,Cc1ccc(C(c2nnnn2C(C)(C)C)N2CCc3ccccc3C2)cc1,0
3245595,COc1ccc(N(CC(=O)Nc2cccc(C)c2)S(=O)(=O)c2c(C)n[nH]c2C)cc1,0
3237362,CSc1nnc2c(n1)OC(C)N(C(=O)c1ccccc1)c1ccccc1-2,0
5309421,COc1ccc(-n2c(Cc3cccn3C)nnc2SCC(=O)Nc2ccccc2F)cc1,0
3247197,COC(=O)[C@@]1(Cc2ccccc2)[C@H]2c3cc(C(=O)N4CCCC4)n(CCSCCO)c3C[C@H]2CN1C(=O)c1ccccc1,0
1076534,COc1ccc(Cc2nnc(SCC(=O)c3ccc(OC)cc3)o2)cc1,0
444041,OC[C@H]1O[C@@H]2O[C@H]3[C@H](O)[C@@H](O)[C@@H](O[C@H]4[C@H](O)[C@@H](O)[C@@H](O[C@H]5[C@H](O)[C@@H](O)[C@@H](O[C@H]6[C@H](O)[C@@H](O)[C@@H](O[C@H]7[C@H](O)[C@@H](O)[C@@H](O[C@H]8[C@H](O)[C@@H](O)[C@@H](O[C@H]1[C@H](O)[C@H]2O)O[C@@H]8CO)O[C@@H]7CO)O[C@@H]6CO)O[C@@H]5CO)O[C@@H]4CO)O[C@@H]3CO,0
73506037,CN(Cc1ccccc1)C(=O)N1Cc2nc(NC3CCOCC3)ncc2C1(C)C,1
2123310,CCOC(=O)N1CCN(C(=O)Cc2ccsc2)CC1,0
652064,COc1cc(C2C(C(=O)c3ccc(C)o3)=C(O)C(=O)N2Cc2cccnc2)ccc1O,0
3242283,Cc1ccc(S(=O)(=O)NCc2cn3c(C)csc3n2)cc1,0
888314,COc1ccccc1Cc1noc(COc2cccc(C)c2C)n1,0
3244769,COc1cccc(-c2cc(C(F)(F)F)nc(N3CCN(c4ccccc4)CC3)n2)c1,0
652727,CN(C)S(=O)(=O)c1ccc(N2CCN(S(=O)(=O)c3ccc(F)cc3)CC2)c(Cl)c1,0
118365190,COCCOc1n[nH]c2cc(NC(=O)N[C@H](C)c3ccc(F)cc3)ncc12,1
658370,Cc1cc(C)n(-c2nc3ccccc3nc2N2CCCCCC2)n1,0
663980,COc1ccc(-c2nc(C#N)c(N3CCN(c4cccc(Cl)c4)CC3)o2)cc1OC,0
3237178,COc1ccccc1CNS(=O)(=O)c1ccc2[nH]cc(C(=O)O)c(=O)c2c1,0
118365305,C[C@@H](O)COc1n[nH]c2cc(NC(=O)N[C@H](C)c3ccccc3)ncc12,1
655027,O=C(Cn1nnc(-c2ccccc2F)n1)Nc1ccc(S(=O)(=O)NC2CCCC2)cc1,0
984539,O=C(c1ccc(CNS(=O)(=O)c2cccc(C(F)(F)F)c2)cc1)N1CCOCC1,0
655708,COc1cccc(OCc2nnc(SCC(=O)OC3CCCCC3)n2C)c1,0
2997880,O=C(CSC1=NCCS1)N1CCCCCC1,0
650109,COc1ccc(C)cc1NC(=O)CN1CCN(c2ccc(F)cc2)CC1,0
4561725,O=C1C(Cl)=C(N2CCN(c3ccccc3[N+](=O)[O-])CC2)C(=O)c2ccccc21,1
2214016,C=CCOc1c(CNc2nccs2)cccc1OCC,0
2930697,Cc1cc(N2C(=O)C3CC=CCC3C2=O)cc(C)c1Br,0
73504988,CC1(C)c2cnc(NC3CCOCC3)nc2CN1C(=O)NCc1cc(F)cc(S(C)(=O)=O)c1,1
644416,Cc1ccc(C2CC(C(F)(F)F)n3nc(C(=O)NCc4c(C)nn(C)c4C)c(Cl)c3N2)cc1,0
886017,COCC(=O)Nc1ccc(C(N)=O)cc1,0
651282,CC(=O)NC1CCN(C(=O)N2CCCC2)CC1,0
3241931,COc1ccc2oc(=O)c(C(=O)N3CCN(C45CC6CC(CC(C6)C4)C5)CC3)cc2c1,0
1319508,CC(=O)Nc1ccc(NC(=O)CN(c2ccccc2Cl)S(C)(=O)=O)cc1,0
2998424,CC(C)(C)c1ccccc1NC(=O)c1ccco1,0
2553831,O=C(Cn1[nH]c(=O)c2ccccc2c1=O)NC1CCN(Cc2ccccc2)CC1,0
650197,COc1ccccc1NC(=O)N(CCCN1CCOCC1)Cc1cc2cc3c(cc2[nH]c1=O)OCO3,0
5309821,CCn1c(=O)cc(OCC(=O)N2CCCC2)c2ccccc21,0
659132,N#CCCn1c(Cl)nc2ccccc21,0
1223030,CCOc1ccc(OCc2ccc(C(=O)Nc3ccc(Cl)cn3)o2)cc1,0
5283454,CCCCCCCC/C=C\CCCCCCCC(=O)NCCO,0
661924,C=CCn1c(N)c(C(=O)OCC(C)C)c2nc3ccccc3nc21,0
1254594,CCc1nnc2sc(-c3ccc(NC(=O)CSc4ccc(Cl)cc4)cc3)nn12,0
645777,CCC(C)NC(=O)C1CCN(c2nc(C)cc(C)n2)CC1,0
16759069,C#CCC(C(=O)OC)(C(=O)OC)C(C[N+](=O)[O-])c1ccccc1,0
2952399,Cc1ccc(S(=O)(=O)N2CCCC2C(=O)NCCc2nc3ccccc3[nH]2)cc1,0
666629,Cc1nc2nc3c(c(=O)n2[nH]1)CCC3,0
58881874,CCNC(=O)Nc1ccc2ncc(Nc3ccc(C)c(O)c3)nc2n1,1
3241802,O=C(Nc1ccc2c(c1)OCO2)C1CCCCN1S(=O)(=O)c1ccc(F)cc1,0
851316,O=C(CS(=O)(=O)c1ccccc1)N1CCCCCC1,0
5309269,CCN1CCN(C(=O)c2cc3c(-c4ccc(Cl)cc4)nn(C)c3s2)CC1,0
2192366,COc1ccc(C(=O)Nc2ccc(Cl)cc2C(=O)NCCO)cc1,0
134490,NCC[C@H](N)C(=O)O,0
1589630,CCOC(=O)c1c(NC(=O)C2CCN(S(=O)(=O)c3cccs3)CC2)sc(C)c1C,0
3241709,CCn1c(N)c(C(=O)NCc2cccnc2)sc1=S,0
2033394,Cc1cc(Nc2nnnn2-c2ccccc2)n(-c2ccc(Cl)cc2)n1,0
701241,O=C(Nc1ccc(OC(=O)N2CCCC2)cc1)N1CCOCC1,0
2998996,CC1(c2ccccc2)NC(=O)N(CC(=O)NC(=O)NC2CCCC2)C1=O,0
3240684,CCCCCn1c(CN2CCCCC2C)nc2c1c(=O)n(C)c(=O)n2C,0
750199,COC(=O)c1c(N)c(C#N)c(C)n1-c1ccccc1,0
5308153,CSc1nnc(Cn2c(=O)sc3ccccc32)n1CCc1ccccc1,0
3774420,Cc1ccc(NCCc2c([N+](=O)[O-])cc([N+](=O)[O-])cc2[N+](=O)[O-])cc1,1
666556,COc1cccc(C2C(C#N)=C(N)Oc3c2oc(CO)cc3=O)c1OC,0
2999775,Nn1c(SCc2cn3ccsc3n2)nnc1-c1ccncc1,0
2217871,COCCNC(=O)c1ccc(NS(C)(=O)=O)cc1,0
662452,Cc1cccc(C)c1NC(=O)CSc1nnc(CCCCCNC(=O)OC(C)(C)C)o1,0
5389750,Cc1c(O)c(CN2CCCC2)cc2c3c(c(=O)oc12)CCC3,0
121416591,Cc1cc(-n2ncc3cc(NC(=O)N[C@H]4CCCC[C@@H]4Cc4ccccc4)ncc32)ccn1,1
954417,CCOc1ccccc1N1Cc2cc(C)c(C)cc2C1,0
118365191,COc1n[nH]c2cc(NC(=O)N[C@@H](c3ccccc3)C3(O)CCCC3)nc([C@H](C)O)c12,1
1169201,COc1ccccc1NS(=O)(=O)c1ccc(NC(=O)c2nc3ncccn3n2)cc1,0
1570036,O=C(CCCOc1ccccc1)Nc1nccs1,0
2944710,CCC(Oc1ccccc1)C(=O)N1CCC(C(N)=O)CC1,0
2572931,CC(C)(C)NC(=O)CSc1nncn1-c1ccccc1,0
20393,CCCCC(CC)COC(=O)c1ccccc1C(=O)O,0
1799746,CCCOc1ccc2c(C)c(CC(=O)OC)c(=O)oc2c1,0
877106,CS(=O)(=O)c1nncn1-c1ccccc1,0
2778792,CCOC(=O)CC1Sc2ccccc2NC1=O,0
646660,CN(C)c1ccc(-c2nnn(CC(=O)Nc3ccccc3N3CCOCC3)n2)cc1,0
2997727,O=C(Nc1nc(-c2ccccc2)cs1)C1CCCCN1S(=O)(=O)c1ccccc1,0
2904303,CCOC(=O)C1CCCN(C(=O)c2cccs2)C1,0
2998986,N#Cc1ccc(OCCN2C(=O)NC3(CCSC3)C2=O)cc1,0
662894,CCOC(=O)c1cnc(-n2cc(C)cn2)nc1Nc1ccccc1OCC,0
154968119,CN=CN=C(N)c1ccc(C2=CCN(C(=O)CN3CC[C@]4(CCN(c5ccc(N)c(C(=N)N6CCOCC6)n5)C4=O)C3)CC2)cc1,1
2527180,O=C(c1ccc(Cl)cc1)c1ccc(OCC(=O)N2CCOCC2)cc1,0
3234383,COCC(=O)N1CCC2(CC1)CN(c1ccccc1)C2,0
652343,CCOc1ccc(OCC)c(NC(=O)CSc2nnc(Cn3cnc4ccccc43)n2C)c1,0
2121660,COC(=O)c1cc(OC)c(OC)cc1NC(=O)Nc1ccccc1OC,0
2574206,Cn1nc(C(=O)NC2CCCCCC2)ccc1=O,0
2977485,O=C(CN1CCOCC1)NC1CC2CCC1C2,0
737908,CCC(=O)c1cc2c(cc1NC(=O)c1ccc(C)cc1)OCCO2,0
2997691,CC(=O)NC12CC3CC(C1)CC(C(=O)OCC(=O)c1ccc4c(c1)OCCO4)(C3)C2,0
3232732,COc1ccc(C(=O)N2CCC3(CCN(CC(C)C)CC3)CC2)cc1,0
655674,CCNC(=O)C1CCCN1S(=O)(=O)c1ccc(OC)cc1,0
658117,O=S1(=O)CCC(N=Cc2cc(Br)ccc2O)C1,0
647117,Cc1ccc(S(=O)(=O)N2CCCN(S(=O)(=O)c3ccc4c(c3)OCCO4)CC2)cc1,0
3233765,Cc1cnc(CNc2ccnc(-c3c(C)noc3C)n2)cn1,0
772352,NC(=O)c1ccccc1NC(=O)CCc1ccccc1,0
6604878,C=CCN1C[C@H](C)N([C@@H](c2ccccc2)c2ccc(C(=O)N(CC)CC)cc2)C[C@H]1C,0
644840,CCOC(=O)C(C)Sc1nnc2n1C(C)(C)Cc1ccccc1-2,0
647515,Cc1cc(Nc2ccc(N3CCC(C)CC3)cc2)n2ncnc2n1,0
3298053,COc1ccc(C2c3c(oc4ccccc4c3=O)C(=O)N2c2ccccn2)cc1OC,0
2095823,Cc1onc(-c2ccccc2)c1C(=O)Nc1ccnn1C1CCCCC1,0
6604404,C[C@@H]1CCc2cc(F)cc3c(=O)c(C(=O)O)cn1c23,0
2836236,CC(C)(C)NC(=O)C1CCC(C)(C(=O)O)C1(C)C,0
1303890,COC(=O)CSc1nnc(-c2sc3cc(OC)ccc3c2Cl)n1C,0
5307642,CCOCCCNC(=O)Cn1cc2c(n1)CCCCC2,0
645849,CCNC(=O)N1c2ccc(OC)cc2C(C)=CC1(C)C,0
859398,O=C(CSc1nnnn1-c1ccc(F)cc1)NC1CCCCC1,0
3247172,COC(=O)[C@@]1(Cc2ccc(F)cc2)[C@H]2c3cc(C(=O)N(C)C)n(Cc4cc(F)c(F)c(F)c4)c3C[C@H]2CN1C(=O)c1ccccc1,0
145995658,COc1ccc(C[C@H]2CC(=O)N(C)c3cc(-c4ccnc(Nc5ccnn5C)n4)cc4nnc2n34)cc1,1
2292580,COc1ccccc1OCC(=O)Nc1ccc(S(=O)(=O)Nc2nc(C)cc(C)n2)cc1,0
1321502,CCc1ccc(NC(=O)CSc2nc3c(c(=O)n(C)c(=O)n3C)n2C)cc1,0
644829,CC(=O)NC(C(=O)NCC(N)=O)C(C)C,0
650809,Cn1c(NCCCO)nc2c(c1=O)C1(CCCCC1)Cc1ccccc1-2,0
5308969,CC(Sc1nnc(Cn2c(=O)sc3ccccc32)n1C)c1ccccc1,0
646360,CCOC(=O)C(CC)n1cnc2sc3c(c2c1=O)CCC3,0
4463525,CC12CCCCC1=NC(c1ccc(Br)cc1)N2O,0
963163,Cc1nc(SCC(=O)NCc2ccco2)c2c(C)c(C)sc2n1,0
2346297,Cc1ccc(OCCC(=O)OCC(=O)C(C)(C)C)cc1,0
648214,CCN(CC)c1ccc(-n2cc3c(=O)n(C)c(=O)n(C)c3c2)cc1,0
2369039,N#Cc1c2n(c(=O)[nH]c1=O)CCCCC2,0
1868,COc1ccc2[nH]c3c(c2c1)CCNC3,0
2845797,NC(=O)C1CCCN(Cc2ccc(Cl)cc2)C1,0
945142,CC(=O)c1cnc(Nc2nc(C)c3cc(C)ccc3n2)nc1C,0
1080842,C=C(C)c1cccc(C(C)(C)NC(=O)N2CCN(c3ccccn3)CC2)c1,0
1305851,O=C(CN1C(=O)c2ccccc2S1(=O)=O)Nc1ccc(S(=O)(=O)N2CCCCC2)cc1,0
3245111,O=C(CCN1C(=O)C2C3C=CC(C3)C2C1=O)Nc1c(F)cccc1F,0
118369890,CC(C)Nc1ncc2c(n1)CN(C(=O)NCc1cc3ccccc3[nH]1)CC2,1
121432328,Cc1cc(-n2ncc3cc(NC(=O)N[C@H]4CCCC[C@@H]4NC(=O)c4ccccc4)ncc32)ccn1,1
3235863,CCn1cc(C(=O)NCCCN2CC(C)CC(C)C2)c2cc(OC)c(OC)cc2c1=O,0
2998637,COc1ccc(OCc2nnc(SC3CCOC3=O)n2-c2ccccc2)cc1,0
753569,Cc1ccccc1OCc1nnc2c3cnn(C)c3ncn12,0
5739939,CCc1c(C)c2cc(Cl)c(O)c(CN(C)C)c2oc1=O,0
650727,Cc1cc(NC(=O)Cn2nnc3sc4c(c3c2=O)CCCC4)no1,0
118046053,CN1C[C@@H](NC(=O)c2ccc(-c3cc(-c4cnn(C)c4)cnc3N)cc2F)[C@H](c2ccc(F)c(Cl)c2)C1,1
297272,OCC1CCCN2CCCCC12,0
652032,CCOc1ccc2nc(NCCCNS(=O)(=O)c3ccccc3)c(C#N)cc2c1,0
5459652,CC(=O)N1CC=CC1(CC(C)C)C(=O)NCC1CC1,0
2998928,COC(=O)c1ccc(CN2C(=O)NC3(CCCc4ccccc43)C2=O)o1,0
16758811,CCOC(=O)CCN1C(=O)[C@H]2[C@@H]3[C@H](O)C=CC(=O)[C@H]3CC[C@H]2C1=O,0
654989,Cc1cccc(OCCc2nnc(N)s2)c1C,0
654553,N#Cc1c(NC(=O)CSc2nnnn2C2CCCC2)sc2c1CCCC2,0
786355,CCc1nnc(NC(=O)c2cnccn2)s1,0
121416588,Cc1cc(-n2ncc3cc(NC(=O)N[C@H](C)c4ccccc4)nc(CNCCN(C)C)c32)ccn1,1
3243260,Cc1ccc(-n2c(Cc3cccn3C)nnc2SCC(=O)Nc2nnc(C)s2)cc1,0
2999924,CC(=O)NC12CC3CC(C1)CC(C(=O)OCC(=O)NC(=O)c1cccn1C)(C3)C2,0
2845811,CC(O)CN(Cc1cccc(Cl)c1)CC(C)O,0
660509,CN(C)CCCNC(=O)c1ccc(-c2ccccc2)cc1,0
651225,Nc1ccc(C(=O)OCCCc2nc3ccccc3[nH]2)cc1,0
648545,CCCCOC(=O)CSc1nnc(-c2ccc(Cl)cc2Cl)o1,0
1242260,Nn1c(SCC(=O)Nc2ccc3c(c2)OCO3)nnc1C1CCCCC1,0
1248524,COc1cccc(-c2cc(C(F)(F)F)n3nc(N)nc3n2)c1,0
644556,Cc1nc2cc(-c3cccc(Cl)c3)nn2c(N2CCN(C(=O)c3ccco3)CC2)c1C,0
659469,CCOC(=O)c1c(C)n(COCCO)c2ccc(O)cc12,0
3243533,CCN1CCN(CCNC(=O)c2ccc(CS(=O)(=O)c3ccccc3C)o2)CC1,0
3233957,Cn1cccc1C(=O)N1CCC2(CC1)CN(Cc1ccc(C#N)cc1)C2,0
2338542,O=C(c1ccccc1)c1nnc(-c2ccncc2)o1,0
651350,CC(=O)Nc1cc2c(cc1NC(=O)c1cnccn1)OCCO2,0
118272007,C[C@@H](NC(=O)Nc1cc2[nH]nc(OC(F)F)c2cn1)c1ccccc1,1
656331,CCOc1cc(S(=O)(=O)NCC2OCCc3ccccc32)c(OCC)cc1-n1cnnn1,0
5282759,CCCCCCC/C=C\CCCCCCCCC(=O)O,0
3233009,COc1cccc(Cn2c(=O)c(-c3cccs3)nc3cnc(OCc4ccccc4)nc32)c1,0
573747,O=C(c1cccs1)c1no[n+]([O-])c1C(=O)c1cccs1,1
2896,NC1=NCCN1CC(=O)O,0
650680,COC(=O)c1cccc(N2C(=O)c3ccccc3S2(=O)=O)c1,0
2952363,CCOC(=O)C1C(=O)CC(C)(O)C(C(=O)OCC)C1c1cccc(OC(F)(F)C(F)F)c1,0
7589,CCC(C)Nc1ccc(NC(C)CC)cc1,0
736241,O=C(CN1C(=O)c2ccccc2S1(=O)=O)N1CCOCC1,0
1147959,COc1ccc(S(=O)(=O)N2CCN(C(=O)c3cccc(Cl)c3)CC2)cc1,0
2964175,COc1cccc(C2CC(C(F)(F)F)n3ncc(C(=O)NCc4ccco4)c3N2)c1,0
76070979,CC(C)(C)[C@@H](NC(=O)Nc1cc2[nH]nc(OCCO)c2cn1)c1ccccc1,1
609250,C(#Cc1ccccc1)Cn1nnc2ccccc21,0
2950978,NC(=O)C1(N2CCCCC2)CCN(C2CC(=O)N(Cc3cccs3)C2=O)CC1,0
365383,CC(=O)Nc1ccccc1Sc1ccccc1,0
1503465,CCOC(=O)c1sc2nc(C)cc(C)c2c1NC(=O)c1ccco1,0
3238120,CC(NC(=O)COc1cccc(Br)c1)C(=O)O,0
3232865,N#Cc1ccc(CN2CCCC3(CCN(C(=O)c4ccncc4)CC3)C2)cc1,0
156679133,COc1cccc([C@H](NC(=O)CN2Cc3ccc(-c4nc(NC5CCOCC5)ncc4Br)cc3C2=O)[C@H](C)O)c1,1
665503,Cc1ccc(S(=O)(=O)c2cc3c(=O)n4ccccc4nc3n(CC3CCCO3)c2=N)cc1C,0
1235027,CC(=O)Nc1c(C(=O)N2CCN(c3ncccn3)CC2)cnn1-c1ccccc1Cl,0
663830,Cc1cc(C)c2c(=O)[nH]n(C3CC(C)N(C)CC3C)c2n1,0
16758415,C/C(CCN1CCCc2nc(C)c(C)cc21)=N\O[C@@H](C)CN1CCCc2nc(C)c(C)cc21,0
3237046,CCOC(=O)c1sc(=NC(=O)c2ccc(S(=O)(=O)N3CCOCC3)cc2)n(C)c1C,0
1246767,Cc1noc(C)c1C(=O)Nc1ccon1,0
2297013,C=CCSC1=N/C(=C\c2cc(OC)c3c(c2)OCO3)C(=O)S1,0
3243662,CCc1ccccc1N(CC)C(=O)c1cn(CC)c(=O)c2cc(OC)c(OC)cc12,0
875453,NC(=O)CSCc1cccc(Br)c1,0
644822,CC(C)(C)c1cc(CN2CCN(CCC#N)CC2)cc(C(C)(C)C)c1O,0
71655,N=C(N=C(N)N)N1CCOCC1,0
3238505,CCOC(=O)C1=C(C)Nc2ncnn2C1c1cc(Br)ccc1F,0
5402580,O=[N+]([O-])c1ccccc1/C=N\N1CCN(c2ccccc2)CC1,1
2095831,O=C(c1nn(Cc2ccccc2)c(=O)c2ccccc12)N1CCC(c2nc3ccccc3o2)CC1,0
3240162,CCC1CCCCN1S(=O)(=O)c1ccc(C(=O)Nc2nnc(-c3cccs3)o2)cc1,0
651558,CCCn1c(SCC(=O)Nc2nnc(-c3ccccc3)s2)nnc1-c1ccccn1,0
661967,c1ccc(-c2nc(NCc3ccco3)c3ccccc3n2)nc1,0
2952328,Cc1nc(C)c(C(=O)C2=C(O)C(=O)N(CCN3CCOCC3)C2c2cccs2)s1,0
3239089,Cc1ccc2cc3cc(C(=O)NCCN4CCOCC4)oc3nc2c1,0
3239917,COCC(=O)NCc1nc2ccccc2n1Cc1ccccc1F,0
1313539,Cc1cc(NC(=O)c2cc3ccccc3o2)cc(C)c1OCC(=O)N1CCOCC1,0
649062,CCc1nnc(NC(=O)C2CCN(c3nc(C)cc(C)n3)CC2)s1,0
3245487,CCCCCNC(=O)c1ccc2c(=O)[nH]c3c(C(=O)NCC4CCCO4)sc(=S)n3c2c1,0
2938683,O=C(CN1C(=O)C2CC=C(Cl)CC2C1=O)Nc1ccc(C(=O)O)cc1,0
645042,O=C(NC12CC3CC(CC(C3)C1)C2)C1CCCN1C(=O)NC1CCCCC1,0
2053885,CC(C)(C)NCCCCOc1ccc(F)cc1,0
2565381,Fc1ccc(-c2nnc(CSc3nnc(-c4ccc5c(c4)OCO5)o3)o2)cc1,0
77832,CC1(C)CC(=NO)CC(C)(C)N1,0
3238477,COc1ccc(N2C(=O)CCC(C(=O)NCCN3CCOCC3)C2c2ccc(OC)c(OC)c2)cc1,0
665140,Cc1ccc2[nH]c(=O)c(COC(=O)C3CCCO3)cc2c1,0
5308667,CN(CC(=O)Nc1ccc2c(c1)OCCO2)S(=O)(=O)c1cccc2cccnc12,0
662535,CN(C)C(=O)CSc1nnc(CCNC(=O)OC(C)(C)C)o1,0
2312372,Cn1c(=O)c2nc(NCc3ccccc3)cnc2n(C)c1=O,0
2997954,C=CCC(=O)OCC(=O)Nc1ccc(Oc2ccccc2)cc1,0
2967428,O=C(c1cccnc1)N1C2C=CC(C2)C1(C(F)(F)F)C(F)(F)F,0
2101664,O=C(CN1CCCCCC1)Nc1ccc(F)c(F)c1F,0
3246239,CN[C@@H](c1ccncc1)[C@@H](NC)c1ccncc1,0
3232751,O=C(Oc1ccccc1)N1CCC[C@@]2(CCN(Cc3ccccc3)C2)C1,0
3243436,O=C(NCC(c1cccnc1)N1CCOCC1)Oc1ccccc1,0
418541,N=C(N)SCCON1C(=O)c2ccccc2C1=O,0
646347,CCCCOc1ccc(-c2nnn(CCC(=O)N3CCOCC3)n2)cc1,0
5308485,CCOc1ccc(N(CC)C(=O)COc2cc(=O)n(C)c3ccccc23)cc1,0
3236449,Cc1cccc(C)c1NC(=O)Nc1cccs1,0
335083,Clc1ccc2c(N3CCC(CCC4CCN(c5ncnc6cc(Cl)ccc56)CC4)CC3)ncnc2c1,0
2891337,O=C(C1COc2ccccc2O1)N1CCCC1,0
882981,CCN(CC)S(=O)(=O)c1cc(Br)ccc1OC,0
3242016,Cc1cc(C)cc(-n2nnc(C(=O)NCc3ccc(Cl)cc3)c2N)c1,0
1827921,CC(=O)NCCOC(=O)Nc1ccncc1,0
135438785,O=C1CC(c2ccccc2)CC(O)=C1C=NCCCO,0
3237742,CN(Cc1ccccc1)C(=O)c1cc(-c2ccc(Br)cc2)on1,0
736392,COc1ccccc1NC(=O)N1CCN(c2ncccn2)CC1,0
3243351,Cc1nonc1NC(=O)OC1CCCCC1,0
1084020,CCOc1cc(-c2nc(-c3ccncc3)no2)cc(OCC)c1OCC,0
9829825,C[C@@H]1O[C@@H](O[C@H]2C[C@@H](O)[C@]3(CO)[C@@H]4C(CC[C@]3(O)C2)[C@@]2(O)CC[C@H](C3=CC(=O)OC3)[C@@]2(C)C[C@H]4O)[C@H](O)[C@H](O)[C@H]1O,0
5308939,COCCNC(=O)CN1CCN(Cc2cccc(Cl)c2)C1=O,0
666753,Cc1nc2oc3c(NCc4ccccn4)ncnc3c2c2c1COC(C)(C)C2,1
658155,O=C(NCc1ccccc1)c1c(F)c(F)c(F)c(F)c1F,0
2950577,O=C1CC(N2CCN(c3ccccc3Cl)CC2)C(=O)N1c1cccc(F)c1,0
1257549,O=S(=O)(c1ccc(Oc2ccc(Br)cc2)cc1)N1CCOCC1,0
3233382,FC(F)(F)c1ccccc1-c1cncnc1NCc1cccs1,0
2268269,COCCCNC(=O)COc1cc(C)c(Cl)c(C)c1,0
3243965,O=C(c1ccc(S(=O)(=O)N2CCOCC2)cc1)N(c1ccccc1)C1C=CS(=O)(=O)C1,0
2102674,Cc1cc(NC(=O)CSc2nc3ccccc3c(=O)n2Cc2ccc(F)cc2)no1,0
5389697,CCCCSc1nnc([C@H](C)NC(=O)OC(C)(C)C)o1,0
3234609,COc1ccc(Oc2ncc3nc(C)c(=O)n(C[C@H]4CCCO4)c3n2)cc1,0
2078763,Cc1nonc1NC(=O)c1ccc(Cl)c(S(=O)(=O)N2CCCCC2)c1,0
3244092,CCCCNC(=O)c1ccc2c(c1)N(CC)C(=O)CS2,0
623308,COc1ccc(OCC(=O)NCc2cccnc2)cc1,0
306968,NS(=O)(=O)c1ccc(NC(=O)Nc2ccccc2F)cc1,0
3238462,CCOCCn1cnc2sc(C(=O)NCC(=O)OCC)c(C)c2c1=O,0
2051278,Cc1nnc(NC(=O)c2ccc(S(=O)(=O)N3CCCCCC3)cc2)o1,0
3237868,C=CCn1cc(C(=O)NCCOC)c(=O)c2cc(S(=O)(=O)N(CC)CC)ccc21,0
768764,COc1ccc(O)c(C(=O)CC(=O)c2ccc(F)cc2)c1,0
2213917,CSc1c(C#N)c(N)c(C#N)c2c1COC(C)(C)C2,0
3241671,CCC1CCCCN1CCNC(=O)c1[nH]c(C)c(C(C)=O)c1C,0
3246152,C[C@@H](C[C@H](N)C(=O)O)C(=O)O,0
91769,c1cc(CN2CCCCC2)cc(OCCCNc2nc3ccccc3s2)c1,0
3239912,CCOC(=O)c1cccc(NC(=O)CCc2nc(-c3ccc(C)cc3)no2)c1,0
2534167,CC(=O)c1ccc(S(=O)(=O)NCCCC(=O)NCCc2ccccn2)cc1,0
3245252,CC(NC(=O)c1ccc(Cl)cc1)C(=O)NC1=NCCS1,0
619876,O=C(O)Cn1c(-c2ccccc2)nc2ccccc21,0
2951054,CC12CCC(C(=O)Nc3cccc(NC(=O)C45CCC(C)(C(=O)O4)C5(C)C)n3)(OC1=O)C2(C)C,0
5756549,CN1/C(=C\C=C2/SC(=S)NC2=O)C(C)(C)c2ccccc21,1
666412,COc1cccc(-c2noc(-c3cccnc3)n2)c1,0
5309064,Cn1cccc1Cc1nnc(SCC(=O)NCC2CCCO2)n1-c1ccc(F)cc1,0
651765,O=C(CN(Cc1cccs1)C(=O)CNS(=O)(=O)c1ccccc1)NCc1ccco1,0
2202776,CCOC(=O)c1c(NC(=O)CSc2nnc(CN3CCOCC3)n2C)sc2c1CCCC2,0
3234943,Cn1c(=O)cnc2cnc(OCc3ccccc3)nc21,0
647801,CCC(C)C(NC(=O)OC(C)(C)C)C(=O)NC(CC(C)C)C(N)=O,0
1352925,O=C(c1ccccc1Oc1ccccc1)N1CCN(c2ccccc2)CC1,0
2957949,CC1Cc2ccccc2N1C(=O)c1ccnc(C(C)(C)C)c1,0
935000,COC(=O)CNc1nc(OC)nc(N(C)C)n1,0
118381160,CC(CC(C)(C)O)Nc1n[nH]c2cc(NC(=O)N[C@H](C)c3ccccc3)ncc12,1
2883423,Cc1ccc(N2CC(C(=O)Nc3ccccn3)CC2=O)cc1,0
983834,CN1CCN(S(=O)(=O)c2ccc(-c3ccc(Cl)cc3)cc2)CC1,0
2622461,Cc1cc(C)c(NC(=O)CN2C(=O)NC3(CCCCC3)C2=O)c(Cl)c1,0
644648,Cc1ccc(S(=O)(=O)Cn2nnnc2CN(Cc2ccco2)Cc2cccs2)cc1,0
3234112,O=c1c(-c2ccccc2)nc2cnc(N3CCOCC3)nc2n1Cc1cccs1,0
645655,O=C(CSc1nnc2scc(-c3ccccc3)n12)N1CCN(Cc2ccccc2)CC1,0
2867055,CC(=O)N(Cc1ccc2c(c1)OCO2)C1CC(=O)N(CCc2ccccc2)C1=O,0
663915,CSc1nc(C)cc(OCNC(=O)c2cccs2)n1,0
135500938,O=c1[nH]c(N2CCN(c3ccccc3)CC2)nc2c1CCC2,0
629147,CCCCOc1ccc(N2CC(C(=O)NC(C)C)CC2=O)cc1,0
5309087,CCN1CCN(C(=O)CS(=O)Cc2nc(-c3ccc(OC)cc3)oc2C)CC1,0
644965,Cc1cc(C2C(=O)C(C(=O)c3ccc(Cl)cc3)C(=O)CC2(C)C)on1,0
665968,O=C(O)CCc1nc(-c2ccccc2)no1,0
135449528,CCCc1n[nH]c(=O)[nH]1,0
646157,O=C(O)CN1C(=O)CC(Cc2ccc(Cl)cc2)C1=O,0
2212108,O=C(Nc1ccc(-c2nc3ccccc3o2)cc1)c1ccc2c(c1)OCO2,0
122272,Cc1noc(NS(=O)(=O)c2cccc3c(N(C)C)cccc23)c1C,0
11447821,CC1(C)OCC([C@H](O)C2=CCCCC2=O)CO1,0
5309941,CCn1cc(C(=O)N2CCCC2)c(=O)c2cc(S(=O)(=O)N(C)C)ccc21,0
4330530,CC12CCC3C(CC3(C)C)C(C)(CCC1=O)O2,0
231656,c1ccc2c(c1)c1ccccc1n2Cn1c2ccccc2c2ccccc21,0
3237922,COCCn1c(=NC(=O)CSCC(=O)Nc2cc(C)on2)sc2cc(C(=O)OC)ccc21,0
657968,Cc1sc2nc3n(c(=O)c2c1C)Cc1ccccc1-3,0
2981260,CCn1c(Cc2ccccc2)nnc1SCC(=O)Nc1ccc(N2CCOCC2)c(Cl)c1,0
655423,CC(=O)NC(Cc1ccccc1)C(=O)N1CCN(C(=O)c2cccs2)CC1,0
2940070,CN1C(=O)C(O)(CC(=O)c2ccccc2O)c2cc(Br)ccc21,0
2216919,CCOC(=O)CC(=O)CSc1nc(C)cc(-c2cccnc2)c1C#N,0
5771820,C/C(=C\C1CCCCC1)C(NC(=O)c1ccc(C(F)(F)F)cc1)c1ccc(-c2ccccc2)cc1,0
2999768,COc1ccc(C(CNC(=O)c2ccc(-n3cnnn3)cc2)N2CCOCC2)cc1,0
3237429,COc1ccc(C(CC(=O)O)NC(C)=O)cc1OC,0
4092736,CN1C(=O)CS(=O)c2ccc(C(=O)NC3CC3)cc21,0
5389756,C/C(Cl)=C\Cn1c(NCCc2ccccc2)nc2c1c(=O)n(C)c(=O)n2C,0
667062,N=c1c2c3c(sc2ncn1CCCN1CCOCC1)CCCCC3,0
3235249,COc1cccc(Cn2c(=O)c(-c3ccc(Cl)cc3)nc3cnc(N4CCN(C)CC4)nc32)c1,0
730003,Cc1ccc(OCC(=O)n2nc(C)cc2C)c(Br)c1,0
118045371,CC(=O)NC[C@@H](NC(=O)c1ccc(-c2nc(C3CCC(O)CC3)cnc2N)cc1F)c1cccc(Cl)c1,1
5309625,CCN(CC)c1ccc(NC(=O)C2CCCN(S(=O)(=O)c3cccnc3)C2)c(C)c1,0
649938,CCOc1ccc(OCC)c(NC(=O)CSc2nc3cccnc3n2C)c1,0
972073,CNc1nc(SCc2ccccc2)nc(N2CCOCC2)n1,0
11949154,COC(=O)[C@@H]1C[C@@]2(O)[C@H](O)[C@H](O)[C@H](O)C[C@H]2N1Cc1c(F)cccc1Cl,0
16757768,CC(=O)Oc1ccc2c(c1)CCC1C2CC[C@@]2(C)C1CC(OC(C)=O)C2OC(C)=O,0
117876241,Cc1nc2cnc3cc(F)c(-c4ccc(Oc5ncccn5)cc4Cl)cc3c2n1C1CCN(CC#N)CC1,1
3243716,Cc1nc2ccccc2c(=O)n1NC(=O)c1ccccc1Cl,0
135426534,Cc1nn2c(-c3ccccc3)c(-c3ccccc3)nc2[nH]c1=O,0
3235662,COC(=O)c1ccccc1NC(=O)c1cc(-c2cccc(OC)c2)on1,0
3243491,O=C(Cn1ncc2c(=O)oc3ccccc3c21)N1CCN(c2ccccn2)CC1,0
2213117,CCCCOc1ccc(Cl)cc1CSc1nnc(CC)n1N,0
135416181,COc1ccc(-n2c(SC)nc(O)cc2=O)cc1,0
682558,Cc1ccc(OCC(=O)Nc2ccc(N3CCOCC3)cc2)cc1,0
648000,CCN(CC)S(=O)(=O)c1ccc(NC(=O)Cn2c(=O)oc3ccccc32)cc1,0
667376,COc1ccc2c(=O)c3c(=O)n(Cc4ccco4)c(-c4cc(OC)c(OC)c(OC)c4)nc3oc2c1,0
5307876,CN(C)c1ccc(C2N(c3ccc(Cl)cc3)C(=O)C3CCCN32)cc1,0
2962447,CC1=C(C(=O)NCc2ccccc2)C(c2ccccc2OCC(N)=O)NC(=O)N1,0
3813465,CCC(=NCCCN(C)C)c1c(O)n(-c2ccc(OC)cc2)c(=O)[nH]c1=O,0
649179,CCOc1cc(S(=O)(=O)N2CCN(c3ccc(F)cc3)CC2)c(OCC)cc1-n1cnnn1,0
2847848,Cc1cc(C)n(S(=O)(=O)c2cc(Cl)ccc2Cl)n1,0
92044576,C[C@@H](NC(=O)Nc1cc2n[nH]c(C3CCC3)c2cn1)c1ccccc1,1
135406278,CC(=O)c1c(C)cc(C)c(CSc2nc(C)cc(=O)[nH]2)c1C,0
2400285,O=S(=O)(c1ccc(OCc2nc3ccccc3s2)c(Cl)c1)N1CCOCC1,0
117889814,COc1cc(Oc2nccc(C)n2)ccc1-c1cc2c(cc1F)ncc1ncn(C3(C)CCN(C(N)=O)CC3)c12,1
1072674,CN1C(C)(C)CC(NC(=O)CCC(=O)NC2CC(C)(C)N(C)C(C)(C)C2)CC1(C)C,0
647990,CCOC(=O)C1CCCN(CCC(=O)Nc2cccc(F)c2)C1,0
652918,O=C(NC1CCS(=O)(=O)C1)c1cnccn1,0
3232974,N#CCCn1c(=O)c(-c2cccs2)nc2cnc(Oc3cccc(Cl)c3)nc21,0
1247498,CCOc1cccc2cc(C(=O)N3CCc4ccccc43)c(=O)oc12,0
666274,CCOC(=O)c1[nH]c2ccc(OC)cc2c1NS(=O)(=O)c1ccc(OC)cc1OC,0
665809,Cc1cc(-c2nnc3n2N=C(C(C)(C)C)CS3)n[nH]1,0
5307801,Cc1cc(Nc2ccc(Br)cc2)n2nc(C)nc2n1,0
2998062,Cc1cc(C)n2cc(CSC3=NCCS3)nc2n1,0
2433268,O=C(COC(=O)c1ccc2c(c1)OCO2)NCc1ccc(Cl)cc1,0
654847,CC(C)Cc1nc(S(=O)(=O)c2ccc(Cl)cc2)c(N2CCOCC2)o1,0
135521904,Cc1ccc(-n2c(SCC(=O)NCC3CCCO3)nc3n[nH]c(C)c3c2=N)cc1Cl,0
16758008,O=C1C=CC2=C3c4cc(O)c(O)cc4C[C@]3(O)COC2=C1,0
2180086,CCOCCCNC(=O)c1ccc(OC(C)=O)cc1,0
667193,C=CCn1c(Cc2cccs2)nnc1SCC(=O)Nc1ccc(OC)cc1,0
2959809,CC(C)Oc1ccc(CSc2nnc3n(C)c(=O)c4c5c(sc4n23)CCCC5)cc1,0
16758954,COC(=O)CC1=COC(O)C2C(CO)=CC[C@@H]12,0
1266779,COc1ccc(-n2nnnc2S(=O)(=O)Cc2ccc(C(=O)O)cc2)cc1,0
135449216,CCOc1nonc1C(=N)/C(C(C)=O)=C(\C)O,0
663658,CCCCCn1c(=NC(=O)c2ccco2)c(C(=O)OCC)cc2c(=O)n3ccccc3nc21,0
3235234,N#Cc1ccc(CN2CCCC3(CCN(C(=O)c4cc(C(F)(F)F)cc(C(F)(F)F)c4)CC3)C2)cc1,0
967265,COC(=O)CN(c1ccc2c(c1)OCO2)S(C)(=O)=O,0
2998693,CCOC(=O)c1ccc2c(c1)nc(COc1ccccc1C#N)n2CC,0
2236915,CCOc1cc(S(=O)(=O)n2c(C)nc3ccccc32)ccc1F,0
646099,COc1ccc(C2(O)CCN(C(=O)Cc3cccnc3)CC2)cc1,0
2930827,O=C(O)C1C2C=CC(C2)C1C(=O)NCCc1cccc(Cl)c1,0
1259630,COc1nc(Nc2ccc(O)cc2)nc(OC(C(F)(F)F)C(F)(F)F)n1,1
92044769,Cc1cc(-c2n[nH]c3cc(NC(=O)NCc4ccc(Cl)cc4Cl)ncc23)ccn1,1
1701,NCCc1ccc(S(=O)(=O)F)cc1,0
49830527,Cn1cc(Nc2ncc(Br)c(Nc3ccccc3S(C)(=O)=O)n2)cn1,1
5389902,Cc1nc2c(C)cccn2c1/C(O)=C1\C(=O)C(=O)N(CCN2CCOCC2)C1c1ccncc1,0
783275,COc1cc(Br)cc(CN2CCN(C=O)CC2)c1O,0
73677,COc1cc(C)c2c(c1C=O)Oc1c(c(C)c(O)c3c1C(O)OC3=O)OC2=O,0
662702,Cc1cc(C)c(NC(=O)CSc2nnc(-c3ccncc3)n2Cc2ccco2)c(Cl)c1,0
2999619,Cc1cc(C(=O)CN2C(=O)NC(C)(c3cccc(Br)c3)C2=O)c(C)n1Cc1ccco1,0
646103,CCOC(=O)Cn1cc(C(=O)c2ccco2)c2ccccc21,0
54678166,O=C(Nc1cccnc1)c1c(O)c2cccc3c2n(c1=O)CC3,0
652472,CC(=O)Nc1ccc(C(=O)Nc2ccc(S(=O)(=O)NCC3CCCO3)cc2)cc1,0
740860,COC(=O)C1=C(C)N(c2ccc(Cl)c(Cl)c2)C(=O)C1,0
2957695,Cn1nc(C(=O)NCC2CCCO2)c2ccccc2c1=O,0
135479114,Cc1nnc(SCC(=O)Nc2c(Cl)cccc2Cl)[nH]c1=O,0
2113123,CCOc1ncccc1C(=O)OCC(=O)c1cc(C)n(Cc2ccco2)c1C,0
667325,CCOc1cc(C2c3c(oc4cc(C)c(Cl)cc4c3=O)C(=O)N2Cc2ccco2)ccc1O,0
2950432,O=C1CC(Sc2ncccn2)C(=O)N1c1ccccc1C(F)(F)F,0
3244825,O=c1cc(N2CCN(c3ccccc3)CC2)[nH]c(=O)n1C1CCCCC1,0
652777,CC(C)CCNC(=O)C(c1ccco1)N(Cc1ccc(F)cc1)C(=O)c1snc(C(N)=O)c1N,0
2214825,CCCCC(=O)Nc1ccc(N2CCN(C(=O)CC)CC2)cc1,1
654247,CC(=O)C1=C(O)C(=O)N(Cc2ccco2)C1c1ccc(F)cc1,0
1856074,CN1CCN(C(=O)c2ccccc2-c2nc(-c3ccc(Cl)cc3)no2)CC1,0
3239866,O=c1c2cnn(-c3ccccc3)c2ncn1Cc1ccccn1,0
154968127,Cc1ccc(-c2n[nH]c3ccc(N4CC[C@]5(CCN(CC(=O)N6CC=C(c7ccc(-c8nn(C)c(=O)o8)cc7)CC6)C5)C4=O)nc23)cn1,1
8374,O=C(O)c1ccccc1Cl,0
935206,CCN1CCN(c2c(Cl)cccc2NC(=O)c2ccco2)CC1,0
1814746,CCCCOc1ccc(C(=O)Nc2ccc(N3CCN(C)CC3)cc2)cc1,0
802603,Cc1nonc1NC(=O)c1ccccc1Br,0
555682,COC(=O)c1[nH]cnc1C(=O)c1ccccc1,0
653053,CCCn1nnnc1SCC(=O)c1ccc2c(c1)OCCO2,0
664464,CC1(C)CC(=O)C2=C(C1)Oc1ncn(Cc3ccco3)c(=N)c1C2c1ccccc1,0
3234635,Clc1ccccc1-c1nc(-n2ccnc2)c2ccccc2n1,0
2082035,O=C(Cn1cc(C(F)(F)F)ccc1=O)N1CCN(S(=O)(=O)c2ccc(Cl)cc2)CC1,0
3245143,CCCS(=O)(=O)N1CCC(C(=O)NCCc2ccc(OC)c(OC)c2)CC1,0
741729,Clc1ccc(-c2ncc3ccccn23)cc1,1
654875,CCCn1c(SCc2ccc(Cl)cc2)nc2c1c(=O)[nH]c(=O)n2C,0
2917288,CCCOCCOC(=O)C1=C(C)NC(=O)NC1c1cc(Cl)c(O)c(OC)c1,0
663906,S=c1nc(-c2ccccc2)n(CCCN2CCOCC2)c2c1CCCC2,0
244529,OCCn1cnc2c(SCc3ccccc3)ncnc21,0
685437,Cc1cc(C)c(S(=O)(=O)Nc2nnc(C)s2)c(C)c1,0
648126,O=C(Nc1ccc(NC(=O)c2ccco2)nc1)c1cccnc1,0
2208882,COC(=O)COc1ccc(S(=O)(=O)Nc2ccccc2SC)cc1,0
1252775,CCN1CCN(C(=O)c2ccc(NS(=O)(=O)c3ccccc3)cc2)CC1,0
3234343,CC(=O)N1CCC2(CC1)CCN(c1ccccc1)CC2,0
16758248,CO[C@H]1COC(=O)C/C=C\[C@@H](C)[C@H](OC)COC(=O)[C@H]2CCCN2C(=O)C/C=C\[C@@H]1C,0
3241646,COC(=NC1CCCC1)C(O)c1c[nH]c2ccccc12,0
1188014,Cc1noc(NS(=O)(=O)c2ccc(NC(=O)Nc3ccc(Cl)c(Cl)c3)cc2)c1C,0
648433,CCOCC(=O)Nc1nnc(C)s1,0
1519307,CCC(=O)Nc1cccc(-c2c(C(=O)OC)c(C)nc(C)c2C(=O)OC)c1,0
656237,COc1ccccc1-c1ccc(=O)n(CC(=O)NC(C)(C)C)n1,0
3245319,CCOCCCNS(=O)(=O)c1cc(Br)cc2c1N(C(=O)C1CC1)CC2,0
1243367,O=C(O)c1cc(Nc2nc(N3CCOCC3)nc(N3CCOCC3)n2)ccc1Cl,0
16758348,CO[C@@H]1COC(=O)[C@@H](CCSC)NC(=O)C/C=C\[C@@H](C)COC(=O)CCC[C@H]1C,0
2126247,Cc1cc(C)n(-c2ccc(C(=O)OCn3nnc4ccccc4c3=O)cc2)n1,0
251641,CCOC(=O)c1cnc(SCc2ccccc2)nc1N,0
920039,CSc1nc(N2CCOCC2)c2c(c1C#N)CCCCC2,0
129078131,CCNc1cc([C@@H](C)NC(=O)[C@@H](C)N2Cc3ccc(-c4nc(NC5CCOCC5)ncc4Cl)cc3C2=O)c(Cl)cn1,1
5307794,C=CCn1cc(C(=O)NCc2cccnc2)c(=O)c2cc(S(=O)(=O)N(CC)CC)ccc21,0
2162375,Cc1onc(-c2ccccc2)c1C(=O)NCc1ccc2c(c1)OCO2,0
1181768,O=C(CN1C(=O)c2ccccc2C1=O)Nc1ccc(N2CCOCC2)cc1,0
2353039,COP(C)(=O)c1c(C)nn(-c2ccccc2)c1C,0
92044928,COC[C@@H](NC(=O)Nc1cc2[nH]nc(-c3ccc4nnn(C)c4c3)c2cn1)c1ccccc1,1
3240868,O=C(CCN1C(=O)C2C3C=CC(C3)C2C1=O)N1CCN(c2ccccc2F)CC1,0
2124214,O=C(OCC(=O)N1CCN(c2ccccc2)CC1)c1ccco1,0
772512,O=C(CCN1CCc2ccccc2C1)Nc1ccccc1,0
73506934,C[C@H]1CN(c2n[nH]c3cc(NC(=O)N[C@@H](c4ccccc4)C(C)(C)O)ncc23)C[C@H](C(F)(F)F)O1,1
3245015,CCN(CC)CCn1c(=S)[nH]c2cc(Cl)ccc2c1=O,0
716441,COC(=O)CN(C#N)c1nc(SC)nc(N(C)C)n1,0
3235073,Cc1ccccc1-c1nc(NCc2cccnc2)c2ccccc2n1,0
5307709,COc1ccc(-c2nc(CS(=O)CC(=O)NCC3CCCO3)c(C)o2)cc1,0
5389686,CC1CCC/C(=C\Nc2ccc3c(c2)OCO3)C1=O,0
2999079,CC(=O)Nc1ccc(C(=O)OC2CCOC2=O)cc1,0
657755,C=CC(C)n1c(Br)nc2c1c(=O)[nH]c(=O)n2C,0
649881,CCCn1c(N2CCN(CC(=O)NCc3cccs3)CC2)nc2ccccc21,0
3235904,O=C(Cn1cccc1)Nc1ccc(OC(F)(F)F)cc1,0
661521,N#Cc1nc(COc2ccccc2)oc1NCCCn1ccnc1,0
5771837,CCCC[C@@H]1C[C@H]1C(NC(=O)c1ccccc1)c1ccccc1C(F)(F)F,0
663329,C=CCn1c(SCC(=O)Nc2cc(C)cc(C)c2)nnc1-c1cnccn1,0
3243769,CCCCN(C)C(=O)CCCCn1c(=O)[nH]c2cc(OCC)c(OCC)cc2c1=O,0
3238889,CCn1cc(C(=O)NCc2ccc3c(c2)OCO3)c(=O)c2cc(S(=O)(=O)N3CCOCC3)ccc21,0
541138,COC(=O)C1CCN(C(=O)c2c(-c3ccccc3Cl)noc2C)CC1,0
644809,CCCCCOc1ccc(C(=O)NC(C(=O)O)C(C)C)cc1,0
652603,COc1ccc(CC(NC(C)=O)C(=O)NC2CCN(c3nnnn3-c3ccccc3)CC2)cc1,0
646130,Cn1ncc2c1ncn1c(-c3ccccc3Cl)nnc21,0
652485,Cc1ccc(-c2nnn(CC(=O)N(Cc3ccccc3)C(C(=O)NC(C)(C)C)c3ccncc3)n2)o1,0
5390012,N#Cc1c(N2C(=O)[C@@H]3[C@H](CCC(=O)O)N[C@]4(C(=O)Nc5ccccc54)[C@@H]3C2=O)sc2c1CCCC2,0
1310031,Cc1ccc(-c2nnc3n2N=C(c2ccc(Br)cc2)CS3)cc1,0
3242341,CCCN(CCC)c1nc(NC2CCN(C(=O)OCC)CC2)nc(OC)n1,0
1303328,CCn1c(CNC(=O)c2ccc(OC)c(OC)c2)nnc1SCC(=O)Nc1ccccc1,0
823601,Cc1occc1C(=O)Nc1ccc2ccccc2c1,0
3244873,O=C(NCCN1CCOCC1)c1cc(-c2cccs2)on1,0
2301870,O=S(=O)(NCCSc1nnnn1-c1ccccc1)c1cccs1,0
2169094,N#Cc1cc(N)c(Nc2ccccc2)cc1C#N,0
976779,COc1ccc(S(=O)(=O)Nc2ccccn2)c(C)c1C,0
2943646,CCOc1cc(C2C(C#N)=C(N)OC(C)=C2C(C)=O)cc(Br)c1O,0
598854,Cc1nnc(SCC(=O)Nc2ccc(Oc3ccccc3)cc2)n1N,0
234404,c1ccc2sc(SCN(C3CCCCC3)C3CCCCC3)nc2c1,0
1011052,COc1cc(NS(=O)(=O)c2ccc(NC(=O)COc3ccc(C)cc3)cc2)nc(OC)n1,0
2998638,Cc1cc(C)n2nc(SC3CCCCN(C(=O)c4ccc(F)cc4)C3=O)nc2n1,0
2093024,Cn1nc(C(=O)N2CCN(S(=O)(=O)c3ccccc3)CC2)c2ccccc2c1=O,0
658122,O=C(O)COc1cccc2nsnc12,0
653740,CCOc1ccc(NC(=O)CSc2nnc(-c3ccncc3)n2CC2CCCO2)cc1,0
2917692,NC(=O)C1CCN(CC(=O)Nc2ccccn2)CC1,0
1048411,COc1cc(NC(=O)c2ccc(Br)o2)ccc1NC(=O)C(C)C,0
645898,O=C(Cn1c(-c2ccccc2)noc1=O)Nc1ccc(N2CCCCCC2)cc1,0
49830549,Fc1ccc(Nc2ncnc(Nc3ccc4cn[nH]c4c3)n2)cc1,1
778508,C#CCN(C#N)c1nc(NCC)nc(NC(C)C)n1,0
6603859,NC(N)=N[C@H](CCC(=O)O)C(=O)O,0
2064372,CCOC(=O)CSc1nnc(NC(=O)c2cccc(S(=O)(=O)N3CCCC3)c2)s1,0
3233082,O=C(Nc1cccc(F)c1)N1CCCC2(CCN(C(=O)c3cccc(F)c3)CC2)C1,0
3246737,C#CCOC(=O)[C@H](N)CC(N)=O,0
888955,CN(C)CCSc1nnc2sc3ccccc3n12,0
3239387,CCC(C)N1CC(C(=O)NC2CCCCC2)CC1=O,0
650045,COc1ccc(C(=O)Cn2nnc(-c3cccs3)n2)cc1,0
660815,COC(=O)CCC(=O)COc1ccc(OC)cc1C#N,0
16758631,O=C1[C@H]2[C@H]3[C@H](O)[C@H](O)C/C(=N/OC[C@@H](O)COCc4ccco4)[C@H]3CC[C@@H]2C(=O)N1Cc1ccc2c(c1)OCO2,0
650349,O=C(CSc1nnc(-c2ccc(NS(=O)(=O)c3ccccc3)cc2)o1)NCC1CCCO1,0
3238436,CC(C)N1C(=O)CCC1C(=O)NC1CCCC1,0
2085220,O=C(COc1ncnc2ccccc12)NC(=O)NCc1ccccc1,0
655874,CC1CCc2nc(NC(=O)c3cc(C(C)(C)C)nn3C)sc2C1,0
3240709,COc1ccc(-c2cc(C(=O)NCC(C)C)no2)cc1,0
3236698,Cc1ccccc1-c1nc(CS(=O)CC(=O)N2CCC3(CC2)OCCO3)c(C)o1,0
2212896,COc1ccc(CCCc2nnc(SCC(=O)Nc3nc(C)cs3)n2C)cc1,0
4748,OCCN1CCN(CCCN2c3ccccc3Sc3ccc(Cl)cc32)CC1,0
646852,CC(C)(C)n1nnnc1C(c1cccs1)N1CCCC2(CCCCC2)C1,0
6604756,CCCN(CCC)[C@@H]1CCc2c(OC)cccc2[C@@H]1C,0
389113,CCCC(=O)NC(Nc1ccc(S(=O)(=O)Nc2cc(C)on2)cc1)(C(=O)OCC)C(F)(F)F,0
3243892,Cc1cccc(N(C)S(=O)(=O)c2cccc3nsnc23)c1,0
651430,CCS(=O)(=O)c1ccc(NC(=O)c2ccccc2Cl)c(O)c1,0
3236319,CCN(CC)CCNC(=O)Cn1nc(-c2ccc(C)cc2)ccc1=O,0
784284,CC1CCC(N2CCN(c3ncccn3)CC2)CC1,0
2999864,O=C(CCOc1ccccc1)NCC(c1ccco1)N1CCCCC1,0
954445,FC(F)(F)c1cccc(N2Cc3ccccc3C2)c1,0
1258023,COc1ccc(-c2noc(CN(C(=O)C(C)(C)C)C(C)C)n2)cc1,0
2904952,CC(C)CC12CN3CCN(CC(C3)C1O)C2,0
3233652,CCNc1ncc2ncc(=O)n(C[C@H]3CCCO3)c2n1,0
847796,COc1ccc(S(=O)(=O)NC2CCCCC2)cc1C,0
5307652,COc1cc(NC(=O)c2cc(-c3cccc(O)c3)on2)cc(OC)c1OC,0
226266,Cc1ccc(S(=O)(=O)OCC(=O)O)cc1,0
589406,Cn1c(CSc2nc3ccc(Br)cc3[nH]2)nc2ccccc21,1
2099919,CCN(CC)S(=O)(=O)c1ccc(NS(=O)(=O)c2cccc(C)c2)cc1,0
6604209,C[C@@H]1[C@H](C)CC[C@@]2(C(=O)O)CC[C@]3(C)C(=CC[C@H]4[C@@]5(C)CC[C@@H](O)C(C)(C)[C@@H]5CC[C@@]43C)[C@@H]12,0
3242122,CCC1Oc2ccccc2N(CC(=O)NCCN2C(C)CCCC2C)C1=O,0
5389824,O=c1c(-c2ccc(Br)cc2)coc2c(CN3CCOCC3)c(O)ccc12,0
2366527,NC(=O)C1CCN(C(=O)c2ccc(C(F)(F)F)cc2)CC1,0
3241572,COC(=O)c1ccc(NC(=O)CN2CCN(S(=O)(=O)c3cc(Cl)ccc3OC)CC2)cc1,0
1148713,O=S(=O)(c1ccc2c(c1)OCCO2)N1CCN(c2ccccc2)CC1,0
3243958,CCCCN(C(=O)c1c(C)[nH]c(C(=O)OCC)c1C)c1ccccc1,0
2436481,CCCNC(=O)COC(=O)c1ccc(S(=O)(=O)N2CCCCCC2)cc1,0
1107139,O=C(NCc1cccs1)c1cccc(S(=O)(=O)N2CCCCC2)c1,0
651011,CS(=O)(=O)N1CCC(C(=O)Nc2c(F)cccc2F)CC1,0
665143,COC(=O)c1ccccc1NC(=O)N1CSC[C@H]1C(=O)OC,0
3233771,c1ncc(-c2ccoc2)c(NC2CC2)n1,0
653808,C=CCN(C(=O)CNC(=O)c1ccco1)C(C(=O)NC1CCCCC1)c1ccc(OC)cc1OC,0
1265263,Clc1ccc(-c2nnc(SCc3nc(-c4ccccc4)no3)o2)cc1,0
1085641,CCOC(=O)N1CCN(C(=O)c2ccc(N(C)S(C)(=O)=O)cc2)CC1,0
5309826,CCOC(=O)N1CCC(NC(=O)CSCc2nc(-c3sccc3C)oc2C)CC1,0
1078655,COc1cc(S(=O)(=O)N2CCCCC2)ccc1NC(=O)c1ccc(F)cc1,0
654624,CCCCOc1ccc(-c2nnn(C(C)(C)C(=O)OC)n2)cc1,0
447407,CC(C)(C)c1o[nH]c(=O)c1C[C@H](N)C(=O)O,0
3234034,Cn1cccc1C(=O)N1CCC2(CC1)CN(c1ccccn1)C2,0
650771,CCC(=O)N(Cc1cc2cc(OC)ccc2[nH]c1=O)c1cc(C)ccc1C,0
663390,CCCn1c(C)nc2c(c1=O)c1nc3ccccc3nc1n2-c1ccc2c(c1)OCCO2,0
667204,COc1ccc(OCC(=O)Nc2ccc3c(c2)nc(CCN2CCOCC2)n3C)cc1,0
92044604,Cc1cc(-c2n[nH]c3cc(NC(=O)NCC(O)C(F)F)ncc23)ccn1,1
2998965,Cc1ccc(S(=O)(=O)N2CCCC2C(=O)OCc2nc3ccccc3s2)cc1,0
15718,CC(C)(C)c1ccc(OCC(=O)O)cc1,0
2929617,COc1ccc(N2C(=O)CC(N3CCCC4CCCCC43)C2=O)cc1,0
802154,Cc1nn(-c2ccccc2)c2sc(C(=O)O)cc12,0
662885,Cc1c(Cl)cccc1NC(=O)CSc1nnc(CCNC(=O)OC(C)(C)C)o1,0
1251844,CCOc1ccc(-n2cnnn2)cc1S(=O)(=O)NCc1ccccc1,0
3244374,COc1ccc(-c2ccc(=O)n(CC(=O)NCc3ccco3)n2)cc1,0
699972,CCOC(=O)c1cc2ccc(OC)c(OC)c2c(=O)s1,0
165521,O=c1cc(-c2ccc(O)cc2)oc2cccc(O)c12,1
66722,O=C(NCCO)c1cc2ccccc2cc1O,0
1316627,CC(=O)Nc1cccc(-c2nnc(SCc3ccccc3C#N)n2C)c1,0
5308139,O=C(CSc1nnc(Cn2c(=O)sc3ccccc32)n1CCc1ccccc1)N1CCCC1,0
659576,c1ccc(-c2noc(-c3cccc4ccccc34)n2)cc1,0
1014082,COc1cc(NS(=O)(=O)c2ccc(NC(=O)COc3ccccc3Cl)cc2)nc(OC)n1,0
16757977,COC(=O)CC1C(C)(C)C(OC(C)=O)C2[C@H](OC(C)=O)[C@]34O[C@]2(O)[C@]1(C)C3CC[C@]1(C)C4=CC(=O)OC1c1ccoc1,0
16758127,COc1ccc(C2CC(=O)c3c(O)cc(O[C@H]4OC(COC5OC(C)C(O)C(O)[C@@H]5O)C(O)C(O)C4O)cc3O2)cc1O,0
2564305,O=C(CSc1nc(-c2ccccc2)cs1)Nc1nccs1,0
5307138,CCOc1ccc(CC(=O)N2CCN(c3ccc(N4CCOCC4)nn3)CC2)cc1OCC,0
89535993,Cc1cc(-c2n[nH]c3cc(NC(=O)N[C@@H]4CCOc5cc(F)ccc54)ncc23)ccn1,1
258237,c1cc2c(cc1C(N1CCNCC1)N1CCNCC1)OCO2,0
3239910,O=C(CCc1nc(-c2ccccc2F)no1)NCCN1CCOCC1,0
3235905,CCCCN(CCCNC(=O)C1CCN(S(=O)(=O)CC)CC1)c1ccccc1,0
5664087,c1ccc2nc3[nH]cnc3nc2c1,0
1281415,COc1cccc(NC(=O)CCSc2nnc3scc(-c4ccccc4)n23)c1,0
648187,O=C(CN1CCN(c2ccc(F)cc2)CC1)Nc1ccc(-n2cnnn2)cc1,0
662278,CCN(CC)C(=O)CSc1nnc(-c2ccc(F)cc2)n1N,0
1169203,O=C(Nc1ccc(C(=O)N2CCOCC2)cc1)c1nc2ncccn2n1,0
3238269,Cc1ccc2nc3ccc(N4CCCC4)nn3c(=O)c2c1,0
6604388,NC[C@@H]1O[C@@H](O[C@H]2[C@H](O)[C@H](O[C@@H]3O[C@H](CO)[C@@H](O)[C@H](N)[C@@H]3O)[C@@H](N)C[C@H]2N)[C@H](N)C[C@@H]1O,0
2997591,O=c1cc(CN2CCc3ccccc32)nc2sccn12,0
3241083,Cc1cc(C)c(S(=O)(=O)NCc2cn3c(C)csc3n2)c(C)c1,0
1225055,CS(=O)(=O)N1CCN(c2ccc(NC(=O)c3ccc(Br)o3)cc2)CC1,0
118365418,COc1n[nH]c2cc(NC(=O)N[C@H](C)c3ccc(Cl)c(C)c3)ncc12,1
5309922,CCOc1ccc2nc(N3CCC(C(=O)N4CCN(C5CCCCC5)CC4)CC3)sc2c1,0
1289024,COc1cc(S(=O)(=O)n2nnc3ccccc32)c(OC)cc1Cl,0
197584,C[C@H](NC[C@H](O)CP(=O)(O)CC1CCCCC1)c1ccc(Cl)c(Cl)c1,0
13,Clc1ccc(Cl)c(Cl)c1,0
2855787,CCOc1ccccc1C1NC(=O)NC(C)=C1C(=O)OC1CCCCC1,0
654580,Cc1nc(NC2=NCN(CCN3CCOCC3)CN2)nc2c(C)cccc12,0
665992,Cc1cc(OCc2nn[nH]n2)c2c3c(c(=O)oc2c1)CCCC3,0
458785,CC(=O)Nc1ccc(S(=O)(=O)N2CCSCC2)cc1,0
135408622,C/C(=N\NC(=O)c1ccncc1)c1ccc2ccccc2c1O,0
2302351,COc1ccc(-c2cc(C(=O)NCCN3CCOCC3)c3ccccc3n2)cc1,0
2997815,Cc1ccc(S(=O)(=O)N2Cc3ccccc3CC2C(=O)Nn2cnnc2)cc1,0
652758,COc1cccc(N2CC34C=CC(O3)C(C(=O)O)C4C2=O)c1,0
332058,c1ccc(CSc2nnc3c4ccccc4c4ccccc4c3n2)cc1,0
651555,Cc1ccc(S(=O)(=O)Cn2nnnc2C(c2ccccc2)N2CCN(c3ncccn3)CC2)cc1,0
3245692,c1ccc(CCNc2nc3ccccc3n3nnnc23)cc1,0
676307,COc1ccc2c(=O)cc(-c3ccc(O)cc3)oc2c1,0
2288386,CCN(CC)CCNC(=O)Cn1nc(Cc2ccccc2)c2ccccc2c1=O,0
645175,COc1ccc(S(=O)(=O)N2CCC(O)(c3ccc4c(c3)OCO4)CC2)cc1,0
935269,CN(Cc1cc2ccccc2[nH]c1=O)S(=O)(=O)c1ccccc1,0
3236205,Cc1c(C(=O)NCCN2CCOCC2)sc2nc(-c3ccc(F)cc3)cn12,0
3245451,CC(C)CN(CC(C)C)S(=O)(=O)N1CCC(C(=O)NC2CCCCCCC2)CC1,0
1247097,O=C(Nc1cnccn1)c1ccncc1,0
2963125,COCCSc1ccccc1C(=O)NCCCn1ccnc1,0
973175,O=C(Cn1nnc(-c2cccc(C(F)(F)F)c2)n1)N1CCOCC1,0
665464,Cc1nnc(SCC(=O)Nc2ncc3c(n2)CCCC3=O)s1,0
2541167,COc1ccc(C(C)=O)cc1COC(=O)Cc1n[nH]c(=O)c2ccccc12,0
664079,COc1cccc(Oc2cn[nH]c2-c2ccc(O)cc2O)c1,0
665855,CCOc1cccc(-c2nnc3sc(COc4ccc(Cl)cc4)nn23)c1,0
1246606,Cc1noc(C)c1C(=O)Nc1c(F)cc(F)cc1Br,0
2862852,CCOC(=O)c1c(NC(=O)OC)sc2c1CCC2,0
718273,O=c1[nH]nnc2sc3c(c12)CCCC3,0
1149599,Cc1cc(NC(=O)CCN2CCC(C(N)=O)CC2)ccc1Br,0
5308792,CCOc1ccc(Cn2nnc(C(=O)NCCc3ccccc3)c2N)cc1,0
3245133,CCCN1CCN(CCCNC(=O)Cn2nc(-c3ccc(Cl)cc3)ccc2=O)CC1,0
647209,COCc1[nH]nc2c1C(c1cc(OC)c(O)c(OC)c1)C(C#N)=C(N)O2,0
121416741,Cc1cc(-n2ncc3cc(NC(=O)N[C@H]4CCCC[C@@H]4N(C)C)ncc32)ccn1,1
3243217,COCCn1c(=O)[nH]c2cc(C(=O)N3CCN(c4ccccc4OC)CC3)ccc2c1=O,0
6604336,CC(=O)N[C@H]1[C@@H](O[C@@H](C)C(=O)O)[C@H](O)[C@H](CO)O[C@@H]1O,0
654430,O=C(C1CCN(S(=O)(=O)c2ccccc2)CC1)N(CCc1ccccc1)Cc1ccco1,0
6604399,NCCC[C@H](N)CC(=O)N[C@H]1CNC(=O)[C@@H]([C@@H]2C[C@H](O)N=C(N)N2)NC(=O)/C(=C/NC(N)=O)NC(=O)[C@@H](CO)NC(=O)[C@@H](CO)NC1=O,0
2109330,COC(=O)c1ccc(CN(c2ccccc2OC)S(=O)(=O)c2cccs2)o1,0
3241880,O=C(CCCn1c(=O)[nH]c2ccccc2c1=O)N1CCN(Cc2ccc3c(c2)OCO3)CC1,0
1266350,O=c1cc(-c2ccccc2)nc2nc(COc3ccccc3)[nH]n12,0
3247158,COC(=O)[C@@]1(Cc2ccc(F)cc2)[C@@H]2C(=CC(=O)[C@H]2CC(=O)C(=O)N(C)C)CN1C(=O)c1ccccc1,0
1645,NC(=O)c1cccc(N)c1,0
646423,CC(=O)Nc1ccc(S(=O)(=O)N2CCCN(S(=O)(=O)c3ccc(C)cc3)CC2)cc1,0
2089337,Cc1cc(=O)oc2cc(OCc3nnc(-c4ccccc4Br)o3)ccc12,0
5308702,Cc1oc(-c2ccccc2F)nc1CS(=O)(=O)CC(=O)NCCCN1CCc2ccccc2C1,0
3246089,S=C(Nc1ccc2c(c1)Cc1ccccc1-2)Nc1ccc2c(c1)Cc1ccccc1-2,0
3240372,CCCc1ccc(Oc2cn[nH]c2-c2ccc(O)c(C)c2O)cc1,0
650555,Cc1ccc(Cn2c(Sc3nccc(C)n3)nc3c2c(=O)[nH]c(=O)n3C)cc1,0
629349,Nc1ccc(-c2ccc(N)cc2C(F)(F)F)c(C(F)(F)F)c1,0
649525,Cc1ccc2c(c1)N(CC(=O)N1CCCCC1c1cccnc1)C(=O)CO2,0
4119,COc1cc(C)c2c(=O)cc(-c3ccccc3)oc2c1,0
262397,Cn1c(=O)c2[nH]c(CCS)nc2n(C)c1=O,0
3233574,CN1CC[C@@]2(CCCN(C(=O)c3cc(C(F)(F)F)cc(C(F)(F)F)c3)C2)C1,0
647098,CCOC(=O)c1cc2c(ccn2C)n1CC(=O)N1CCN(c2ccc(F)cc2)CC1,0
3234126,COCCn1c(=O)c(-c2cccs2)nc2cnc(Nc3ccccc3)nc21,0
2539416,C=CCn1c(SCc2cc(C(=O)OC)c(C)o2)nnc1-c1ccncc1,0
3000006,COc1ccc(N2CCN(C(=O)c3ccc(OCC4CCCO4)cc3)CC2)cc1,0
646026,CCCC(c1nnnn1Cc1ccc(OC)cc1)N1CCN(c2ccccc2OC)CC1,0
5351836,CN(C)S(=O)(=O)c1nc(Cl)c2[nH]cnc2n1,0
5459550,COC(=O)c1ccc(C(/C=C/[C@@H](C)C(=O)NCCc2c[nH]c3ccccc23)NC(=O)OCc2ccccc2)cc1,0
3233161,Clc1ccccc1-c1cncnc1NCCc1cnc[nH]1,0
2302115,COc1ccc(-c2ccc(CCC(=O)O)n2NC(=O)c2cccs2)cc1,0
2971015,CC(=O)c1ccccc1NC(=O)C1C2CCC(O2)C1C(=O)O,0
2630170,Cn1nnnc1SCc1cc(=O)n2ccsc2n1,0
664771,O=C(CC1OC(=O)c2ccccc21)NC1CCCCC1,0
255081,CN(C)c1ncc(C(=O)O)cn1,0
3235048,c1cncc(CNc2ncncc2-c2ccc3c(c2)OCO3)c1,0
3242455,O=C(CCS(=O)(=O)c1cccc2nonc12)N1CCN(c2ccc(F)cc2)CC1,0
665835,CCOc1cccc(-n2nnnc2-c2ccc(OC)cc2)c1,0
6605182,CCCn1c(C)nc2c(NCCCCN(CC)CC)nc(C)nc21,0
3235947,CCOC(=O)N1CCN(C(=O)c2ccc3nc(N4CCC(C)CC4)sc3c2)CC1,0
1345801,Cc1cc(Br)ccc1N1C(=O)CC(=O)NC1=O,0
92044920,CCCC(=O)c1n[nH]c2cc(NC(=O)N[C@H](COC)c3ccc(F)cc3)ncc12,1
135449221,Cc1nc2ccccc2n2c(O)c(CC(=O)O)cc12,0
3234874,CN(C)C(=O)c1ccc(-c2cc(NCc3ccccc3)ncn2)cc1,0
4515,O=C(O)C1=CCCN(CCON=C(c2ccccc2)c2ccccc2)C1,0
653063,COc1ccc(CCN(Cc2cc3cc4c(cc3[nH]c2=O)OCO4)C(C)=O)cc1OC,0
2571373,Cc1ccc(S(=O)(=O)N2CCC(C(=O)OCC(=O)N3CC(=O)Nc4ccccc43)CC2)cc1,0
652837,CCOC(=O)COc1ccc(C(=O)c2ccccc2)c(O)c1,0
136214318,Cc1cc(-n2ncc3cc(NC(=O)NC4CN(C)C[C@@H]4c4ccccc4)ncc32)ccn1,1
89536059,Cc1cc(-c2n[nH]c3cc(NC(=O)NCc4ccc(F)cc4F)ncc23)ccn1,1
5307760,CN(CC(=O)N1CCc2ccccc2C1)S(=O)(=O)c1ccc2c(c1)c(=O)n(C)c(=O)n2C,0
5389382,COc1ccc(/C(O)=C2/C(=O)C(=O)N(Cc3cccnc3)C2c2ccccn2)cc1,0
3239547,Cc1c(C(=O)Nc2ccc(C(=O)O)cc2)cnn1C,0
648306,O=C1C(Cl)=C(NCC2CCCO2)C(=O)N1c1ccccc1,0
651187,COCCOC(=O)C1=C(C)N=C2SCCC(=O)N2C1c1ccc(C(=O)OC)cc1,0
651834,COCCN(CC(=O)Nc1ccc(F)cc1)S(=O)(=O)c1ccc(S(=O)(=O)N2CCCC2)cc1,0
73504545,CC1(C)c2cnc(NC3CCOCC3)nc2CN1C(=O)NCc1nc(-c2ccc(F)cc2)cs1,1
653360,Cc1nc(NC(=O)CSc2nnnn2Cc2ccccc2)sc1C,0
709746,N#Cc1cc2sc3nnc(-c4ccncc4)n3c2cc1C#N,0
666544,CCC(=O)Nc1c(-c2cccs2)c(=O)c2ccccc2n1C,0
877391,CCCc1nc(-c2ccccc2O)n(-c2ccccc2)n1,0
1178714,COc1cc(/C=c2\sc3nc(-c4ccncc4)nn3c2=O)ccc1OC(C)=O,0
6175,Nc1ccn([C@@H]2O[C@H](CO)[C@@H](O)[C@H]2O)c(=O)n1,0
934505,CSc1nsc(SCC(=O)N2CCc3ccccc32)n1,0
934942,Nc1nc(Nc2ccc(Cl)cc2Cl)nc(C(F)(F)F)n1,0
663467,CCc1nnc(NC(=O)CCC(=O)Nc2ccccc2)s1,0
5308594,CCOc1ccc(N(CC(=O)Nc2ccc(OC)cc2)S(=O)(=O)c2c(C)noc2C)cc1,0
1007772,CCn1c(SCC(=O)NCc2cccs2)nnc1-c1cccs1,0
3233088,O=C(c1cccc(F)c1)N1CCC[C@@]2(CCN(C(c3ccccc3)c3ccccc3)C2)C1,0
657846,CCOC(=O)NC(Nc1ccc(S(N)(=O)=O)cc1)(C(=O)OCC)C(F)(F)F,0
2959197,O=C1CC(N(Cc2ccc3c(c2)OCO3)C(=O)Nc2ccc(F)cc2)C(=O)N1c1ccccc1,0
1314443,CCOC(=O)c1ccccc1NC(=O)c1ccc(N(C)S(C)(=O)=O)cc1,0
649585,O=C(Cc1cccs1)Nc1ccc(S(=O)(=O)Nc2ncccn2)cc1,0
644544,CCc1nccn1S(=O)(=O)c1ccc(Br)cc1Br,0
2323827,CCCCn1c(NC(=O)c2ccc(F)cc2)c(C#N)c2nc3ccccc3nc21,0
2948509,CCOC(=O)c1cc(NC(=O)N2CCCCC2)c(C)nc1C,0
5307254,CCOCCCNC(=O)c1ccc2c(c1)N(Cc1ccccc1)C(=O)CS2=O,0
3233593,COc1ccc(CNc2nc(-c3ccoc3)nc3ccccc23)c(OC)c1,0
76072293,COc1n[nH]c2cc(NC(=O)N[C@H](CO)c3ccccc3)ncc12,1
16758154,CC(C(=O)O)C1CCC2C3CC=C4CC(O)CC[C@@]4(C)C3CC[C@]12C,0
135450619,O=C(c1ccccc1Cl)N1CCCC(c2nc3c(nnn3Cc3ccccc3)c(=O)[nH]2)C1,0
3247349,COC(=O)[C@H]1C[C@@H]1[C@H](NS(=O)(=O)c1ccccc1)c1ccccc1,0
2949753,Cc1ccc(NC(=O)CC2NCCNC2=O)cc1,0
135426150,O=C1CC(c2ccc(Cl)cc2)CC(O)=C1C=NCCN1CCNCC1,0
653540,COCCn1nnnc1C(C(C)C)N(Cc1cccnc1)Cc1cc2cc(OC)ccc2[nH]c1=O,0
651374,O=C(NC1CCCCC1)N1CCC(n2cnc3ccccc32)CC1,0
664552,O=C(c1ccc(=O)oc1)N1CCCc2ccccc21,0
607843,O=c1c2c([nH]c3ccccc13)CCCCCC2,0
645518,c1coc(CNc2c3c(nc4ncnn24)CCC3)c1,0
956146,Cc1ccc(C(=O)N(Cc2nc(-c3ccc(C)cc3)no2)C(C)C)cc1,0
3241696,CCN(CCCNC(=O)C1CCN(S(=O)(=O)c2cnc[nH]2)CC1)c1cccc(C)c1,0
6604313,CC1(C)O[C@H]2C[C@@H]3[C@H]4CCC5=CC(=O)CC[C@@]5(C)[C@]4(F)[C@@H](O)C[C@@]3(C)[C@@]2(C(=O)CCl)O1,0
2062145,CCOc1ccccc1OCC(=O)NCc1ccco1,0
3241808,Cc1ccccc1CN1CCNC1=O,0
647726,CCCCSc1nsc(NC(C)=O)n1,0
666313,CN1CC2(Cc3c1ccc1ccccc31)C(=O)OC(C)(C)OC2=O,0
122324,NC[C@@H]1O[C@H](c2ccccc2)Cc2c1ccc(O)c2O,0
648663,COc1ccccc1NC1=NCC(=O)N1Cc1ccccc1,0
2932562,Cc1cccc(N2CC(C(=O)Nc3ccc4c(c3)OCO4)CC2=O)c1C,0
5332737,C/C(=N/NC(=O)c1ccncc1)c1ccccc1Cl,0
644514,CCCCCn1c(N2CCC(C(N)=O)CC2)nc2c1c(=O)[nH]c(=O)n2C,0
3234656,COc1ccc(CNc2cc(-c3ccccc3Cl)ncn2)c(OC)c1,1
2331252,CN(C(=O)c1ccc(Cl)c(S(=O)(=O)N2CCOCC2)c1)c1ccccc1C(=O)O,0
646855,COC(=O)c1cn(C(C)C(=O)NCc2ccco2)c2ccccc12,0
983914,C=CCn1c(SCc2csc(C)n2)nc2sc3c(c2c1=O)CCCCC3,0
2999643,CC(C)CC1(C)NC(=O)N(CCN2C(=O)c3ccccc3C2=O)C1=O,0
135403800,Nc1nc2ncc(=O)[nH]c2c(=O)[nH]1,0
652180,CN=C(Nc1ccc2c(c1)OCO2)SC1CC(=O)N(c2ccccc2)C1=O,0
135399316,Cc1nnc(SCc2cccs2)[nH]c1=O,0
121416726,C[C@@H](NC(=O)Nc1cc2cnn(-c3ccc(F)cc3)c2c(COCCN2CCOCC2)n1)c1ccccc1,1
2630279,CCOC(=O)c1c(-c2ccccc2)csc1NC(=O)CSc1nnnn1C,0
2999589,Cc1ccc(CN(C)C(=O)C2CCCN2C(=O)c2cccs2)o1,0
2964888,COC(=O)c1cc(OC)c(OC)cc1NC(=O)CCCCCN1C(=O)CCC1=O,0
73505617,CC1(C)c2cnc(NC3CCOCC3)nc2CN1C(=O)NCC1CCCCO1,1
1345954,Cc1cccc(N2CCN(C3=NC(=O)C(=C4CCCCC4)S3)CC2)c1,0
2224079,Cc1csc(SCC(=O)N2CCCC2)n1,0
3236313,CCOC(=O)N1CCN(C(=O)c2ccc3nc4ccc(Cl)cc4c(=O)n3c2)CC1,0
665476,Cn1c(=O)n(Cc2ccccc2)c(=O)c2c1nc1n2CCCN1C1CCCCC1,0
5308848,COc1cccc(-c2nc(CS(=O)(=O)CC(=O)NCc3ccccc3)c(C)o2)c1,0
3241295,CCN(CC)S(=O)(=O)c1ccc(C(=O)NCc2n[nH]c(=S)n2Cc2ccccc2)cc1,0
2981865,Cc1cc(C)nc(SCC(=O)Nc2ccc(N3CCOCC3)c(Cl)c2)n1,0
2155121,COc1ccc(NC(=O)CSc2nc3c(c(=O)n2-c2ccccc2)SCC3)c(OC)c1,0
3237933,Cc1ccc(NC(=O)CN(C)S(=O)(=O)c2cccc3nsnc23)cc1C,0
3245391,Cc1ccc(CCNC(=O)C2CCCN(S(=O)(=O)c3cccc4nsnc34)C2)cc1,0
2841644,CC1(C)CC(=O)C2=C(C1)Nc1ccccc1NC2c1nc2ccccc2[nH]1,0
73506498,CCNc1n[nH]c2cc(NC(=O)N[C@H](CO)c3ccccc3)ncc12,1
3235871,O=C(Cn1c2c(c(-c3ccccc3Cl)cc1=O)CCC2)N1CCC2(CC1)OCCO2,0
799014,C/C(=C\C(=O)c1ccc(C)cc1)Nc1cccc(O)c1,0
76072287,C[C@@H](NC(=O)Nc1ncc2c(OCc3cccnc3)n[nH]c2c1F)c1ccccc1,1
6604051,C[C@H](N)C1CCC(C(=O)Nc2ccncc2)CC1,0
667265,O=C(O)CCCCCNC(=O)CCn1cnc2ccccc2c1=O,0
1018009,CS(=O)(=O)N1CCN(c2ccccc2NC(=O)Cc2ccccc2)CC1,0
3244098,O=C(Cn1ncc2c(=O)oc3ccccc3c21)N1CCCc2ccccc21,0
2079985,COc1ccc2nc(NC(=O)Cc3ccc(OC)c(S(=O)(=O)N4CCOCC4)c3)sc2c1,0
660649,COc1ccccc1NC(=O)N1CCc2[nH]c3ccc(Cl)cc3c2C1,1
2997959,CCOc1cc(C(=O)OCC(=O)NCc2ccco2)cc(OCC)c1OCC,0
1299482,CN(C(=O)CN1C(=O)c2ccccc2S1(=O)=O)c1ccccc1C(=O)O,0
645654,Cc1ccc(Cn2c(NC(=O)c3ccco3)nc3ccccc32)cc1,0
2578429,Cc1cc(Br)ccc1NC(=O)CNC(=O)CN1C(=O)NC2(CCCCCC2)C1=O,0
655129,COc1ccc(OC)c(NC(=O)CSCC(=O)O)c1,0
3242819,Cc1ccc(C(CC(=O)O)Nc2nc(N3CCCCC3)nc(N3CCCCC3)n2)cc1,0
3237652,COc1ccc(S(=O)(=O)N2CCN(CC(=O)Nc3ccc(C)c(F)c3)CC2)cc1,0
121416547,Cc1cc(-n2ncc3cc(NC(=O)N[C@H](C)c4ccccc4)nc(CN4CCOCC4)c32)ccn1,1
2997458,O=C1CC(c2cccnc2)c2cc3c(cc2N1)OCO3,0
2595359,CCn1c(=O)c(=O)[nH]c2cc(C(=O)N3CCN(c4ccccc4F)CC3)ccc21,0
5308979,O=C(Cn1nc(Cc2cccnc2)c2ccccc2c1=O)N1CCN(c2ccccn2)CC1,0
5307463,Cn1c(C(=O)NCCCN2CCN(c3ccc(F)cc3)CC2)cc2c(=O)n(C)c3ccccc3c21,0
1246541,CCc1sc(C(=O)Nc2ccsc2C(=O)OC)cc1Br,0
2975791,O=C1C2CC=CCC2C(=O)N1c1n[nH]c(Cc2ccccc2)n1,0
2828376,CCCCOCP(=O)(CCCC)COCCCC,0
334142,N#CC(C#N)=NNc1ccc2cn[nH]c2c1,0
3246653,NCC[C@@H](N)CSP(=O)(O)O,0
2214554,O=C(Nc1ccc(N2CCOCC2)cc1)Nc1ccc2nc(-c3ccco3)c(-c3ccco3)nc2c1,0
129078357,C[C@H]1c2cccc(CO)c2CCN1C(=O)CN1Cc2ccc(-c3nc(NC4CCOCC4)ncc3Cl)cc2C1=O,1
746584,Cc1cc(N(C)Cc2ccccc2)nc(-c2ccccc2)n1,0
649832,CC(C)n1c(N2CCN(C(=O)NCc3ccccc3)CC2)nc2ccccc21,0
2973686,CCOC(=O)C1=C(Cn2cnc3ccccc32)NC(=O)NC1c1cc(C)ccc1C,0
118381022,COC[C@H](NC(=O)Nc1cc2[nH]nc(N3CCCC3)c2cn1)c1ccc(F)cc1,1
750416,Cn1cnnc1SCC(=O)n1c2ccccc2c2ccccc21,0
2983260,CCOC(=O)C1CCCN(S(=O)(=O)c2ccc(Br)c(OC)c2)C1,0
2211013,COC(=O)c1ccccc1NC(=O)N1CCN(C/C=C/c2ccccc2)CC1,0
650464,Cc1ccc(NC(=O)N2CCC(C(=O)NCCC3=CCCCC3)CC2)cc1,0
16758964,COC(=O)N(/C=C/c1ccc(OC)cc1)CCc1ccc(OC)c(OC)c1,0
92044715,COc1ccc(C2(NC(=O)Nc3cc4[nH]nc(-c5ccnc(C)c5)c4cn3)CC2)cc1,1
5310630,COc1ccccc1-c1coc2c(CN3CCN(C)CC3)c(O)ccc2c1=O,0
2998681,Cc1ccccc1C1=NC(c2ccc(F)cc2F)ON1,0
4611614,COc1cccc(C2CC(c3ccc(Cl)cc3Cl)n3nc(N)nc3N2)c1,0
5308145,CCCNC(=O)C(Cc1ccccc1)NS(=O)(=O)c1ccc2c(c1)CCC(=O)N2,0
2537876,Cc1ccc(NC(=O)COC(=O)Cn2c(C)csc2=O)cc1C,0
92044832,COC[C@@H](NC(=O)Nc1cc2[nH]nc(-c3ccnc(C)c3)c2cn1)c1ccccc1,1
666915,O=c1c2ccccc2sc2nc(C3CCCCC3)n(Cc3ccco3)c(=O)c12,0
7577,Nc1ccc(Cc2ccc(N)cc2)cc1,0
1380355,CCN(CC)c1nc(N)nc(NS(=O)(=O)c2ccc(Cl)cc2)n1,0
647413,CN(C)S(=O)(=O)N1CCN(c2ccc(Cl)cc2)CC1,0
5309219,COc1ccc(CNC(=O)c2ccc3c(c2)N(C)C(=O)CS3=O)cc1,0
7671,O=CNc1ccccc1,0
658118,Cn1c(=O)[nH]c(=O)c2c1nc(Br)n2CCCSc1nc2ccccc2o1,1
241399,CC(C)(C)c1ccc(O)c(CN(Cc2cc(C(C)(C)C)ccc2O)c2ccccc2)c1,0
665815,C=CCN(Cc1cc(OC)ccc1OC)S(=O)(=O)N(C)C,0
249398,O=C(O)c1ccccc1-c1ccccc1C(=O)Nc1ccc2c(c1)Cc1ccccc1-2,0
646834,CCOC(=O)c1cc2sccc2n1CC(=O)OC(C)C,0
650676,CCn1nnnc1SCC(=O)NCc1ccco1,0
655935,COCCOC(=O)C1=C(N)OC2=C(C(=O)CC(C)(C)C2)C1c1cccnc1,0
714083,COc1ccccc1-n1nnnc1SCC(=O)NC1CCCC1,0
3246245,C[N+]1(C)[C@H]2CC[C@H]1CC(OC(=O)[C@@H](CO)c1ccccc1)C2,0
648823,O=C(Cn1nc(C(F)(F)F)c2c1CCCC2)Nc1ccc2c(c1)OCO2,0
2849814,C=C(C)C(C)(C#CCN1CCCC1)OC(C)=O,0
3241038,COC(=O)Nc1cc(C)nc2ccccc12,0
3238543,COc1cccc2cc(C(=O)N3CCN(C45CC6CC(CC(C6)C4)C5)CC3)c(=O)oc12,0
1072534,CCOC(=O)c1sc2nc(N3CCOCC3)c3c(c2c1N)CC(C)(C)N(C)C3,0
2838347,CCOC(=O)C1CCCN(Cc2ccc(OC)cc2OC)C1,0
3073763,Clc1ccc([C@@H]2C[C@H]3CC[C@@H]2N3)cn1,0
2125675,O=C(NCc1ccco1)c1nc(-c2ccccc2)n(-c2ccccc2)n1,0
658068,O=C(O)Cc1ccc(C(=O)c2cccs2)s1,0
657765,CCCCC(C(=O)O)C(C)CC(=O)Nc1ccn(-c2ccccc2)n1,0
3239738,Cc1ccc(C(=O)Nc2c3c(nn2C(C)(C)C)CS(=O)(=O)C3)cc1C,0
879560,CCOc1cccc(-c2nc3cc(C)ccc3o2)c1,0
6604928,CSc1nc(NC2CCCC2)c([N+](=O)[O-])c(NC2CCCC2)n1,0
8469,CCOC(=O)C1OC1c1ccccc1,0
135398738,CN(C)/N=N/c1nc[nH]c1C(N)=O,0
646713,Cn1c(SCc2ccccn2)nnc1-c1cnccn1,0
2559959,CCCn1c(Sc2nnnn2-c2ccccc2)n[nH]c1=O,0
5390009,Cn1c(=O)n(C/C=C/c2ccccc2)c(=O)c2c1nc1n2CCCN1c1ccc(F)cc1,0
655574,Cc1ccccc1N(C(=O)Cn1nnc2ccccc21)C(C(=O)NCc1ccco1)c1ccncc1,0
644999,COc1ccc(N2CCN(CC(=O)Nc3c(C)cc(C)cc3C)CC2)cc1,0
3245407,Cc1[nH]c2ccccc2c1C1=CCNCC1,0
3234833,COCC(=O)N1CCC2(CCCN(C(=O)Nc3ccccc3)C2)CC1,0
2218748,CCn1c(SCC(=O)Nc2ccc3c(c2)c2ccccc2n3CC)nnc1-c1cnccn1,0
135406132,Nc1nc2c([nH]c(=O)n2C2OC(CO)C(O)C2O)c(=O)[nH]1,0
767427,CNc1cccccc1=S,0
16757869,CC[C@]1(O)CC(O[C@@H]2CC(N(C)C)C(O)C(C)O2)c2c(cc3c(c2O)C(=O)c2c(O)ccc(O)c2C3=O)C1C(=O)OC,0
3245557,O=C(NCC1CCCO1)c1cccc(N2CCCC2=O)c1,0
3247247,COC(=O)[C@@]1(Cc2ccc(F)cc2)[C@H]2c3cc(C(=O)N4CCCC4)n(CCO)c3C[C@H]2CN1C(=O)c1ccccc1,0
2864982,CCOC(=O)C1=C(C)NC(=O)CC1c1ccccc1,0
885873,CCCC(=O)Nc1ccccc1NC(C)=O,0
11948954,CCC1=C2CC[C@H]3C(=O)N(CC)C(=O)[C@H]3[C@H]2[C@@]2(C)C(=NCCc3c[nH]c4ccccc34)OC(=O)N2C1=O,0
751092,COCC(=O)NCc1nc2ccccc2[nH]1,0
653284,O=C(NC1CCN(C(=O)Nc2ccccc2)CC1)C1CCCCC1,0
90424,CN(C)CCNCCN,0
671261,CCOc1ccc(N2CC(=O)SC2=S)cc1,0
573742,O=C(Nc1ccc2nsnc2c1)c1cccs1,0
5459553,CNC(=O)[C@H](C)/C=C/C(NC(=O)OCc1ccccc1)c1ccc(C(=O)OC)cc1,0
3241641,O=C1C(SC(F)(F)C(F)F)=C(C(F)(F)F)OC2C3C=CC(C3)C12,0
2859804,Cc1oc(CSCC2CCCO2)cc1C(=O)O,0
654080,O=C(O)c1cccc2[nH]c(C(F)(F)F)nc12,0
6604767,C[C@](N)(C(=O)O)c1ccc(-c2nn[nH]n2)cc1,0
2968952,Cc1ccc(NC(=O)C2CC(=O)NC(Nc3cccc(C)c3)=N2)cc1,0
645063,CC(=O)Nc1cccc(NC(=O)C2CCCN2C(=O)Nc2ccccc2C)c1,0
2374894,O=C(O)CCc1nc2ccccc2n(CCc2ccccc2)c1=O,0
654039,CC(=O)Nc1nonc1NC(C)=O,0
6858696,Cc1cc(/C=N/n2cnnc2)c(C)n1-c1ccc(Cl)cc1Cl,0
225738,O=c1[nH]n(-c2ccccc2)c(=O)c2ccccc12,0
2950466,COC(=O)CC1C(=O)NCCN1C(=O)c1ccccc1,0
713294,Cc1oc2nc(SCC(=O)NC3CCCCC3)nc(N)c2c1C,0
1520549,CCCc1nc(N2CCN(C)CC2)c2sc(=S)n(-c3ccccc3)c2n1,0
2998831,Cc1ccnc(NC(=O)COC(=O)C2COc3ccccc3O2)n1,0
659349,O=C(c1ccco1)N1CCN(C(=O)c2ccccc2OC(=O)C23CC4CC(CC(C4)C2)C3)CC1,0
6604407,NCC[C@H](O)C(=O)N[C@H]1C[C@@H](N)[C@@H](O[C@H]2O[C@@H](CN)[C@@H](O)[C@@H](O)[C@@H]2N)[C@@H](O[C@H]2O[C@@H](CO)[C@@H](O)[C@@H]2O)[C@@H]1O,0
118395355,COC(=O)N[C@H](C(=O)Nc1n[nH]c2cc(NC(=O)N[C@H](C)c3ccc(F)cc3)ncc12)C1CCOCC1,1
3238744,CC(NC(=O)CNC(=O)OCc1ccccc1)C(=O)N1CC(O)CC1C(=O)OCc1ccccc1,0
653160,CC(C)n1c(SCC(=O)N2c3ccccc3Sc3ccccc32)nc2c1c(=O)n(C)c(=O)n2C,0
2962707,Cn1c(=O)c2c(nc(NCC3CCCO3)n2C)n(C)c1=O,0
657927,C=CCc1c(C)[nH]c(=S)c(C#N)c1C,0
2998118,Cc1cccc(N2CCN(C(=O)c3ccncc3)CC2C)c1,0
646249,COCCCn1c(SCc2cc(=O)[nH]c3ccccc23)nnc1-c1ccco1,0
651995,Cc1ccc(S(=O)(=O)NCCOCCNS(=O)(=O)c2ccc(C)cc2)cc1,0
649943,CCOC(=O)Cc1csc(NC(=O)CSc2nnc(C)n2C)n1,0
828706,Cn1cnc2cc(NC(=O)c3ccco3)ccc21,0
791424,Fc1ccc(CN2CCCCCC2)c(F)c1,0
5309837,Cc1cc(SCC(=O)c2ccccc2)n2nc(C)nc2n1,0
4450,CN1CCOC(c2ccccc2)c2ccccc2C1,0
3245641,OC(Cn1cccn1)c1ccccc1,0
324144,NCCSc1nc(-c2ccccc2)c(-c2ccccc2)o1,0
663576,O=C(CC1(O)C(=O)Nc2cc(Cl)cc(Cl)c21)c1ccncc1,0
2983507,Cc1ccc(OC(C)C(=O)N2CCc3ccccc32)cc1,0
3245901,COc1ccccc1NC(=O)CSc1nc2ccccc2n1C(C)=O,0
662511,COc1cc(C2C(C(=O)c3ccc(C)o3)=C(O)C(=O)N2c2cc(C)on2)ccc1O,0
891145,CCOc1ccc(OCc2cccc(C(=O)O)c2)cc1,0
652930,Cc1ccccc1NC(=O)Cn1nnc(-c2ccc(N3CCOCC3)cc2)n1,0
650589,COc1cc(NC(=O)C(C)C)ccc1NC(=O)c1ccco1,0
3048,ClC1=C(Cl)C2(Cl)C3C4CC(C5OC45)C3C1(Cl)C2(Cl)Cl,0
6605183,CCCn1c(C)nc2c(NC3CCN(Cc4ccccc4)C3)nc(C)nc21,0
5389901,CCCOc1cccc(C2/C(=C(/O)c3ccncc3)C(=O)C(=O)N2CCCN(C)C)c1,0
3238470,CCOc1ccc(CNC(=O)C2CCC(=O)N2C2CCCC2)cc1OC,0
658903,Cc1ccc2[nH]c3c(=O)n(CCCN4CCOCC4)cnc3c2c1,0
664630,CCC(=O)N(Cc1cc2ccccc2[nH]c1=O)C(C)C,0
3241207,COc1cc(NC2c3ncccc3C(=O)N2Cc2ccco2)cc(OC)c1,0
3247082,COC(=O)[C@@]1(Cc2ccccc2)[C@H]2c3cc(C(=O)N4CCCC4)n(Cc4cccc5ccccc45)c3C[C@H]2CN1C(=O)c1ccccc1,0
243414,N#CCCn1nnc2ccccc21,0
368305,COc1ccc2c(c1)NC1(O)c3ccccc3C(=O)C21O,0
2480643,O=S(=O)(c1ccc(Cl)s1)N1CCN(C/C=C/c2ccccc2)CC1,0
663489,CCC1CCCCN1C(=O)N[C@@H](Cc1ccccc1)C(=O)O,0
652101,COC(=O)C1(CO)NC(c2cccs2)C2C(=O)N(c3ccccc3)C(=O)C21,0
5351717,C/C(C[n+]1ccccc1)=N\N=C(N)N,0
16757639,CC1/C=C/C=C/C=C/C=C/C=C/C=C/C=C/C(OC2OC(C)C(O)C(N)C2O)CC2O[C@@](O)(CC(O)CC(O)C(O)CCC(O)CC(O)CC(=O)OC(C)[C@H](C)C1O)CC(O)C2C(=O)O,0
1402962,CC(=NCc1cccnc1)c1c(O)n(Cc2ccccc2)c(=O)[nH]c1=O,0
3241616,COc1ccc(CCNC(=O)CCn2c(=O)[nH]c3cc(OC)c(OC)cc3c2=O)cc1OC,0
3794663,CN(C)CCN=Cc1c(O)n(-c2cccc(C(F)(F)F)c2)c(=O)[nH]c1=O,0
2966431,CC(=O)NC1C(=O)Nc2c1cccc2C(F)(F)F,0
135402198,C=CCn1c(SCc2nc3ccccc3c(=O)[nH]2)nnc1-c1cc2cc(Cl)ccc2o1,0
650401,O=C(CCC1CCCC1)NCc1ccccn1,0
5307147,CN1CCN(C(=O)c2ccc3c(c2)N(Cc2ccc(Cl)cc2)C(=O)c2ccccc2S3=O)CC1,0
16758602,CC(C)=CCC/C(C)=C/CO/N=C1/C[C@@H](O)[C@@H](O)[C@@H]2[C@@H]3C(=O)N(Cc4ccccc4)C(=O)[C@H]3CC[C@@H]12,0
3241773,COCCCNC(=O)C1CCN(S(=O)(=O)N(CC(C)C)CC(C)C)CC1,0
869802,CCOC(=O)Cn1c(-c2ccccn2)nc2ccccc21,0
823576,O=C(c1ccccc1F)N1CCN(c2ccccc2)CC1,0
5742469,CN1/C(=C\C(=O)COC(=O)CN2C(=O)C3CC=CCC3C2=O)C(C)(C)c2ccccc21,0
866661,COc1ccc(NC(=O)COc2nsnc2N2CCCCC2)cc1,0
6604044,CC[C@]1(O)C[C@H]2CN(CCc3c([nH]c4ccccc34)[C@](C(=O)OC)(c3cc4c(cc3OC)N(C=O)[C@H]3[C@@](O)(C(=O)OC)[C@H](OC(C)=O)[C@@]5(CC)C=CCN6CC[C@]43[C@H]65)C2)C1,0
118365253,O=C(Nc1cc2[nH]nc(OCCOC(F)(F)F)c2cn1)N[C@H](CO)c1ccccc1,1
1246999,CN1CCN(S(=O)(=O)c2ccc(NC(=O)c3csc4ccccc34)cc2)CC1,0
663913,CC(C)C(=O)N(Cc1cc2ccccc2[nH]c1=O)C(C)C,0
1093076,COc1ccccc1C(=O)Nc1ccc(S(=O)(=O)Nc2cc(C)on2)cc1,0
5308800,O=C(NCc1ccc(F)cc1)c1cc2ccccn2n1,0
665308,C=C(C)COc1ccc(-c2nc(N)ncc2-c2ccc(OC)cc2)c(O)c1,0
2927621,COc1ccc(N(C(C)C(=O)NC2CCCCCC2)S(C)(=O)=O)cc1,0
1281358,O=C(c1ccco1)N1CCN(S(=O)(=O)c2ccc(Oc3ccccc3)cc2)CC1,0
659336,Cc1[nH]c2ccccc2c1C(O)CN1CCN(c2cccc(C(F)(F)F)c2)CC1,0
2861907,Cc1onc(-c2ccccc2)c1C(=O)Nc1sc2c(c1C#N)CCC(C)C2,0
2228164,COc1ccc(NS(=O)(=O)c2ccc3c(c2)Cc2ccccc2-3)cn1,0
666728,COCCN(CCOC)Cc1cc(=O)oc2cc3c(cc12)CCC3,0
655143,Cc1cccc2cc(C#N)c(SCC(=O)N3CCC(C)CC3)nc12,0
3243414,COc1ccc(C(CC(=O)NC(C)(C)C)n2cccc2)cc1,0
3238720,O=C(CCCCn1c(=O)c2ccccc2n(CC(=O)Nc2ccc(F)cc2)c1=O)NCc1ccco1,0
1244077,COc1ccc(CCC(=O)NCc2cnn(C)c2)cc1,0
942474,CCC(=O)Nc1nc(OC)cc(OC)n1,0
3234643,COCC(=O)N1CCC2(CC1)CN(Cc1ccc(C#N)cc1)C2,0
658977,COC(=O)c1[nH]c2ccccc2c1NC(=O)CCN1CCSCC1,0
2999262,COc1ccc(CCC2(C)NC(=O)NC2=O)cc1,0
3233588,COc1cccc(Nc2ncc3nc(CCc4ccccc4)c(=O)n(C4CC4)c3n2)c1,0
222786,C[C@]12CCC(=O)C=C1CC[C@@H]1[C@@H]2C(=O)C[C@@]2(C)[C@H]1CC[C@]2(O)C(=O)CO,0
396090,O=c1c2ccccc2oc2nc3n(c(=O)c12)CCCS3,0
644890,COc1ccccc1C(c1nnnn1C(C)(C)C)N1CCN(Cc2ccncc2)CC1,0
691990,c1ccc(Nc2ccccc2Nc2ccccn2)nc1,0
730925,N#Cc1cc(-c2ccccc2)oc1NC(=O)c1ccco1,0
4276,C=CCc1cc(OC)c2c(c1)OCO2,0
3062646,N[C@@H](CCCCP(=O)(O)O)C(=O)O,0
653614,COc1ccc(NC(=O)C2CCN(c3cc(-c4ccccc4)nc4ncnn34)CC2)cc1OC,0
36339,CCOC(=O)c1cncn1C(C)c1ccccc1,0
661335,COc1ccccc1C1C2=C(N=C3SCC(=O)N31)c1ccccc1CC2,0
6898411,O/N=C/c1cccn1-c1ccc(O)cc1,0
665091,c1ccc(-n2ncc3c(N4CCN(c5ccccn5)CC4)nc(N4CCOCC4)nc32)cc1,0
2100977,c1ccc(CNC2=NCCC2)nc1,0
76071810,COCCOc1n[nH]c2cc(NC(=O)N[C@H](C)c3ccccc3)ncc12,1
2999119,CCCCn1c(SCC(=O)N2CCCCC2)nc2cc(S(N)(=O)=O)ccc21,0
645731,COc1ccc(CC(NC(C)=O)C(=O)NC2CCN(C(=O)Nc3ccc(C#N)cc3)CC2)cc1OC,0
68094,Cc1[nH]ccc2c1[nH]c1cc(=O)ccc12,0
2338736,Cc1onc(-c2c(F)cccc2Cl)c1C(=O)OCC(=O)NCc1ccco1,0
89536190,C[C@@H](NC(=O)Nc1cc2n[nH]c(C(F)F)c2cn1)c1ccc(F)cc1,1
3240584,O=C(NCc1ccc2c(c1)OCO2)c1ccc(NC(=O)C2CCCO2)cc1,0
3241684,O=C(NCC1CCCO1)C1CCC(=O)N1CCc1ccccc1,0
2998826,CCCCc1nc2ccccc2n1Cc1nnc2n1-c1ccccc1SC2,0
2852160,COC(=O)C1=C(C)NC(=O)CC1c1cccc(Cl)c1Cl,0
653069,Fc1cccc(NCc2cn3ccccc3n2)c1,0
682559,COc1ccc(OCC(=O)Nc2ccc(N3CCOCC3)cc2)cc1,0
658800,CC1(NC(=O)C23CC4CC(CC(C4)C2)C3)CCS(=O)(=O)C1,0
700470,c1ccc2[nH]c(SCc3cscn3)nc2c1,0
16757956,CC(=O)OC1C=C[C@]2(C)C(CC(OC(C)=O)[C@@]3(C)C4=CC(=O)OC(c5ccoc5)[C@]4(C)CCC23)C1(C)C,0
2997107,CC1(C)CC(=O)C2=C(C1)NC(=O)CC2c1cccc(F)c1,0
7483,CNc1ccc([N+](=O)[O-])cc1,0
4993461,Cc1ccc(C)c(OCCCCCn2ccnc2)c1,0
340795,Nc1nc(-c2cc(-c3cccc4ccccc34)nc(N)n2)cc(-c2cccc3ccccc23)n1,0
661387,Cn1c(CN2CCCCC2)c(C#N)c2ccccc21,0
129053449,COc1cccc([C@@H](CO)NC(=O)CN2C(=O)c3cc(-c4nc(NC5CCOCC5)ncc4Cl)ccc3[C@@H]2C)c1,1
2837866,CCOC(=O)c1ccc(NC(=O)C2C3C=CC(O3)C2C(=O)O)cc1,0
664451,O=C1CC(c2ccc(Cl)cc2)n2nc(N3C(=O)c4ccccc4C3=O)nc2N1,0
2620923,COc1cc(Cl)c(C)cc1NC(=O)CSc1nc2ccccc2o1,0
648842,CCOc1cc(NC(=O)C2CC2)c(OCC)cc1NC(=O)c1cccnc1,0
1021175,CCOc1ccccc1NC(=O)CN(Cc1ccccc1)S(C)(=O)=O,0
5309619,COc1cc(NC(=O)C2CCCN2S(=O)(=O)c2cccc3cccnc23)cc(OC)c1OC,0
2918950,O=C(O)C1C2C=CC(C2)C1C(=O)OC1CC2CCC1C2,0
3244934,CCOc1ccccc1-n1cnc2cc(C(=O)NCc3ccco3)ccc21,0
645140,Cc1sc2nc(C3CC3)nc(N3CCN(S(=O)(=O)c4ccc(F)cc4)CC3)c2c1C,0
667367,Cc1ccc(S(=O)(=O)N2CCC(C(=O)N[C@@H](Cc3ccccc3)C(=O)O)CC2)cc1,0
644600,COCCN(CC(=O)NCc1ccc(OC)cc1)C(=O)CCC(=O)Nc1nccs1,0
3241981,CCC1Oc2ccccc2N(CC(=O)NCCN2CCc3ccccc3C2)C1=O,0
390807,COc1ccc2c(C)cc(=O)oc2c1,0
977097,COc1cc(C(N)=O)ccc1OCc1ccccc1,0
3238300,O=C(O)c1ccc(S(=O)(=O)NC2CCCc3ccccc32)cc1,0
3246443,COc1c(O)ccc2c1CN1CCc3cc4c(cc3[C@@H]1C2)OCO4,0
650962,Cc1ccc(S(=O)(=O)Cn2nnnc2C(C(C)C)N2CCN(Cc3ccco3)CC2)cc1,0
3237939,COc1ccc(C)cc1NC(=O)c1cc2cc3ccc(C)cc3nc2o1,0
5425,NC(C(=O)O)C(O)C(=O)O,0
646994,Cc1ccc(S(=O)(=O)N(Cc2cc3cc4c(cc3[nH]c2=O)OCCO4)CC2CCCO2)cc1,0
666345,CC(C)[C@@H](C(=O)NCC1CCC(C(=O)O)CC1)n1nnc2ccccc2c1=O,0
2999853,CC1Cc2ccccc2N1Cc1nc2scc(-c3cccs3)c2c(=O)[nH]1,0
655554,COc1ccc(S(=O)(=O)N(CC(=O)N2CCN(C)CC2)c2ccccc2)cc1OC,0
645055,COCCNC(=O)C(c1ccco1)N(C(=O)Cn1nnc2ccccc21)c1ccc(C)cc1C,0
653915,C=CCN(C(=O)CNC(=O)c1ccco1)C(C(=O)NC1CCCCC1)c1ccc(F)cc1,0
118380810,CC(C)OC(=O)Nc1n[nH]c2cc(NC(=O)N[C@H](C)c3ccc(F)cc3)ncc12,1
2967810,COCc1cc(C2SCC(=O)Nc3c2c(=O)[nH]n3C(C)C)ccc1OC,0
6897907,O=C(Oc1ccc(/C=N/O)cc1)c1ccccc1,0
2355446,Cc1cnc(C(=O)OCC(=O)Nc2ccc(Oc3ccccc3)cc2)cn1,0
667550,C[C@H](C(=O)O)c1cccc(C(=O)c2ccccc2)c1,0
2929579,CC(=O)Oc1cccc(N2C(=O)C3CC=C(Cl)CC3C2=O)c1,0
647366,Cc1ccnc(N2CCC(C(=O)Nc3ccc4c(c3)OCO4)CC2)n1,0
3237172,O=C(c1ccco1)N1CCN(c2cc(=O)n(C3CCCCC3)c(=O)[nH]2)CC1,0
16759050,CCC1OCCC=CC1C,0
1281347,COc1cccc(S(=O)(=O)N2CCN(c3ccccc3F)CC2)c1,0
3236646,O=S(=O)(NCCOCC(F)(F)C(F)F)c1ccc2oc3ccccc3c2c1,0
13711,Nc1ccn([C@H]2C[C@H](O)[C@@H](CO)O2)c(=O)n1,0
653454,Cc1cc(NC(=O)CCC(=O)N(c2cccnc2)C(C(=O)NC2CCCC2)c2ccccc2F)no1,0
2998897,COc1cc(C2N=C(c3ccccc3)NO2)cc(Br)c1O,0
970938,COc1ccc(S(=O)(=O)N2CCCC2)c(C)c1C,0
674305,COc1ccc(O)c(-c2cn[nH]c2-c2cccs2)c1,0
11876,NC(=O)c1ccccc1[N+](=O)[O-],0
118046484,CNC[C@@H](NC(=O)c1ccc(-c2nc(C3CCC(O)CC3)cnc2N)cc1F)c1cc(F)cc(I)c1,1
713160,COc1cc(OC)cc(C(=O)Nc2ccc3c(c2)COC3=O)c1,0
3243364,Cc1ccc(C(=O)N2CCN(C(=O)c3ccc(C)c(C)c3)C(C)C2)cc1C,0
654996,CCC1Oc2ccc(C)cc2N(CC(=O)N(Cc2ccc3c(c2)OCO3)CC2CCCO2)C1=O,0
3244047,Cc1oc(-c2ccccc2F)nc1CN1CCC(C(=O)NCc2cccnc2)CC1,0
2917796,COc1ccc(C2C(C(C)=O)=C(C)Nc3ncnn32)cc1OC,0
2998336,O=C(OC1CCOC1=O)c1ccc2ncsc2c1,0
666213,CCCn1c(C)nc2c(c1=O)c1nc3ccccc3nc1n2CCC1=CCCCC1,0
135429096,O=C(c1ccncc1)N(Cc1ccccc1)Cc1nc2ccccc2c(=O)[nH]1,0
92044734,Cc1cc(-c2n[nH]c3cc(NC(=O)NCc4cn5cccc(C)c5n4)ncc23)ccn1,1
644956,Cc1cccc2cc(C#N)c(SCC(=O)N3CC(=O)Nc4ccccc43)nc12,0
3232721,Cc1noc(C)c1C(=O)N1CCC2(CCN(Cc3cc(C(F)(F)F)cc(C(F)(F)F)c3)CC2)CC1,0
3242817,CCn1c(=O)cc(SCC(=O)Nc2ccc3c(c2)OCO3)c2ccccc21,0
2969946,O=C(NCCCn1ccnc1)NC(C(F)(F)F)C(F)(F)F,0
2723,Cc1cc(O)cc(C)c1Cl,0
666086,Cc1cc2c(c(=O)n1C1CC1)C(c1cccc(Cl)c1)C(C#N)=C(N)O2,0
3245359,Cc1c(C(=O)NCc2ccco2)oc2ccc(S(=O)(=O)N3CCC4(CC3)OCCO4)cc12,0
135449571,O=c1[nH]cnc2nc3n(c12)CCCCC3,0
650488,C=CCN1C2CCCC1CC(NC(=O)Nc1cccc(C(C)=O)c1)C2,0
659981,CCOc1ccccc1NC=C1C(=O)OC(C)(C)OC1=O,0
971559,CCOC(=O)c1ccccc1NC(=O)Nc1ccc(OC)c(OC)c1,0
1304689,CCOC(=O)c1cc(-c2nnc(-c3cc(OC)c(OC)c(OC)c3)o2)c(C)nc1C,0
666441,O=P1(Nc2nc3ccc(Cl)cc3s2)COc2ccccc2O1,0
2231273,CS(=O)(=O)Nc1ccc(-c2n[nH]c(=S)n2-c2ccccc2)cc1,0
3240289,CCN(CC)S(=O)(=O)c1ccc2oc(C(=O)O)c(C)c2c1,0
4644536,CCOCCCNC(=O)C(c1ccc(C)cc1)N1CCOCC1,0
3242804,CC(NC(=O)c1ccc(CS(=O)(=O)Cc2ccccc2F)o1)c1ccc2c(c1)OCCO2,0
71555460,Cc1cc(-c2n[nH]c3cc(NC(N)=O)ncc23)ccn1,1
656068,CCC(OC(=O)c1ccco1)C(=O)NCc1ccco1,0
663386,Cc1nc(NC2=NCN(CCc3ccccc3)CN2)nc2c(C)cccc12,0
654844,CC1CCCCN1C(=O)CN1C(=O)CN(C)C(=O)c2ccccc21,0
3000106,COCCn1c(SCc2nc3ccccc3s2)nc2ccccc21,0
645866,Cc1ccc2cc(CN(CCCN3CCOCC3)C(=O)NC3CCCCC3)c(=O)[nH]c2c1C,0
3240936,CC(=O)c1cccc(NS(=O)(=O)c2c(C)n[nH]c2C)c1,0
39562,O=C(O)c1nn(Cc2ccc(Cl)cc2Cl)c2ccccc12,0
2854855,CCOC(=O)C1C(=O)NCC2CCCC21,0
5309404,Cn1cccc1Cc1nnc(SCC(=O)Nc2ccc3c(c2)OCCO3)n1-c1ccc(F)cc1,0
3234455,COc1ccccc1-c1nc(N(C)Cc2ccco2)c2ccccc2n1,0
2901223,COc1ccc(OC)c(NC(=O)CCN2CC(C)OC(C)C2)c1,0
647478,Cc1nc2c(oc3ccccc32)c(=O)o1,0
6604768,C[C@@](N)(C(=O)O)c1cccc(CC(=O)O)c1,0
3241329,CC(=O)c1cc(-c2ccccc2)n(CCC(=O)NCc2cccs2)c1C,0
330385,CSC1(SC2=NCCN2)SC2(NCCN2)S1,0
675065,CC1=C(C(N)=O)C(c2ccco2)C(C(N)=O)=C(C)N1,0
723219,O=C(CC(=O)c1ccccc1)Nc1ccc2c(c1)OCCO2,0
2998080,c1ccc(-c2cnnc(SCc3cn4cccnc4n3)n2)cc1,0
1291811,Cc1cc(=O)oc2ccc(OCC(=O)N(Cc3ccc(F)cc3)Cc3ccco3)cc12,0
2961839,COc1ccc(C(N)=O)cc1NC(=O)CC(O)(C(F)(F)F)C(F)(F)F,0
2999102,Cc1ccc(S(=O)(=O)NC(C(=O)OCC(=O)NC2CCS(=O)(=O)C2)C(C)C)cc1,0
646092,OCCCCNc1cccc2ccccc12,0
650446,O=C1CCCc2c1cc(C(=O)NCc1ccco1)c(=O)n2-c1ccccc1,0
118046421,NC(=O)c1ccc(-c2nc(C3CCOCC3)cnc2N)cc1F,1
664330,CCc1nnc(NC(=O)CCC(=O)N2CCN(CCc3ccccc3)CC2)s1,0
652522,COc1ccc(C(=O)CSc2nnc(Cc3ccccc3)o2)cc1,0
1261395,Cc1cc(C)c2nc(-c3ccccn3)cc(C(=O)Nc3cc(C)on3)c2c1,0
652094,O=C(NC1CCCC1)c1cnn2c(C(F)(F)F)cc(-c3ccc4c(c3)OCO4)nc12,0
2970168,CC(=O)Nc1ccc(S(=O)(=O)NC2(C(F)(F)F)NC(=O)N(C3CCCC3)C2=O)cc1,0
670633,CCOc1ccc(N2C(=O)CCC2=O)cc1,0
2194134,COc1ccc(OC)c(NC(=O)C2CCN(S(C)(=O)=O)CC2)c1,0
127053715,COC(=O)NC1NNC2CC(NC(=O)N[C@H](C)c3cccc(F)c3)NCC21,1
663353,CCc1ccc(NC(=O)CSc2nnc(-c3ccccn3)n2C)cc1,0
1051635,CC(C)CCSc1nc(N2CCOCC2)c2c(c1C#N)CC(C)(C)OC2,0
653049,COc1ccc(S(=O)(=O)N2CCSC2c2ccc(N)cc2)cc1,0
2999725,Cc1cnc(C(=O)OCC(=O)NC2CCCC(C)C2C)cn1,0
71554733,Cc1cc(-c2n[nH]c3cc(NC(=O)N[C@H](C)c4ccc(F)c(Cl)c4)ncc23)ccn1,1
849903,CN(C)S(=O)(=O)N1CCN(C(=O)c2ccccc2Cl)CC1,0
3240031,COC(=O)c1cc2occc2n1CC(=O)Nc1cc(OC)cc(OC)c1,0
3240295,CCOc1cc2[nH]c(=S)n(CCCN3CCCC3=O)c(=O)c2cc1OCC,0
646534,CC(=O)Nc1cccc(NC(=O)C2CCCN2C(=O)Nc2cccc(F)c2)c1,0
644567,CCN1CCN(C(=O)c2cnn3c(C(F)F)cc(-c4ccc(C)cc4)nc23)CC1,0
2206159,CCCNC(=O)c1ccccc1NS(=O)(=O)c1ccc(OC)c(OC)c1,0
16758263,CO[C@H]1COC(=O)C/C=C\[C@@H](C)COC(=O)[C@H]2CCCN2C(=O)C/C=C\[C@H]1C,0
2970016,COc1ccccc1C(=O)Nc1ccc2c(c1)nc(CN1CCN(C(C)=O)CC1)n2C,0
869146,COc1ccccc1NC(=O)c1ccc(CN2CCOCC2)cc1,0
706057,Cc1sc2nc3ccc(N4CCCCC4)nn3c(=O)c2c1C,0
138374466,Cc1cc(C2NNC3CC4NC(=O)C(C(C)c5ccc(F)cc5)CC4CC32)ccn1,1
651464,Cc1csc(NC(=O)CCC(=O)N(CC(=O)NC2CCCC2)Cc2ccco2)n1,0
3241424,CCOC(=O)C1CCCN(C(=O)c2cc(Nc3ccc(OC)c(OC)c3)nc3ccccc23)C1,0
3244263,COc1ccc(N2CCN(CCNC(=O)CCCn3c(=O)[nH]c4cc(Cl)ccc4c3=O)CC2)cc1,0
3244435,COc1ccc(OC)c(-c2cc(C(=O)NCc3cccs3)no2)c1,0
3244536,O=C(Nc1ccc2c(c1)OCO2)C1CCN(Cc2cnn(-c3ccccc3)c2-n2cccc2)CC1,0
137495810,Cc1cc(F)cc(C(NC(=O)CN2Cc3ccc(-c4nc(NC5CCOCC5)ncc4Cl)cc3C2=O)[C@H](C)O)c1,1
3238962,COc1ccccc1NC(=O)C1CCCCN1S(=O)(=O)c1ccc(F)cc1,0
650506,Cc1ccc(C)c(CN2CCC(n3nnc4cc(F)ccc43)CC2)c1,0
3241443,CCCCN(CC)CCCNC(=O)CC1Nc2ccccc2NC1=O,0
2102567,CCCCn1nc(C(=O)N2CCc3ccccc32)c2ccccc2c1=O,0
16759024,CC12C=C(/C=C/c3ccc(F)cc3)C(C)(C1)C(c1ccc(F)cc1)CC2=O,0
653456,COc1cc(S(=O)(=O)N2CCCC3(CCCCC3)C2)ccc1-n1cnnn1,0
598513,CCCCC(=O)C1C(=O)NC(=O)NC1=O,0
2936597,O=C(C1CCCN1S(=O)(=O)c1ccc(Cl)cc1)N1CCOCC1,0
72616,COc1cc2c(cc1OC)C(=O)Cc1ccc3c(c1CN(C)CC2)OCO3,0
2575484,C=CCn1c(SCn2nnc3ccccc3c2=O)nnc1-c1ccc(Br)cc1,0
413816,O=C(O)c1[nH]c(=O)[nH]c(=O)c1CN1CCCCC1,0
3234672,COc1cccc(Nc2ncc3ncc(=O)n(Cc4cccs4)c3n2)c1,0
5413051,CCCc1cc2c(=O)c(-c3ccccn3)c(C)oc2cc1O,0
2941783,O=C(c1ccco1)N1CCN(c2c(-c3ccccc3)c3cc(Cl)ccc3[nH]c2=O)CC1,0
664033,CC1(C)CCCN(C(=O)c2coc(=O)c(Br)c2)C1,0
2961835,COC(=O)C(O)(CC(=O)Nc1ccc(Cl)cc1F)C(F)(F)F,0
744770,Oc1cc(Cc2ccccc2)cnc1CN1CCOCC1,0
3244088,O=C(c1ccco1)N1CCN(C(=O)C2(S(=O)(=O)c3ccc(Cl)cc3)CC2)CC1,0
655377,CN1C(=O)N(C)C2(CC1(C)C)CC(C)(C)N(C)C(=O)N2C,0
992755,Cc1nn(C)c(C)c1NC(=O)CSc1nnc(C)n1-c1ccccc1,0
658413,COC(=O)C(C)Sc1nnc(SC(C)C(=O)OC)s1,0
2304502,COc1ccc(C(=O)Nc2cccc(C(=O)N3CCCC3)c2)cc1,0
58881916,CCNC(=O)Nc1ccc2ncc(Nc3cccnc3)nc2n1,1
654841,COc1cc(Cl)c(S(=O)(=O)NCCCN2CCOCC2)cc1Cl,0
2310813,Cn1cnc2cc(OC(=O)c3ccccc3)ccc21,0
3242642,Cc1ccc(CNC(=O)C2CCCN(S(C)(=O)=O)C2)cc1,0
145995640,Cn1nccc1Nc1nccc(-c2cc3n4c(nnc4c2)[C@@H](Cc2ccc(Cl)cc2)CO3)n1,1
975999,Cc1nn2c(nc1=O)SCC(c1ccccc1)=N2,0
818488,Cc1ccccc1-c1nc(Cc2ccccc2)no1,0
683944,O=C(NCc1ccc2c(c1)OCO2)c1cccs1,0
1064,O=C(O)C1(O)CC(O)C(O)C(O)C1,0
619281,CCCC(=O)c1ccc(N2CCN(S(=O)(=O)c3ccc(C)cc3)CC2)c(F)c1,0
972660,CC1(C)CC(=O)c2cnn(-c3nc4ccccc4[nH]3)c2C1,0
2123527,COC(=O)C1CCN(C(=O)COc2cc3sc(C)nc3c3sccc23)CC1,0
3245689,COCC(C)NC(=O)c1cc(-c2ccc(OC)c(OC)c2)on1,0
396455,Cc1cc(C)n(C(=O)CSc2nnc(SCC(=O)n3nc(C)cc3C)s2)n1,0
2855196,COc1ccc(COC(=O)C2=C(C)NC(=O)NC2c2ccc(O)c(OC)c2)cc1,0
3233548,COc1ccc(Oc2ncc3nc(-c4cc(F)cc(F)c4)c(=O)n(C4CC4)c3n2)cc1,0
9556005,C/C(CCN1CCCCc2nc(C)c(C)cc21)=N\OC[C@@H](C)[C@H](OCc1ccccc1)C(C)C,0
653920,CCN(CC)C(=O)Nc1ccc2c(c1)nnn2C,0
653036,CCOc1ccccc1C(=O)Nc1ccc(S(=O)(=O)N2CCOCC2)cc1,0
647810,O=C(O)c1cccc(S(=O)(=O)NCc2cccs2)c1,0
89536116,Cc1cc(-c2n[nH]c3cc(NC(=O)N[C@H](C)C4CCCCC4)ncc23)ccn1,1
1089138,CC(=O)Cc1nsc(NC(=O)c2ccc(-c3cccc(C(F)(F)F)c3)o2)n1,0
531836,COc1cccc(C(=O)NCC2CCCO2)c1,0
3233775,FC(F)(F)c1cc(CN2CC[C@@]3(CCCNC3)C2)cc(C(F)(F)F)c1,0
130451727,CCc1nc(NC(=O)N[C@@H](c2ccccc2)C(C)(C)O)cc2cnn(-c3ccnc(C)c3)c12,1
5307436,O=C(NCCN1CCCCCC1)c1ccc(CS(=O)(=O)c2ccc(Br)cc2)o1,0
2913082,Cn1c(=O)c2c(-c3ccccc3)n(-c3ccccc3O)cc2n(C)c1=O,0
2199885,Clc1ccc(SCCCCn2cncn2)cc1,0
92044693,CN1CC[C@@H](CNC(=O)Nc2cc3[nH]nc(-c4ccc(F)cc4)c3cn2)C1,1
118365042,CC(C)(O)[C@@H](NC(=O)Nc1cc2[nH]nc(OCCOC(F)F)c2cn1)c1ccccc1,1
655555,Cc1cccc2cc(C(c3nnnn3C(C)(C)C)N3CCN(C(=O)c4ccco4)CC3)c(=O)[nH]c12,0
135449491,CN(C)c1ccc(NC(=O)CSCc2nc3c(nnn3Cc3ccc(F)cc3)c(=O)[nH]2)cc1,0
2127766,Cc1cc2oc(=O)cc(COC(=O)c3cccc(N(C)C)c3)c2cc1C,0
3235037,COCCNc1nc(-c2c(C)noc2C)nc2ccccc12,0
962431,Cc1ccc(C)c(Cn2c(CO)nc3ccccc32)c1,0
649988,O=C(NCC1CCCO1)c1ccc(N2CCCCC2)nc1,0
3241273,COc1ccc(N(C(C)=O)C2C=CS(=O)(=O)C2)c(OC)c1,0
975915,Cc1cc2oc(C(=O)NCc3ccc4c(c3)OCO4)c(C)c2cc1C,0
129077764,C[C@H](O)[C@@H](NC(=O)CN1Cc2ccc(-c3nc(NC4CCOCC4)ncc3Br)cc2C1=O)c1ccccc1,1
71247195,COc1ccc([C@H](NC(=O)c2ccc3cnc(NC4CSC4)nc3c2)c2cnn(C)c2)cc1F,1
666909,Cc1ccc2oc(=O)cc(CN3CCC(C)CC3)c2c1,0
646661,COC(=O)c1cccc(COC(=O)CNC(=O)c2ccco2)c1,0
16757958,COC(=O)CC1C(C)(C)C(O)C2CC3=C4C=C(OC)OC(c5ccoc5)[C@]4(C)CCC3[C@@]1(C)C2=O,0
2238621,COC(=O)c1ccccc1OC(=O)c1ccc(Br)o1,0
118045445,CNC[C@@H](NC(=O)c1ccc(-c2nc([C@@H]3CC[C@@H](O)[C@H](F)C3)cnc2N)cc1F)c1cc(F)cc(I)c1,1
1565334,O=C(CCCOc1ccc(Cl)cc1)N1CCCCCC1,0
709713,CC1(C)CC(=O)c2c(noc2-c2ccccc2)C1,0
5307355,COc1ccc(N(CC(=O)N2CCN(c3ccccc3)CC2)S(=O)(=O)c2c(C)noc2C)cc1,0
3245398,Cc1cc2cc(CNC(=O)c3ccc4c(c3)OCO4)ccc2[nH]1,0
654743,COc1ccccc1NC(=O)Cn1nnc(-c2ccccc2NC(=O)c2ccco2)n1,0
2998016,O=C(OC1CCCCC1=O)c1cc(=O)c2ccccc2o1,0
2999166,CCS(=O)(=O)N1Cc2ccccc2CC1C(=O)N1CCN(c2ccccc2)CC1,0
790079,COc1ccccc1C(=O)NCc1ccc2c(c1)OCO2,0
5641,CCOC(N)=O,0
1375940,COc1ccccc1N=Cc1c(O)n(C)c(=O)n(C)c1=O,0
118365175,C[C@@H](NC(=O)Nc1cc2[nH]nc(OCC(O)CO)c2cn1)c1ccccc1,1
656032,CCCC(=O)Nc1cc(C)c(NC(=O)c2ccccn2)cn1,0
135427462,CCSc1nc(O)c(C2OC(=O)c3c2ccc(OC)c3OC)c(=O)n1CC,0
3246192,c1ccc(B2OC[C@@H]3OB(c4ccccc4)O[C@H]([C@@H]4COB(c5ccccc5)O4)[C@@H]3O2)cc1,0
226105,O=C(O)CS(=O)c1ccc2c3c(cccc13)C(=O)c1ccccc1-2,0
599999,O=C(CCC1CCCC1)Nc1ccc(Br)cn1,0
2323124,COc1ccc(-c2n[nH]c(C(F)(F)F)c2-c2cc3ccccc3o2)c(O)c1,0
3240226,O=C(Cc1ccccc1)OCn1nnc2ccccc2c1=O,0
741871,CCC(=O)Nc1sc2c(c1C#N)CC(C)(C)NC2(C)C,0
5459708,CC(=O)N1C2(C=CC1(C)C(=O)NCc1ccc(C)o1)CCCCC2,0
650101,CC1(C)Cc2ccccc2-c2nnc(-c3cccnc3)n21,0
3588737,COC(=O)c1cc2c(s1)-c1ccccc1OC2,0
3238022,COc1ccccc1-n1nc(C(=O)NCc2ccco2)c2ccccc2c1=O,0
3403514,COc1nc(NCC(C)C)nc(Oc2ccc(=O)n(-c3ccccc3)n2)n1,0
649963,COc1ccc2nc(N3CCCC3)c(C#N)cc2c1,0
3235067,COc1ccccc1CN1CCCC2(CCN(C(=O)c3cnccn3)CC2)C1,0
2323738,CN(C)P(=O)(C(Cl)=C(N1CCCCC1)N1CCCCC1)N(C)C,0
3246033,C[C@@]12CCC(=O)C=C1CC[C@H]1[C@@H]2[C@@H](O)C[C@]2(C)[C@@H]1CC[C@@]2(O)C(=O)CO,0
3131363,CCn1c(C(O)c2ccc(C)cc2)nc2ccccc21,0
3242572,COc1ccc(-c2nc(-c3ccc(NC(=O)c4ccc(Br)o4)cc3)no2)cc1OC,0
648642,Cc1cc(C)n(-c2nc3c(c(=O)[nH]c(=O)n3C)n2CC(C)C)n1,0
3246691,Ic1ccc2c(c1)N(c1ccccc1)c1cc(Nc3ccc4nc5ccc(I)cc5[n+](-c5ccccc5)c4c3)ccc1N2,0
3246575,CC(=O)N[C@@H]1CONC1=O,0
665361,Cc1ccc(S(=O)(=O)c2cc3c(=O)n4cc(C)ccc4nc3n(CC3CCCO3)c2=N)cc1,0
2086771,CC(=O)Nc1ccc(SCC(=O)N(CCC#N)c2ccc(C)cc2)cc1,0
2937218,COC(=O)c1cc2c(=O)n3ccccc3nc2n(C(C)C)c1=N,0
2997284,COc1cc2c(c(OC)c1)C(c1cccc(OC)c1OC)CC(=O)N2,0
656138,COc1cc(OC)cc(-c2nnc(SCc3c(F)cccc3Cl)o2)c1,0
654454,CC(C)CNS(=O)(=O)c1ccc(C(=O)Nc2ccc3c(c2)OCCO3)cc1,0
868130,CCOC(=O)c1ccc2[nH]c(C)c(CCC(C)=O)c(=O)c2c1,0
118045274,Nc1ncc(C2CCS(=O)(=O)CC2)cc1-c1ccc2c(c1)OCCN(Cc1ccccc1)C2=O,1
747969,COC(=O)Nc1ccccc1C(=O)N1CCCCC1,0
2369439,Cc1cc(C)c(C#N)c(=N)o1,0
3238499,CCOc1ccc(-c2nnc3ccc(SCC(=O)NCc4ccco4)nn23)cc1,0
1796510,O=C(O)[C@@H]1CCCNC1,0
5768475,COc1ccccc1C1/C(=C(/O)c2ccc(C)cc2)C(=O)C(=O)N1CC(C)O,0
652693,CCOC(=O)c1c(NC(=O)CNCCO)sc(C)c1C,0
898151,COC(=O)c1cc(C)sc1NC(=O)CCCC(=O)O,0
652224,Cn1c(=O)n(C)c2cc(C(=O)O)ccc21,0
