PUBCHEM_CID,SMILES,Label
660804,Cc1cc(C)cc(N2C(=O)CSC2c2cccs2)c1,0
16758358,COC(=O)[C@H](CCSC)NC(=O)C/C=C\[C@@H](C)[C@@H](CO)OC,0
662195,COc1ccccc1C(CCN(Cc1cccs1)C(C)=O)c1ccco1,0
307746,Cc1ccc(C)c(NC(=O)NCc2ccc(Cl)cc2)c1,0
2163016,CCOCC(=O)Nc1ccc(F)c(F)c1,0
2958833,O=C1CC(N(Cc2ccco2)C(=O)Nc2ccc(F)cc2)C(=O)N1c1ccc(F)cc1,0
656103,O=C(NC1CCN(C(=O)NC2CCCCC2)CC1)c1ccco1,0
2918615,CC(NC(=O)c1ccco1)c1ccc2c(c1)OCCO2,0
3238403,O=C(CCn1c(=S)[nH]c2cc3c(cc2c1=O)OCO3)N1CCN(C2CCCCC2)CC1,0
3244529,CC(=O)NCCn1c(SCC(=O)NCCC2=CCCCC2)nc2ccccc2c1=O,0
79418,C1CNC2NCCNC2N1,0
1246396,O=C(NCc1ccco1)c1cc2c(s1)CCCCC2,0
3235957,COC(=O)Cn1c(=NC(=O)CSCC(=O)NC2CCCCC2)sc2cc(OC)ccc21,0
773777,Cc1cc(C)n(-c2cccc3cccnc23)n1,0
3246268,CC(C)[C@@]12CC[C@@]3(CC[C@H]4[C@@](C)(CCC[C@]4(C)C(=O)O)[C@@H]3C1)[C@@H](CN)C2,0
755828,COCc1cc(C)nc(SCC(=O)Nc2cccc(C)c2)c1C#N,0
705284,CCOc1ccccc1NC(=O)c1cc(CC(C)C)oc1C,0
2998353,CC(C)CCNC(=O)NC(=O)COC(=O)C1=COCCO1,0
557765,CN(C)C=Nc1nonc1-c1ncn[nH]1,0
2857625,O=C(O)CN1C(=O)Nc2ccc(Br)cc2C1c1ccccc1,0
3234919,COc1ccccc1-c1ccc2ncnc(NCc3cnc(C)cn3)c2c1,1
99652,CNc1ccccc1C(=O)N1CCc2c([nH]c3ccccc23)C1=O,0
1618256,CCCCC(=O)Nc1ccc(N2CCN(S(C)(=O)=O)CC2)cc1,0
2102567,CCCCn1nc(C(=O)N2CCc3ccccc32)c2ccccc2c1=O,0
2998424,CC(C)(C)c1ccccc1NC(=O)c1ccco1,0
3240633,O=C(c1cc2nc3c(c(C(F)(F)F)n2n1)CCc1ccccc1-3)N1CCN2CCCC2C1,0
2975261,CCCCOc1ccccc1C1C(C(N)=O)=C(C)Nc2nnnn21,0
663112,CCn1c(SCC(=O)Nc2cc(C)ccc2C)nnc1-c1cnccn1,0
665724,O=C(O)C1CCN(C(=O)COc2ccc3c4c(c(=O)oc3c2)CCC4)CC1,0
335083,Clc1ccc2c(N3CCC(CCC4CCN(c5ncnc6cc(Cl)ccc56)CC4)CC3)ncnc2c1,0
667117,COc1ccc2ccccc2c1C1CC(=O)N2CN(C)CSC2=C1C#N,0
3240587,Cc1ccc(-n2nnc3c(=O)n(CC(=O)N4CCCC4)cnc32)cc1,0
663848,Cc1c(C(O)CN2CCN(Cc3ccc4c(c3)OCO4)CC2)c2ccccc2n1C,0
5309006,CCCN1CCN(CCCNC(=O)c2cc3c(=O)n(C)c4ccccc4c3n2C)CC1,0
3234152,COc1ccc(NC(=O)N2CCCC3(CCN(C(=O)c4cnccn4)CC3)C2)cc1,0
5307377,COc1ccc(NC(=O)CSc2nnc(Cn3c(=O)sc4ccccc43)n2C)cc1,0
3233405,c1ccc(N2CC[C@@]3(CCCNC3)C2)nc1,0
135410570,COc1ccc(C(=O)NCCc2nnc(SCc3nc4ccccc4c(=O)[nH]3)n2C)cc1,0
3241011,CCN(CC)CCn1c(=S)[nH]c2ccc(Cl)cc2c1=O,0
644896,CCCCCOC(=O)Cn1c(N2CCCCCC2)nc2c1c(=O)[nH]c(=O)n2C,0
3240770,O=C(NCC(c1cccnc1)N1CCN(c2ccccc2F)CC1)Oc1ccccc1,0
3232706,c1ccc(CNc2cc(-c3cccnc3)ncn2)cc1,0
3243105,O=C(CN1C(=O)CCS(=O)(=O)c2ccccc21)Nc1cccc(F)c1,0
3243729,Cc1ccc(-c2nc(CSCC(=O)N3CCCC3)c(C)o2)cc1,0
657604,O=C(NCCN1CCOCC1)[C@H](Cc1ccccc1)N1C(=O)c2ccccc2C1=O,0
73505653,CCNc1n[nH]c2cc(NC(=O)NC(CC)c3ccccn3)ncc12,1
663773,CN(C)CCCN1C(=O)c2oc3ccccc3c(=O)c2C1c1cccs1,0
4215541,Cc1cccc(CN2CCN(CC(=O)NCc3ccc(F)cc3)C2=O)c1,0
650172,COc1ccc(-c2sccc2C(C)C(=O)O)cc1,0
9547710,Cn1c(N)c(C(=O)COC(=O)c2ccnc3ccccc23)c(=O)n(C)c1=O,0
3238670,Cc1ccccc1CSc1nc2n(n1)C(c1cccs1)C1=C(CCCC1=O)N2,0
3233944,CCNc1ncc2nc(-c3ccc(F)cc3)c(=O)n(CCOC)c2n1,0
5713206,Cc1cc(C)nc(S/C=C/C(=O)c2ccccc2F)n1,1
121416612,Cc1cc(-n2ncc3cc(NC(=O)NC(CCN(C)C)c4ccccn4)ncc32)ccn1,1
647788,Cc1occc1-c1nnc(SCC(=O)Nc2ccc3c(c2)OCO3)n1CC1CCCO1,0
54687283,C=CCn1c(=O)c(C(=O)NCCc2ccccc2)c(O)c2ccccc21,0
656269,Cc1ccc2nc(NCCCNC(=O)c3cnccn3)c(C#N)cc2c1,0
669166,CC(=O)Nc1ccc(S(=O)(=O)N(C)c2ccccc2)cc1,0
877334,Cc1occc1C(=O)Nc1cccc2ccccc12,0
3162414,O=C1CC(c2cccnc2)c2cc3c(cc2N1)OCCO3,0
3238585,Cc1noc(C)c1S(=O)(=O)Nc1ccc(C(=O)NC2CCCCC2C)cc1,0
2112599,Clc1ccc(-n2nnnc2Sc2ncnc3sccc23)cc1,0
2982211,O=C(N1CCOCC1)N1CCN(S(=O)(=O)N2CCCCC2)CC1,0
2332522,COc1ccccc1N(CN1C(=O)c2ccccc2C1=O)C(=O)c1cccnc1,0
5307576,Cc1ccccc1-n1c(Cn2c(=O)sc3ccccc32)nnc1SCC(=O)N1CCCC1,0
2169094,N#Cc1cc(N)c(Nc2ccccc2)cc1C#N,0
117876558,CC1(n2cnc3cnc4cc(F)c(-c5ccc(Oc6ncccn6)cc5F)cc4c32)CCN(C(N)=O)CC1,1
2999409,CC(=O)NC(CC(=O)Nc1ccc(S(=O)(=O)N2CCCC2)cc1)c1ccccc1,0
2713344,COc1ccccc1CNC(=O)c1ccc(S(=O)(=O)N(C)C)cc1,0
5680,NCCCCNS(=O)(=O)c1cccc2c(Cl)cccc12,0
2408768,COc1ccc2c(Cl)c(-c3nnco3)sc2c1,0
6603874,C[C@]1(C2CCCC2)Cc2cc(OCC(=O)O)c(Cl)c(Cl)c2C1=O,0
3000155,CCN(CC)S(=O)(=O)c1cccc(-c2nnc(SC(C)C#N)n2Cc2ccccc2)c1,0
648782,O=S(=O)(c1ccccc1)c1cccc(S(=O)(=O)N2CCCCC2)c1,0
2896655,COc1ccc(CNC(=O)C2COc3ccccc3O2)cc1,0
3240411,C=CCNC(=O)C1CC(c2cccc(OC)c2)=NO1,0
935119,CCOc1ccc(S(=O)(=O)n2nnc3ccccc32)cc1C,0
1257476,Cc1ccc(SCc2cc(=O)n3[nH]c(C)nc3n2)cc1,0
135449580,O=C(O)CCCCCNc1nc2ncn(Cc3ccccc3)c2c(=O)[nH]1,0
2120324,Cc1c(-c2ccccc2)sc(N)c1C(=O)N1CCOCC1,0
667254,Cc1cc(C)c2c(n1)nn1c(N3CCN(c4ccccn4)CC3)cc(C)nc21,0
2346927,C=CCn1sc(N)c(C(=O)OCC)c1=S,0
651741,COCCOC(=O)c1c(C)oc2ccc(NS(=O)(=O)c3ccccc3)cc12,0
871509,CN1CCN(S(=O)(=O)c2ccc(-c3ccccc3)cc2)CC1,0
3238322,Cc1cc(N2CCN(c3cccc(C(F)(F)F)c3)CC2)n2nc(C)nc2n1,0
795328,Cc1ccc(OCC(=O)N2CCCCC2)c(Br)c1,0
3241288,O=C(Nc1ccccc1)N1CCn2c(nc3ccccc32)C1,0
3245615,CC1=C(C(=O)OCC(C)C)C(c2cccc(F)c2)N2C(=O)C(C)SC2=N1,0
2729247,CC(C)C1(C)C(=O)N=C2c3ccccc3C(=O)N21,0
5308520,CC(C)Cc1cc(C(=O)N2CCN(c3ccc(F)cc3)CC2)no1,0
652873,Cc1cc(C)cc(N(CC(=O)NCc2ccco2)C(=O)CCC(=O)Nc2ccccn2)c1,0
6509750,O=C1CCC/C1=c1\s/c(=C\c2cccnc2)c(=O)n1-c1ccccc1,0
2737129,[O-][n+]1onc2c1CCc1nnc(-c3ccccc3)cc1-2,0
7008172,COc1ccc(/C=N/n2c(N)nc3ccccc32)cc1OC,0
135415454,CCCCCCN1CC(O)=C(c2nc3ccccc3[nH]2)C1=N,0
695461,Cc1cc(C)nc(SCC(=O)N2CCOCC2)n1,0
5459412,CC(C)c1cccc2nc3c(c([Si](C)(C)C(C)(C)C)c12)Cn1c-3cccc1=O,0
540360,CCC(NS(=O)(=O)c1ccc(NC(C)=O)cc1)C(=O)O,0
647649,CC(=O)Nc1cc2c(cc1NC(=O)Cn1nc(-c3ccccc3F)ccc1=O)OCCO2,0
2787705,COC(=O)c1ccc(NC(=O)C(C)N2C(=O)c3ccccc3C2=O)cc1,0
3234903,O=C(c1cc(C(F)(F)F)cc(C(F)(F)F)c1)N1CCC[C@@]2(CCN(c3ncccn3)C2)C1,0
3238797,COCCCNC(=O)CCC(=O)Nc1ccc2nc(N3CCOCC3)cc(C)c2c1,0
246977,Cc1cc(-c2cc(C)c(O)c(C(C)(C)C)c2)cc(C(C)(C)C)c1O,0
2997727,O=C(Nc1nc(-c2ccccc2)cs1)C1CCCCN1S(=O)(=O)c1ccccc1,0
648419,O=C(CSc1ncccc1-c1nc2ccccc2[nH]1)NC1CC1,0
3237240,COc1ccccc1NC(=O)c1cn(C)c(=O)c2cc(OC)c(OC)cc12,0
54677783,CC(C)c1ccc(C(c2c(O)c3ccccc3oc2=O)c2c(O)c3ccccc3oc2=O)cc1,0
2841235,CCCCCOC(=O)NCC(O)c1ccccc1,0
135450640,Cc1ccc(Cn2nnc3c(=O)[nH]c(C4CCCN(C(=O)Nc5ccc(F)cc5)C4)nc32)cc1,0
76071567,COc1n[nH]c2cc(NC(=O)N[C@H](C)c3ccccc3)nc(C#N)c12,1
662017,COCCCNC(=O)c1c(N)n(-c2ccc3c(c2)OCO3)c2nc3ccccc3nc12,0
665587,COC(=O)c1c(NC(=O)CN2CCCC(C)C2)c2c(C)cccc2n1C,0
9554675,C(=N/n1cnnc1)\C1CCCCC1,0
782380,CCCN(CCO)Cc1cccc(Br)c1,0
729595,CCOc1ccccc1OCC(=O)Nc1nnc(C)s1,0
666604,COCCOC(=O)C1=C(C)Nc2nc(C)nn2C1c1ccccc1,0
662330,Cc1cc(Oc2ccc(=O)n(C)n2)nc(Oc2ccc(=O)[nH]n2)n1,0
2239530,O=C(COc1ccc(S(=O)(=O)N2CCCCC2)cc1)NCc1ccncc1,0
2971528,O=C(O)C1CC=CCC1C(=O)Nc1ccc(S(=O)(=O)N2CCCc3ccccc32)cc1,0
650581,COc1ccc(C(=O)N2CCCC(c3nc(-c4cc(OC)c(OC)c(OC)c4)no3)C2)cc1,0
648334,Cc1ccc(NC(=O)C2CCCN(c3ncccn3)C2)cc1F,0
652584,CCCn1c(SCC(=O)N2CCCc3ccccc32)nnc1-c1ccccn1,0
5351835,O=C(O)/C=C\C(=O)Nc1ccc2c(c1)C(=O)c1cc(F)ccc1-2,0
647001,CCOC(=O)Cc1nnc2c(Nc3ccc(Cl)cc3)nc3nonc3n12,0
665574,COc1cc(C2C3C(=O)N(Cc4ccccc4)C(=O)C3ON2c2ccccc2)cc(OC)c1O,0
5307522,CN1CCc2c(sc3c2C(=O)NC(/C=C/c2ccco2)N3)C1,1
3237494,CCOC(=O)N1CCC(n2c(SCC(=O)NCCC3=CCCCC3)nc3ccccc3c2=O)CC1,0
647859,Cc1ccc(S(=O)(=O)Cn2nnnc2C(C(C)C)N2CCSCC2)cc1,0
1568862,COc1ccc(OCCCC(=O)Nc2ccc3c(c2)OCO3)cc1,0
5307440,CCOC(=O)N1CCC(Nc2cc(C)nc3c(-c4ccccc4OC)c(C)nn23)CC1,0
117890186,Cc1nc2cnc3cc(F)c(-c4ccc(Oc5ncccn5)cc4Cl)cc3c2n1C1CCN(CC2COC2)CC1,1
665036,COc1cc(OC)c(N2CC34C=CC(O3)C(C(=O)O)C4C2=O)cc1Cl,0
2204130,CC(=O)Nc1cc(C(=O)c2ccccc2)ccc1N1CCOCC1,0
2945826,CC(=O)N(C)C1(c2nnnn2CCOC(=O)Nc2cccc3ccccc23)CCCC1,0
3241417,O=C1CCCc2nn(-c3ccccc3)c(-c3ccncc3)c21,0
3240492,CC1(C)N=C(c2cccc(F)c2)C(=O)N1,0
5389811,COCCCN1C(=O)C(=O)/C(=C(/O)c2ccc(OC(C)C)cc2)C1c1ccc(O)c(OC)c1,0
645047,COC(=O)C1(C)NC(c2cccs2)C2C(=O)N(c3ccccc3F)C(=O)C21,0
5863694,CCOC(=O)C1=C(N)n2c(s/c(=C\c3cccs3)c2=O)=C(C(=O)OCC)C1c1cccs1,0
648961,CC1(C)NC(=O)N(CC(O)CN2C(=O)NC(C)(C)C2=O)C1=O,0
2201404,Cc1ccc2c(c1)n(S(=O)(=O)c1cccs1)c(=O)n2S(=O)(=O)c1cccs1,0
11949221,COC(=O)c1cccc(C23CC4(C2)[C@H](CN(C)[C@@H]4c2ccccc2)C3c2ccccc2)c1,0
2978869,COc1ccc(OC)c(NC(=O)C23CCC(C)(C(=O)C2)C3(C)C)c1,0
5307203,COc1ccc(N2CCN(CCCNC(=O)CC3Oc4ccc(C)cc4NC3=O)CC2)cc1,0
2318451,O=C(O)c1ccc(Cl)c(S(=O)(=O)N2CCCCCC2)c1,0
703111,O=C(Nc1ccc(Cc2ccncc2)cc1)c1ccco1,0
797590,COc1ccc(NC(=O)c2oc3ccccc3c2C)c(OC)c1,0
3244191,Cc1nc2c(C(=O)NCc3ccc4c(c3)OCO4)c[nH]n2c(=O)c1Cl,0
232155,COc1cc(NCCC(=O)O)c2ncccc2c1,0
645134,OC(COCC1CC=CCC1)Cn1cnc2ccccc21,0
16758846,COc1ccc(OC2C(O)COC2/C=C/C#Cc2ccccc2)cc1,0
653708,CCOc1ccc(CN(Cc2ccco2)C(c2cccs2)c2nnnn2C(C)(C)C)cc1,0
1586862,COc1cccc(OCCSc2nnc3sc4ccccc4n23)c1,0
3236375,CCOc1ccc(C2C3=C(CCCC3=O)Nc3nc(C(F)(F)F)nn32)cc1OC,0
2424135,CCOC(=O)c1c(C)noc1CP(=O)(c1ccccc1)c1ccccc1,0
717856,COc1ccccc1-c1nc(C(F)(F)F)c(OC)o1,0
118380947,C[C@@H](NC(=O)Nc1cc2[nH]nc(N(C)C)c2cn1)c1ccc(F)cc1,1
652812,COc1ccc(CNC(=O)C(OC(C)=O)c2ccccn2)cc1,0
3245079,CCSc1nnc(Cc2cc(=O)[nH]c(=O)[nH]2)n1-c1cc(C)ccc1C,0
654350,COc1ccc(OC)c(NC(=O)CN2CCC(C(=O)c3ccc(C)cc3)CC2)c1,0
864192,COc1ccccc1-n1nnnc1SCc1ccccc1,0
2999219,O=S(=O)(c1cc(C(F)(F)F)ccc1Cl)N1CCN(CC(O)COCC2CCCO2)CC1,0
3473222,Cc1cccc(C2CC(c3ccc(Cl)cc3)Nc3nc(N)nn32)c1,0
11949130,COC(=O)[C@@H]1C[C@@]2(O)[C@@H](O)[C@@H](O)[C@@H](O)C[C@H]2N1Cc1ccc(-c2ccccc2)cc1,0
769329,CCOc1ccc(NC(=O)Nc2cc(C)on2)cc1,0
975667,O=C(CSc1nc2cc(Cl)ccc2o1)N1CCOCC1,0
3244016,O=C1NC(NS(=O)(=O)c2ccccc2)(C(F)(F)F)C(=O)N1Cc1cccnc1,0
654921,COc1ccc(CNC(=O)C2CCCN2S(=O)(=O)c2ccc(S(=O)(=O)N(C)C)cc2)cc1,0
5459743,COC(=O)CNC(=O)[C@@]1(C)C=C[C@@H](Cc2ccccc2)N1C(=O)OC,0
6365,CC(Cl)Cl,0
651382,Cc1ccccc1Cn1nc(C)c(NC(=O)c2cc3nc(-c4ccco4)cc(C(F)(F)F)n3n2)c1C,0
3236171,Cc1ccc(-c2[nH]nc3c2C(c2ccccc2OC(=O)N2CCOCC2)C(C#N)=C(N)O3)cc1,0
755047,Cc1cc(C)c2c(C)nn(C3CCCCC3)c2n1,0
3241113,Cc1nn(Cc2ccc(Cl)cc2Cl)c(C)c1NC(=O)c1nc2n(n1)C(C(F)F)CC(C)N2,0
647623,CC(=O)Nc1cccc(-c2nc3ccc(NC(C)=O)cc3[nH]2)c1,0
2997749,NC1=NC2(CCC(c3ccccc3)CC2)n2c(nc3ccccc32)N1,0
2124214,O=C(OCC(=O)N1CCN(c2ccccc2)CC1)c1ccco1,0
2999978,COc1ccccc1N(CCC#N)C(=O)CSc1nc(-c2ccccc2)cn1N,0
3233159,CNc1ccnc(-c2ccccc2OC)n1,0
892382,CCc1ccc(NC(=O)C2CCN(S(C)(=O)=O)CC2)cc1,0
3240643,COc1ccc(-n2c(=O)c3ccccc3n(CC(=O)NC3CCCC3)c2=O)c(OC)c1,0
2354013,Cc1cc(C)n(-c2ccc(C(=O)Nc3nc4ccccc4s3)cc2)n1,0
667038,Cn1c2c(c(=O)n(C)c1=O)CN(CCCN1CCOCC1)CN2,0
16759067,CC12C=C(/C=C/c3ccccc3)C(C)(C1)C(c1ccccc1)CC2=O,0
3234598,O=C(c1ccco1)N1CCC[C@@]2(CCN(Cc3nccs3)C2)C1,0
16757992,COC1C(O)C(OC2CC[C@]3(C=O)C4C(OC(C)=O)C[C@@]5(C)C(C6=CC(=O)OC6)CC[C@]5(O)C4CC[C@]3(O)C2)OC(C)C1OC(C)=O,0
5307304,O=C(Nc1cccc(F)c1)C1CCCN1S(=O)(=O)c1cccc2cccnc12,0
1284913,O=C(c1ccccc1NS(=O)(=O)c1ccc(Br)s1)N1CCOCC1,0
6858702,Cc1cc(/C=N/n2cnnc2)c(C)n1-c1ccc2ncccc2c1,1
16758060,OCC1O[C@H](O[C@H]2C(O)C(O)C(O)O[C@@H]2CO)C(O)C(O)C1O,0
649503,Cn1c(COc2ccc3ccccc3c2)nnc1SCC(=O)O,0
1570586,Cc1ccc2ncnc(NCCCN3CCOCC3)c2c1,0
6575389,O=C(O)[C@H]1CCCNC1,0
945142,CC(=O)c1cnc(Nc2nc(C)c3cc(C)ccc3n2)nc1C,0
3234635,Clc1ccccc1-c1nc(-n2ccnc2)c2ccccc2n1,0
5389871,Cn1c(=O)c2c(nc(NCc3ccco3)n2C/C=C/c2ccccc2)n(C)c1=O,1
5771544,c1ccc([C@H](c2cccc3c2ccc2ccccc23)[C@H](c2ccccc2)c2cccc3c2ccc2ccccc23)cc1,0
2869174,CC(=O)N1c2ccccc2C(C)CC12CCCCC2,0
3239936,Cc1cccn2c(=O)c3cc(C(=O)NCCCN4CCCC4=O)n(C)c3nc12,0
689978,Cc1cccc(NC(=O)COc2ccccc2)c1,0
653773,COc1ccccc1-n1c(C)nnc1SCC(=O)Nc1cccc(C(C)=O)c1,0
2997962,Cc1[nH]c2ccccc2c1C(=O)COC(=O)C1CCC(=O)N1,0
76072175,C[C@@H](NC(=O)Nc1cc2[nH]nc(OCC3CCO3)c2cn1)c1ccccc1,1
646496,Cc1cccc(-n2c(SCC(=O)N3CCCC3)nnc2-c2ccccn2)c1C,0
3233604,Cc1noc(C)c1-c1ccc2ncnc(N3CCOCC3)c2c1,0
3243369,CCCCCn1c(=S)[nH]c2ncccc2c1=O,0
651368,CC(=O)c1cccc(NC(=O)N2CCCC2C(=O)Nc2ccccc2C)c1,0
3244387,Cc1ccc(NC(=O)CCn2nc(C)cc2C)c(C)c1,0
2123296,c1ccc2c(CCNC3=NCCC3)c[nH]c2c1,0
646965,CCn1c(Cn2nnc(-c3ccccc3)n2)nnc1SCC(=O)Nc1ccc(N(C)C)cc1,0
3242473,CC(C(=O)N1CCCc2c1c(=O)oc1ccc(O)cc21)N1CCc2ccccc2C1,0
2366338,N#Cc1ccccc1NC(=O)COC(=O)c1ccc2c(c1)OCCO2,0
135435203,COc1ccccc1-n1c(SCC(=O)NC(C)(C)C)nc(O)cc1=O,0
2997943,CCOC(=O)C1CCCN(C(=O)COC(=O)c2cc(=O)c3ccccc3o2)C1,0
664148,CCOC(=O)C1CCN(c2ncnc3c2oc2ccc(Cl)cc23)CC1,0
3240116,COc1ccc(CN2CC(C(=O)NCCCOC(C)C)CC2=O)cc1,0
92044836,Cc1cc(-c2n[nH]c3c(F)c(NC(=O)N[C@H](CO)c4ccccc4)ncc23)ccn1,1
2401504,COc1cc2c(cc1NC(=O)CSCC(=O)O)oc1ccccc12,0
667493,Cc1cc(=O)[nH]c(=S)[nH]1,0
852261,Nc1nc(SCc2ccc3c(c2)OCCO3)n[nH]1,0
2942877,O=C(O)c1cc(Cl)ccc1NC(=O)C1CCCO1,0
2999753,OC(c1cccs1)c1nccc2ccccc12,0
3245094,O=C(NCc1ccccc1)C1CCN(S(=O)(=O)N2CCOCC2)CC1,0
709430,CC1CCN(C(=O)c2scc3c2OCCO3)CC1,0
1071260,O=C(Cn1cnc2ccccc2c1=O)N1CCN(Cc2ccccc2)CC1,0
2952397,O=C(CS(=O)(=O)Cc1ccccc1)NCC1CCCO1,0
5771399,Cc1noc(/C=C/N(C)C)c1S(=O)(=O)N1CCCC(C(=O)NCc2ccccc2Cl)C1,0
650004,CCn1c(SCC(=O)NCCc2ccc(OC)c(OC)c2)nc2c1c(=O)n(C)c(=O)n2C,0
135515095,COc1cccc(-c2nc3n(n2)C(c2cccs2)C(C(=O)Nc2cccnc2)=C(C)N3)c1,0
3236599,c1cc(C2CCCCC2)ccc1Oc1nc(N2CCOCC2)nc(N2CCOCC2)n1,0
658837,CCOC(=O)c1sc(C)c(C(=O)NCCCN2CCOCC2)c1N,0
3244866,O=C(CCc1nc(-c2ccccc2F)no1)NCCc1ccccc1Cl,0
663647,Cc1ccc2nc(NC3=NCN(CCc4ccccc4)CN3)nc(C)c2c1,0
6605136,CCN(CC)CCCCn1c(-c2ccccc2)nc2c(Nc3ccccc3)nc(C)nc21,0
1555505,CCCCOC(=O)CCNc1n[nH]c(=O)[nH]c1=O,0
2353728,O=C(Nn1cnnc1)c1ccc(F)c(S(=O)(=O)N2CCCCC2)c1,0
700653,CC(=O)N[C@@H](Cc1c[nH]c2ccccc12)C(=O)O,0
3244368,Cc1nc2ccccc2c(=O)n1NCc1cccs1,0
156600508,Cn1cnc(-c2ccc(C3=CCN(C(=O)CN4CC[C@]5(CCN(C6CCC7NNC(c8ccc(C#N)cn8)C7C6)C5=O)C4)CC3)cc2)n1,1
5389914,CC(C)COc1ccc(/C(O)=C2/C(=O)C(=O)N(CCN(C)C)C2c2ccncc2)cc1,0
659191,O=C(c1cccs1)c1ccc(-c2cccs2)s1,0
649052,Cc1cc(NC(=O)CSc2nc(C3CCCCC3)nc3ccccc23)no1,0
2223353,Cc1ccc(CNC(=O)c2ccccc2NS(C)(=O)=O)cc1,0
3240798,CCOC(=O)N1CCC(NC(=O)C2CCC(Cn3c(=O)[nH]c4ccccc4c3=O)CC2)CC1,0
646271,Cc1ccc(C)c(N(C(=O)Cn2nnc(-c3cccs3)n2)C(C(=O)NC2CC2)c2ccc(C)o2)c1,0
657968,Cc1sc2nc3n(c(=O)c2c1C)Cc1ccccc1-3,0
3242310,O=c1[nH]c2ccsc2c(=O)n1-c1ccc(F)c(Cl)c1,0
16758041,CC(=O)O[C@](C)(CCC=C(C)C)C1CC=C(C)CC1,0
2103436,Cc1noc(C)c1COc1cccc(C(=O)OCCOc2ccc(F)cc2)c1,0
1247844,Cc1ccc(Cl)cc1N1CCN(CC(=O)Nc2ccc3[nH]c(=O)[nH]c3c2)CC1,0
6604957,COc1ccc(CCN(C)CCCOc2ccc(S(=O)(=O)c3[nH]c4ccccc4c3C(C)C)cc2)cc1OC,0
2972595,CC(=O)c1c(C)n(CC2CCCO2)c2ccc(O)cc12,0
626557,CCn1c(C(O)c2ccc3c(c2)OCO3)nc2ccccc21,0
799413,CC(=O)N[C@H](Cc1c[nH]c2ccccc12)C(N)=O,0
1267758,CC(=O)c1nnn(-c2nc(N3CCCC3)nc(N(c3ccccc3)c3ccccc3)n2)c1C,0
665279,O=C1c2ccccc2C(=O)N1c1ccc2nc(-c3ccco3)[nH]c2c1,0
3240821,O=C(CCCCCn1c(=S)[nH]c2cc3c(cc2c1=O)OCO3)N1CCN(C(=O)c2ccco2)CC1,0
135449540,CCCC(C)C1(CC)C(=O)NC(=Nc2ccc(F)cc2)NC1=O,0
2969440,Cc1cccn2cc(CNc3ccccc3)nc12,0
3244912,COc1cc(NC(=O)c2ccc(NS(=O)(=O)c3c(C)noc3C)cc2)cc(OC)c1,0
9555297,Cn1c(=O)n(C)c2cc(/C=N/n3cnnc3)ccc21,0
665732,CCC(=O)Nc1ccc2c(c1)ncn2-c1ccccc1OC,0
665273,COc1ccc(NC(=O)CSc2nnc(-c3ccccc3Cl)n2Cc2ccco2)c(OC)c1,0
664942,OCCSc1ncnc2c1oc1ccccc12,0
2207151,COc1ccc(Cl)cc1NC(=O)N1CCN(S(C)(=O)=O)CC1,0
119,NCCCC(=O)O,0
2998335,CCN1C(=S)SC(=O)C1=C1C=C(C)N(CCOC)C(C)=C1,0
92577,O=S(=O)(O)c1ccc2cc(N=Nc3cc(S(=O)(=O)O)c4cccnc4c3O)ccc2c1,0
655417,Cc1ccnc(NC(=O)CCC(=O)N(CC(=O)NC2CCCCC2)c2cccc(C)c2C)c1,0
135449558,O=c1oc2c(CN3CCCCC3)c(O)ccc2cc1-c1nc2ccccc2[nH]1,0
3244061,CC(C)OCCCNC(=O)c1ccc(NC(=O)C2CCCO2)cc1,0
1142793,O=C(c1ccc(CN2CCOCC2)cc1)N1CCC(Cc2ccccc2)CC1,0
1370292,CC(C)(C)NC(=O)c1cc(NC(=O)c2ccco2)cc(NC(=O)c2ccco2)c1,0
5355110,O=C(O)/C(=C\c1ccccc1)Cc1ccccc1,0
2999797,O=C(NCC1COc2ccccc2O1)Nc1ccccc1F,0
638310,O=c1oc2ccccc2c2oc3cc(O)c(O)cc3c12,0
649014,O=C(Nc1ccc2c(c1)OCO2)C1CCCN1C(=O)NCc1ccccc1,0
1302741,COc1ccccc1Oc1coc2cc(OC(=O)N3CCOCC3)ccc2c1=O,0
3243689,O=C(NCCN1CCCC1)C1CC(=O)N(C2CCCCC2)C1,0
975410,O=C(CS(=O)(=O)c1ccccc1)c1ccc2c(c1)OCCO2,0
118046051,Nc1ncc([C@@H]2CC[C@@H](O)C2)nc1-c1ccc(C(=O)N[C@H](CO)c2cc(F)cc(I)c2)c(F)c1,1
3000140,Cn1cnnc1SC(C(=O)c1ccccc1)c1ccccc1,0
3234857,COc1ccc(CNc2ncncc2-c2c(C)noc2C)c(OC)c1,0
2558669,Nn1c(SCC(=O)NC(=O)NC2CCCC2)nnc1-c1ccccc1F,0
662700,Cc1ccc(-c2nnc(SCC(=O)O)n2N)cc1,0
655191,COc1cccc(NC(=O)C2CC(=O)N(C)C(=Nc3cccc(F)c3)S2)c1,0
652337,O=C(CSc1nnc(CNc2ccc(F)cc2)n1Cc1ccco1)NC1CC1,0
5389942,CCN(CC)CCN1C(=O)C(=O)/C(=C(/O)c2ccncc2)C1c1ccccc1,0
650376,CCOC(=O)c1cccc(NC(=O)c2cnccn2)c1,0
3236497,Cc1ccc(Cn2ccc(NC(=O)c3cc(-c4ccc(Cl)cc4)on3)n2)cc1,0
3237772,COc1ccc(NC(=O)C2CC(c3cc(OC)c(OC)c(OC)c3)=NO2)cc1OC,0
118046363,C[C@H]1C[C@@H](c2cnc(N)c(-c3ccc(C(=O)NCc4cccc(S(C)(=O)=O)c4)cc3)n2)CCO1,1
3234435,COc1ccc(Oc2ncc3nc(-c4cccs4)c(=O)n(Cc4cccs4)c3n2)cc1,0
3237045,COc1cccc(N2C(=O)Nc3ccccc3C2(O)C(=O)NCc2ccc3c(c2)OCO3)c1,0
118369882,C[C@@H](CO)Nc1ncc2c(n1)CN(C(=O)NCc1nc3ccccc3o1)CC2,1
2173091,COC(=O)c1ccc(OC(=O)c2nn(C)cc2Cl)c(OC)c1,0
650624,O=C(CN(C(=O)CNS(=O)(=O)c1ccccc1)c1ccc2c(c1)OCCO2)NCc1ccco1,0
757063,O=C(Nc1ccc(Cl)cc1)N1CCSCC1,0
3246623,COc1ccc(-c2nc(N)c3ncn([C@H]4O[C@@H](CO)[C@@H](O)[C@@H]4O)c3n2)cc1,0
3238791,CCN1C(=O)CC(C(=O)Nc2ccc(F)cc2)SC1=Nc1cccc(OC)c1,0
2523454,Cc1ccc2nc(SCC(=O)N3CCCC3)[nH]c2c1,0
3233332,CC(=O)N1CCC2(CC1)CN(Cc1ccc(C#N)cc1)C2,0
742041,CCOC(=O)c1cnn(-c2ccccn2)c1N,0
3236743,O=C(CN1CCN(Cc2ccc(Cl)cc2)C1=O)N1CCC2(CC1)OCCO2,0
9555997,C/C(CCN1CCCCc2nc(C)c(C)cc21)=N\O[C@@H](C)CN1CCCCc2nc(C)c(C)cc21,0
2913853,CCOC(=O)C1CCN(C(=O)CCCOc2ccccc2)CC1,0
118045470,Cn1cc(-c2cnc(N)c(-c3ccc(C(=O)N[C@H](CO)c4ccccc4)cc3)n2)cn1,1
2959235,O=C(Nc1ccccc1C(=O)N1CCOCC1)C1CCCO1,0
2879271,CCN(CC)S(=O)(=O)c1ccc(N=Cc2c(O)n(-c3ccccc3)c(=O)[nH]c2=O)cc1,0
1116250,Cn1c(=O)c2c(ncn2CC(=O)N2CCN(c3ccccc3)CC2)n(C)c1=O,0
3243422,CCN(c1ccccc1)S(=O)(=O)c1ccc2[nH]cc(C(=O)NCCOC)c(=O)c2c1,0
5595,CN1C2CCC1CC(OC(=O)c1c[nH]c3ccccc13)C2,0
1733715,Cc1cc(OCC(=O)NCCO)cc(C)c1Cl,0
693664,N#Cc1nc(-c2ccc(F)cc2)oc1NCCN1CCOCC1,0
663454,COc1ccc(-c2ccc(-c3noc(-c4ccc(OC)c(OC)c4)n3)c(OC)n2)cc1,0
4987134,CC(C)OCC(O)CSc1ccccn1,0
654841,COc1cc(Cl)c(S(=O)(=O)NCCCN2CCOCC2)cc1Cl,0
1288891,CC(=O)NC(=S)Nc1ccccc1N1CCN(C(=O)c2ccccc2)CC1,1
645251,Cc1cccc(-c2nnc(SCc3cc(=O)[nH]c4ccccc34)n2C)c1,0
2228185,Cc1ccccc1CSCCNC(=O)CN(c1ccc2c(c1)OCO2)S(C)(=O)=O,0
2910341,COC(=O)COC(=O)CC(CC(N)=O)c1ccccc1,0
189985,C=CC(C1=CC(=O)C(OC)=C(OC)C1=O)c1ccccc1,0
95997,COc1cc(OC)cc(C(C)=O)c1,0
655053,CCOCCCNC(=O)C1CCN(C(=O)Nc2ccc(Cl)cc2)CC1,0
71554728,C[C@@H](NC(=O)Nc1cc2[nH]nc(-c3ccc4nn(C)cc4c3)c2cn1)c1ccc(F)cc1,1
135408348,COc1ccccc1N1CC(O)=C(c2nc3ccccc3c(=O)[nH]2)C1=N,0
662295,COc1ccc(Cl)cc1CSc1n[nH]c(C)n1,0
3241847,Cc1nc2cc(C(=O)N3CCC4(CC3)OCCO4)ccc2n1-c1cccc(F)c1,0
3239175,COc1ccc(NC(=O)C2c3cc(OC)c(OC)cc3C(=O)N(C)C2c2cccnc2)cc1OC,0
2660503,O=C(Nc1nc(-c2ccccn2)cs1)c1ccc(S(=O)(=O)N2CCCCC2)cc1,1
5781195,Cc1c(O)cc(O)c2c(=O)c(-c3ccc(O)cc3)coc12,0
659772,CC1=C(C(=O)Nc2ccccc2)C(c2ccc(N(C)C)cc2)NC(=O)N1,0
2353039,COP(C)(=O)c1c(C)nn(-c2ccccc2)c1C,0
3239439,CCCCOC(=O)c1ccc(OC(=O)c2cccnc2)cc1,0
22571,CCCCC(CC)COC(=O)C(C#N)=C(c1ccccc1)c1ccccc1,0
3243654,O=C(NCC1CCCO1)C1CCCN(S(=O)(=O)c2cccc3nsnc23)C1,0
333984,Cc1cc(=O)[nH]c2c(C)c(N)ccc12,0
121416589,Cc1cc(-n2ncc3cc(NC(=O)NCc4cccc(S(C)(=O)=O)c4)ncc32)ccn1,1
3246596,Oc1ccc([C@H](O)[C@@H]2CCCCN2)cc1O,0
2999681,Cn1ccnc1C(=O)c1cc(=O)c2ccccc2o1,0
755291,O=C(Nc1cccc2c1CCCC2)c1ccco1,0
1007908,O=C(COc1ccc(S(=O)(=O)NCc2ccccc2)cc1Cl)N1CCOCC1,0
666562,CCn1c(C)cc2c(c1=O)C(c1ccccc1Br)C(C#N)=C(N)O2,0
470918,O=C(Nc1nccs1)c1cnccn1,0
3243386,Fc1cccc2sc(Nc3nnc(-c4ccccc4)o3)nc12,0
71554944,C[C@@H](NC(=O)Nc1cc2[nH]nc(-c3ccc(C#N)cc3)c2cn1)c1ccc(F)cc1,1
2091469,Cc1onc(-c2ccccc2)c1C(=O)N1CCCSC1=Nc1ccccc1,0
645693,Cc1ccc(N2CC(C(=O)Nc3nnc(C(C)C)s3)CC2=O)cc1,0
54692916,CCCn1c(=O)c(C(=O)NCc2ccc(OC)c(OC)c2)c(O)c2ccccc21,0
3242646,CCCS(=O)(=O)c1c(S(=O)(=O)CCC)c2cc(CC)ccn2c1C(=O)OC,0
1519926,CN(C)c1ccc(C(=S)NCc2ccco2)cc1,0
5038238,CCSc1nnc(N2C(=O)CC(c3ccsc3)C3=C2CC(C)(C)CC3=O)s1,0
665854,N#Cc1ccc(CSc2ncnc3c2cnn3Cc2ccccc2)cc1,0
1932841,O=c1c2c3nc4ccccc4nc3n(CCN3CCOCC3)c2ncn1CCN1CCOCC1,0
2882108,CCC(=O)N1c2ccccc2NC2=C(C(=O)CC(c3ccco3)C2)C1c1ccco1,0
5308915,Cc1cc(C(=O)NCCCN2CCOCC2)n(-c2ccccc2)n1,0
11949110,COC(=O)[C@@H]1C[C@H]2CC[C@H](O)C[C@H]2N1Cc1ccc(N2CCOCC2)cc1,0
624478,COc1cccc(-c2cn3nc4c(nc3n2)CCCC4)c1,0
934656,Cc1cc(C)n2nc(-c3cccnc3)nc2n1,0
72843,CN1CCN(Cc2nc3cccc4c3c([n+]2[O-])-c2ccccc2-4)CC1,0
6276,CCCCCO,0
2063178,Cc1nc(Nc2nc3ccccc3o2)nc2c1CCC2,0
2571693,CCCn1c(=O)c2ccccc2n2c(SCCOc3ccccc3F)nnc12,0
3238973,O=C(O)c1ccccc1C(=O)Nc1n[nH]c(=S)s1,0
6604873,N#C[C@H](Cc1ccc(O)cc1)c1ccc(O)cc1,0
135449492,CCOc1ccc(CC2S/C(=N/c3ccccn3)NC2=O)cc1,0
3238609,CCOC(=O)N1CCC(NC(=O)c2cc(C(=O)Nc3ccc(OC)c(OC)c3)ccc2CO)CC1,0
594148,Nc1ccc(Sc2nnnn2-c2ccccc2)c(Cl)c1,0
1528128,O=C(c1cccc(S(=O)(=O)N2CCCC2)c1)N1CCN(c2ccccc2F)CC1,0
3239120,Cn1c2ccccc2c2c(C(=O)N3CCN(c4ccccc4)CC3)cn(C3CCCC3)c(=O)c21,0
1247020,O=C(NCc1cccs1)c1csc2ccccc12,0
972644,c1ccc(Cc2nnc3sc(Nc4ccccc4)nn23)cc1,0
2999524,Cc1cc(Nc2ncc(Cl)cc2Cl)n(-c2ccccn2)n1,0
664997,CCOCCn1c(N2CCN(c3ccc(OC)cc3)CC2)nc2c1c(=O)n(C)c(=O)n2C,0
2998682,CCN(C(=O)CN1CCN(c2ccc(OC)cc2)CC1)c1c(N)n(Cc2ccccc2)c(=O)[nH]c1=O,0
3237327,CCOc1ccc(-c2nc(CSCC(=O)NCc3ccco3)c(C)o2)cc1,0
2199714,Cc1cc(Cl)c(OCCCn2cncn2)c(Br)c1,0
2078480,COc1ccc(OC)c(C(=O)COC(=O)c2ccccc2O)c1,0
2831180,O=C(Nc1ccccc1)NC1CS(=O)(=O)CC1O,0
37542,NC(=O)c1ncn([C@@H]2O[C@H](CO)[C@@H](O)[C@H]2O)n1,0
650276,CC(C)Nc1c(N)c(=O)oc2ccccc12,0
664811,COC(=O)[C@@H](NC(=O)NC1CCN(Cc2ccccc2)CC1)C(C)C,0
689043,O=C(O)/C=C/c1ccc(O)c(O)c1,0
614258,COC(=O)C1=C(C)NC(C)=C(C(=O)OC)C1c1ccccn1,0
2793015,CC1(CC(=O)O)C(=O)N=C2C=CC=CN21,0
647689,Cc1c(C(=O)Nc2ccc(N3CCOCC3)cc2)oc2ccccc12,0
662913,CCn1c(SCc2cccc(OC)c2)nnc1-c1ccco1,0
3235282,COc1cccc(-c2nccc(NC3CCNCC3)n2)c1,0
663534,O=S(=O)(c1cccc(-c2csc(-c3cccnc3)n2)c1)N1CCCCC1,0
16758155,C[C@@]12CC(c3ccoc3)OC(=O)C1CC[C@@]1(C)C2C2C=C[C@@]1(O)C(=O)O2,0
665263,COc1ccc(N(Cc2cc3ccccc3[nH]c2=O)C(=O)C2CCCO2)cc1,0
387119,O=[N+]([O-])c1ccc2ncccc2c1CCc1c([N+](=O)[O-])ccc2ncccc12,0
3243286,CCc1ccc(-c2nc(CN3CCC(C(=O)NCc4ccco4)CC3)c(C)o2)cc1,0
659336,Cc1[nH]c2ccccc2c1C(O)CN1CCN(c2cccc(C(F)(F)F)c2)CC1,0
2163056,CCOCCCNC(=O)Cc1ccc(OC)c(OC)c1,0
3245276,COCCN1C(=O)c2ccccc2C(C(=O)NCCCN2CCCC2=O)C1c1c[nH]c2ccccc12,0
33032,N[C@@H](CCC(=O)O)C(=O)O,0
5307616,Cc1cc(NC(=O)C2CCCN(S(=O)(=O)c3cnc[nH]3)C2)ccc1Br,0
664624,O=C(c1ccco1)[C@@H]1[C@@H]2C(=O)N(c3ccc(Br)cc3)C(=O)[C@@H]2C2c3ccccc3C=CN21,0
16758153,CN1CC(CO)=C[C@H]2c3cccc4[nH]cc(c34)C[C@H]21,0
76072402,COC[C@@H](NC(=O)Nc1cc2[nH]nc(OC)c2c(C)n1)c1ccccc1,1
3246168,O=P(O)(O)O[C@@H]1O[C@H](CO)[C@@H](O)[C@H](O)[C@@H]1O,0
2147582,O=C(Nc1ccc(S(=O)(=O)N2CCOCC2)cc1)c1ccc(Cl)s1,0
89536054,Cc1cc(-c2n[nH]c3cc(NC(=O)NCc4ccc(Cl)cc4C)ncc23)ccn1,1
2967872,CC(=O)c1ccccc1OCC(O)CN1CCN(C(c2ccccc2)c2ccccc2)CC1,0
643497,CCN1CCC[C@@H]1CNC(=O)c1cc(S(N)(=O)=O)ccc1OC,0
3242545,Cc1cccc2sc(NC(=O)CCNS(=O)(=O)c3cccc4nonc34)nc12,0
571026,CC1(C)OC(C(O)(c2ccccc2)c2ccccc2)C(C(O)(c2ccccc2)c2ccccc2)O1,0
2208758,CSc1ccccc1NC(=O)COc1ccc(S(=O)(=O)N2CCCC2)cc1,0
16758529,C/C=C\C1=C(CO)[C@H](O)[C@H]2O[C@H]2[C@@H]1O,0
3727,NC(=O)CI,0
662485,CC1CN(c2nc3c(c(=O)n(C)c(=O)n3C)n2Cc2c(Cl)cccc2Cl)CC(C)O1,0
655287,CCCS(=O)(=O)C(=C1NCCN1)S(=O)(=O)CCC,0
665134,O=C1CC(c2ccc(F)cc2)Cc2nc(NCc3ccco3)ncc21,0
719348,O=C(Nc1cccc(Cl)c1)c1ccncc1,0
2883919,CC(C)(C)NC(=O)c1cnn2c1NC(c1ccc(F)cc1)CC2C(F)(F)F,0
658621,O=c1c2[nH]c3ccccc3c2ncn1CCC1=CCCCC1,0
3238441,O=c1[nH][nH]c(=O)c2cc(N3CCCC3)ccc12,0
3233963,CC(=O)NCCNc1ncnc2ccc(-c3ccccc3C)cc12,0
2432512,CCc1nc2ccccc2c(C(=O)OCC(=O)Nc2ccc(S(=O)(=O)N3CCOCC3)cc2)c1C,0
897495,CCOC(=O)c1ccc(NS(=O)(=O)CC)cc1,0
3241441,CCCCCCNC(=O)CCNC(=O)c1cc(OC)c(OC)c(OC)c1,0
2999581,COc1ccc(C2C=C(c3ccccc3)Nc3ncnn32)cc1,0
648552,COc1c(C)cccc1C(=O)Nc1ccc(N2CCN(S(C)(=O)=O)CC2)cc1,0
3234259,COCCn1c(=O)c(-c2ccccc2)nc2cnc(N3CCOCC3)nc21,0
852234,COc1cccc(S(=O)(=O)Nc2cccnc2)c1,0
663003,Cc1c(OC(=O)CNC(=O)OC(C)(C)C)ccc2c3c(c(=O)oc12)CCC3,0
5309852,O=C(C1CCN(S(=O)(=O)c2cccc3cccnc23)CC1)N1CCN(C2CCCCC2)CC1,0
2999793,Cn1cccc1C(=O)Nc1nccs1,0
664314,Oc1[nH]c2ccccc2c1C1=NCCCC1,0
766535,COc1ccc(NS(=O)(=O)c2cccc(C(=O)O)c2)cc1,0
2999726,c1ccc(-n2cnnc2SCc2cn3ccccc3n2)cc1,0
2998459,Cc1nnc(SCC(=O)NCC2CCCO2)n1-c1ccccc1,0
900993,COC(=O)CSc1nc2ccccc2o1,0
1632895,Cc1cc(NS(=O)(=O)c2ccc(Nc3nc(-c4sc(N)nc4C)cs3)cc2)no1,0
3232866,COc1cccc(-c2nc(NCCNC(C)=O)c3ccccc3n2)c1,0
2212657,COc1ccc(CCNC(=O)c2cnn(-c3ccc(C)c(C)c3)c2NC(=O)c2ccco2)cc1OC,0
3242998,CCC(C)NC(=O)c1ccc(NC(=O)C2CCCO2)cc1,0
255798,O=C(O)c1ccc(C(=O)c2ccccc2)c(C(=O)O)c1,0
666059,COc1cc2c(cc1OC)CN(CC(=O)Nc1cccc(C)c1)CC2,0
2378460,COc1ccc(-n2cnc3c(cnn3CCC#N)c2=N)cc1,0
2304502,COc1ccc(C(=O)Nc2cccc(C(=O)N3CCCC3)c2)cc1,0
648953,COc1ccc2[nH]c(=O)c(CN(Cc3nnnn3CCc3ccccc3)CC3CCCO3)cc2c1,0
92044689,CN1CC[C@@H](NC(=O)Nc2cc3[nH]nc(-c4ccc(F)cc4)c3cn2)C1,1
848725,Cc1nc2ccccc2n1CC(=O)NCCN1CCCC1,0
653809,CCC(C)(C)n1nnnc1C(c1ccc2ncccc2c1)N1CCN2CCCC2C1,0
3235795,CCC(=O)Nc1nonc1-c1nc2ccccc2n1Cc1ccc(Cl)c(Cl)c1,0
2125848,Cc1cc(C(=O)CSc2nnnn2C)c(C)n1CCc1ccc(F)cc1,0
693393,Cc1cc(NS(=O)(=O)c2ccccc2)cc(Cl)c1O,0
121416574,CCn1ncc2cc(NC(=O)N[C@@H](c3ccccc3)C(C)(C)O)nc(OC)c21,1
647109,COc1ccccc1N(C(=O)c1ccco1)C(C(=O)NC1CCCC1)c1cccnc1,0
1306797,O=C(CN1C(=O)c2cccc3cccc1c23)Nc1ccc(S(=O)(=O)N2CCOCC2)cc1,0
720660,CCN1CCN(c2ncnc3ccc(Br)cc23)CC1,0
5307946,Cc1cc(C)cc(N(CC(=O)N2CCN(c3ccccc3)CC2)S(=O)(=O)c2c(C)noc2C)c1,0
852903,COc1nc(C)ccc1-c1noc(-c2ccco2)n1,0
671720,COc1ccc(NC(=O)c2c(SC)nsc2SC)cc1,0
3237212,O=C(Cn1ncn2c(cc3ccccc32)c1=O)NCc1ccco1,0
2257914,O=C(NCCCN1CCOCC1)c1cc2cc(Cl)cc(Cl)c2oc1=O,0
775747,COc1ccc(Br)cc1S(=O)(=O)N1CCOCC1,0
3244330,Cc1cccc(-c2nc(CSCC(=O)NCCCN3CCOCC3)c(C)o2)c1,0
16759019,COC(=O)NC(CC(C)=O)c1ccc(F)cc1,0
3815185,Cc1ccccc1NC(=O)C1CC(Cl)=CCC1C(=O)O,0
3238271,O=C(CCNC(=O)c1ccc(Br)o1)NC1CCCC1,0
3234539,O=C(c1cccc(F)c1)N1CCC[C@@]2(CCN(Cc3ccccc3)C2)C1,0
1253634,CCOc1ccccc1NC(=O)CN(C)S(=O)(=O)c1ccc(OC)c(C)c1,0
5308647,Cn1c(Cn2c(=O)sc3ccccc32)nnc1SCC(=O)Nc1ccccc1F,0
135449251,O=C(NCc1ccccc1)c1ccc(/C=N/O)nc1,0
647912,COCc1[nH]nc2c1C(c1ccccc1OC)C(C#N)=C(N)O2,0
3247294,Cc1cc(CNC(=O)[C@H](C)[C@@H]2C[C@@]2(C)[C@@H](NC(=O)OCc2ccccc2)c2ccccc2)nn1C,0
976532,Cc1cc(NC(=O)CCOc2ccccc2)no1,0
2226955,COc1ccc(C(=O)Nn2cc3c(c2-c2ccccc2)c(=O)n(C)c(=O)n3C)cc1,0
3235793,Cc1cc(Nc2cccc(C(F)(F)F)c2)n2nc(C)nc2n1,0
1261140,Cc1ccc(C)c(NS(=O)(=O)c2ccc(OCC(=O)N3CCOCC3)cc2)c1,0
3245234,CCOC(=O)N1CCN(C(=O)C2CCC(CNS(=O)(=O)c3ccccc3)CC2)CC1,0
1830536,COc1ccc(-n2ncc3c(NCCCN4CCOCC4)ncnc32)cc1,0
2911737,Fc1cccc(Cl)c1CSc1nnnn1-c1ccc2c(c1)OCO2,0
646540,O=C(CN1CCC(c2nc3ccccc3[nH]2)CC1)NCc1ccc2c(c1)OCO2,0
60198528,C[C@@H](CO)Nc1ncc2c(n1)CN(C(=O)N[C@H](CCO)c1ccc(Cl)c(Cl)c1)CC2,1
2540336,O=C(Cn1[nH]c(=O)c2ccccc2c1=O)Nc1cccc(-c2nnc3n2CCCCC3)c1,0
649861,Cc1cc(Cl)ccc1OCC(=O)NCCCN1CCOCC1,0
649957,Cc1ccc(-c2nnn(CC(=O)N(CCO)C(C(=O)NC(C)(C)C)c3ccncc3)n2)cc1,0
3235777,COc1ccc(C(=O)n2cnc(N)n2)cc1,0
6604749,O=C(Nc1ccccc1)N[C@H]1C[C@H](C(=O)O)Nc2cc(Cl)cc(Cl)c21,0
2997508,Cc1ccccc1-c1nnn(CC(=O)NCc2ccc3c(c2)OCO3)n1,0
2368783,CN(CC(=O)Nc1sccc1C#N)C1CCCCC1,0
3236199,COc1ccc(CNC(=O)CCc2nc(-c3ccccc3F)no2)c(OC)c1,0
662329,Cn1c(N2CCCC2)nc2c1c(=O)n(Cc1ccc(F)cc1)c(=O)n2C,0
666316,Cc1cc(C)c2c(n1)nn1c(NCCCN3CCOCC3)cc(C)nc21,0
2999845,CCC(C)n1c(SC(C)C#N)nc2ccccc2c1=O,0
1247392,CCOC(=O)Cc1csc(NC(=O)c2ccc(Br)s2)n1,0
3000047,CCCCn1c2c(c(=O)n(C)c1=O)C(c1ccc(OC)cc1)N1CCCCCC1=N2,0
71555535,Cc1cc(-c2n[nH]c3cc(NC(=O)NCc4cccc5ccccc45)ncc23)ccn1,1
2999606,Cc1nnc(SC(C)C(=O)Nc2ccc(Cl)cn2)n1Cc1ccccc1,0
16004,Clc1cccc(C(Cl)(Cl)Cl)n1,0
659312,O=c1c2ccccc2oc2ncccc12,0
2998110,O=C(COC(=O)Cc1cccc(C(F)(F)F)c1)NCC1CCCO1,0
2943722,Cc1nc2cc(NC(=O)N3CC4(C)CC3CC(C)(C)C4)ccc2n1C,0
646982,Cc1nc2ncnn2c(Nc2ccc3c(c2)OCCO3)c1C,0
666065,CCOc1cc(-c2nn3cnnc3s2)cc(OCC)c1OCC,0
5714120,CCOc1ccccc1/C=C(\C#N)C(N)=O,0
1246175,O=C(NCc1cccc(Cl)c1)c1ccco1,0
650936,COCCN(C(=O)c1cccc(OC)c1)c1nnc(-c2ccncc2)s1,0
3233043,FC(F)(F)c1ccccc1-c1nccc(NCc2cccs2)n1,0
648375,COc1ccc(-n2ncc3c(=O)n(CC(=O)OCc4ccccc4)cnc32)cc1,0
4748,OCCN1CCN(CCCN2c3ccccc3Sc3ccc(Cl)cc32)CC1,0
5351836,CN(C)S(=O)(=O)c1nc(Cl)c2[nH]cnc2n1,0
1091863,CCOc1cc(-c2nc(-c3ccc(C)nc3OC)no2)cc(OCC)c1OCC,0
135483375,O=C(NCCN=C1NS(=O)(=O)c2ccccc21)c1ccc(S(=O)(=O)N2CCOCC2)cc1,0
665900,COc1ccc(Cl)cc1N1C(=O)[C@@H]2C(c3cccc(OC)c3OC)=NO[C@@H]2C1=O,0
1300486,COc1ccc(-c2nnc(SCc3csc(N)n3)n2C)cc1,0
2940918,Cc1ccc(C2CC(=O)Nc3sc(C(N)=O)c(N)c32)cc1,0
2433498,Cc1noc(C)c1COC(=O)c1cc(F)c(F)cc1Cl,0
887,CO,0
663988,Nc1c(S(=O)(=O)c2cccs2)c2nc3ccccc3nc2n1Cc1ccc2c(c1)OCO2,0
2209143,CCCCC(=O)NCCc1ccc(S(N)(=O)=O)cc1,0
667011,COc1ccc2c(c1)c1ncn(CCN3CCCC3)c(=O)c1n2C,0
2937784,CCOC(=O)N1CCC(n2c(SCC(=O)Nc3ccccc3OC)nc3ccccc3c2=O)CC1,0
5771821,CCC[C@@H]1C[C@@]1(CCC)C(NP(=O)(c1ccccc1)c1ccccc1)c1ccc(Cl)cc1,0
447043,CC[C@H]1OC(=O)[C@H](C)[C@@H](O[C@H]2C[C@@](C)(OC)[C@@H](O)[C@H](C)O2)[C@H](C)[C@@H](O[C@@H]2O[C@H](C)C[C@H](N(C)C)[C@H]2O)[C@](C)(O)C[C@@H](C)CN(C)[C@H](C)[C@@H](O)[C@]1(C)O,0
871711,Cc1cc(SCNC(=O)c2ccccc2)ncn1,0
5309340,O=C(c1ccc(CS(=O)(=O)c2c(Cl)cccc2Cl)o1)N1CCCC1,0
2210662,COC(=O)C(C(=O)OC)N1C(=O)CCC1=O,0
3236772,CCOc1ccc(-n2ccnc2SCC(=O)Nc2nnc(C)s2)cc1,0
3238303,CCCCCn1c(=O)[nH]c2cc(C(=O)NCCCN(CC)CC)ccc2c1=O,0
2961599,C=CCn1c(SCC(=O)Nc2c(C)nn(Cc3ccccc3)c2C)nnc1C(O)c1ccccc1,0
135427528,CC1C(O)=C(c2nc3ccccc3[nH]2)C(=N)N1c1ccccc1,0
647739,CCC(=O)Nc1ccc(NC(=O)CSc2nnnn2C(C)C)cc1,0
117876848,CC(=O)N1CCC(n2c(C)nc3cnc4cc(F)c(-c5ccc(Oc6ncccn6)cc5Cl)cc4c32)CC1,1
750392,O=C(NCCc1ccccc1)c1ccc(Br)o1,0
6869728,Nc1c(S(=O)(=O)c2cccs2)c2nc3ccccc3nc2n1/N=C/c1cccc(O)c1,0
576367,OCCN1CCOCCN(CCO)CCOCC1,0
2909886,CC1(C)NC(=O)N(CC(O)CN2CCCC2)C1=O,0
664969,CCOC(=O)CN1C(=O)C(O)=C(C(C)=O)C1c1ccccc1,0
5307668,CCOc1ccc2nc(N3CCCC(C(=O)NCCCN4CCOCC4)C3)sc2c1,0
3235350,Cn1cccc1C(=O)N1CCC2(CCCN(c3cccc(-c4ccccc4)c3)C2)CC1,0
3234766,COCCn1c(=O)c(-c2ccc(OC)cc2)nc2cnc(Nc3ccccc3)nc21,0
3236473,COc1ccc(-n2c(CNC(=O)c3ccc(S(=O)(=O)N4CCCC4)cc3)n[nH]c2=S)cc1,0
2234500,O=C(CCCc1nc(-c2ccccc2Cl)no1)NC1CCCCC1,0
2494694,Cc1cc(C(=O)N(C)Cc2ccc(Br)cc2)no1,0
666247,COc1ccc(C2=NOC(COc3ccccc3NC(C)=O)C2)cc1OC,0
73505440,CC(C)N1CCc2nc(NC(=O)N[C@H](C)c3ccccc3)cc3[nH]nc1c23,1
3242365,O=S(=O)(NCc1ccccc1)c1cnc[nH]1,0
118365053,COc1n[nH]c2cc(NC(=O)N[C@H](c3ccc(F)c(C)c3)C(C)(C)O)nc(CO)c12,1
3163338,COC(=O)CN1C(=O)COc2ccc(Cl)cc21,0
2999020,CC1CN(C(=O)c2ccc(C(=O)c3ccccc3)cc2)CC(C)O1,0
654103,COCCCNC(=O)Cn1nnc(-c2ccccc2NC(=O)c2ccc(F)cc2)n1,0
724528,CCCc1nnc(SCC(=O)Nc2ccc(OC)cc2)n1N,0
667130,c1cncc(-c2nn3c(-c4ccncc4)nnc3s2)c1,0
2125096,CCCn1nc(C(=O)OCC(=O)c2ccc3c(c2)NC(=O)CO3)c2ccccc2c1=O,0
5309591,CCOC(=O)N1CCC(N2Cc3cccc(C(=O)NCc4ccc(C)cc4)c3C2=O)CC1,0
6605075,CCCn1c(-c2ccc(F)cc2)nc2c(NCCCCN3CCCC3)nc(C)nc21,0
2382372,C=CCn1c(=O)/c(=C\c2ccsc2)s/c1=C(/C#N)C(=O)NCCN1CCOCC1,0
3235619,CCCCN(CCCNC(=O)c1c(C)cc(=O)oc1C)c1ccccc1,0
651729,CCc1nnc(NC(=O)C2CCN(S(=O)(=O)Cc3ccccc3)CC2)s1,0
135439099,O=C(Cc1cccs1)N1CCC(c2nc3c(nnn3Cc3ccccc3Cl)c(=O)[nH]2)CC1,0
655625,Cc1cccc2cc(C#N)c(N3CCN(C)CC3)nc12,0
648617,Cc1cc(C)cc(N(C(=O)CNC(=O)c2ccco2)C(C(=O)NC2CCCC2)c2cccnc2)c1,0
644968,COc1ccccc1CNC(=O)Cn1nnc(-c2ccncc2)n1,0
11972250,C[C@@H]1CC[C@@H]2N(C1)C[C@H]1[C@@](O)([C@H](O)C[C@]3(O)[C@H]4CC[C@H]5[C@]6(O)O[C@]4(C[C@]13O)[C@@]5(C)CC[C@@H]6O)[C@@]2(C)O,0
2866426,O=C1C=C(NCC2CCCO2)CC(c2ccccc2)C1,0
16758922,COC(=O)C/C=C/C(C)C(OC)c1ccccc1Br,0
3245247,CCOc1ccc(-n2c(SC(C)C(=O)OC)nc3c(c2=O)SCC3)cc1,0
6604284,CC(=O)O[C@H]1CC[C@@]2(C)C(=CC[C@@H]3[C@H]2CC[C@]2(C)C(=O)CC[C@H]32)C1,0
661544,c1cnn(-c2cc(N3CCOCC3)ncn2)c1,0
828646,O=C(Nc1ccc2nc(-c3cccs3)[nH]c2c1)c1ccco1,0
1107127,O=C(Nc1ccc2c(c1)OCCO2)c1ccc(Br)c(S(=O)(=O)N2CCOCC2)c1,1
3244666,Cc1occc1C(=O)Nc1nn[nH]n1,0
649802,CCOc1ccccc1OCC(=O)Nc1ccc(S(=O)(=O)Nc2ncccn2)cc1,0
781537,O=C(Nc1nc(-c2ccccc2)cs1)c1cccs1,1
118380780,C[C@@H](NC(=O)Nc1cc2[nH]nc(NC(=O)CN(C)C)c2cn1)c1ccccc1,1
2614027,CC(C)NC(=O)NC(=O)COc1ncnc2sccc12,0
646087,C=CCNC(=O)C1CCN(c2nc(C)cc(-c3ccccc3)n2)CC1,0
665252,c1ccc2c(CNCCN3CCOCC3)cccc2c1,0
2117063,CCNC(=O)NC(=O)COC(=O)CCCSc1nc2ccccc2[nH]1,0
645619,Nc1nc(CSc2nc3ccccc3[nH]2)nc(N2CCOCC2)n1,0
5321398,O=c1c(-c2ccc(O[C@@H]3O[C@H](CO)[C@@H](O)[C@H](O)[C@H]3O)cc2)coc2cc(O)cc(O)c12,0
3242880,CCC(=O)Oc1ccc(C2N(C(=O)CC)CCN2S(=O)(=O)c2ccc(C)cc2)cc1OC,0
653982,Cc1ccc(-n2nc(C)c(C3C(C#N)=C(N)OC4=C3C(=O)CCC4)c2Cl)cc1,0
3456010,CSC1=NCCN1C(=O)COc1ccc2ccccc2c1,0
117876832,Cc1nc2cnc3cc(F)c(-c4ccc(Oc5ncccn5)cc4Cl)cc3c2n1C1CCN(C(=O)C(C)O)CC1,1
118365061,CCOc1n[nH]c2cc(NC(=O)N[C@@H]3CCC[C@H]3OC)ncc12,1
3241610,CC(C)C(=O)N(c1ccc2oc(=O)sc2c1)S(=O)(=O)c1cccs1,0
3243329,N#Cc1ccccc1-n1c(N)c(C(=O)N2CCCC2)sc1=S,0
5459546,COC(=O)c1ccc(C(NC(=O)OCc2ccccc2)/C(C)=C/[C@@H](C)C(=O)NCc2cccnc2)cc1,0
340667,COc1ccc2c(c1)CCc1c(-c3noc4c3CCc3cc(OC)ccc3-4)noc1-2,0
2930947,CCCCC(CC)C(=O)NCCCN1CCN(CCCNC(=O)C(CC)CCCC)CC1,0
653661,CSc1ccc2[nH]c(=O)cc(C)c2c1,0
2133620,CN(CCc1ccccn1)S(=O)(=O)c1ccc2c3c(cccc13)C(=O)N2,0
5308987,O=C1Nc2ccccc2OC1CC(=O)N1CCOCC1,0
612407,Cc1cc(C)n(-c2ccc(F)cc2)c(=O)c1C(=O)O,0
2055522,CCCCOc1ccc(CN2CCC(O)CC2)cc1,0
3239246,Cc1ccc(-n2ncc3c(=O)n(CC(=O)N4CCCCCC4)cnc32)cc1,0
2999141,COC(=O)c1ccc(C(c2c(N)n(CC(C)C)c(=O)[nH]c2=O)N2CCN(c3ccccc3)CC2)cc1,0
3234180,COc1ccccc1-c1cncnc1N1CCN(C)CC1,0
121416560,Cc1cc(-n2ncc3cc(NC(=O)NCc4cn(C)cn4)ncc32)ccn1,1
135415401,CC(=NC(C)C)C1=C(O)CCC1=O,0
2883044,CC(C)COC(=O)c1ccc(NC(=O)C2C3CCC(C3)C2C(=O)O)cc1,0
1152638,O=C(CSc1nc(-c2ccco2)cc(C(F)(F)F)n1)Nc1ccc(C(=O)N2CCCCC2)cc1,0
1085418,COc1ccc(S(=O)(=O)N(C)CC(=O)Nc2ccc3c(c2)OCO3)cc1OC,0
135444481,COC(=O)c1cccc(NC(=O)CSc2nc(C)cc(=O)[nH]2)c1,0
2978857,COC(=O)c1ccccc1NC(=O)c1cc2n(n1)C(C(F)F)CC(C(F)F)N2,0
5309045,CCN(CC)c1ccc(NC(=O)C2CCCN(S(=O)(=O)c3cnc[nH]3)C2)c(C)c1,0
970944,Cc1cnn(C(=S)NCc2ccc(Cl)cc2)c1,0
645441,N#Cc1ccc2ccn(CC(=O)NC3CCCCC3)c2c1,0
2920504,CC1(C)CC(NC(=O)C23CCC(C)(C(=O)C2)C3(C)C)CC(C)(C)N1,0
3242765,COc1ccc(S(=O)(=O)NCCCCCC(=O)NCCCN2CCOCC2)cc1,0
5308830,CCN(CCNC(=O)C1CCCN(S(=O)(=O)c2cnc[nH]2)C1)c1ccccc1,0
33341,COc1ccc2cc(C(C)CO)ccc2c1,0
2952993,O=C(Cn1cc(C(=O)C2CC2)c2ccccc21)NCC1CCCO1,0
664062,CC(C)Oc1ccc(C(=O)N(Cc2ccco2)C2CCS(=O)(=O)C2)cc1,0
1090945,COc1cc(NS(=O)(=O)c2ccccc2)ccc1-n1nc(C)cc1C,0
2214115,Cc1ccc(-n2ncc(C(=O)NCc3ccc4c(c3)OCO4)c2NC(=O)c2ccco2)cc1C,0
2999585,CCOC(=O)CN1C(=O)NC(C)(c2ccc(OC(F)F)cc2)C1=O,0
3241701,O=C(NCC1COc2ccccc2O1)c1ccc(NC(=O)C2CCCO2)cc1,0
3244535,COc1ccc(C(=O)NCc2nnc(SCC(=O)N3CCC(C)CC3)o2)cc1OC,0
11949012,CCC1=C(OC(=O)N(CC)CC)N2C(=O)OC(=NCCOC)[C@]2(C)[C@H]2C1=CC[C@H]1C(=O)N(CC)C(=O)[C@H]12,0
16758563,O=C1CCCC=C1[C@H](CCc1ccccc1)OC(=O)c1ccc(Br)cc1,0
2400746,O=C(c1cn[nH]c1)c1cc(F)ccc1O,0
5353532,C(=C/N1CCN(C(c2ccccc2)c2ccccc2)CC1)\Cc1ccccc1,0
3235924,CCOC(=O)c1cc(-c2ccccc2)n(CC(=O)O)c1C,0
3245736,COc1ccc(-n2nc(C(=O)NCC(=O)NCC3CCCO3)c3ccccc3c2=O)c(OC)c1,0
647039,O=C(NC1=NCCS1)C1CC(=O)N(c2ccccc2)C1,0
2998987,CC(CCc1ccccc1)NC(=O)COC(=O)C1=COCCO1,0
666054,CCCCCCn1c(CN2CCN(C(=O)OCC)CC2)nc2c1c(=O)n(C)c(=O)n2C,0
3244034,Cc1nn(C(C)(C)C)c(OC(=O)c2ccc3c(c2)OCO3)c1S(=O)(=O)c1ccccc1,0
3246034,N=C(N)[C@H](N=Nc1ccccc1)C(N)=O,0
648904,CC(C)N1C(=O)C2C(C(=O)NC3CCCCC3)C3C=CC2(O3)C1C(=O)NC1CCCCC1,0
2046,N#CC(C#N)=Cc1ccc([N+](=O)[O-])c(O)c1,0
3233812,COc1ccccc1-c1ccc2ncnc(N3CCOCC3)c2c1,1
3232928,CN1CCN(c2ncnc3ccc(-c4ccoc4)cc23)CC1,0
5459425,S=C(Nc1ccccc1)Nc1ccccc1C#Cc1ccccc1,0
695449,O=C(O)CCCC(=O)Nc1cccc2cccnc12,0
661064,Cc1nn(CC(=O)NCc2cccnc2)c(=O)c2ccccc12,0
3245867,Cc1ccc(CS(=O)(=O)CCC(=O)NCCN2CCCC2)cc1,0
711685,O=C(Nc1cc(N2CCOCC2)ncn1)c1ccccc1,0
3247223,COC(=O)[C@@]1(Cc2ccccc2)[C@H]2c3cc(C(=O)N(C)C)n(C[C@H](O)CO)c3C[C@H]2CN1C(=O)c1ccccc1,0
3243399,CCCCC(CC)CNS(=O)(=O)c1ccc2c(c1)CCN2C(=O)CCC(=O)O,0
1520503,CCOC(=O)CSc1nc2c(c(=O)n(C)c(=O)n2C)n1Cc1ccccc1F,0
2240,CC1CCC2C(C)C(=O)OC3OC4(C)CCC1C32OO4,0
2779469,O=P(c1ccccc1)(c1ccccc1)C(O)c1ccco1,0
68230,CC1(C)C=Cc2c(c3ccccc3[nH]c2=O)O1,0
650954,CN(Cc1ccncc1)C1CC(=O)N(c2ccc(Cl)cc2)C1=O,0
3235394,c1ccc(CNc2nc(-c3ccoc3)nc3ccccc23)cc1,0
3235921,CCOC(=O)C(Cc1ccccc1)NC(=O)CCc1c(C)nc2ncnn2c1C,0
3245205,COc1ccc(C2C(=O)N(C3CCCCC3)CC(=O)N2CCc2ccccc2)cc1OC,0
3245542,COCCCNC(=O)C1CC(=O)N(CCc2ccc(OC)c(OC)c2)C1,0
16758891,CC(=O)Nc1ccc(C2C(C)CCC3C(=O)N4C(CCC(C)[C@@H]4c4ccc(NC(C)=O)cc4)C(=O)N32)cc1,0
3239334,CC1CCCN(CCCNC(=O)c2coc3nc4ccccc4nc23)C1,0
2227841,COc1ccc(OC)c(NC(=O)CSc2nnc(-c3ccco3)n2-c2ccccc2)c1,0
1037128,CCOC(=O)c1c(NC(=O)c2cccs2)sc2c1CCN(C(=O)OCC)C2,0
3236876,COC(=O)c1ccccc1NC(=O)Cn1cnc2ccc(S(=O)(=O)N3CCC(C)CC3)cc2c1=O,0
135436116,C=CCn1c(SCc2nc3ccccc3c(=O)[nH]2)nnc1-c1ccco1,0
3233728,COc1cccc(Nc2ncc3nc(-c4ccc(Cl)cc4)c(=O)n(C[C@H]4CCCO4)c3n2)c1,0
3238569,CCOC(=O)N1CCC(NC(=O)CCc2c(C)nc3c(c(C)nn3C(C)(C)C)c2C)CC1,0
3237154,CCOC(=O)N1CCN(C(=O)c2cc3c(=O)[nH]c4ccccc4c3s2)CC1,0
3245855,CCC1CCCCN1CCCNC(=O)CNC(=O)Cn1ccc2ccccc2c1=O,0
651605,CCc1cc2cc(C)ccc2nc1SCC(=O)N1CCN(C(=O)c2ccco2)CC1,0
16758569,CC/C=C\CC[C@H](O)C1=CCCCC1=O,0
3243833,CC(=O)Nc1nonc1NC(=O)CSC1=NCCS1,0
135513634,O=C(Nc1cc(=O)[nH]c2ncnn12)c1ccccc1Cl,0
644530,CCOC(=O)Cn1c(N2CCCCCC2)nc2c1c(=O)[nH]c(=O)n2C,0
3239985,CCOC(=O)N1CCN(c2c(NCCCN(CC)c3cccc(C)c3)c(=O)c2=O)CC1,0
135415446,Cc1cccc(/N=C/c2c(O)c3ccccc3oc2=O)n1,0
2998818,CC(O)c1nc2ccccc2n1C1CCCCC1,0
118365128,COCCOc1n[nH]c2cc(NC(=O)N[C@H](C)c3ccccc3)nc([C@@H](C)O)c12,1
664797,CCCCCC(=O)N(O)C1CC(=O)N(c2ccccc2)C1=O,0
2087892,Cn1c(=O)c(C(=O)CN2CCCc3ccccc32)c(N)n(Cc2ccccc2)c1=O,0
658106,CCn1c(N2CCN(CC(=O)c3c[nH]c4ccccc34)CC2)nc2c1c(=O)[nH]c(=O)n2C,0
3236154,CCSc1oc(-c2ccco2)nc1S(=O)(=O)c1ccc(F)cc1,0
3119235,Cc1cc(C)n(CC(=O)n2c3ccccc3c3ccccc32)n1,0
5389808,COc1cccc(Oc2coc3c(CN4CCOCC4)c(O)ccc3c2=O)c1,0
2175588,CS(=O)(=O)NCCSCc1c(F)cccc1Cl,0
648836,Cc1ccc(C(c2nnnn2CC2CCCO2)N2CCN(C(=O)c3ccco3)CC2)cc1,0
5375199,CC1=CC(=O)CC(C)(C)C1(O)/C=C/C(C)=C\C(=O)O,0
6604186,NC(=O)c1ccc[n+]([C@@H]2O[C@H](COP(=O)([O-])OP(=O)(O)OC[C@H]3O[C@@H](n4cnc5c(N)ncnc54)[C@@H](O)[C@@H]3O)[C@@H](O)[C@@H]2O)c1,0
5771794,CCCC/C=C/C(NC(=O)Oc1cccc(C(F)(F)F)c1)c1ccccc1,0
935078,COC(=O)CSc1nc(NC(C)C)nc(N2CCOCC2)n1,0
652879,CC(C)CNC(=O)C1C2C=CC(C2)C1C(=O)O,0
5309230,O=C(NCCCN1CCCCC1)C1(S(=O)(=O)c2ccc(Cl)cc2)CC1,0
1067713,O=C(Nc1c(C(=O)Nc2ccccc2)cnn1-c1ccccc1)c1ccco1,0
3245427,CCOC(=O)CCc1c(C)n(CC)c2cc(-c3ccccc3OC)nn2c1=O,0
3232951,O=C(c1csnn1)N1CCC2(CCCN(C(c3ccccc3)c3ccccc3)C2)CC1,0
651739,CSCCC(Nc1nc2ccccc2s1)C(=O)O,0
5400100,O=C(c1cccc2c1-c1ccccc1/C2=N/O)N1CCCCC1,0
3457755,COc1ccc(NC(=O)Nc2nnc(N3CCCCC3C)s2)cc1OC,0
2142609,O=S(=O)(c1ccc(F)c(F)c1)N1CCN(Cc2ccc3c(c2)OCO3)CC1,0
5308528,COc1ccccc1S(=O)(=O)Cc1ccc(C(=O)N2CCOCC2)o1,0
3243320,COc1ccc(C(=O)N(CN2CCCC2=O)c2cc(C)on2)cc1OC,0
2201505,Cc1cc(Oc2ccccc2)nc(SCC(N)=O)n1,0
3239240,CC(=O)c1ccc(NC(=O)CCNS(=O)(=O)c2cccc3nonc23)cc1,0
783744,CCOC(=O)N1CCN(Cc2cccs2)CC1,0
3237283,O=C(c1noc2c1CCCC2)N1CCN(c2ccc(F)cc2)CC1,0
2857305,COc1ccccc1CN1CCCCC1c1cccnc1,0
650167,CCOC(=O)c1ccc(S(=O)(=O)Nc2ccccc2-c2nnn(CC)n2)cc1,0
73099,O=C(NNS(=O)(=O)c1ccccc1)c1cccnc1,0
2087459,N#Cc1ccsc1NC(=O)COC(=O)CCCSc1nc2ccccc2s1,0
2050900,CCC(CC)C(=O)Nc1c2c(nn1-c1ccc(OC)cc1)CS(=O)C2,0
3245307,Cc1ccc(C2=N/C(=C/N3CCOCC3)C(=O)O2)cc1,0
5308788,Cc1noc(/C=C/N(C)C)c1S(=O)(=O)N1CCCC(C(=O)NCc2ccc(F)cc2)C1,0
714665,COc1ccc(C(=O)N[C@H]2COC(C)(C)O[C@H]2c2ccccc2)cc1,0
2999814,CN(C(=O)COC(=O)C1CCN(S(=O)(=O)c2cccs2)CC1)C1CCS(=O)(=O)C1,0
1295907,CCOC(=O)N1CCN(C(=O)COc2ccc(Br)cc2)CC1,0
877172,O=c1c(N2CCOCC2)nsnc1N1CCOCC1,0
654951,Cn1c(COc2ccc(Cl)cc2)nnc1SCC(=O)NC1CCCCC1,0
5308004,CN(CC(=O)NCc1ccco1)S(=O)(=O)c1cccc2cccnc12,0
3233926,COc1ncc2nc(C)c(=O)n(Cc3cccs3)c2n1,0
2937099,COc1ccc(OC)c(C2C(C(=O)Nc3cccnc3)=C(C)NC3=C2C(=O)CCC3)c1,0
2791626,Cc1cc(C)n(C(CC(=O)O)C(=O)O)n1,0
663691,O=C(c1cccs1)N(Cc1ccco1)C1CCS(=O)(=O)C1,0
3242590,Cc1ccc(-c2ccc(=O)n(CC(=O)NCCCN3CCCCC3C)n2)cc1,0
2942845,O=S(=O)(c1ccc(Br)s1)N1CCN(c2ccccn2)CC1,0
661115,CCOC(=O)c1ccc(Nc2cc(C)nc3ncnn23)cc1,0
662863,COc1ccc(-n2c(O)c(C(C)=NCc3ccco3)c(=O)[nH]c2=O)cc1,0
649307,CC1CCCCN1S(=O)(=O)c1ccc(NC(=O)c2cccc(-n3cnnn3)c2)cc1,0
3233416,Cc1noc(C)c1C(=O)N1CCC[C@@]2(CCN(C(=O)NC(C)C)C2)C1,0
5742560,CCCn1c(=O)c2ccccc2n2c(SCC(=O)/C(C#N)=C(\C)N)nnc12,0
1301813,Cn1nnnc1SCC(=O)Nc1ccc(Oc2ccc(Cl)cc2)cc1,0
307181,CN(C(=O)c1ccncc1)c1ccccc1,0
3238751,CC1CCN(CCNC(=O)CCS(=O)(=O)c2ccc(Br)cc2)CC1,0
655062,COc1ccc(C2(O)CC3CCC(C2)N3c2cc(C)nc(-c3ccccc3)n2)cc1,0
2560290,N#Cc1ccc(Cn2c(=O)c(C#N)c3n(c2=O)CCC3)cc1,0
3241307,Cn1c(=O)cc(SCC(=O)N2CCCC2)c2ccccc21,0
2249320,O=P(O)(O)/C=C(\Cl)c1ccccc1,0
846571,COc1ccc(C)cc1N(CC(=O)O)S(=O)(=O)c1ccc(C)cc1,0
2997586,Cn1ccnc1-c1nc2ccccc2[nH]c1=O,0
3241084,COc1ccc(OC)c(CNC(=O)CCNC(=O)Cn2ccc3ccccc3c2=O)c1,0
16758750,COc1ccc(COC(=O)N/N=C2/C[C@@H](O)[C@@H](O)[C@@H]3[C@@H]4C(=O)N(C5CCCCC5)C(=O)[C@H]4CC[C@@H]23)cc1,0
652477,Cc1ccc(S(=O)(=O)c2nc(N3CCOCC3)sc2Cl)cc1,0
3235133,CN1CCN(c2ncc3ncc(=O)n(-c4ccccc4)c3n2)CC1,0
2938425,Cc1nn(CC(O)Cn2c3c(c4ccccc42)CCN(C)C3=O)c(C)c1Br,0
2948020,COc1ccc(C2CC(c3ccc(F)cc3)Nc3nc(N)nn32)cc1,0
650988,CCc1nnc(NC(=O)CSc2nnc(-c3ccoc3C)n2-c2cccc(C)c2)s1,0
2236874,COCCNC(=S)c1ccc(OC)cc1,0
14985,Cc1c(C)c2c(c(C)c1O)CC[C@@](C)(CCC[C@H](C)CCC[C@H](C)CCCC(C)C)O2,0
5085871,O=C(C1CC1)N1CCN=C1SCc1ccccc1Cl,0
977261,CCn1c(SCC(=O)Nc2nccs2)nnc1-c1ccncc1,0
913284,Cn1c(=O)c2c(nc3sccn32)n(C)c1=O,0
651253,CC(=O)N1CCN(S(=O)(=O)c2ccc(C)cc2)C1C(C)C,0
16758500,C/C(CCN1CCc2nc(-c3ccccc3)c(-c3ccccc3)cc2C1)=N\OC[C@@H](O)[C@@H]1O[C@@H]2OC(C)(C)O[C@@H]2[C@H]1O,0
1145408,O=C(O)CCCC(=O)N1CCN(c2nc(-c3ccccc3)c3ccccc3n2)CC1,0
2864695,COC(=O)C1=C(C)N2C(=O)CSC2=NC1c1ccc2c(c1)OCO2,0
648767,CC(C)OC12Oc3ccccc3C=C1N1CCC2CC1,0
648731,O=C(c1ccco1)N1CCN(c2ccc(S(=O)(=O)N3CCCC3)cc2)CC1,0
934649,COc1cc(S(=O)(=O)n2c(C)nc3ccccc32)ccc1F,0
2953771,CN(C)S(=O)(=O)c1cc(C(=O)NCC2CCCO2)c(Cl)cc1Cl,0
273260,CC(=O)NC(Cc1cnc[nH]1)C(=O)O,0
713644,Cc1cn(C(=O)CN2C(=O)c3ccccc3C2=O)c(C)n1,0
1084754,O=C(COC(=O)c1ccco1)NCc1cccs1,0
135403643,Nc1nc2c(c(=O)[nH]1)CN(CCCN1CCOCC1)CN2,0
2081549,CC(=O)c1c(C)[nH]c(C(=O)OCc2nnc(-c3ccccc3)o2)c1C,1
3237505,O=C(NC1CCCC1)c1sc(=S)n2c1[nH]c(=O)c1ccccc12,0
648805,CCc1nnc(NC(=O)C2CCCN2C(=O)Nc2ccccc2OC)s1,0
9642080,Cc1ccc(/C(COc2ccccc2O)=N\O)cc1,0
2114383,CC(C)Sc1nnc(Nc2ccccc2)s1,0
653362,CC(NC(=O)c1ccc2c(c1)OCCO2)C(=O)O,0
3245294,CC1CCCCC1NC(=O)c1cn(C)c2ccc(S(=O)(=O)N3CCCC3)cc2c1=O,0
797861,O=c1oc2c3c(nn2c2ccccc12)CCCC3,0
89536088,Cc1cncc(-c2n[nH]c3cc(NC(=O)N[C@H](C)c4ccc(F)cc4)ncc23)c1,1
1503192,COc1ccc(Cc2nc(-c3ccc(-n4cccc4)cc3)no2)cc1,0
3243521,Cc1ccc(S(=O)(=O)c2nc(-c3ccc(F)cc3)oc2SCC(=O)NCC2CCCO2)cc1,0
6708585,COc1cccc2c1CCC1=CC(=O)CC[C@@]12C,0
640401,COC(=O)[C@H]1[C@@H]2C[C@@H]3c4[nH]c5ccccc5c4CCN3C[C@H]2CC[C@H]1O,0
3480292,Nc1ccccc1N=Cc1c(O)n(CCC2=CCCCC2)c(=O)[nH]c1=O,0
2602617,Cc1ccc(S(=O)(=O)NCCC(=O)OCn2nnc3ccccc3c2=O)cc1,0
1313458,CCC(=O)N1CCN(c2ccccc2NC(=O)c2cccc(C)c2)CC1,0
3236258,CCOc1cc2[nH]c(=O)n(Cc3cccc(OC)c3)c(=O)c2cc1OCC,0
663761,COc1ccc(C2c3c(oc4ccccc4c3=O)C(=O)N2CCCN2CCOCC2)cc1,0
3245029,Clc1cccc2sc(N3CCN(c4ccccc4)CC3)nc12,0
934719,CCOc1cc(S(=O)(=O)N2CCOCC2)ccc1F,0
176077,OC[C@H]1NC[C@H](O)[C@@H](O)[C@H]1O,0
665977,O=C(Nc1ccc2c(c1)nc1n2CCOC1)C1CCCCC1,0
5307471,Cc1cc(Nc2ccc(C)c(Br)c2)n2nc(C)nc2n1,0
3245612,Cc1cccc(NC(=O)Cn2c(=O)n3nc(CCn4nc(C)cc4C)nc3c3ccccc32)c1,0
652135,COc1ccccc1NC(=O)N1CCCC1C(=O)Nc1nnc(C(C)C)s1,0
1281344,O=S(=O)(c1cccc(F)c1)N1CCN(Cc2ccc3c(c2)OCO3)CC1,0
2905654,CCc1ccc(C(=O)CSc2n[nH]c(C)n2)cc1,0
2087132,CC(=O)c1ccc(OCCCC(=O)n2nnc3ccccc32)cc1,0
8469,CCOC(=O)C1OC1c1ccccc1,0
5293405,CN(C)c1nc(N)nc(/C(C#N)=C/C2CC3C=CC2C3)n1,0
3235024,Cc1ccccc1-c1cncnc1N1CCN(C)CC1,0
3244852,Cc1cc(C)cc(NS(=O)(=O)c2ccc3[nH]cc(C(=O)NCc4ccco4)c(=O)c3c2)c1,0
3235903,CCOC(=O)CNC(=O)Cn1cnc2sc(C)c(S(=O)(=O)N3CCC(C)CC3)c2c1=O,0
2207884,CCCCCN=Cc1c(C)[nH]n(-c2nc3ccccc3s2)c1=O,0
2999183,Cn1nnnc1SCC(=O)Nc1cc(C(C)(C)C)nn1-c1ccccc1,0
3237881,CCC(=O)N1CCCc2cc(S(=O)(=O)N3CCN(c4ccccn4)CC3)ccc21,0
662042,CSc1nc(-c2ccccc2)nc2c1COC(C)(C)C2,0
3106,CCCN(CCC)CCc1ccc(O)c(O)c1,0
3240296,O=C(CCCCCNc1nc(=S)[nH]c2ccccc12)N1CCN(c2ccccn2)CC1,1
5308701,CCOc1ccc(OCC)c(NC(=O)CC2Oc3ccc(C)cc3NC2=O)c1,0
670282,CS(=O)(=O)c1ccc2nc(NC(=O)c3cccs3)sc2c1,0
241476,Oc1c(Cl)cc(CN(Cc2cc(Cl)c(O)c(Cl)c2)C2CCCCC2)cc1Cl,0
5307680,O=C(Cn1ncc2c(=O)oc3ccccc3c21)NCC1COc2ccccc2O1,0
2196321,O=C(Nc1ccc(CN2CCCCC2)cc1)c1ccc(Br)o1,0
647421,COc1cc(OC)cc(C(=O)N2CCN(C(=O)COc3ccc4ccccc4c3)CC2)c1,0
655093,CCNC(=O)C1CN(S(=O)(=O)c2ccccc2)CCN1S(=O)(=O)c1ccccc1,0
3234108,COc1ccccc1CN1CCC2(CC1)CCN(C(=O)c1ccco1)CC2,0
13032,CC(C)Nc1ccccc1,0
651840,O=C(NCc1ccco1)c1cccc2ccccc12,0
1266452,CCCc1cc(=O)n2[nH]c(-c3cc(OC)c(OC)c(OC)c3)nc2n1,0
2160609,COc1cccc(NC(=O)NC2(C(F)(F)F)Oc3ccccc3O2)c1,0
2955655,CCOC(=O)c1cnc(Nc2nc3ccccc3o2)nc1CN1CCN(c2ccccc2)CC1,0
3244637,CCc1c(C(=O)NC2CCCCC2)[nH]c(C)c1C(C)=O,0
1253418,Nc1nonc1C(=O)NC(c1ccccc1)c1ccccc1,0
3083585,Oc1ccc(O)c2c(O)cccc12,0
22880,CN[C@H](CC(=O)O)C(=O)O,0
2999560,COc1cc2c(cc1OC)C1(NCC2)C(=O)Nc2ccccc21,0
3240360,Cc1ccc(NC(=O)CN(C)S(=O)(=O)c2cccc3nsnc23)cc1Cl,0
76072172,CCOc1n[nH]c2c(F)c(NC(=O)N[C@H](C)c3ccccc3)ncc12,1
1044160,CC(=O)Nc1ccc(S(=O)(=O)Nc2cc(C)c(-n3nc4ccccc4n3)cc2O)cc1,0
666509,CCCc1cc(=O)n2[nH]c(CCc3ccccc3)nc2n1,0
713952,CC(=O)Nc1c(C(=O)NCc2ccccc2)nnn1Cc1ccccc1,0
3244983,COc1ccccc1C(=O)NCCn1cc(SCC(=O)NCc2ccco2)c2ccccc21,0
2219537,O=C(O)CSCc1c(F)cccc1Cl,0
850042,CCOc1ccc(Cl)cc1S(=O)(=O)N1CCCC1,0
121416620,CNC(=O)[C@@H](NC(=O)Nc1cc2cnn(-c3ccnc(C)c3)c2cn1)c1ccccc1,1
659903,O=S(=O)(c1cccc2cccnc12)N1CCc2ccccc21,0
662853,C=CCn1c(SCC(=O)Nc2ccc3c(c2)OCCO3)nnc1-c1ccccn1,0
663104,CC(=NCC1CCCO1)c1c(O)n(C)c(=O)n(C)c1=O,0
2998073,CCOC(=O)C1=C(C)NC(C)=C(C(=O)OCC)C1C(=O)OC1CCOC1=O,0
836449,Cc1ccc(C)c(OCC(=O)Nc2cc(C)on2)c1,0
5308495,Cc1nc2cc(-c3cccc(F)c3)nn2c(C)c1CCC(=O)N1CCN(c2ccccn2)CC1,0
118046470,CNC[C@@H](NC(=O)c1ccc(-c2nc([C@H]3CCC[C@@H](O)C3)cnc2N)cc1F)c1cc(F)cc(Br)c1,1
68368,OC[C@H]1O[C@@H](n2cnc3cncnc32)[C@H](O)[C@@H]1O,0
1246046,Cc1cc(C(=O)N2CCN(c3ncccn3)CC2)c(C)o1,0
5307629,Cc1nn(C)c(C)c1S(=O)(=O)N1CCC(C(=O)NC(C)c2ccccc2)CC1,0
2998606,CC(=O)N1CCN(c2ccc(Oc3nc(-c4ccccc4)nc4ccccc34)cc2)CC1,0
664184,Cc1nnc(NC(=O)CCC(=O)NCc2ccco2)s1,0
649942,COC(=O)C1=C(N)OC2=C(C(=O)CCC2)C1c1cccs1,0
2997568,CN1C(=O)C(O)(c2sc(N)nc2-c2ccccc2)c2ccccc21,0
92044776,COC(=O)C(NC(=O)Nc1cc2[nH]nc(-c3ccnc(C)c3)c2cn1)C(F)(F)F,1
16759056,C=CCCC/C=C(/C)C(OCc1ccc(OC)cc1)C(CC/C=C(\C)C(N)=O)OC,0
1259711,Cc1ccc(OCCC(=O)Nc2c(C)n(C)n(-c3ccccc3)c2=O)cc1,0
3235341,Cc1cccc(CNc2ccnc(-c3cccc(NS(C)(=O)=O)c3)n2)c1,1
665649,COc1ccc(S(=O)(=O)N[C@H](C(=O)N2CC[C@@]3(O)CCCC[C@H]3C2)c2ccccc2)cc1,0
3246552,Cn1ccnc1C[C@@](C)(O)c1ccccc1,0
724072,Cc1cc(N=Cc2cc(Br)ccc2O)no1,0
135414620,COc1ccc(CCNC(=O)CSCc2n[nH]c(=O)[nH]2)cc1OC,0
1084671,O=C(Nc1ccc2nc(-c3cccnc3)[nH]c2c1)c1ccco1,0
3233982,COCCn1c(=O)c(CCc2ccccc2)nc2cnc(Nc3ccccc3)nc21,0
3235984,Cc1cc2ccccc2c(=O)n1CC(=O)Nc1ccc2c(c1)OCCO2,0
650686,Cc1ccc(S(=O)(=O)Cn2nnnc2C(c2ccc(F)cc2)N2CCCCC2)cc1,0
2215490,CC(=O)Nc1cccc(-c2csc(Nc3ccc(Cl)cn3)n2)c1,1
3235220,CNc1cc(-c2c(C)noc2C)ncn1,0
697506,CC(C)Cc1nnc(NS(=O)(=O)c2ccc(Cl)cc2)s1,0
2852738,Cc1cccc(Cl)c1OCCCCn1ccnc1,0
2925123,O=C(C(Cc1ccccc1)N1C(=O)C2C3C=CC(C3)C2C1=O)N1CCCCC1,0
3244039,COc1cccc(C2CC(c3ccccc3Cl)n3ncnc3N2)c1,0
657791,CCOC(=O)C(NC(=O)Nc1ccc(F)cc1)(OCC)C(F)(F)F,0
667169,CCn1nnnc1NCc1cccn1C,0
647123,CC(C)C(=O)Nc1nnc(SCC(=O)NC2CC2)s1,0
646244,CCCCC(=O)Nc1ccc(NC(=O)c2cc(OC)c(OC)c(OC)c2)cn1,0
3237809,CCc1ccc(NC(=O)CCN2C(=O)c3cccnc3C2=O)cc1,0
5459707,CNC(=O)C1(C)C=CC2(CCCCC2)N1C(C)=O,0
1129747,COc1ccccc1N1CCN(C(=O)Cn2nc(C(F)(F)F)c3c2CCC3)CC1,0
1249942,CCN1CCn2c1nc(N1CCCCC1)nc2=O,0
2999387,O=C(COC(=O)c1cccc(S(=O)(=O)N2CCN(c3ccccc3)CC2)c1)NCc1ccco1,0
2098560,O=C(CNC(=O)c1ccco1)Nc1cc(Cl)ccc1N1CCOCC1,0
705661,COC(=O)c1cc(COc2ccc3ccc(=O)oc3c2)c(C)o1,0
3235184,O=c1c(-c2ccccc2)nc2cnc(Nc3ccccc3)nc2n1C[C@H]1CCCO1,0
650413,CC(C)NC(=O)CSc1nc2ccccc2n1CC(=O)N1CCc2ccccc21,0
2998623,Cc1cc(C(=O)CC#N)c(C)n1-c1ccc(OC(F)F)cc1,0
2432882,O=C(COC(=O)c1cc(S(=O)(=O)N2CCOCC2)ccc1Cl)Nc1ccc2c(c1)OCO2,0
3244712,CCn1c(=O)n(CC(=O)N2CCC3(CC2)OCCO3)c(=O)c2ccccc21,0
738257,CCOC(=O)Cc1cc(=O)n2[nH]c(C)cc2n1,0
3244267,O=C(CN1CCN(C(=O)c2ccco2)CC1)Nc1ccc(Cl)c(C(F)(F)F)c1,0
654639,CC(C)(C)n1nnnc1C(c1cc2cc3c(cc2[nH]c1=O)OCO3)N1CCN(c2ccccc2)CC1,0
2999435,Cc1nc2ccccn2c1P(=O)(N1CCCCC1)N1CCCCC1,0
3244152,O=C(NCCCN1CCCCCC1)C1CC(=O)N(C2CCCC2)C1,0
2531869,O=C(CN1CCNCC1)Nc1ccccc1Cl,0
2998822,O=C(c1ccc(F)cc1)N1CCCCC(Sc2nnc3ccccn23)C1=O,0
663633,NC(=O)C1CCN(CC(=O)c2c[nH]c3ccc(F)cc23)CC1,0
558062,OC(Cn1cncn1)c1ccc(Cl)cc1,0
3245206,CCCN1Cc2cccc(C(=O)NCCCOC(C)C)c2C1=O,0
1562711,CCCCOC(=O)Nc1nc(C)c(C(=O)OCC)s1,0
3243038,CCOC(=O)N1CCN(C(=O)CSCC(=O)Nc2nc(-c3ccc(Cl)s3)cs2)CC1,0
651376,CC1(C)CC(=O)C2=C(C1)OC(N)=C(C#N)C2C#Cc1ccccc1,0
647419,CCCn1c(SCC(=O)Nc2sc(C)c(C)c2C(=O)OC)nc2c1c(=O)n(C)c(=O)n2C,0
3235373,Cn1c(=O)c(-c2ccc(Cl)cc2)nc2cnc(N3CCNCC3)nc21,0
2195599,COc1cccc(OCCNC(=O)c2cccc(OC)c2)c1,0
1246103,O=C(c1cccc(Cl)c1Cl)N1CCN(c2ccccn2)CC1,0
135513636,COc1cc(-c2c(C#N)c(=O)[nH]c3c2c(C)nn3-c2ccccc2)ccc1O,0
665692,Cc1cc(C)n(-c2nc3c(c(=O)[nH]c(=O)n3C)n2CC(O)c2ccccc2)n1,0
2088982,Cc1cccc(-n2nnnc2SCc2csc(-c3ccccc3)n2)c1,0
575109,O=C(Nc1cccc2ccccc12)N1CCOCC1,0
653554,Cc1sc2nc(SCC(=O)NCc3ccco3)n(-c3ccccc3)c(=O)c2c1C,0
651536,CCCOc1ccc(N2CC(C(=O)NC(C)C)CC2=O)cc1,0
2998657,Cc1ccc(-n2nc(-c3cccs3)cc2C(=O)NCC2CCCO2)c(C)c1,0
3233697,COc1ccc(Oc2ncc3ncc(=O)n(C4CC4)c3n2)cc1,0
2429545,Cc1ccc(S(=O)(=O)NCCC(=O)Nc2ccc3c(c2)OCO3)cc1,0
2940115,COC(=O)COc1ccc(Oc2cc(C)nc(SC)n2)nn1,0
624005,COc1cc2c(cc1OC)CN(C(=O)C(C)(C)C)CC2,0
3155103,CCOCC(=O)Nc1nc2c(s1)C(=O)CC(C)(C)C2,0
3239603,CCOC(=O)c1cccnc1SCC(=O)NC(C)CC,0
649744,CC(C)C(OC(=O)C1CCCO1)C(=O)NC1CCCC1,0
646881,CCn1c(COc2ccccc2C)nnc1SCC(=O)OC,0
1253200,Cc1nc2nc(Cc3ccccc3)[nH]n2c(=O)c1Cc1ccccc1,0
651521,O=C(CN(C1CCCCC1)S(=O)(=O)c1ccccc1)NCc1cccnc1,0
646892,COCCNC(=O)C(C)OC(=O)c1nsc(Cl)c1Cl,0
660848,Cc1ccccc1N1CCN(Cc2c(C#N)c3ccccc3n2C)CC1,0
764406,O=S(=O)(c1ccc2ccccc2c1)N1CCCCC1,0
3240033,CCOC(=O)N1CCC(c2[nH][nH]c(=O)c2C)CC1,0
2081,CC(N)C(=O)OC(C)(C)Cc1ccc(Cl)cc1,0
649336,Cc1cc(NS(=O)(=O)c2ccc(NC(=O)CCCOc3ccc(Cl)cc3)cc2)no1,0
649012,COc1ccc(N2CCN(c3oc(COc4ccccc4)nc3C#N)CC2)cc1,0
281376,NS(=O)(=O)c1ccc(N=Nc2c[nH]c(=O)c(O)c2)cc1,0
3239556,CC1(C)CC(=O)C(C(=O)CCCCC(=O)C2C(=O)CC(C)(C)CC2=O)C(=O)C1,0
118380926,CO[C@@H]1CCC[C@H]1NC(=O)Nc1cc2[nH]nc(N)c2cn1,1
52239,NC(N)=NC(N)=Nc1ccc(C(=O)O)cc1,0
225323,CN(C)CN1CSC(=S)N(CN(C)C)C1,0
118395362,CC(C)(O)[C@@H](NC(=O)Nc1cc2[nH]nc(N3CC4CC3CO4)c2cn1)c1ccccc1,1
5309185,O=C(Cn1ncc2c1-c1ccccc1OC2)N1CCN(Cc2ccc3c(c2)OCO3)CC1,0
135399045,Cc1nnc(SCC(=O)NCc2ccco2)[nH]c1=O,0
1282336,O=S(=O)(c1ccc(Br)s1)N1CCc2ccccc2C1,0
3246595,C[C@@H]1O[C@@H](O)[C@@H](O)[C@H](O)[C@H]1O,0
1503465,CCOC(=O)c1sc2nc(C)cc(C)c2c1NC(=O)c1ccco1,0
5307898,O=C1C2CCCN2C(c2cccc(F)c2)N1c1cccc(Cl)c1,0
654180,CCOC(=O)Cn1c(=O)c2c(nc3n2CCS3)n(C)c1=O,0
5459674,COC(=O)N1CC=CC1(C)C(=O)O,0
6604021,COc1ccc(/C=C\C(=O)Nc2ccccc2C(=O)O)cc1OC,0
3238429,O=C(NCC1CCCO1)NC1(C(F)(F)F)Oc2ccccc2O1,0
1923620,C=CCNC(=O)c1c(N)n(-c2cccc(S(N)(=O)=O)c2)c2nc3ccccc3nc12,0
118404589,CC1(C)c2cnc(NC3CCOCC3)nc2CN1C(=O)NCc1ccccc1F,1
662984,COc1ccccc1C(O)P(=O)(OC(C)C)c1ccc(N(C)C)cc1,0
663016,COc1ccc(C(O)P(=O)(OC2CCCCC2)c2ccc(N(C)C)cc2)cc1OC,0
3239711,O=C(NCc1ccccn1)c1ccc2nc(-c3ccco3)c(-c3ccco3)nc2c1,0
748003,CC(=O)Nc1nonc1C(=O)N1CCC(C)CC1,0
1549512,O=C(O)/C=C/C=C/c1ccccc1,0
3235491,CN(C)c1ncc2nc(-c3cc(F)cc(F)c3)c(=O)n(C3CC3)c2n1,0
3234584,CC(C)NC(=O)N1CC[C@@]2(CCCN(C(=O)c3cccc(F)c3)C2)C1,0
660647,C=CCN=C(NC#N)SCC(=O)NCc1ccccc1,0
2432538,O=C(COC(=O)c1cccc(S(=O)(=O)N2CCOCC2)c1)Nc1ccc2c(c1)OCO2,0
2961637,O=C(Oc1ccc(Br)cc1)C1CC(=O)N(c2ccc(F)cc2)C1,0
3237236,Cc1ccc(Cl)cc1N1CCN(CCN)CC1,0
60198529,CCOc1cc(Nc2ncc3c(n2)CN(C(=O)N[C@H](C)c2ccc(Cl)c(Cl)c2)CC3)ccn1,1
663777,COC(=O)[C@H](CCSC)NC(=O)Nc1ccc(C)cc1,0
3237947,COC(=O)c1ccc(NC(=O)C2C3C=CC(O3)C2C(=O)O)cc1,0
645103,Cc1cccc(C)c1NC(=O)CSc1nnc(-c2ccoc2C)n1C,0
1630803,CCCNS(=O)(=O)c1ccc(NC(=O)c2ccccn2)cc1,0
118381059,C[C@@H](NC(=O)Nc1cc2[nH]nc(NC(=O)C3CCOCC3)c2cn1)c1ccccc1,1
1250898,CN1CCN(CC(=O)Nc2ccc(Cl)cc2Cl)CC1,0
3238310,COc1ccc(-c2cc(C(=O)N3CCCc4ccccc43)no2)cc1OC,0
7259,Cc1ccc(C)c(N)c1,0
2999750,CC1CN(C(=O)c2cn3ccccc3n2)CC(C)O1,0
645791,COc1cc(NC(=O)C2COc3ccccc3O2)c(OC)cc1Cl,0
2218950,Cn1c(SCC(=O)Nc2ccc3cn[nH]c3c2)nnc1-c1cnccn1,0
135401836,COc1ccc(CN=CC2=C(O)CNC2=O)cc1OC,0
3239285,O=C(NCCN1CCN(c2ccccc2F)CC1)C1CC(=O)N(C2CCCC2)C1,0
648458,CCOC(=O)Cn1nnnc1C(CC)N(Cc1cc2c(C)cc(C)cc2[nH]c1=O)C1CCCC1,0
3239814,COCCN1Cc2cccc(C(=O)Nc3ccccc3OC)c2C1=O,0
2211338,COc1ccccc1C(=O)n1nc(-c2ccccc2)nc1NCc1ccco1,0
651583,CCOCCCNC(=O)C1CCN(C(=O)Nc2ccc(C)cc2)CC1,0
5308770,COc1ccc(C2N(c3ccc(F)cc3)C(=O)C3CCCN32)cc1,0
737967,FC(F)(F)c1ccc(-n2ccnc2)nc1,0
644432,O=C(CN1C(=O)CC(c2ccccc2)=Nc2ccccc21)NCc1ccco1,0
3246530,CN1CCC[C@H](OC(=O)[C@](O)(c2ccccc2)C2CCCC2)C1,0
662546,Cn1c(C(=O)O)cc2cc(F)ccc21,0
1096077,CCOC(=O)c1ccc(CNS(=O)(=O)c2c(C)ccc3nsnc23)o1,0
659108,CCOC(=O)C1CCCCN1Cc1ccc(OC)c(OC)c1OC,0
6604249,C[C@H]1CC[C@]2(OC1)O[C@@H]1C[C@@H]3[C@@H]4CC[C@H]5C[C@@H](O)CC[C@]5(C)[C@@H]4CC(=O)[C@@]3(C)[C@H]1[C@@H]2C,0
649533,CC1(C)CCCC2=C1CC1C(=O)N(c3ccccc3)C(=O)C1C2,0
653473,CCN(CC)S(=O)(=O)c1ccc(-c2nnc(SCC(=O)N3CCc4ccccc43)o2)cc1,0
414067,O=c1c[n+](CCCC[n+]2cc(=O)o[nH]2)[nH]o1,0
3237323,COc1cccc(NC(=O)NCCCN2CCN(c3ccc(F)cc3)CC2)c1,0
645522,CCOC(=O)CN(C(=O)CSc1nnc(CNc2ccc(C)cc2C)o1)c1ccccc1,0
645971,CCC(C)NS(=O)(=O)c1ccc(S(=O)(=O)Nc2cc3c(cc2C(C)=O)OCO3)cc1,0
648438,CC(=O)Nc1ccccc1NS(=O)(=O)c1ccc(C)cc1,0
913801,COc1nc(-c2ccccc2)ccc1-c1noc(-c2cccs2)n1,0
650932,CC(C)COc1ccc(-c2nnn(CC(=O)N3CCCC3)n2)cc1,0
259755,Clc1cccc(-c2nnc(-c3ccccc3)o2)c1,0
663415,CCN(CC)C(=O)Oc1ccc2c(=O)c(-c3ccc(OC)cc3)c(C)oc2c1,1
2092318,CCCn1nc(C(=O)NCc2ccccn2)c2ccccc2c1=O,0
655307,NC1=NC(=O)CC(C(=O)NCCc2ccccc2)S1,0
984394,COc1cccc(S(=O)(=O)NCc2ccc(C(=O)NCc3ccco3)cc2)c1,0
2977455,Cc1ccc(SC(C)c2nc(-c3cccnc3)no2)cc1,0
3237181,C=CCn1cc(Cl)c(=O)n(CC=C)c1=O,0
652232,COc1ccc2c(c1)CC(C1(O)C(=O)Nc3ccccc31)C2=O,0
1537056,Cc1ccc(-c2csc3nc(C)n(-n4c(C)ccc4C)c(=O)c23)o1,0
3245521,COc1ccc(N(CC(=O)N2c3ccccc3CC2C)S(=O)(=O)c2c(C)noc2C)cc1,0
3242742,O=C(CCNS(=O)(=O)c1cccs1)NCc1ccco1,0
3247326,COCCNC(=O)[C@H]1C[C@@H]1[C@H](NP(=O)(c1ccccc1)c1ccccc1)c1ccccc1,0
2527342,O=C(Nc1ccc(Oc2ncccn2)cc1)c1ccco1,0
2091540,COc1ccc(N2CCN(Cc3cc(=O)oc4cc(C)c(Cl)cc34)CC2)cc1,0
2487241,CCC1(CC)NC(=O)N(CC(=O)OCn2nnc3ccccc3c2=O)C1=O,0
952078,CCOC(=O)c1ccc(COC(=O)c2cc(=O)[nH]c3ccccc23)o1,0
3244370,Cc1ccc(-c2noc(CCC(=O)NC3CCN(Cc4ccccc4)CC3)n2)cc1,0
3235954,CC(C)c1ccc(NC(=O)C(c2ccccc2)N2CCN(C=O)CC2)cc1,0
655111,CCn1c(COc2cccc(C)c2)nnc1SCC(=O)Nc1cccc(C(=O)OC)c1,0
3239388,Cc1ccccc1C(=O)c1cccn1CC(=O)N1CCCCCC1,0
698207,Nc1c(C(=O)NCc2cccnc2)sc(=S)n1-c1ccccc1,0
664179,CCOc1ccc(C2c3c(oc4ccccc4c3=O)C(=O)N2CCCN2CCOCC2)cc1,0
649104,COCc1nc2ccccc2n1CCOc1ccccc1OC,0
649313,CCn1c(SCC(=O)Nc2cccc(NC(=O)c3ccco3)c2)nnc1-c1cccs1,0
2369923,O=C(COC(=O)c1ccc[nH]c1=O)NC1CCCC1,0
796632,CCN(CC)C(=O)CP(=O)(c1ccccc1)c1ccccc1,0
5310793,CCOC(=O)c1[nH]c(=O)[nH]c1CSCCO,0
675083,O=C(O)Cn1c(C(F)(F)F)nc2ccccc21,0
2215193,Cc1cc(Br)ccc1OCC(=O)N(Cc1nc(-c2ccccc2)no1)C(C)C,0
2997893,CC1(Cc2ccc3c(c2)OCO3)NC(=O)NC1=O,0
3236462,O=C(COc1ccc(Cl)cc1)NCc1nnc(SCC(=O)NC2CCCCC2)o1,0
2999635,O=C(CC(SCCO)c1ccc(F)cc1)c1ccco1,0
3238504,COCCn1c(COc2ccc(C)cc2)nc2ccccc21,0
3235520,COc1ccc(C(=O)N2CCC3(CCCN(CC(C)C)C3)CC2)cc1,0
671018,CCSc1nc2ccccc2n1CC(N)=O,0
31272,CCCCOC(C)=O,0
657680,CC(=O)c1ccc(Oc2cc(C)nc(-n3nc(C)cc3C)n2)cc1,0
3236875,CCOC(=O)N1CCN(C(=O)c2cn(C)c(=O)c3c2c2ccccc2n3C)CC1,0
135427723,O=C(COCc1nc2ccccc2c(=O)[nH]1)NC1CCCC1,0
3004756,N#C/C(=C\NC(=S)c1ccncc1)c1nc2ccccc2s1,0
1287334,COC(=O)c1ccccc1NC(=O)c1ccc(COc2ccccc2)o1,0
657920,Cc1cc(C)n(-c2nc3c(c(=O)n(C)c(=O)n3C)n2Cc2cccc(Br)c2)n1,0
135511520,CCC1(CC)Cc2ccccc2-c2nc(CN3CCOCC3)[nH]c(=O)c21,0
654428,O=C(Nc1nc2c(s1)CCc1ccccc1-2)c1cccs1,0
2402161,Cc1c(C(=O)O)oc2c1ccc1ccccc12,0
660971,CC1CCC(C(C)C)C(OC(=O)CSc2n[nH]c(=O)[nH]c2=O)C1,0
3233519,O=C(c1cccc(F)c1)N1CCC2(CCCN(Cc3ccccc3)C2)CC1,0
5309109,CCN(CC)CCCNC(=O)Cn1cc2c(n1)CCC(C)C2,0
2998070,COc1cc(C(=O)OCC(=O)c2c[nH]c3ccccc23)ccc1OCC(=O)N1CCOCC1,0
3243405,O=C(CN1C(=O)C2C3C=CC(C3)C2C1=O)Nc1ccc2c(c1)OCCO2,0
568592,c1ccc(-c2nc3nonc3nc2-c2ccccc2)cc1,1
2960189,CCc1ccc(NC(=O)CC2NCCNC2=O)cc1,0
5310699,COc1ccc(Oc2coc3c(CN(C)C)c(O)ccc3c2=O)cc1,0
665989,COc1ccc(-n2c(Cc3cccs3)nnc2SCC(=O)Nc2ccc3c(c2)OCCO3)cc1,0
6605181,CCCn1c(C)nc2c(NCCCN3CCCCC3C)nc(C)nc21,0
2249234,O=C(NCCO)c1ccc(Cl)c(Cl)c1,0
654621,O=S(=O)(NCC1CCCO1)c1ccc(S(=O)(=O)N2CCc3ccccc3C2)cc1,0
135400037,Cc1nc(N2CCN(c3ccccc3)CC2)[nH]c(=O)c1Cc1ccccc1,0
650841,Cc1cccc(C(OC(=O)c2ccco2)C(=O)NCc2ccccc2)n1,0
5308664,N#CC1=C2SCN(c3ccc(F)cc3)CN2C(=O)CC1c1cccc(F)c1,0
648037,Cn1c(COc2ccccc2)nnc1SCCSc1nnc(COc2ccccc2)n1C,0
9555254,CSc1nncn1/N=C/c1cc(Cl)ccc1F,0
648614,CCn1c(SCC(N)=O)nnc1-c1ccco1,0
1244259,Cc1occc1C(=O)Nc1cccc(Cn2cccn2)c1,0
3233601,N#CCCn1c(=O)c(-c2ccc(Cl)cc2)nc2cnc(N3CCOCC3)nc21,0
723287,O=C(CN1C(=O)c2ccccc2C1=O)Nc1ccccc1F,0
3246164,c1ccc([C@H](CCN2CCCC2)c2ccccn2)cc1,0
650157,CC(C)CNC(=O)C1CCN(c2ccc(S(=O)(=O)N3CCOCC3)cc2Cl)CC1,0
662491,CCOCCCNC(=O)NC12CC3CC(CC(C3)C1)C2,0
2338736,Cc1onc(-c2c(F)cccc2Cl)c1C(=O)OCC(=O)NCc1ccco1,0
3234324,O=C(Nc1ccccc1)N1CCC2(CC1)CCN(C(=O)c1cccc(F)c1)CC2,0
655900,COC(=O)CSc1nnc(CCc2nc3ccccc3[nH]2)n1C,0
665488,CC(C)c1nnc(NC(=O)CCC(=O)NCC2CCCO2)s1,0
3798162,O=C(CC1(O)C(=O)N(CCc2ccccc2)c2ccccc21)c1ccco1,0
649265,Cc1ccc2cc(CN(Cc3cccs3)Cc3nnnn3C(C)(C)C)c3nnnn3c2c1,0
2103374,O=S(=O)(/C=C/c1ccccc1)NCCc1ccccn1,0
646831,CC(=O)Nc1cnc(NC(=O)c2cccc(F)c2)cc1C,0
774385,Cc1ccccc1-c1n[nH]c(=S)o1,0
663596,CN(C)c1ccc(CN(C(=O)COc2ccc(F)cc2)C2CCS(=O)(=O)C2)cc1,0
8330,O=[N+]([O-])c1c(Cl)c(Cl)cc(Cl)c1Cl,0
118045570,Cc1c(-c2cnc(N)c(-c3ccc(C(=O)N[C@H](CO)c4cccc(Cl)c4)c(F)c3)c2)cnn1C(F)F,1
650859,COc1ccc(C(=O)N2CCN(C(=O)Cc3ccccc3)CC2)cc1OC,0
5307881,O=C(Nc1ccc(Br)cc1F)c1ccc2c(c1)N(Cc1ccccc1)C(=O)CS2=O,0
648089,O=C(CSc1nc2ccccc2s1)NCCCN1CCOCC1,0
666735,Cn1c2ccccc2c2ncn(CCN3CCOCC3)c(=O)c21,0
659902,CC1CCCCN1c1nc(-c2ccncc2)nc2ccccc12,1
666263,Cc1nc2c3c(-c4ccccc4)c(-c4ccccc4)oc3ncn2n1,0
644433,CCCn1c(SCC(=O)Nc2ccccc2C(=O)OCC)nc2c1c(=O)n(C)c(=O)n2C,0
654627,N#Cc1c(F)cccc1N1CCOCC1,0
135447952,O=c1[nH]cnc2c1nc(SCc1ccccc1)n2C1OC(CO)C(O)C1O,0
2900397,CC(=O)Nc1ccc(S(=O)(=O)N2CCN(C(C)CCc3ccccc3)CC2)cc1,0
3243741,CCOC(=O)C(Cc1ccccc1)NC(=O)Cn1nnc(-c2ccccc2)n1,0
664795,CC(C)Sc1nc(NCc2ccco2)c2c3c(sc2n1)COC(C)(C)C3,0
2962165,O=C(NC1(C(F)(F)F)NC(=O)N(Cc2cccnc2)C1=O)c1ccncc1,0
3232613,COc1cccc(Nc2ncc3nc(C)c(=O)n(C4CC4)c3n2)c1,0
264088,Cc1cn(C2CC3OCC3O2)c(=O)[nH]c1=O,0
663597,CC(C)CCn1c(N)c(S(=O)(=O)c2cccs2)c2nc3ccccc3nc21,0
3246272,C[N+]1([O-])[C@H]2CC[C@H]1CC(OC(=O)[C@@H](CO)c1ccccc1)C2,0
5355750,C/C(=N/O)c1ccc2cc(Br)c3ccccc3c2c1,0
9549917,Cc1c(O)c(=O)ccn1Cc1ccccc1,0
753671,Cn1c(=O)c2cn(Cc3ccc(Cl)cc3)cc2n(C)c1=O,0
135544634,COc1nc(/C(N)=N/O)nc(N2CCCCC2)n1,0
653666,Cc1ccc(NC(=O)c2cccc(Cl)c2)nc1,0
11838260,COC(=O)C1C2c3ccccc3OC1(C)N=c1s/c(=C/c3cnn(C)c3C)c(=O)n12,0
1253399,O=C(Nc1cccnc1)c1cnn2cccnc12,0
2257667,COCCNC(=O)Cn1nc(C(F)(F)F)cc1C,0
2912208,O=C(O)C1CC(=O)N(c2ccc(Br)cc2)C1,0
1547871,COc1cc(C(=O)Nc2nc(-c3cccs3)cs2)cc(OC)c1OC,1
2123310,CCOC(=O)N1CCN(C(=O)Cc2ccsc2)CC1,0
900687,Cc1ccc(S(=O)(=O)Nn2c(C)ccc2C)cc1,0
745532,CCCC(=O)Nc1c(C)nn(C(=O)CCC)c1C,0
3238843,COc1ccc(Cl)cc1NC(=O)c1oc(C)nc1C,0
654525,O=C(Cc1ccccc1)N1CCC(c2nc(-c3ccc(F)cc3)no2)CC1,1
2090989,Cc1nc2ccccc2cc1C(=O)NCc1ccco1,0
9568650,CN1CCc2c(sc(/N=C/c3ccco3)c2C(N)=O)C1,0
2950863,COC(=O)c1cc(NC(=O)C23CCC(C)(C(=O)O2)C3(C)C)cc(C(=O)OC)c1,0
3245572,CN(C)c1ccc(NC(=O)c2cccc(N3C(=O)C4C5C=CC(C5)C4C3=O)c2)cc1,0
3238393,COC(=O)c1cc(=O)nc2sc(-c3ccc(F)cc3)nn12,0
3240772,CCN(CC)c1ccc(NC(=O)CN2CCN(c3nc(C)cc(C)n3)CC2)cc1,0
761227,O=C(Nc1ccccn1)c1ccc2ccccc2n1,0
4885785,N#CC1=C2SCN(Cc3ccco3)CN2C(=O)CC1c1c(F)cccc1Cl,0
3246439,N[C@@H](CSC1c2ccccc2-c2ccccc21)C(=O)O,0
5307442,O=C(CC1Oc2ccc(Cl)cc2NC1=O)NC1CCCCCC1,0
664619,COC(=O)c1[nH]c2ccccc2c1NC(=O)CN1CCN(C(=O)c2ccco2)CC1,0
2056026,O=S(=O)(NCc1ccc2c(c1)OCO2)c1cccc2cccnc12,0
2202640,CCn1c2ccccc2c2nn(C)c(=N)nc21,0
118380903,CCNc1n[nH]c2cc(NC(=O)N[C@H](C)c3cccc(F)c3)ncc12,1
698135,Cc1nccn1C[C@@H]1CCc2c(c3ccccc3n2C)C1=O,0
665825,CC1CN(C2CCCCC2)c2nc3c(c(=O)[nH]c(=O)n3C)n2C1,0
1192842,CCN1C(=O)c2cccc3c(S(=O)(=O)NCc4ccco4)ccc1c23,0
3244405,CCCN(c1ccc(C(C)C)cc1)S(=O)(=O)c1c(C)noc1C,0
650166,OC1(c2ccccc2F)CCN(Cc2nnnn2CCc2ccccc2)CC1,0
8124,CCCCCCCC(=O)Cl,0
444972,O=C(O)/C=C/C(=O)O,0
667363,C=CCN1CC(c2nc3ccccc3n2Cc2ccccc2)CC1=O,0
1164702,COc1ccc(NC(=O)c2cccc(NC(=O)c3ccco3)c2)c(OC)c1,0
3242786,O=C(NCCCN1CCOCC1)c1cc(-c2cccs2)on1,0
1260066,Cc1nnc(NC(=O)CSc2nnc(Cc3ccccc3)n2-c2ccccc2)s1,0
3243894,COc1ccccc1CN1C(=O)c2ccncc2C1=O,0
651913,CC(C)N(C=O)C1(C(=O)NC2CCCCC2)CCCCC1,0
6604880,CCOC(=O)C1=C(N)Oc2ccc(Br)cc2[C@@H]1[C@@H](C#N)C(=O)OCC,0
653000,COc1cc2cc(CN(CCN3CCCC3)C(=O)Nc3ccccc3Cl)c(=O)[nH]c2cc1OC,0
135449276,CCOC(=O)C1=C(O)CSC1=Nc1ccc(Cl)cc1,0
239838,Cc1ccc(N=Nc2ccc(N)cc2C)c(S(N)(=O)=O)c1,0
2997544,CCOC(=O)CCCn1c(C)nc(=O)c(-c2ccccc2)c1C,0
117889770,Cc1ccnc(Oc2ccc(-c3cc4c(cc3F)ncc3nc(C)n(C5CCN(C(=O)CO)CC5)c34)cc2)n1,1
666918,CSCCC1NC2(C(=O)Nc3c(Cl)cccc32)[C@@H]2C(=O)N(C3CCCC3)C(=O)[C@H]12,0
263529,O=C1C(=O)c2ccccc2C(O)=C1Cc1ccccc1,0
3244860,COc1cc(C2C(=O)N(C3CCCC3)CC(=O)N2Cc2ccco2)ccc1OC(C)C,0
3618799,O=C(NCc1ccccn1)C1CC(=O)N(C2CCCC2)C1,0
646860,CN(C)CCCn1c(N)c(C#N)c2nc(C#N)c(C#N)nc21,0
755395,Cc1cc(C(N)=O)c2cc(Br)ccc2n1,0
3244893,COc1ccc(OC)c(-c2cc(C(=O)Nc3c(C)nn(Cc4ccccc4Cl)c3C)no2)c1,0
316705,CC(C)(CCC(C)(C)c1ccccc1)c1ccccc1,0
659285,C[C@@H]1C[C@H](O)c2cc(Cl)ccc2N1,0
2927321,COc1cc(C2C3=C(CC(c4ccco4)CC3=O)Nc3ccccc3N2C(C)=O)cc(OC)c1OC,0
2997782,N#CC1=C(O)C(c2ccccc2)n2c1nc(=O)c1ccccc12,0
3236502,CCS(=O)(=O)N1CCC(C(=O)NCC2CCCO2)CC1,0
3245768,CCCS(=O)(=O)N1CCCC(C(=O)N2CCN(C(=O)OCC)CC2)C1,0
663191,COc1ccccc1-c1nnc2sc(-c3ccc(N(C)C)cc3)nn12,0
3243526,COc1ccc(C(C)(C)C)cc1NC(=O)C1C2C=CC(C2)C1C(=O)O,0
655187,COc1cc(-c2nc3cnccc3n2C)cc(OC)c1OC,0
783701,Oc1ccc(Br)cc1CN1CCN(c2ccccc2)CC1,0
854591,CCOC(=O)c1ccc(CC(=O)c2oc3cc(O)ccc3c2C)o1,0
3241146,CCOC(=O)Cn1ncc2c(=O)oc3ccccc3c21,0
3234756,O=C(c1cc(C(F)(F)F)cc(C(F)(F)F)c1)N1CCC[C@@]2(CCN(c3ccncc3)C2)C1,0
652589,CCC(C)Nc1nc2c(c(=O)[nH]c(=O)n2C)n1CCC(C)C,0
2967650,O=C(OC1CCc2ccccc2C1=O)c1ccccc1O,0
3233784,c1ccc(-c2cccc(N3CCC4(CCNCC4)CC3)c2)cc1,0
3236546,COc1ccc(CN2CC(C(=O)NCCCN3CCCCCC3)CC2=O)cc1,0
1246767,Cc1noc(C)c1C(=O)Nc1ccon1,0
3242839,Cc1ccc(S(=O)(=O)Cc2ccc(C(=O)N3CCC4(CC3)OCCO4)o2)cc1,0
3234459,COCCNc1ncncc1-c1c(C)noc1C,0
2830640,CN(C)C1=NC(N(C)C)=NP(N(C)C)(N(C)C)=N1,0
794096,CCSc1nc2ccccc2n1CC(=O)OC,0
677140,CCOc1cc(-c2ccccc2)nc(N)n1,0
118404601,C[C@@H](NC(=O)N1Cc2nc(NC3CCOCC3)ncc2C1(C)C)c1cccc(S(C)(=O)=O)c1,1
719933,CCOC(=O)N1CCN(C(=O)Cc2ccc(Cl)cc2)CC1,0
177120,N[C@@H](CP(=O)(O)O)C(=O)O,0
1254488,O=C(Nc1cccc(Cl)c1N1CCCCC1)c1ccc2c(c1)OCCO2,0
3241583,CN1C(=O)c2ccccc2C(C(=O)O)C1c1cccc(F)c1,0
3235321,CS(=O)(=O)N1CCC2(CCCN(c3ccccn3)C2)CC1,0
531389,COC(=O)C1CCCN1C(=O)c1cccs1,0
652733,CC(=O)NC1CC2CCCC(C1)N2S(=O)(=O)c1cccc(F)c1,0
2956983,CCOc1ccc2nc(NC(=O)Cn3cnc4c3c(=O)n(C)c(=O)n4C)sc2c1,0
652506,COCCn1nnnc1CN1CCC(NC(=O)Nc2cccc(OC)c2)CC1,0
7666,BrCCc1ccccc1,0
1891182,Cc1ccc(/C=c2\sc3nc(-c4ccccc4Br)nn3c2=O)o1,0
148769,CC(=O)Oc1cc2oc(=O)cc(C)c2cc1OC(C)=O,0
654893,O=C(c1cn(CC(=O)N2CCCC2)c2ccccc12)C1CCCCC1,0
135485430,COc1ccc(/C(O)=C(\C#N)c2nc3ccccc3n2C)cc1OC,0
3233859,COc1ccccc1CCn1c(=O)c(-c2ccccc2)nc2cncnc21,0
658532,C#CCOC(=O)c1ccccc1C(=O)n1nnc2ccccc21,0
3236760,COc1ccc(C(=O)NCc2nnc(SCC(=O)Nc3cccc(C(F)(F)F)c3)o2)cc1OC,0
135449593,O/N=C1/CCc2nonc2/C1=N/O,0
3245321,O=C(NCc1ccc2c(c1)OCO2)C1CCN(Cc2cnn(-c3ccccc3)c2-n2cccc2)CC1,0
3234031,O=c1c(-c2ccc(Cl)cc2)nc2cnc(N3CCOCC3)nc2n1C[C@H]1CCCO1,0
2877498,CN1C(=O)CC(N2CCN(CC(=O)N3CCCC3)CC2)C1=O,0
1246541,CCc1sc(C(=O)Nc2ccsc2C(=O)OC)cc1Br,0
645331,Cc1[nH]nc2c1C(c1ccoc1)C(C#N)=C(N)O2,0
665929,CCCCn1c(O)c(C=NC2CC3CCC2(C)C3(C)C)c(=O)[nH]c1=O,0
2999481,CC(OC(=O)c1cccs1)C(=O)NCc1ccc2c(c1)OCO2,0
3245775,O=C(CCCCn1c(=O)[nH]c2ccccc2c1=O)NCc1ccc2c(c1)OCO2,0
3233789,COc1ccc(NC(=O)N2CC[C@@]3(CCCN(C(=O)c4ccc(OC)cc4)C3)C2)cc1,0
656210,Cc1ccc(Cl)cc1N1CCN(C(=O)CCC(=O)O)CC1,0
6974,Cc1ccc(C)c([N+](=O)[O-])c1,0
3234395,CCNc1ncc2nc(-c3ccc(OC)cc3)c(=O)n(-c3ccc(OC)cc3)c2n1,0
1259406,COc1cc(C)c(Br)cc1S(=O)(=O)N1CCCC1,0
665644,CCOc1ccccc1NC(=O)c1ccccc1-c1nc(-c2ccccc2OC)no1,0
3238495,CCOC(=O)c1cn(CC(=O)Nc2ccc(C(C)C)cc2)nn1,0
662292,CN1C(=O)NC(NC(=O)c2ccncc2)(C(F)(F)F)C1=O,0
68261,O=c1c2ccccc2nc2n1CCC2,0
653091,Cc1cccc(C)c1NC(=O)N1CCC(n2cnc3ccccc32)CC1,0
2399399,CN(C)S(=O)(=O)c1cccc(C(=O)OCC(=O)Nc2ccccc2OC(F)F)c1,0
658955,CC1CN(C(=O)N2c3ccccc3Sc3ccccc32)C(C)CC1=O,0
653550,O=C(c1ccco1)N1CCN(S(=O)(=O)c2ccc(S(=O)(=O)NC3CCCCC3)cc2)CC1,0
2998933,Cc1nn(-c2ccccc2)c2sc(C(=O)OCn3nnc4ccccc4c3=O)cc12,0
134426056,Cn1nccc1Nc1nccc(-c2cc3n4c(nnc4c2)[C@@H](Cc2ccccc2)CO3)n1,1
646973,O=C(NCC(=O)N(Cc1cccs1)C(C(=O)NC1CCCC1)c1ccncc1)c1ccco1,0
3239350,COc1ccc(CCNC(=O)CN(C)S(=O)(=O)c2cccs2)cc1OC,0
121416575,Cc1cc(-n2ncc3cc(NC(=O)NC4CCN(Cc5ccccc5C#N)C4)ncc32)ccn1,1
2224948,COc1cccc2cc(-c3nnc(SCC(=O)Nc4cc(C(F)(F)F)ccc4Cl)n3N)oc12,0
3241648,O=C(NCCN1CCCC1)c1ccc2c(=O)n(CCc3ccccc3)c(=O)[nH]c2c1,0
3239800,CCc1c(C)sc(NC(=O)c2cc(-c3ccco3)on2)c1C#N,0
663600,COc1ccc(CN(CCCN2CCOCC2)C(=O)Nc2ccccc2)cc1OC,0
3240542,Cc1ccc(Cn2nc(C)c(NC(=O)c3noc4c3CCCCC4)c2C)cc1,0
3242669,COc1cccc(CNC(=O)C2CCN(S(=O)(=O)N3CCCC3)CC2)c1,0
16757979,CC(=O)OC1CC2C(C)(C)C(=O)CC[C@]2(C)C2CC[C@]3(C)C(=CC(=O)OC3c3ccoc3)[C@]12C,0
2999772,O=C(COC(=O)c1cncc(Br)c1)NCC1CCCO1,0
649323,Cc1sc(NC(=O)CSc2nnc(COc3ccccc3)n2C)c(C#N)c1C,0
717502,CCOC(=O)CSc1nc2sc3c(c2c(=O)[nH]1)CCCC3,0
3241312,CCOc1ccc(-c2cc(C(=O)N3CCC4(CC3)OCCO4)c3ccccc3n2)cc1,0
653206,Cc1ccccc1OCC(O)Cn1c(NCc2ccco2)nc2c1c(=O)n(C)c(=O)n2C,0
5389041,CSc1nc2c(c(=O)[nH]c(=O)n2C)n1C/C=C(\C)Cl,0
11972592,CC[C@H](C)C(=O)O[C@@H]1[C@H](O)[C@@H]2[C@H](CN3C[C@@H](C)CC[C@@H]3[C@@]2(C)O)[C@@H]2C[C@@]34O[C@@]5(O)[C@@H](OC(=O)[C@](C)(O)CC)CC[C@@]3(C)[C@H]5[C@H](OC(C)=O)[C@@H](OC(C)=O)[C@H]4[C@]12O,0
118054595,C[C@@H](NC(=O)c1ccc(-c2nc(C3CCN(S(C)(=O)=O)CC3)cnc2N)cc1F)c1cccc(Cl)c1,1
3237042,CC(C)Cn1cc(C(=O)NCCCN2CCCC2=O)c2c3ccccc3n(C)c2c1=O,0
2498753,Cc1ccccc1CSCC(=O)c1c(N)n(C)c(=O)n(C)c1=O,0
2853650,CCOc1cc(C(=O)NCC2CCCO2)cc(OCC)c1OCC,0
658449,CCNC(=O)CC(=O)Nc1ccccc1C(=O)O,0
3241231,O=C(Nn1nnnc1Nc1ccccc1)C12CC3CC(CC(C3)C1)C2,0
702831,Cc1nn(CC(=O)Nc2ccccn2)c(=O)c2ccccc12,0
3235724,Cc1nonc1NC(=O)OCCN1CCOC1=O,0
2219814,O=C(CCCN1C(=O)CCC1=O)Nc1cccc(C(F)(F)F)c1,0
92044625,CC[C@H](NC(=O)Nc1cc2[nH]nc(-c3ccnc(C)c3)c2cn1)c1ccccn1,1
667218,CC(C)(C)C(=O)N=C1SC2CS(=O)(=O)CC2N1c1ccc2c(c1)OCO2,0
663677,COc1ccccc1-c1nc(C#N)c(N2CCN(c3cccc(Cl)c3)CC2)o1,0
3240361,CC(=O)Oc1ccc2oc(=O)c3c(c2c1)CCCN3C(=O)CN1CCN(c2ncccn2)CC1,0
848256,O=C(Nc1cccc2c1CCCC2)c1ccc(Br)o1,0
2939248,CC(Sc1ccccn1)C(=O)Nc1ccccc1,0
3245895,O=C(NCCN1CCCCCC1)C1CCN(S(=O)(=O)N2CCOCC2)CC1,0
3235429,c1cncc(CNc2ncnc3ccc(-c4ccoc4)cc23)c1,0
5308583,O=C(Cn1nc(Cc2cccnc2)c2ccccc2c1=O)NCC1CCCO1,0
2849790,Cc1ccccc1C(NC(N)=O)c1ccccc1,0
644765,CCOC(=O)CC1=C(C(=O)OCC)C2(C(=O)Nc3ccccc32)C(C#N)=C(N)O1,0
2737879,CC1(C)CC(=O)C2=C(C1)OC(N)=C(C#N)C2c1ccccc1,0
3238862,COCCOC(=O)C1=C(C)N=C2SCCC(=O)N2C1c1cc(Br)ccc1OC,0
3237839,CCOC(=O)N1CCN(C(=O)c2cccc(-n3c(=S)[nH]c4cc(Cl)ccc4c3=O)c2)CC1,0
719792,CCn1c(-c2ccccc2O)n[nH]c1=S,0
3247156,COC(=O)[C@@]1(Cc2ccc(F)cc2)[C@@H]2C(=CC(=O)[C@H]2CC(=O)C(=O)N2CCCC2)CN1C(=O)c1ccccc1,0
656177,CCOc1ccccc1-n1c(SCC(=O)N(CC)CC)nnc1-c1ccccn1,0
6036939,CCN(C)c1ccc(/C=N\n2nnnc2N)cc1,0
663902,CN1CCN(c2nc3c(c(=O)[nH]c(=O)n3C)n2CCSc2ncccn2)CC1,0
238490,Cc1nc2ccccc2nc1N1CCCC1,0
424220,CN(C)CCCn1c2ccccc2c2cnccc21,0
910752,Cn1c(O)c(C(=O)c2ccccc2)c(=O)n(C)c1=O,0
650594,Cc1[nH]nc2c1C(c1ccc(-c3ccccc3C#N)o1)C(C#N)=C(N)O2,0
666175,O=C(CC1C(=O)NCCN1C(=O)Nc1ccccc1)Nc1ccc2c(c1)OCO2,0
656136,O=C(NCC1CCCO1)c1ccc(Cl)c(F)c1F,0
3234001,CN(C)Cc1ccccc1-c1cc(-n2ccnc2)ncn1,0
3239809,COCCn1c(=S)[nH]c2cc(C(=O)N3CCN(Cc4ccc5c(c4)OCO5)CC3)ccc2c1=O,0
655630,CC1CCCC(C)N1C(=O)Cn1c(SCC(=O)Nc2ccc3c(c2)OCO3)nc2ccccc21,0
2209150,CSc1ccccc1-n1nnnc1SCc1ccccc1,0
5309111,O=C1C2CCCN2C(c2ccc(Br)cc2)N1c1ccc(F)cc1,0
364106,C=CC(C1=CC(=O)C(OC)=CC1=O)c1ccc(OC)cc1,0
5308390,O=C(Nc1c(F)cc(F)cc1Br)c1cc(C2CC2)on1,0
3244960,CCC(C)N1C(=O)C2C(C(=O)Nc3cccc(OC)c3)C3C=CC2(O3)C1C(=O)NC1CCCCC1C,0
73504987,CNC(=O)C1CC(NC(=O)N2Cc3nc(NC4CCOCC4)ncc3C2(C)C)CN(Cc2cccc(Cl)c2)C1,1
665045,CC(=O)NCCC(Cc1ccccc1)c1ccco1,0
783977,Cc1nn(Cc2ccccc2)c(C)c1CCC(=O)O,0
655866,COc1ccc(C(=O)NC2CC3CCCC(C2)N3CC(C)C)cc1OC,0
3234554,CN(C)c1ccc(-c2ccc3ncnc(-n4ccnc4)c3c2)cc1,0
3236533,CCCN(CCC)CCCNC(=O)c1cn(CCOC)c(=O)c2c1c1ccccc1n2C,0
971773,Cc1cc(NC(=O)Nc2ccc(F)c(Cl)c2)no1,0
2998190,COC(=O)C1=C(C)NC(C)=C(C(=O)OC)C1C(=O)OCCN1C(=O)c2ccccc2C1=O,0
118365072,COc1n[nH]c2cc(NC(=O)N[C@@H](c3ccccc3)[C@H](C)O)nc(CO)c12,1
651429,Cc1cc(NC(=O)CCC(=O)N(C2CC2)C2(C(=O)NC3CCCC3)CCC(C)CC2)no1,0
649511,Cc1cc(NC(=O)CSc2nc3ccccc3n2CC(=O)N2CCCCC2)no1,0
666554,CC(C)(C)OC(=O)N[C@@H](Cc1ccccc1)c1nnc(S(=O)(=O)Cc2ccccc2)o1,0
2951199,CC1(C)C(=O)C2(C(=O)NCc3ccccc3)CCC1C2,0
6518329,COc1ccc(O[C@H]2C=C[C@@H](c3ccccc3)O[C@@H]2CO/N=C\[C@@H](C)[C@H](OCc2ccccc2)C(C)C)cc1,0
5771816,C[C@@]1(C(NS(=O)(=O)c2cccc3cccnc23)c2ccc(-c3ccccc3)cc2)C[C@H]1C1CCCCC1,0
2953717,CC(=O)Nc1cccc(C(=O)OCc2ccccc2)c1,0
5309142,CCN(CCNC(=O)C1CCN(S(=O)(=O)c2cccc3cccnc23)CC1)c1ccccc1,0
655084,CC1CCc2cc(F)ccc2N1C(=O)c1cc2nc(-c3ccco3)cc(C(F)(F)F)n2n1,0
2084089,Cn1cnnc1SCc1ccc(C(=O)n2ncc(C#N)c2N)cc1,0
248360,O=C(O)CSCc1ccc(Cl)cc1,0
3241899,Cc1ccc(-c2noc(CCC(=O)NCCc3ccccc3Cl)n2)cc1,0
6370962,CC1(N2CCCCC2)CC2(O)C(=[N+]1[O-])CCC/C2=N\O,0
663262,COc1ccccc1-c1nnc2n1N=C(C)CS2,0
652998,Cc1ccccc1N1C(=O)N(c2cccc(C(F)(F)F)c2)C2CS(=O)(=O)CC21,0
3000132,CC(C(=O)Nc1nc2ccccc2[nH]1)N1C(=O)C2CC=CCC2C1=O,0
5389999,COCCCN1C(=O)C(=O)/C(=C(/O)c2ccc(OC)cc2C)C1c1cccnc1,0
8141,CCCCCCCCC,0
16758050,C=C1C/C=C(\C)CCC2[C@@H]1CC2(C)C,0
3245592,Cc1ccc(Cl)cc1N1CCN(C(=O)C2CCN(S(=O)(=O)c3cccnc3)CC2)CC1,0
9548030,COC(=O)/C=C\CCc1coc(/C=C\CNC(=O)OC)n1,0
1286615,CC1(C)CC(=O)C2=C(C1)NC(Nc1nc3ccccc3o1)=NC21CCCC1,0
2542208,O=C(c1nc(-c2ccccc2)n(-c2ccccc2)n1)N1CCCCCC1,0
3240171,Cc1nc2ccc3nc(NC(=O)c4ccco4)sc3c2s1,0
2280028,O=C(CN(c1ccccc1F)S(=O)(=O)c1ccccc1)N1CCCCCC1,0
807523,COC(CCN(C)C)(c1ccccc1)c1ccccc1,0
970267,CN(c1cccc(NS(=O)(=O)c2cccs2)c1)S(C)(=O)=O,0
3240735,O=C(O)c1ccc2c(c1)NC(=O)C(N1CCCC1)S2,0
6898160,C=CCOc1c(Cl)cc(/C=N/O)cc1OC,0
2937636,CCOC(=O)C(C(=O)OCC)C(NS(=O)(=O)c1ccccc1)(C(=O)OC)C(F)(F)F,0
806279,CCC(=O)Nc1cccc(Br)c1,0
5201818,COc1ccc(-n2c(Cc3cc(=O)[nH]c(=O)[nH]3)nnc2SCC(=O)N2CCCC2)cc1,0
3247380,C[C@@H](C(=O)Nc1ccc2ccccc2c1)[C@@H]1C[C@@]1(C)[C@@H](NS(=O)(=O)c1ccc2ccccc2c1)c1ccccc1,0
2384408,O=S(=O)(Cc1nc2ccccc2s1)c1ccccc1,0
3238788,CCOc1cc2[nH]c(=O)n(CCC(=O)NCCc3ccccc3)c(=O)c2cc1OCC,0
652429,O=C(NC1CCCC1)C(c1ccc(N2CCOCC2)cc1)N(Cc1ccco1)C(=O)c1ccco1,0
653853,COc1ccc(CNC(=O)c2cnc(C)cn2)c(OC)c1,0
788704,Clc1ccc(C=NC23CN4CN(CN(C4)C2)C3)cc1,0
3234039,N#Cc1cccc(NC(=O)N2CC3(CCN(C(=O)c4ccco4)CC3)C2)c1,0
3238250,COc1cccc(-c2cc(C(=O)Nc3cnn(Cc4ccc(F)cc4)c3)no2)c1,0
598099,Nc1ncnc2nc(Cl)[nH]c12,0
645361,CC(C)CC(C(=O)Nc1ccc2c(c1)OCCO2)N1C(=O)c2ccccc2C1=O,0
2291950,Cn1c(SCCSc2nnc(-c3ccccc3)n2C)nnc1-c1ccccc1,0
888293,CC(=O)Oc1ccc(NC(=O)C2CCCCC2)c(C(=O)O)c1,0
656362,O=C(O)C1CCCN1c1ncccn1,0
608956,CCCOc1ccc(C2(C(=O)O)CCCC2)cc1,0
2179738,CN1C(=O)C(Cc2ccc3c(c2)OCO3)C(=O)N(C)C1=O,0
3242564,CCOc1ccc(NC(=O)CN2CCN(CC(=O)Nc3ccc4c(c3)OCO4)CC2)cc1,0
747469,CC(=O)c1ccc(-n2nncc2C(C)(C)C)cc1,0
660567,CCn1cc(C(=O)O)c(=O)c2cnc(N3CCN(C(=O)Nc4cccc5ccccc45)CC3)nc21,0
659886,CCc1ccccc1NC(=O)CSc1nc2c(c(-c3ccco3)c1C#N)CCCC2,0
5308163,CCC(C(=O)NCc1cccnc1)n1nc(C)n2c(cc3sccc32)c1=O,0
644477,CCc1nnc(NC(=O)CSc2nc3cccnc3n2C2CCCCC2)s1,0
2842811,O=S(Cc1ccc(Cl)cc1)CC(O)COCc1ccc(Cl)cc1,0
11949190,COC(=O)c1ccc(C23CC4(C2)[C@H](CN(Cc2ccc(-c5ccccc5)cc2)[C@@H]4c2ccccc2)C3c2ccc(Cl)nc2)cc1,0
1509062,Cn1c(=O)c2c(nc(SCc3nn[nH]n3)n2Cc2ccccc2F)n(C)c1=O,0
717126,CCc1ccc(OCc2ccc(C(=O)NCc3ccccn3)o2)cc1,0
767634,COc1cnn(-c2ccccc2)c(=O)c1N(C)C,0
3236732,CC(C(=O)N1CCC2(CC1)OCCO2)C1Sc2ccccc2NC1=O,0
3232585,COc1ccc(Oc2ncc3nc(-c4cccs4)c(=O)n(CCC#N)c3n2)cc1,0
647671,Cc1ccc2c(c1)nnn2C1CCN(CC(=O)N2CCN(c3ccc(F)cc3)CC2)CC1,0
846778,COc1ccc(C)cc1N(CC(N)=O)S(=O)(=O)c1ccc(C)cc1,0
666847,CCN(CC)C(=O)CSc1nnc(-c2cnccn2)n1-c1ccc(C)cc1,0
737752,Cc1[nH]c(=O)c(C#N)c(C)c1Br,0
2792920,CC(=O)C1=C(C)Nc2ncnn2C1c1ccccc1OCc1ccccc1,0
792960,O=C(c1ccc(Cl)cc1)N1CCN(C(=O)c2ccco2)CC1,0
3241462,CC(C)(C)n1ncc2c(=O)n(CC(=O)NCc3ccc4c(c3)OCO4)cnc21,0
135414743,CCc1c(O)nc(SCC(=O)N2CCOCC2)n(-c2ccccc2)c1=O,0
674163,O=c1[nH]c(=O)n(CCOc2ccc(Cl)cc2)cc1Br,0
2784339,CC1CN(C(=O)c2cc3ccccc3oc2=O)CC(C)O1,0
1298574,O=C(Nc1nc2ccc(S(=O)(=O)N3CCCC3)cc2s1)C1CCCCC1,0
2077685,O=C(CN(Cc1ccco1)C(=O)c1cc(=O)[nH]c2ccccc12)Nc1ccccc1Br,0
6604016,Cc1cccc(/C=C\c2ccccc2)n1,0
3744541,Cn1c2c(c(=O)n(C)c1=O)C1c3ccccc3OCC1C(C)(C)O2,0
1583639,O=C(NCCO)c1cc2ccccc2c(=O)s1,0
666547,Cc1ccnc(SCCn2c(N3CCCCC3)nc3c2c(=O)n(C)c(=O)n3C)n1,0
2310760,COC(=O)c1cc(-c2c(C)oc3cc(OC(C)C)ccc3c2=O)c(C)o1,0
118365248,COc1n[nH]c2cc(NC(=O)N[C@H](C)c3cccc(Cl)c3)ncc12,1
3245724,O=C(CSc1ncnc2ccccc12)N1CCN(c2ccccc2)CC1,0
2672846,CN(C)S(=O)(=O)c1ccc(NC(=O)c2cc3ccccc3o2)cc1,0
121416693,Cc1cc(-n2ncc3cc(NC(=O)N[C@H](C)c4ccccc4)nc(COCCO)c32)ccn1,1
118369735,CC(C)Nc1ncc2c(n1)CN(C(=O)N[C@@H](c1ccc(Cl)c(Cl)c1)[C@H]1CCCN1C)CC2,1
2997978,O=C1OCCC1Sc1nnc(-c2cccs2)n1Cc1ccccc1,0
674928,Cc1cccc(OCC(=O)Nc2ccc3c(c2)OCO3)c1C,0
645853,COc1ccc(C)cc1S(=O)(=O)Nc1cccnc1,0
3242202,COc1ccccc1N1CCN(C(=O)c2cc(-c3cccc(Cl)c3)on2)CC1,0
663701,CC1CC(C)CN(c2ncc3c(n2)CC(c2ccc(Cl)cc2)CC3=O)C1,0
647754,Cc1cc(C)nc(N2CCCC(C(=O)NCCc3ccc(F)cc3)C2)n1,0
3233474,O=C(Nc1ccccc1)N1CCCC2(CCN(C(=O)c3cc(C(F)(F)F)cc(C(F)(F)F)c3)CC2)C1,0
896068,CCOc1ccccc1N1CCN(S(=O)(=O)CC)CC1,0
3233496,O=C(c1cc(C(F)(F)F)cc(C(F)(F)F)c1)N1CCC2(CCN(Cc3ccncc3)CC2)CC1,0
3244833,O=C(CCCn1c(SCC(=O)c2ccc(F)cc2)nc2ccccc2c1=O)NCc1ccco1,0
650643,CC1=CC(=O)OC1Cc1ccncc1,0
3237062,Cc1cccc(C)c1NC(=O)c1cc(S(=O)(=O)N2CCOCC2)ccc1F,0
3244627,Cc1ccc(S(=O)(=O)c2c(C)nn(C(C)(C)C)c2OC(=O)c2ccc(Br)o2)cc1,0
3118,CCOP(=S)(OCC)SCCSCC,0
2999518,Cc1noc(C)c1CSc1nc2ccccc2n1CCc1ccccc1,0
15277,COc1ccc(N=[N+]([O-])c2ccc(OC)cc2)cc1,0
1344279,COC(=O)c1sc2nc(-c3ccccc3)nc(N3CCN(C)CC3)c2c1C,0
135421537,CC(=NCCc1ccccc1)C1=C(O)COC1=O,0
654450,O=C(NCc1ccco1)c1nc2nc(-c3cccs3)cc(C(F)(F)F)n2n1,0
224907,NS(=O)(=O)Cc1ccc([As](=O)(O)O)cc1,0
662212,Cc1cccc2c(=O)cc(C)n(CC(=O)N3CCCCC3)c12,0
647597,CC(C)(C)NC(=O)C(c1ccncc1)N(C(=O)c1csnn1)C1CC1,0
711393,O=S(=O)(/C=C/c1ccccc1)Nc1ccc(N2CCOCC2)cc1,0
6858802,C(=N/n1cnnc1)\c1cn(Cc2ccccc2)c2ccccc12,0
5358385,O=c1c2cc(O)c(O)cc2oc2cc(O)c(C3OC(CO)C(O)C(O)C3O)c(O)c12,0
1069526,O=C(Cc1ccc(Cl)cc1)Nc1ccc2oc(-c3ccncc3)nc2c1,0
3240384,COCCCNC(=O)c1ccc(CS(=O)(=O)Cc2cccc(C)c2)o1,0
2537,CC12CCC(CC1=O)C2(C)C,0
3237877,CC(=O)c1cc2cc(O)ccc2o1,0
2501418,CCOc1ccc(C(=O)OCn2nnc3ccccc3c2=O)cc1OC,0
666619,COc1ccc2c(c1)[nH]c1c(=O)n(CCc3cnc[nH]3)cnc12,0
5309411,COC(=O)c1ccccc1NC(=O)C1CCCN(c2nnc(-n3cccc3)s2)C1,0
2947593,O=C1OCCC1Sc1nc2ccccc2s1,0
16590,C=CCSSCC=C,0
3896375,O=C(Cc1ccccc1)n1nc(-c2ccccc2)nc1NCc1ccco1,0
2157573,CCOC(=O)c1ccc(NC(=O)CS(=O)(=O)c2cn(CC)c3ccccc23)cc1,0
3244705,Cc1cccc(-c2nc(CN3CCCC(C(=O)NC4CCC(C)CC4)C3)c(C)o2)c1,0
1540545,COc1ccc(C(=O)NC(=O)Nc2cc(C)ccn2)cc1,0
5307491,Cc1n[nH]c(C)c1S(=O)(=O)N1CCCC(C(=O)NC2CCCCC2)C1,0
2388289,Cc1ccccc1-n1nnnc1SCC(N)=O,0
865186,O=C(CSc1nnc(-c2cccs2)o1)N1CCOCC1,0
666336,CCCCn1nnnc1NCc1ccc(OC)c(OC)c1OC,0
2605165,O=C(CSc1nnc(-c2cccs2)n1-c1ccccc1)N1CCCC1,0
2947148,CCC(C)NC(=O)c1ccccc1NS(=O)(=O)c1ccc(OC)c(OC)c1,0
11883,Cc1ccc([N+](=O)[O-])c([N+](=O)[O-])c1,0
72892,O=S(=O)(NCCNS(=O)(=O)c1ccccc1)c1ccccc1,0
977540,NC(=O)c1ccccc1NC(=O)CS(=O)(=O)Cc1ccccc1,0
654426,O=C(Cn1nnc(-c2ccc(S(=O)(=O)N3CCCC3)cc2)n1)Nc1ccccc1-n1cccc1,0
3233912,CN1CCN(c2ncc3nc(-c4cn(C)c5ccccc45)c(=O)n(CCC#N)c3n2)CC1,0
665156,O=C(O)c1cc(-c2ccccn2)n[nH]1,0
2967964,CCCSc1nnc2nc(C)cc(C)n12,0
135462205,O=c1[nH]c(N2CCN(Cc3ccc4c(c3)OCO4)CC2)nc2c1CCC2,0
3234178,COc1ccc(C(=O)N2CCC3(CCCN(Cc4cc(C(F)(F)F)cc(C(F)(F)F)c4)C3)CC2)cc1,0
2998664,N#C/C(=C1/CCCCCN1)c1nc2ccccc2s1,0
665177,CN1C(=S)SC(C)(C)C1NO,0
658479,O=C1CCCCCN1CP(=O)(O)CN1CCOCC1,0
2951576,CC1(C)CC(=O)C2=C(C1)NC(SCC(=O)Nc1ccccc1)=C(C#N)C2c1ccco1,0
2998830,CCc1ccc(N2CC(C(=O)OCC(=O)Nc3cc(C)on3)CC2=O)cc1,0
3239511,COc1ccc(CNC(=O)c2ccc(NC(=O)C3CCCO3)cc2)cc1,0
3239574,COc1ccc(C)cc1NC(=O)CCC(=O)Nc1ccc2nc(N3CCN(C)CC3)cc(C)c2c1,0
2667960,O=C(CSc1nn(-c2ccc(F)cc2)c(=S)s1)N1CCN(C(=O)c2ccco2)CC1,0
2329908,Cc1c(NC(=O)c2cccc(S(=O)(=O)N3CCOCC3)c2)c(=O)n(-c2ccccc2)n1C,0
665726,CC1CN(C2CCCCC2)c2nc3c(c(=O)n(C)c(=O)n3C)n2C1,0
3243769,CCCCN(C)C(=O)CCCCn1c(=O)[nH]c2cc(OCC)c(OCC)cc2c1=O,0
650993,CCOc1cc(C)nc(N2CCCC(C(=O)NCc3ccccc3F)C2)n1,0
649644,C=CCn1c(Br)nc2c1c(=O)[nH]c(=O)n2C,0
715184,Cn1c(CNc2nc3ccccc3n2C)nc2ccccc21,0
5459602,COC(=O)c1ccc(C(NC(=O)OCc2ccccc2)/C(=C/[C@@H](C)C(=O)Nc2ccc(OC)cc2)c2cccnc2)cc1,0
3240147,COc1cccc2sc(N3CCN(c4nc5ccccc5s4)CC3)nc12,0
2117624,Cc1ccc(O)c(C(=O)c2cnc3c(c2)CN(CCC(C)C)C(=O)N3)c1,0
650827,CN=C1SC(C(=O)O)CC(=O)N1C,0
2114594,O=C(NC1=NCCS1)c1cc(-c2ccccc2)nn1-c1ccccc1,0
3245735,CC(NC(=O)c1cc(-c2ccc(Br)cc2)on1)c1ccccc1,0
663739,COC(=O)[C@H](Cc1ccccc1)NC(=O)NCc1ccc(S(N)(=O)=O)cc1,0
49830527,Cn1cc(Nc2ncc(Br)c(Nc3ccccc3S(C)(=O)=O)n2)cn1,1
1057,Oc1cccc(O)c1O,0
659610,CCCC(=O)Nc1nnc(-c2cccc(OCC)c2)s1,0
2945912,CC1CCc2nc(NC(=O)CN3CCOCC3)sc2C1,0
2998537,CCCn1c(NC(=O)c2ccc(Cl)c(S(=O)(=O)N3CCCC3)c2)nc2ccccc21,1
870960,CN1C[N+]([O-])=C(c2ccccc2)C1(C)C,0
7369,O=S(=O)(Cl)c1ccccc1,0
5284381,O[C@@H]([C@H](O)[C@@H](O)CBr)[C@@H](O)CBr,0
3235026,Cc1cccc(CNc2ncncc2-c2ccc(C(=O)N(C)C)cc2)c1,0
118045388,Nc1ncc(C2CCOCC2)nc1-c1ccc(C(=O)N[C@H](CO)c2cc(F)cc(Br)c2)c(F)c1,1
1312671,Cc1ccccc1CN(c1ccc(C(=O)N2CCCC2)cc1)S(C)(=O)=O,0
3244345,CCSc1nnc2c(n1)OC=Nc1ccc(Br)cc1-2,0
2997696,NS(=O)(=O)c1ccc(CCNC(=O)C2CCCCN2S(=O)(=O)c2ccccc2)cc1,0
665380,CCCN1C(=O)C(NC(C)=O)c2cc(OC)ccc21,0
16758054,CC(C)CCCC(C)C1CCC2C3CC[C@H]4CC(=O)CC[C@@]4(C)C3CC[C@@]12C,0
2077608,Nn1c(SCC(=O)NC2CCCCC2)nnc1-c1ccc(Cl)cc1,0
3240919,COc1cc2c(C(=O)NCCCOC(C)C)cn(CC(C)C)c(=O)c2cc1OC,0
3243225,O=C(CN1CCN(S(=O)(=O)c2ccc(F)cc2)CC1)Nc1ccc2c(c1)OCCO2,0
664380,COc1ccccc1-c1nc(C#N)c(N2CCN(C(c3ccccc3)c3ccccc3)CC2)o1,0
912,CNCCc1cnc[nH]1,0
2235676,COc1cccc(NC(=O)CNC(=O)c2ccc(F)cc2)c1,0
9570071,CNC(=O)O/N=C/C(C)(C)SC,0
2933250,COCCCNC(=O)c1c(F)c(F)c(F)c(F)c1F,0
3236039,CCOC(=O)N1CCN(C(=O)CSCc2nc(-c3ccccc3C)oc2C)CC1,0
1357470,CCOC(=O)Cc1csc(NC(=O)COc2ccccc2OC)n1,0
648459,O=C1CC(NCc2ccccc2F)C(=O)N1c1ccccc1,0
651120,Cc1ccc(S(=O)(=O)Cn2nnnc2C(C)N2CCN(C(=O)c3ccco3)CC2)cc1,0
5771636,O=C1/C(=C/c2ccccc2)[C@@H](NC2CCCCC2)c2ccccc21,0
3232746,COc1ccccc1-c1cc(-n2ccnc2)ncn1,0
2883916,O=C1CC(Nc2ccccc2)C(=O)N1c1ccc(N2CCOCC2)cc1,0
16758775,O=c1n(Cc2cc3c(cc2Cl)OCO3)c(=O)n2n1CC[C@H]1/C(=N\OCc3ccccc3)[C@H]3O[C@@H]3[C@@H](O)[C@@H]12,0
2998425,O=C(COc1ccc(-c2nnco2)cc1)NC1CCCc2ccccc21,0
5309337,CCc1cccc(NC(=O)Cn2cc3c(n2)CCCC3)c1,0
654574,Cc1cc(NC(=O)CSc2nnc3c(C)cc4c(C)ccc(C)c4n23)no1,0
3237865,CS(=O)(=O)c1nc(-c2ccco2)cc(C(F)(F)F)n1,0
135509367,Cc1cccc(CSc2nncc(=O)[nH]2)c1,0
2346465,COc1cc(S(=O)(=O)N2CCOCC2)ccc1NC(=O)CSc1nnc(N)s1,0
2964199,COc1cccc(C2CC(C(F)(F)F)n3ncc(C(=O)O)c3N2)c1,0
2059313,COC(=O)CSc1nnc(CNC(=O)c2ccco2)n1-c1ccc(F)cc1,0
2947265,COc1ccc(N2CC(C(=O)Nc3ncccc3C)CC2=O)cc1,0
654066,COCCn1c(-c2ccc(OC)cc2)cnc1SCC(=O)Nc1cc(C)on1,0
574469,O=C(O)CCC(=O)N(Cc1cccs1)Cc1cccs1,0
2365200,O=C(COC(=O)COc1ccccc1)Nc1ccccc1OC(F)F,0
3242989,O=C(CN1CCOCC1)N1CCCc2c1c(=O)oc1ccc(OCc3ccccc3)cc21,0
1819219,CCNc1nc(NCC)nc(OCCNS(=O)(=O)c2cc(C)ccc2C)n1,0
3239298,COc1ccc(-c2nc(N3CCCC3)nc3nn4c(C)cc(C)nc4c23)cc1,0
654638,O=C(CSc1nnnn1C1CCCC1)Nc1cccc(NC(=O)c2ccco2)c1,0
1131710,COc1ccc(CN2CCN(C(=O)c3cccs3)CC2)c(OC)c1OC,0
2237121,COc1ccccc1CNc1n[nH]c(NCc2ccccc2OC)n1,0
6537494,COC(=O)/C=C/C=C(C)/C=C/C=C(C)/C=C\C=C(C)\C=C/C=C(C)\C=C/C(=O)O,0
3148960,CC1(C)CCCC2=C1CC1C(=O)N(O)C(=O)C1C2,0
744090,CNc1ccc(OC(F)F)cc1C(=O)c1ccccc1,0
2426136,CC(C)(C)C1CCC(OC(=O)c2ccncc2)CC1,0
759769,Cc1nc(CN2CCCC2=NC#N)n(-c2ccccc2)n1,0
16758973,CCC/C=C/C1C(=O)C2OC2C2(OCC(CC)(CC)CO2)C1CO,0
1312649,Cc1csc(NC(=O)CCN2C(=O)c3ccccc3S2(=O)=O)n1,0
3000015,O=C1OCCC1Sc1nc2cc(Cl)ccc2o1,0
665203,COc1ccc2nc(CC(C)(C)CC(=O)O)c[n+]([O-])c2c1,0
2155773,CCOC(=O)N1CCN(C(=O)CSc2nnc(-c3ccc(Cl)s3)o2)CC1,0
3237741,O=C(CNS(=O)(=O)c1ccc(Br)s1)N1CCC(N2CCCCC2)CC1,0
65889,Cc1nnc2n1-c1sc(CCC(=O)N3CCOCC3)cc1C(c1ccccc1Cl)=NC2,0
5308109,COc1ccc(OC)c(NC(=O)CN(c2ccc(C(C)C)cc2)S(=O)(=O)c2c(C)noc2C)c1,0
5392452,C/C(=N\n1nnnc1Nc1ccccc1)c1ccc(N)cc1,0
413484,CC(C)(C)c1ccc(O)c(C[N+](C)(C)C)c1,0
666826,CCC1CCCCN1Cc1ccc(CNS(=O)(=O)c2ccc3c(c2)oc(=O)n3C)o1,0
76072051,COCCOc1n[nH]c2cc(NC(=O)NC(C)c3ccc(OC)cc3)ncc12,1
5308484,COc1cc(CCC(=O)N2CCN(c3ccc(N4CCOCC4)nn3)CC2)cc(OC)c1OC,0
653783,CCc1ccc2[nH]c(=O)c(CN(CCN(C)C)C(=O)Nc3ccccc3OC)cc2c1,0
1305863,O=C(Cc1cccs1)Nc1ccc(S(=O)(=O)N2CCCCC2)cc1,0
654605,CCOCCCN(C(=O)c1ccco1)C(C(=O)NC1CCCC1)c1cccc(OC)c1OC,0
2258754,c1ccc(OCCSc2nc3ccccc3o2)cc1,0
2998812,COc1ccccc1N1C(=O)C2CC(C)=C(C)CC2C1=O,0
658965,O=C(N1CCOCC1)N(Cc1ccccc1)c1ccccn1,0
777105,COc1ccc(NC(=O)c2ccc(C(=O)c3ccccc3)o2)cc1,0
2897870,O=C(NC(Cc1ccccc1)C(=O)N1CCCC1C(=O)O)c1ccccc1,0
73506499,CCNc1n[nH]c2cc(NC(=O)N[C@H](C)c3ccccc3)nc(CO)c12,1
664239,COCCn1c(=N)c(C(=O)NCCc2ccc(OC)cc2)cc2c(=O)n3cccc(C)c3nc21,0
645649,Cc1cccc(C(=O)N2CCC(n3nnc4cc(F)ccc43)CC2)c1,0
893490,Cc1nc2cc(NC(=O)Nc3nccs3)ccc2n1C,0
649629,CC(C)c1ccc(NC(=O)C2CCN(S(C)(=O)=O)CC2)cc1,0
665398,Cn1c(=O)c2c(nc(NC(Cc3ccccc3)C(=O)O)n2Cc2ccccc2)n(C)c1=O,0
3235497,FC(F)(F)c1ccccc1-c1cncnc1Nc1ccccc1,0
2952974,COC(=O)C(C)(C)C1c2cc(Br)ccc2OC(=O)C1C(=O)N1CCOCC1,0
3448460,COC(=O)C(C)Sc1nnc(Cc2cc(=O)[nH]c(=O)[nH]2)n1-c1cc(C)ccc1C,0
660572,C=C(c1ccc(O)cc1)c1ccc(O)cc1,0
5459553,CNC(=O)[C@H](C)/C=C/C(NC(=O)OCc1ccccc1)c1ccc(C(=O)OC)cc1,0
9158,c1ccc2cc3c(cc2c1)-c1cccc2cccc-3c12,0
1377910,NS(=O)(=O)c1ccc(CNC(=O)C2CCCCC2)cc1,0
646086,O=C(CSc1nnnn1-c1cccnc1)NCc1cccs1,0
658366,Cc1ccc(N(C=NC#N)CC(=O)N2CCN(c3ccccc3)CC2)cc1,0
7670,CCNc1ccccc1,0
3825021,Nc1nc2n(n1)C(c1c(F)cccc1Cl)CC(c1ccc(F)cc1)N2,0
655654,COc1ccc(NC2=C(C(C)=O)C(c3ccc4c(c3)OCO4)C(C(C)=O)C(C)(O)C2)cc1,0
3126463,Cc1cc(C)nc(SCC2COc3ccccc3O2)n1,0
3245621,Cc1c(NC(=O)CN2C(=O)C3C4C=CC(C4)C3C2=O)c(=O)n(-c2ccccc2)n1C,0
649192,CCCN1C(=O)c2ccccc2NC1c1ccc(OC)cc1OC,0
3244581,Cc1ccc(-n2c(Cc3cccn3C)nnc2SCC(=O)Nc2cc(C)on2)cc1,0
2864982,CCOC(=O)C1=C(C)NC(=O)CC1c1ccccc1,0
2641994,Cc1cc(C(=O)OCC(=O)NCCc2ccccc2)c(C)o1,0
5311047,COc1cc(N)c(Cl)cc1C(=O)N[C@H]1CCN(CCCOc2ccc(F)cc2)C[C@H]1OC,0
654255,CCOC(=O)C1=C(C)OC(N)=C(C#N)C12C(=O)Nc1ccc(C)cc12,0
649227,O=C(C1CCCN(S(=O)(=O)c2ccccc2)C1)N1CCCc2ccccc21,0
2128214,COc1ccccc1N(CC(=O)Nc1cc(C)on1)S(=O)(=O)c1cccs1,0
655743,COc1ccccc1CN(CC(=O)NCC1CCCO1)C(=O)CNS(=O)(=O)c1ccc(C)cc1,0
1040497,Cc1ccc(S(=O)(=O)N2CCN(Cc3cc(C(C)C)ccc3O)CC2)cc1,0
16758029,CC(=O)/C=C\C1[C@]2(C)CCCC(C)(C)C2CC[C@@]1(C)O,0
3245682,CCOC(=O)C1C2NC(=O)N(Cc3ccccc3)C1(C)Oc1c(OC)cccc12,0
664771,O=C(CC1OC(=O)c2ccccc21)NC1CCCCC1,0
3244939,CCOC(=O)N1CCC(=C(C#N)C(=O)Nc2cc(OC)ccc2OC)CC1,0
3239493,Cc1ccc2c(c1)N(CCC(=O)N1CCC3(CC1)OCCO3)C(=O)CO2,0
890213,CCOC(=O)c1cccc(NC(=O)/C=C/c2ccc([N+](=O)[O-])cc2)c1,1
3240480,CCOCC(=O)Nc1ccc(-c2cn3cccnc3n2)cc1,0
665778,COCCN(CCOC)c1cc(C)c(C#N)c2nc3ccccc3n12,0
1402962,CC(=NCc1cccnc1)c1c(O)n(Cc2ccccc2)c(=O)[nH]c1=O,0
3238207,CCc1nnc(NC(=O)CSc2nnc(-c3c[nH]c4ccccc34)n2CC)s1,0
1370756,O=c1oc2c3c4c(cc2c2c1CCC2)OCCN4CCC3,0
649206,OCCN1CCOCCN(CCO)CCN(CCO)CC1,0
118045231,Cc1nn(C)cc1-c1cnc(N)c(-c2ccc(C(=O)NC(CN)c3cccc(Cl)c3)c(F)c2)c1,1
774885,CCCC(=O)Nc1cccc(-c2nc3ccccc3o2)c1,0
2976344,Cc1cc2c(cc1C)NC(c1cccnc1)C1=C(CC(C)(C)CC1=O)N2,0
3543275,O=C(c1ccco1)N1CCN=C1SCc1ccccc1Cl,0
576494,CC1C(c2ccccc2)N(C)CCC12NC(=O)NC2=O,0
135415516,Cc1nn(CCC#N)c2nc(C(F)(F)F)[nH]c(=O)c12,0
16759141,OCC1OC(c2ccc3c(c2)OCO3)C=CC1Oc1cc(Cl)cc(Cl)c1,0
1241167,Cc1onc(-c2ccccc2)c1C(=O)N1CCCN(C(=O)c2c(-c3ccccc3)noc2C)CC1,0
7260,Cc1ccc(Cl)cc1N,0
597482,Cc1cc(=O)oc(C)c1C(=O)N1CCN(C(c2ccccc2)c2ccccc2)CC1,0
3238801,COc1ccccc1-n1nc(C(=O)Nc2ccc3c(c2)OCO3)c2ccccc2c1=O,0
654930,CC1(C(=O)N(c2ccccc2)C(C(=O)NC2CCCC2)c2ccccn2)CC(=O)N=C2C=CC=CN21,0
3162449,CC(C)Oc1ccc(C2CC(=O)NC3=C2C(=O)CCC3)cc1,0
235538,O=S(=O)(O)c1cc(N=[N+]([O-])c2cc(S(=O)(=O)O)c3ccccc3c2)cc2ccccc12,0
2967430,CC(=O)Nc1cc2c(cc1C(=O)C(C)C)OCCO2,0
3236652,CCOC(=O)c1cccc(NS(=O)(=O)c2cnc[nH]2)c1,0
2846536,c1ccc(CCN2CCC(N3CCN(c4ccccc4)CC3)CC2)cc1,0
118395365,COC(=O)Nc1n[nH]c2cc(NC(=O)N[C@H](C)C3CCCCC3)ncc12,1
10797,Cc1ccco1,0
650398,Cc1nc(NC(=O)CSc2nc3cccnc3n2C2CCCCC2)sc1C,0
656162,COCCNC(=O)C(c1ccc(F)cc1)N(CC1CCCO1)C(=O)CCC(=O)Nc1ccccn1,0
665148,C=CCn1c(COc2ccccc2)nnc1SCC(=O)C(C)(C)C,0
2213323,CCCCC1CCC(c2nc(-c3cccnc3)no2)CC1,0
3245747,O=C(Nc1ccc(-n2nncc2-c2ccco2)cc1)c1ccc(F)cc1,0
6364,CC(C)S,0
873004,O=C(Oc1ccccc1)c1cccc(N2C(=O)CCC2=O)c1,0
11875,O=C(Cl)c1ccccc1[N+](=O)[O-],0
2998430,CC1Cc2ccccc2N1C(=O)COC(=O)c1ccc(S(=O)(=O)N(C)C)cc1,0
663374,CCn1c(SCc2nc3ccccc3[nH]2)nnc1-c1cnccn1,0
2121339,O=c1c2ccccc2nnn1CSc1ccc2c(c1)OCCO2,0
646890,N#Cc1c(NC(=O)CSCC(=O)O)sc2c1CCCC2,0
1077177,O=S(=O)(c1ccc(Oc2ccc(S(=O)(=O)N3CCOCC3)cc2)cc1)N1CCOCC1,0
2147527,O=C(N1CCOCC1)N1CCCN(C(=O)N2CCOCC2)CC1,0
3233439,O=S(=O)(c1ccccc1)N1CCC[C@@]2(CCN(c3cccc(-c4ccccc4)c3)C2)C1,0
118380914,CCNc1n[nH]c2cc(NC(=O)N[C@H](C)C3CCCCC3)ncc12,1
3239887,CCCCNC(=O)c1c(C)cc(=O)oc1C,0
848268,OCCN1CCN(C(=S)c2ccc(Cl)cc2)CC1,0
2950805,CCOc1cc(C(=O)Nc2ccc(N3CCN(S(C)(=O)=O)CC3)cc2)cc(OCC)c1OCC,0
655216,C=CCn1c(N)cc(=O)nc1SCC(=O)Nc1ccccc1,0
135429054,COc1ccc(CCN(Cc2nc3ccccc3c(=O)[nH]2)C(=O)c2ccco2)cc1,0
3243128,Nc1cc(OC(=O)c2cccs2)nn1S(=O)(=O)c1ccccc1,0
3246074,C[N+](C)(C)CCN[N@@+]1(C)CCCc2ccccc21,0
16758654,O=C1[C@H]2[C@H]3[C@H](O)[C@H](O)C/C(=N/OCc4ccccc4)[C@H]3CC[C@@H]2C(=O)N1C[C@@H]1CCCO1,0
2225729,COc1ccc(OC)c(NC(=O)Cn2cc(C#N)c3cc(Br)ccc32)c1,0
118380794,COC(=O)Nc1n[nH]c2cc(NC(=O)N[C@H](C)c3ccccc3)ncc12,1
654887,CN1C(=O)N(C)C2C1N(C)S(=O)(=O)N2C,0
118045850,CS(=O)(=O)c1cc(Cl)cc(CNC(=O)c2ccc(-c3nc(C4CC4)cnc3N)cc2F)c1,1
788269,Cc1ccc2oc(Nc3nc(C)cc(C)n3)nc2c1,0
665530,CCOC(=O)N1CCN(S(=O)(=O)N(C)C)CC1,0
661321,Cn1c(CNc2ccccn2)c(C#N)c2ccccc21,0
2939594,CC(C)(C)c1ccc(OCC(=O)NC2CCS(=O)(=O)C2)cc1,0
121432310,Cc1cc(-n2ncc3cc(NC(=O)N[C@@H]4CN(C)C5(COC5)[C@H]4c4ccccc4)ncc32)ccn1,1
972742,CCOC(=O)C1CCN(C(=O)Nc2ccc3snnc3c2)CC1,0
3245035,CC(NS(C)(=O)=O)C(c1cccs1)N1CCN(c2ccccc2F)CC1,0
300101,c1ccc(CCCNc2nnnc3ccccc23)cc1,0
135449262,Cc1oc(/N=C/c2c(O)ccc3ccccc23)c(C#N)c1C,0
2358649,COc1ccccc1OCc1csc(NC(=O)c2ccco2)n1,0
2877659,COc1ccc(N2C(=O)CC(NCc3ccncc3)C2=O)cc1,0
3234505,O=c1c(-c2cccc(Cl)c2)nc2cncnc2n1C1CC1,0
2242390,CCOC(=O)CNC(=O)CSc1nc(N(C)C)nc(N2CCOCC2)n1,0
645338,CCOC(=O)CN(C(=O)CSc1nnc(CNc2ccc(C)cc2C)n1CC)c1ccccc1,0
2849564,CC1CN(S(=O)(=O)c2ccccc2)CC(C)O1,0
663980,COc1ccc(-c2nc(C#N)c(N3CCN(c4cccc(Cl)c4)CC3)o2)cc1OC,0
3240749,CCc1ccc(C(=O)CC2(O)C(=O)N(CN3CCOCC3)c3ccccc32)cc1,0
3234199,Cc1ccccc1-c1nc(NCc2cccs2)c2ccccc2n1,0
3244572,CCCN1Cc2cccc(C(=O)Nc3ccc4c(c3)OCO4)c2C1=O,0
5389909,C=CCOc1ccc(/C(O)=C2\C(=O)C(=O)N(CCCOC)C2c2ccc(O)c(OC)c2)cc1,0
306052,CC(C)(C)c1cc(C#N)cc(Br)c1OP(=O)(Oc1c(Br)cc(C#N)cc1C(C)(C)C)c1ccccc1,0
3245209,Cc1ccc(C)c(N2CCN(C(=O)CCCOc3cc(=O)n(C)c4ccccc34)CC2)c1,0
3235460,COc1cccc(-c2cc(N(C)Cc3ccco3)ncn2)c1,0
652722,CCOC(=O)CN(C(=O)CSc1nnc(-c2ccc(OC)c(OC)c2)o1)c1ccc(F)cc1,0
655856,Cc1cc(NC(=O)CSc2nc3ccccc3n2CC(=O)N2CC(C)CC(C)C2)no1,0
3240625,CCn1c(=O)cc(OCC(=O)NCCCN2CCC(C)CC2)c2ccccc21,0
2363621,Cc1c(NC(=O)Cn2nc(C(=O)O)c3ccccc3c2=O)c(=O)n(-c2ccccc2)n1C,0
665078,CC(C)n1c(-c2ccc(N(C)C)cc2)nc2ccccc21,0
118365281,COc1n[nH]c2cc(NC(=O)N[C@H](C)c3ccccc3)nc(-c3cnco3)c12,1
3613389,Nc1cc([N+](=O)[O-])ccc1O,0
2999171,CCOCCn1c(CCCO)nc2ccccc21,0
2081422,C=C(C)CSc1nnc(-c2cccc(S(=O)(=O)N(C)C)c2)n1-c1cc(OC)ccc1OC,0
992741,Cn1c(COc2ccccc2)nnc1SCC(=O)Nc1ccc(N2CCOCC2)c(Cl)c1,0
3232741,Cc1cnc(CNc2ccnc(-c3ccoc3)n2)cn1,0
3243775,CC1=C(C(N)=O)C(c2cccc(OCc3ccccc3)c2)n2nnnc2N1,0
658983,c1ccc(-n2cnnc2SCc2cn3ccsc3n2)cc1,0
2130721,C=CCSc1nnc(NC(=O)c2cccc(S(=O)(=O)N3CCOCC3)c2)s1,0
135415399,O=S(=O)(/N=C/c1ccccc1O)c1cccs1,0
3246741,CCNc1nc(N)nc(Oc2ccc(OCC)nn2)n1,0
783769,COc1cc(C)c(CNc2ccc(OC)c(OC)c2)cc1C,0
3236800,O=C(C1CCC(=O)N1C1CCCCC1)N1CCC2(CC1)OCCO2,0
646283,COC(=O)c1ccccc1NC1OC(=O)c2ccccc21,0
93911,OC1(c2ccc(Br)cc2)CCNCC1,0
3155626,O=c1c2cnn(-c3ccccc3)c2ncn1Cc1cccnc1,0
1294737,CN1CCN(c2ccc(NC(=O)c3ccccc3Br)cc2)CC1,0
3238663,COC(=O)c1ccccc1NC(=O)c1cc(-c2cccs2)on1,0
7381,CC(C)(C)c1ccc(O)c(O)c1,0
2997648,O=C(O)C1CC=CCC1C(=O)Nc1ccccc1Cl,0
3233935,CN(C)C(=O)c1ccc(-c2nccc(N(C)Cc3ccco3)n2)cc1,0
2315991,COc1ccc2c(c1)SC1=NCCS(=O)(=O)N12,0
649936,Cc1c(N=Cc2ccc(-c3ccc(Cl)cc3)o2)c(=O)n(-c2ccccc2)n1C,0
9556015,C/C(CCN1CCCc2nc(C)c(C)cc21)=N\OC[C@@H](O)COCc1ccco1,0
6604764,OC[C@@H](O)COc1cccc2ccccc12,0
135406169,O=C(O)CCN=C1CCCc2ccccc2N1,0
628864,Cc1ccccc1N=C1c2cc([N+](=O)[O-])ccc2-c2ncccc21,1
96686,O=C(O)c1ccccc1NCn1c(=S)sc2ccccc21,0
664356,Nc1ccn(-c2ccc(Cl)cc2)c(=O)c1,0
3245535,CC1(C)CC(=O)C2=C(C1)N(CCN1CCOCC1)C1=C(C(=O)CC(C)(C)C1)C2c1cccc(F)c1,0
652113,COCCn1nnnc1C(c1cc2ccc(OC)cc2[nH]c1=O)N1CCc2ccccc2C1,0
5308197,COc1cc(NC(=O)c2nnn(Cc3ccc(SC)cc3)c2N)cc(OC)c1,0
3246315,C[C@H]1CN(CCO)CCN1c1ccccc1,0
1635705,COc1ccccc1Nc1nc(N)nc(CSc2nnc(C)s2)n1,0
1321618,COc1ccc(C)cc1NS(=O)(=O)c1ccc(NS(=O)(=O)c2ccc(NC(C)=O)cc2)cc1,0
3242323,CC12CC(NC(=O)N1Cc1ccccc1)c1cc(Cl)ccc1O2,0
2851017,CCC12CC3CC(C1)CC(C(=O)Nc1nn[nH]n1)(C3)C2,0
2872342,CC1CCCCN1C(=O)c1cnn2c(C(F)(F)F)cc(-c3ccco3)nc12,0
11505,Cc1ccc(CO)cc1,0
135403642,Nc1nc2c(c(=O)[nH]1)CN(c1ccc(S(N)(=O)=O)cc1)CN2,0
650584,Cc1cccc(N(CC(N)=O)C2SC(=O)N(c3ccccc3)C2=O)c1,0
744426,O=C(c1cc(F)c(F)cc1Cl)N1CCCCC1,0
660850,CCCCc1n[nH]c2c1C(=O)CC(C)(C)C2,0
723521,Cc1ccc(OCC(=O)NCc2ccco2)cc1C,0
649280,COc1ccc(Cn2nnnc2C(C(C)C)N(Cc2ccco2)Cc2cccs2)cc1,0
666862,COc1ccc(-c2c(NC(C)=O)n(C)c3ccccc3c2=O)cc1,0
135476760,COc1ccc2c(c1)[n+]([O-])c(/C(C)=N/NC(N)=S)c(C)[n+]2[O-],0
1301415,CN(CC(=O)N1CCc2ccccc21)S(=O)(=O)c1ccc(Cl)cc1,0
658852,Cn1c(C(O)c2ccc(Cl)cc2)nc(Cl)c1Cl,0
684868,CCSc1nsc(SCC)c1C(N)=O,0
80247,O=P(O)(O)CCP(=O)(O)O,0
3247317,C[C@@H](C(=O)NCCF)[C@H]1C[C@]1(C)[C@H](NC(=O)OCc1ccccc1)c1ccccc1,0
648738,O=C(Nc1ccccc1)c1cccc(N2CCCC2=O)c1,0
2097533,O=C(c1ccc(=O)n(Cc2ccccc2)n1)N1CCN(C/C=C/c2ccccc2)CC1,0
3242743,CCOC(=O)N1CCN(C(=O)c2csc3c2CCCCC3)CC1,0
74592,CCN1C(=O)c2cccc3cccc1c23,0
673766,CCOC(=O)c1c(NC(=O)c2ccco2)sc2c1CCCCC2,0
659478,C=CCn1cnc2c(c1=O)c1nc3ccccc3nc1n2Cc1ccccc1,0
645639,COc1ccc2c(=O)c(C(=O)NCCc3ccc(OC)c(OC)c3)c[nH]c2c1,0
2432784,O=C(COC(=O)c1cccs1)NCc1ccc2c(c1)OCO2,0
2386361,CCOc1ncccc1C(=O)OCC(=O)Nc1ncc(C(F)(F)F)cc1Cl,0
5459579,COC(=O)c1ccc(C(NC(=O)OCc2ccccc2)/C(F)=C/[C@@H](C)C(=O)NCc2cccnc2)cc1,0
3239116,COc1ccc(-c2cc(C(=O)Nc3cnn(Cc4ccccc4C)c3)no2)cc1OC,0
664446,Cn1c(=O)[nH]c(=O)c2c1nc(N1CCCCCC1)n2Cc1cccc2ccccc12,0
9548050,COC(=O)C[C@@H]1O[C@H]1[C@H](C)[C@@H](OC)C(C)C,0
658228,COC(=O)c1[nH]c2ccccc2c1NC(=O)CN1CCCCCC1,0
939179,Cc1ccc(SCc2cc(=O)n3[nH]cnc3n2)cc1,0
650726,O=C(Nc1ccncc1)Nc1ccccn1,0
2058779,CCCCNC(=O)c1nc2ncc(Br)cn2n1,0
16759051,C=CCOC(=O)C(C(C)=O)C(NC(=O)OC)c1cccc(C)c1,0
649247,Cc1cccc2cc(C(c3nnnn3CC3CCCO3)N3CCOCC3)c(=O)[nH]c12,0
651819,Cc1cccc(-n2c(SCC(=O)Nc3nnc(C)s3)nnc2-c2ccoc2C)c1,0
3244972,COCCN1Cc2cccc(C(=O)Nc3c(C)cc(C)cc3C)c2C1=O,0
2832202,O=C(O)C1CN2CCC1CC2,0
3234428,COc1ccccc1CN1CCC2(CC1)CCN(S(=O)(=O)c1ccccc1)CC2,0
19188,O=C(O)COc1ccccc1,0
387795,CC(=O)CC1(C)OC(N)=C(C#N)C1(C#N)C#N,0
659546,COc1ccc2cnn(Cc3ccccc3)c(=O)c2c1OC,0
648421,CC1CCCCC1NC(=O)Cn1c(CN2CCCCC2)nc2ccccc2c1=O,0
666429,COc1ccc2c(c1)C=CC1(O2)N(CCO)c2ccccc2C1(C)C,0
1282353,CCc1nn2c(=O)cc(N3CCN(c4cc(C)nc5ccccc45)CC3)nc2s1,0
667405,CCCCN1C(=O)NC(=O)C2(Cc3c(nc4ccccn4c3=O)N3CCc4ccccc4C32)C1=O,0
40146,Cc1cc(C)cc(C(=O)NCc2ccncc2)c1,0
653229,N#Cc1cccc(-n2nnnc2-c2ccc3c(c2)OCO3)c1,0
654355,O=C(Cn1c(SCC(=O)N2CCCc3ccccc32)nc2ccccc21)N1CCCC1,0
1316451,COc1ccc(C(=O)Nc2ccccc2C(=O)NCCN2CCOCC2)cc1,0
649536,CC1Cc2ccccc2N1C(=O)CSc1nnnn1-c1ccc2c(c1)OCCO2,0
3240179,CN(C)C(=O)N1CCC(C(=O)NCC2CCCO2)CC1,0
655153,CCc1c(C)nc(N)n2c(SCC(=O)N3CCCC(C)C3)nnc12,0
3239548,COc1cccc(NS(=O)(=O)c2ccc3c(c2)n(C)c(=O)c(=O)n3C)c1,0
645120,Cc1cc(C)c(S(=O)(=O)Nc2cccnc2)c(C)c1,0
646280,CCOC(=O)c1csc(NC(=O)CSc2nnnn2-c2ccc(OCC)cc2)n1,0
2289132,Cc1ccc(-c2c(C)n([O-])c3c([n+]2=O)CCCCC3)o1,0
3241802,O=C(Nc1ccc2c(c1)OCO2)C1CCCCN1S(=O)(=O)c1ccc(F)cc1,0
711717,COc1ccc2oc(=O)c(C(=O)O)cc2c1,0
658391,Brc1ccc2c(c1)C=Nc1c(ncnc1N1CCOCC1)O2,0
2532675,Cn1cccc1C(=O)N1CCN(c2cccc(C(F)(F)F)c2)CC1,0
3240079,CC(=O)NC(CCS(C)(=O)=O)C(=O)Nc1c(F)cccc1F,0
3242133,CCn1c(=O)cc(OCC(=O)N2CCCCCC2)c2ccccc21,0
648214,CCN(CC)c1ccc(-n2cc3c(=O)n(C)c(=O)n(C)c3c2)cc1,0
6598,CN(C)C(=O)Cl,0
802092,C=CCn1c(-c2cc(OC)c(OC)c(OC)c2)n[nH]c1=S,0
6604842,CC[C@]1(O)C[C@@H]2CN(CCc3c([nH]c4ccccc34)[C@](C(=O)OC)(c3cc4c(cc3OC)N(C)[C@H]3[C@](O)(C(=O)OC)[C@@H](C(=O)OC)[C@@]5(CC)C=CCN6CC[C@@]43[C@@H]65)C2)C1,0
5307281,CC1CCCCC1NC(=O)C1CCN(S(=O)(=O)c2ccc3c(c2)CCC(=O)N3)CC1,0
656335,O=C(N1CCN(c2ccccc2)CC1)C12CC3CC(CC(C3)C1)C2,0
666246,CCOC(=O)CC(=O)Nc1nnc(C(C)C)s1,0
934901,CCOc1ccc(C)cc1S(=O)(=O)Nc1cccnc1,0
2999471,COc1ccc(-c2cc(-n3c(C(F)(F)F)nc4ccccc43)n(CCC#N)n2)cc1,0
3238656,Cc1cccc(-n2c(N)cc(=O)nc2SCC(=O)Nc2ccccc2)c1,0
762224,CCOC(=O)c1cnc(SC)nc1Nc1cccc(F)c1,0
20415,Cc1ccc(Nc2ncccc2C(=O)O)cc1C,0
5761205,C/C=C/Cn1c(SCc2ccc(Cl)cc2)nc2c1c(=O)[nH]c(=O)n2C,0
16402,NCCCCCCN,0
2997708,CC(C)(C)NC(=O)NC(=O)COC(=O)CNC(=O)c1cccc(F)c1,0
201649,Cn1c(=O)c2[nH]c(CCCCc3nc4c([nH]3)c(=O)n(C)c(=S)n4C)nc2n(C)c1=S,0
595568,COC(=O)C(F)(F)Sc1c(C)[nH]c2ccccc12,0
219778,Cn1ncc2c(NCc3ccccc3)ncnc21,0
6604228,C[C@H](CCC(=O)O)[C@H]1CC[C@@H]2[C@@H]3[C@@H](O)C[C@H]4C[C@@H](O)CC[C@@]4(C)[C@H]3CC[C@@]21C,0
2237015,COc1ccc(C)cc1S(=O)(=O)N(C)CC(=O)NC1CCCCC1,0
3247291,C[C@@H](C(=O)NCc1ccccc1)[C@@H]1C[C@@]1(C)[C@@H](NC(=O)OCc1ccccc1)c1ccccc1,0
65859,OC[C@@H](O)CN1CCN(c2ccccc2)CC1,0
1988,CCOCN(C(=O)CCl)c1c(C)cccc1CC,0
652690,Cn1cnnc1SCC(=O)N(Cc1ccc2c(c1)OCO2)C1(C(=O)NC2CCCCC2)CCCC1,0
664013,CCc1nnc2c3cnn(-c4ccc(C)c(C)c4)c3ncn12,0
688437,CN1CCN([C@@H](c2ccccc2)c2ccc(Cl)cc2)CC1,0
2997763,O=C(COC(=O)C1COc2ccccc2O1)NC(=O)NC1CCCC1,0
5309916,CCOC(=O)C1CCCN(c2c(N3CCN(c4ccccn4)CC3)c(=O)c2=O)C1,0
3236013,CCOc1ccc(CCNS(=O)(=O)c2cnc[nH]2)cc1OCC,0
3238119,Cc1ccc(-c2noc(CCC(=O)Nc3ccccc3N3CCN(C)CC3)n2)cc1,0
660812,CCOC(=O)C1CCN(C(=O)c2ccc3c(c2)OCO3)CC1,0
2851058,CCc1nc(N)nc2c1C(=O)CC(C)(C)C2,0
3240974,CCCCOC(=O)C1=C(C)Nc2ncnn2C1c1ccc(OC)c(OC)c1OC,0
654376,Cc1cc2c(s1)c1cnn(Cc3ccccc3F)c(=O)c1n2C,0
3233343,c1ccc(-c2ccc(N3CC4(CCNCC4)C3)cc2)cc1,1
347384,NC(=O)C1C(c2ccccc2)=C1c1ccccc1,0
662818,Nc1c(C(=O)OC2CCCCC2)c2nc3ccccc3nc2n1CC1CCCO1,0
117876839,Cc1nc2cnc3cc(F)c(-c4ccc(Oc5ncccn5)cc4Cl)cc3c2n1C1CCN(CC(C)O)CC1,1
1185427,CCOC(=O)c1csc(NC(=O)c2ccc(S(=O)(=O)N3CCCC3)cc2)n1,0
652883,CCOc1nc(-c2ccc(C)cc2)ccc1-c1noc(COC)n1,0
3237426,Clc1ccc(Oc2nc(Oc3ccc(Cl)cc3)nc(N3CCOCC3)n2)cc1,0
3242744,Cc1c(C(=O)O)oc2ccc(S(=O)(=O)N3CCN(c4ccccc4)CC3)cc12,0
5280965,C[C@@H]1[C@H](O)[C@@H](C)/C=C/C=C/C=C/C=C/C=C/C=C/C=C/[C@H](O[C@@H]2O[C@H](C)[C@@H](O)[C@H](N)[C@@H]2O)C[C@@H]2O[C@](O)(C[C@@H](O)C[C@@H](O)[C@H](O)CC[C@@H](O)C[C@@H](O)CC(=O)O[C@H]1C)C[C@H](O)[C@H]2C(=O)O,0
649195,CCOc1ccc2[nH]c(=O)c(CN(Cc3nnnn3Cc3ccccc3)CC3CCCO3)cc2c1,0
73506936,CC(C)(O)[C@@H](NC(=O)Nc1cc2[nH]nc(N3CCC3)c2cn1)c1ccccc1,1
662363,CCOC(=O)c1cnc(-n2nc(C)cc2C)nc1Nc1cccc(C(C)=O)c1,0
863161,COc1ccc(NC(=O)CSc2nccc(C)n2)cc1,0
5307785,O=C(CC1Oc2ccccc2NC1=O)NCCCN1CCN(C2CCCCC2)CC1,0
2917692,NC(=O)C1CCN(CC(=O)Nc2ccccn2)CC1,0
2893787,O=C1NC2NC(=O)N(C(Cc3ccccc3)C(=O)O)C2N1,0
2529659,COCCn1cnnc1SCC(=O)Nc1ccccc1C(=O)Nc1ccc2c(c1)OCO2,0
1399576,COc1cccc(Nc2c(F)c(F)c(F)c(F)c2C(=O)O)c1,0
2208027,C=CCn1c(SCC(=O)Nc2ccc3c(c2)OCO3)nnc1-c1cc(Br)ccc1O,0
2609049,O=C(COC(=O)c1ccccc1S(=O)(=O)N1CCCCC1)NCC(F)(F)F,0
531922,O=C(NCC1CCCO1)c1cccs1,0
3234807,COc1ccccc1CN1CC[C@@]2(CCCN(C(=O)c3cccc(F)c3)C2)C1,0
565087,O=C(O)CCC(=O)OC1CC2CCC1C2,0
3245486,CC(C)C(NS(=O)(=O)c1cccs1)C(=O)N1CCc2ccccc2C1,0
2668331,COc1cc(C(=O)Oc2ccccc2)ccc1OCc1c(C)noc1C,0
3233947,CC(C)NC(=O)N1CCCC2(CCN(S(=O)(=O)c3ccccc3)CC2)C1,0
97143,COc1ccc(-c2oc3ccccc3c(=O)c2O)cc1OC,0
2583702,O=C(CC1CCCC1)Nc1nc2ccccc2[nH]1,0
1305960,Cn1c(=O)c2c(ncn2CC(=O)Nc2nnc(Cc3ccccc3)s2)n(C)c1=O,0
653707,CC(C)(C)OC(=O)N1CC=C2C(C#N)=C(N)C(C#N)(C#N)C(c3cccs3)C2C1,0
5307814,Cc1ccc(C)c(N2CCN(C(=O)CCc3nc4ccccc4[nH]3)CC2)c1,0
2832749,CCCC(N)CCCCCC(=O)O,0
2941468,Cc1cc(C)cc(CC2CC(=O)N(c3ccc4c(c3)OCCO4)C2=O)c1,0
3238202,CCc1ccc(NC(=O)c2cc(C)on2)cc1,0
2537874,Cc1ccc(NC(=O)COC(=O)Cn2c(C)csc2=O)cc1,0
718726,CCc1ccccc1NC(=O)CSc1ncn[nH]1,0
649847,CC(C)CCNc1ncnc2c1nnn2Cc1ccccc1Cl,0
1257886,O=C(NCCc1ccccc1)c1cnn2c(C(F)F)cc(C3CC3)nc12,0
651286,Cc1ccc(C(=O)CSc2nc(C)cc(SCc3nnc(-c4ccccc4)o3)n2)cc1,0
1092651,CCN(CC)c1nc(Nc2ccccc2)nc(Oc2ccc(=O)[nH]n2)n1,0
135456842,COc1ccccc1N=c1oc2cc(O)ccc2cc1C(N)=O,0
646872,Cc1nc2ccccc2c(=O)n1CC(=O)N1CCOCC1,0
2249842,O=C(Nc1ccc2c(c1)OCO2)c1c(F)c(F)c(F)c(F)c1F,0
2905689,CCOc1ccc(N2C(=O)CC(Sc3ncccn3)C2=O)cc1,0
667019,CC1(C)CC(=O)C2=C(C1)NC(Nc1nc3ccccc3o1)=NC21CCCCC1,0
877354,Nc1nnc(SCc2ccc3c(c2)OCO3)s1,0
6604785,O=C(O)[C@H]1[C@H]2CN[C@H](C(=O)O)[C@H]21,0
663265,CCOC(=O)C(C)(C)C(=O)C(C)(C)C(O)c1ccccn1,0
4443,CC(C)C1CCC(C(=O)NC(Cc2ccccc2)C(=O)O)CC1,0
2115438,C=CCn1c(SCC(=O)Nc2ccccc2)nnc1-c1cccc(S(=O)(=O)N2CCOCC2)c1,0
3236015,O=C(c1noc2c1CCc1ccccc1-2)N1CCOCC1,0
135468506,CCCCCOC(=O)CSc1nnc(-c2ccccc2)c(=O)[nH]1,0
3233644,COc1ccccc1CN1CCCC2(CCN(S(C)(=O)=O)CC2)C1,0
666317,COc1cc(-c2noc(-c3ccco3)n2)cc(OC)c1OC,0
975197,O=C1CNC(=O)N1Cc1ccc(Br)cc1,0
650840,Cc1nc(NCc2ccc3c(c2)OCO3)c2nnn(Cc3ccccc3)c2n1,0
649938,CCOc1ccc(OCC)c(NC(=O)CSc2nc3cccnc3n2C)c1,0
649262,Cc1cccc(CCN(Cc2cc3cccc(C)c3[nH]c2=O)C(=O)N2CCOCC2)c1,0
652306,O=[N+]1C2=C(CCCC2)N([O-])C12CCCC2,0
2950893,O=C(COc1ccc(S(=O)(=O)NCc2ccccc2)cc1)NCC1CCCO1,0
92044884,Cc1cc(-c2n[nH]c3cc(NC(=O)NC[C@@H](C)c4ccccc4)ncc23)ccn1,1
2932777,CC1CN(C(=O)C2CCCCC2)C(C)CN1C(=O)C1CCCCC1,0
663632,C=CCOc1ccc(C2c3c(oc4ccccc4c3=O)C(=O)N2CCCN2CCOCC2)cc1,0
6603896,Ic1ccccc1CN[C@@H]1C2CCN(CC2)[C@H]1C(c1ccccc1)c1ccccc1,0
1125223,O=C(Cn1nc(-c2ccccc2)c2ccccc2c1=O)Nc1ccccn1,0
649626,O=C(NC1CCCCC1)NC1CC2CCC(C1)N2C(=O)NC1CCCCC1,0
3236613,CCOC(=O)N1CCC(NC(=O)c2cccc3c2C(=O)N(Cc2cccnc2)C3)CC1,0
2712659,O=C(NCCCN1CCCC1=O)c1ccc2c(c1)OCO2,0
2122833,Nn1c(SCc2csc(-c3ccccc3)n2)nnc1-c1cccs1,0
2951054,CC12CCC(C(=O)Nc3cccc(NC(=O)C45CCC(C)(C(=O)O4)C5(C)C)n3)(OC1=O)C2(C)C,0
889990,CC(C(=O)N1CCOCC1)(c1ccccc1)c1ccccc1,0
16758376,COc1ccc(O[C@H]2C=C[C@@H](c3ccccc3)O[C@H]2COC(=O)CC/C(C)=N\OC[C@@H](C)[C@H](OCc2ccccc2)C(C)C)cc1,0
973016,Oc1ccc(-c2csc(Nc3cccnc3)n2)cc1,0
993245,O=C(CSc1nc(-c2ccco2)cc(C(F)(F)F)n1)N1CCCc2ccccc21,0
16758433,COC(=O)C/C=C\[C@@H](C)[C@@H](/C=N\O[C@@H](C)CN1CCCc2nc(C)c(C)cc21)NS(=O)(=O)c1ccc(C)cc1,0
649589,O=C(NCc1ccc2c(c1)OCO2)C1CCN(C(=O)Nc2ccc(Cl)cc2)CC1,0
3247308,O=C(Nc1ccc2ccccc2c1)[C@@H]1C[C@H]1[C@@H](NP(=O)(c1ccccc1)c1ccccc1)c1ccccc1,0
654237,Cc1ccc(S(=O)(=O)N(C)CCCC(=O)Nc2ccccn2)cc1,0
5308508,O=C(Cn1ncc2c(=O)oc3ccccc3c21)N(Cc1ccco1)C1CCCCC1,0
667332,Cc1ccc(-c2nc3ccccc3c(=O)n2CCN2CCOCC2)cc1,0
5309347,Cc1oc(-c2cccc(Cl)c2)nc1CN1CCC(C(=O)N2CCN(c3ccccn3)CC2)CC1,0
3243341,COc1cc(C2N(c3ccc(Cl)c(Cl)c3)C(=O)C3CCCN32)cc(OC)c1OC,0
745957,N#Cc1c(-c2ccc3c(c2)OCO3)csc1N,0
1300699,Cc1c(NC(=O)CSc2nnnn2Cc2ccccc2)c(=O)n(-c2ccccc2)n1C,0
1256544,COc1ccc(S(=O)(=O)N(Cc2ccccc2)Cc2nc(-c3ccccc3)no2)cc1,0
2968952,Cc1ccc(NC(=O)C2CC(=O)NC(Nc3cccc(C)c3)=N2)cc1,0
649011,CC(C)C(=O)Nc1cccc(C(=O)Nc2ccc3c(c2)OCO3)c1,0
644526,O=c1sc2ccccc2n1CCOc1ccccc1,0
972324,CC(C)NC(=O)c1nc2ccccc2s1,0
655096,CCCCn1c(SCC(=O)Nc2cc(C)on2)nc2c1c(=O)n(C)c(=O)n2C,0
656115,COc1ccccc1NC(=O)C1CCN(c2ncccn2)CC1,0
136915,O=C(O)CN(CC(=O)O)c1ccccc1,0
2382804,Cc1ccc(-n2nnnc2SCC(=O)N2CCN(C(=O)c3ccco3)CC2)c(C)c1,0
2143534,CCCOc1ccc(/C=c2\sc3nc(-c4ccco4)nn3c2=O)cc1OCC,0
16759099,COC(=O)/C=C/C1c2ccccc2C(OC)C1C,0
2918740,COc1ccc(OC)c(C(C)NC(=O)c2ccco2)c1,0
3244262,CCCS(=O)(=O)N1CCCC(C(=O)NCCCN2CCCC2=O)C1,0
3235668,O=C(CCn1c(=S)oc2ccccc21)Nc1ccc2c(c1)OCCO2,0
647544,CCOC(=O)CC12CN3CN(C1)CC(CC(=O)OCC)(C3)C2=O,0
778764,CCNC(=O)C1(c2ccccc2)CCCC1,0
648551,CCn1nnnc1SCC(=O)Nc1cccc(NC(C)=O)c1,0
3235063,COc1ccc(-c2nc3cnc(N4CCOCC4)nc3n(-c3ccccc3)c2=O)cc1,0
3234329,COc1cccc(-c2cc(NCc3ccc(OC)cc3OC)ncn2)c1,0
2947611,COc1ccc(S(=O)(=O)N2CCCC2C(=O)Nc2nc3c(s2)CCCC3)cc1,0
1262889,COc1ccc(C(=O)c2coc3ccc(O)c(CN4CCCC4)c23)cc1,0
2958352,O=C(CN1CCOCC1)Nc1ccc(Oc2ccc(NC(=O)CN3CCOCC3)cc2)cc1,0
1051352,COC(=O)c1sc(S(=O)(=O)N2CCC(C)CC2)c(C(=O)OC)c1C,0
92044650,COc1cncc(-c2n[nH]c3cc(NC(=O)N[C@H](C)c4ccc(F)cc4)ncc23)c1,1
6603924,CC[N+](CC)(CC)COc1ccc(/C=C\c2ccccc2)cc1,0
5459460,CCCc1cc2c(n1CCO)C(C)C1CN(C(=O)c3ccccc3)C(C)(C(=O)OC)C21,0
3241038,COC(=O)Nc1cc(C)nc2ccccc12,0
992286,Cc1cc(Cl)c(S(=O)(=O)Nc2ccc3c(c2)OCCO3)cc1OCC(N)=O,0
667317,COC(=O)CC1=C(C(=O)OC)C2(C(=O)Nc3c(C)cccc32)C(C#N)=C(N)O1,0
5309275,Cc1cc(C)cc(N(CC(=O)N2CCn3c2nc2ccccc23)S(=O)(=O)c2c(C)noc2C)c1,0
3238654,COc1ccc(CNc2nc3c(c(C(F)(F)F)n2)CCCCC3)cc1,0
657982,CC(=O)C1=C(C)NC(SCC(=O)c2ccccc2)=C(C#N)C1CC(C)C,0
135450656,COc1ccc(S(=O)(=O)N(Cc2ccccc2)Cc2nc3ccccc3c(=O)[nH]2)cc1,0
296474,CCOC(=O)Cn1c(C(F)(F)F)nc2nc(Cl)c(Cl)nc21,0
654590,COc1ccc(CNc2ccc(-c3ccc(OC)cc3)nn2)cc1,0
5771805,CCCC[C@@H]1C[C@H]1C(NC(=O)c1ccc(-c2ccccc2)cc1)c1ccc(-c2ccccc2)cc1,0
989240,O=C(CN1C(=O)c2cccc3cccc1c23)N1CCN(c2cccc(Cl)c2)CC1,0
2562494,CCOC(=O)c1sc(N)c(C#N)c1CSc1nnc(C2CCCCC2)n1N,0
665509,CCc1nc(SCC(=O)Nc2nccs2)c2oc3ccccc3c2n1,0
1102162,O=C(Nc1nccs1)c1cc(S(=O)(=O)N2CCCCC2)ccc1Cl,0
652925,Cc1cc(C)c(NC(=O)CS(=O)CC(=O)N2CCN(c3ccc(F)cc3)CC2)c(C)c1,0
1007768,Cn1c(SCC(=O)NCc2cccs2)nnc1-c1cccs1,0
401437,CCOC(=O)NC(Nc1nnc(C)s1)(C(=O)OCC)C(F)(F)F,0
54679660,CCCCCCNC(=O)c1c(O)c2cccc3c2n(c1=O)CCC3,0
2999509,CC1CCCCC1NC(=O)CN1C(=O)NC(C)(c2ccc(OC(F)F)cc2)C1=O,0
2965121,O=C(CCC1COc2ccccc2O1)NCc1ccco1,0
651470,COCCCNC(=O)C1CCN(c2ncccn2)CC1,0
651000,CC(=O)Nc1ccc2nc(-c3ccccn3)[nH]c2c1,0
665087,CCOC(=O)C1CCN(C(=O)CNC(=O)OC(C)(C)C)CC1,0
5771702,O=C(O)/C=C\C(=O)Nc1ncn[nH]1,0
869793,Cc1nc2ccccc2nc1N1CCC(C)CC1,0
2999980,O=C(COC(=O)C1CCCN1S(=O)(=O)c1ccc(Cl)cc1)Nc1ccc2c(c1)OCO2,0
1262336,Cc1ccc(O)c(NC(=O)c2cccc(S(=O)(=O)N3CCCCC3)c2)c1,0
1313295,CC(=O)Nc1ccc(S(=O)(=O)N2CCCN(S(=O)(=O)c3ccc(NC(C)=O)cc3)CC2)cc1,0
2165095,Cc1cc(C)nc(SCCCn2c(=O)[nH]c3ccccc32)n1,0
3235308,CC(=O)NCCNc1nc(-c2ccccc2CN(C)C)nc2ccccc12,0
2841540,CC1(C)CC(=O)C2=C(C1)Nc1ccccc1NC2c1ccc2c(c1)OCO2,0
667132,CCOC(=O)CN1C(=O)C(O)(CC(=O)c2cccc(OC)c2)c2ccccc21,0
16758005,COc1cc2c(cc1OC)[C@@H]1C(=O)c3ccc4oc(C(C)C)cc4c3OC1CO2,0
135415545,c1coc(CN=C2NC(=NCc3ccco3)c3ccccc32)c1,0
581744,CC(=O)OC(C#CCN1CCOCC1)c1ccccc1,0
652905,CCOc1ccc(NC(=O)CS(=O)CC(=O)NC2CCCc3ccccc32)cc1,0
2112466,Cc1cc(NC(=O)COC(=O)c2c(C)nn(Cc3ccccc3)c2Cl)no1,0
717217,O=C(Nc1nccs1)c1ccc(COc2ccc(Cl)cc2)o1,0
3238975,CCCCSCCCNC(=O)Nc1cccc(OC)c1,0
5504709,C=CCN1C(=O)CS/C1=N/c1nccs1,0
3233791,COc1ccccc1CN1CCCC2(CCN(C(=O)c3csnn3)CC2)C1,0
807668,O=C(CCCc1ccccc1)N1CCc2ccccc21,0
5309296,Cc1nc2ccc(S(=O)(=O)NC(C(=O)Nc3nccs3)C(C)C)cc2s1,0
6603943,Oc1ccc2c3c1O[C@@H]1c4[nH]c5c(c4C[C@@]4(O)[C@@H](C2)N(CC2CC2)CC[C@]314)C[C@]1(O)[C@@H]2Cc3ccc(O)c4c3[C@@]1(CCN2CC1CC1)[C@H]5O4,0
2079383,Cc1cc(C(=O)CSCCCn2c(=O)[nH]c3ccccc32)c(C)n1C,0
2532324,CCCNC(=O)CN(C)C(=O)c1n[nH]c2ccccc12,0
246676,O=C(O)c1ccc(NCc2nc3cc4ccccc4cc3[nH]2)cc1,0
653076,COCCN(CC(=O)NC1CCCCC1)C(=O)CSc1nc2ccccc2o1,0
117876637,COCC(=O)N1CCC(n2c(C)nc3cnc4cc(F)c(-c5ccc(Oc6ncccn6)cc5Cl)cc4c32)CC1,1
791084,On1c(-c2ccco2)nc2c1CCc1nonc1-2,0
644881,COCCCNC(=O)C1CC(=O)N(c2ccc(C)cc2)C1,0
662566,COc1cccc(C(=O)N(Cc2ccc(N(C)C)cc2)C2CCS(=O)(=O)C2)c1,0
3234961,COc1ncc2nc(C)c(=O)n(Cc3ccc(F)cc3)c2n1,0
648570,CCc1c(C)nc2ncnn2c1N1CCC(C(=O)N2CCN(c3ccccc3)CC2)CC1,0
1244581,COC(=O)c1c(C)oc2ccc(NS(=O)(=O)c3cc(OC)ccc3OC)cc12,0
2630150,CCOC(=O)c1c(NC(=O)CSc2nnnn2C)sc(C)c1-c1ccc(C)cc1,0
657873,O=C1CC(O)(C(F)F)Oc2ccc3ccccc3c21,0
16414,CN(C)CCCN1c2ccc(O)cc2Sc2ccc(Cl)cc21,0
1089006,COc1ccc(OCc2nnc3n2N=C(c2ccc(OC)cc2)CS3)cc1,1
653095,Cc1ccc(C(C(=O)NC2CCCC2)N(Cc2cccs2)C(=O)CNC(=O)c2cccs2)o1,0
3237006,CCOC(=O)N1CCC(NC(=O)c2ccc(NC(=O)C3CCCO3)cc2)CC1,0
3236270,CCOc1ccc(-n2c(C)nc3cc(C(=O)NCCCN4CCOCC4)ccc32)cc1,0
1116232,Cn1c(=O)c2c(ncn2CC(=O)Nc2ccc(Cl)cc2Cl)n(C)c1=O,0
3243184,COc1ccc(S(=O)(=O)NCC(c2cccnc2)N2CCN(c3ccccc3OC)CC2)cc1C,0
1518983,COC(=O)c1cc(=O)n(Cc2cccs2)c(=NCc2cccs2)s1,0
3242052,CCOC(=O)CN1CC23C=CC(O2)C(C(=O)NCc2cccs2)C3C1=O,0
2997811,CC1CCCC(C)N1C(=O)COc1ccc(-c2nnco2)cc1,0
1990347,N#Cc1c(SCC(=O)N2CCCCC2)nsc1SCC(=O)N1CCCCC1,0
782097,CN(C)CCN(C)Cc1ccc2c(c1)Cc1ccccc1-2,0
654696,CCC(=O)N(Cc1ccc(S(N)(=O)=O)cc1)C1CC(=O)N(c2ccc(OC)cc2)C1=O,0
658442,[N-]=[N+]=CC(=O)CC(c1ccccc1)N1C(=O)c2ccccc2C1=O,0
789986,COc1ccc(C2(CNC(C)=O)CCCC2)cc1OC,0
969875,O=C(O)c1ccc(CNc2ccccc2C(=O)O)cc1,0
2957415,CC(=O)c1nc(N2C(=O)C3CC=C(C)CC3C2=O)sc1C,0
2999434,CC(C)Cn1c(SCC(=O)NC(=O)NC2CCCC2)nc2ccccc21,0
1082995,CCOC(=O)COc1ccc(S(=O)(=O)NCc2cccnc2)cc1,0
135439149,CN(C)S(=O)(=O)c1ccc(C(=O)OCCCN=C2NS(=O)(=O)c3ccccc32)cc1,0
647126,COc1ccc2nc(NCCCNC(=O)c3cc(OC)c(OC)c(OC)c3)c(C#N)cc2c1,0
818460,CC(C)c1ccc(O)c(CN2CCN(c3ccccc3)CC2)c1,0
647557,COc1ccc2cc(C(c3nnnn3Cc3ccccc3)N3CCCCCC3)c(=O)[nH]c2c1,0
261929,O=c1[nH]cc(CS(=O)(=O)Cc2c[nH]c(=O)[nH]c2=O)c(=O)[nH]1,0
663607,CN(C)c1ccc(-c2nn3c(-c4ccc(Cl)cc4Cl)nnc3s2)cc1,0
3244828,CCC(=O)N1CCc2cc(S(=O)(=O)CCC(=O)O)ccc21,0
3241228,CC(C)C(NS(=O)(=O)c1ccc(Br)s1)C(=O)O,0
3244492,Cc1cccc(Cn2c(=O)n(CCCC(=O)NCc3ccco3)c(=O)c3ccccc32)c1,0
651531,COc1cc(-c2nnc(-c3ccco3)o2)ccc1OCc1ccccc1,0
2109943,O=C(NCCc1c[nH]c2ccccc12)c1cc(S(=O)(=O)N2CCCCC2)ccc1N1CCOCC1,0
3245952,COC(=O)c1cc(=O)nc2sc(-c3ccccc3)nn12,0
652628,CCOC(=O)Nc1ccc2c(c1)Nc1ccccc1S2,0
2847867,CC1=C(C(=O)OC(C)C)C(c2cccnc2)C2=C(CCCC2=O)N1,0
802857,COc1ccc(Br)cc1S(=O)(=O)N1CCN=C1C,0
2942001,C=CCn1c(N)cc(=O)nc1SCC(=O)N1CCN(c2ccc(F)cc2)CC1,0
650014,CN1C(=O)SC(Nc2ccc(F)cc2)C1=O,0
3000071,CCOc1ccccc1N1CCN(c2nc(N)c(C#N)c(CC#N)c2C#N)CC1,0
2422615,O=C(Cn1nnc(-c2ccccc2)n1)OCc1ccccc1,0
145995647,COc1ccc(C[C@H]2COc3cc(-c4ccnc(Nc5ccnn5C)n4)cc4nnc2n34)cc1,1
3240676,COc1cccc(C(=O)NCc2n[nH]c(=S)n2-c2cccc(C)c2)c1,0
650974,O=C(Nc1ccccc1)N(C1=NCCCCS1)c1ccccc1,0
9571901,CC1=NOC2(C1)/C(=N/O)CCC/C2=N\O,0
658971,C[C@H](C(=O)O)c1n[nH]c(=O)c2ccccc12,0
2970374,CCOc1cc(C(=O)NC(C)c2ccncc2)cc(OCC)c1OCC,0
609483,COc1ccccc1N1CCN(CCN2C(=O)c3ccccc3C(C)(C)C2=O)CC1,0
2385463,COc1ccccc1OCC(=O)OCC(=O)Nc1ncc(Cl)cc1Cl,0
16757739,C[C@@]12C=CC(=O)C=C1CCC1C3CC(O)[C@@](O)(C(=O)CO)[C@]3(C)CC(O)[C@]12F,0
2969415,CC(NC(=O)C1CC2CCCC(C1)C2=O)c1ccccc1,0
3242322,O=C(CN1C(=O)CN=C(c2ccccc2Cl)c2cc(Cl)ccc21)NCc1ccco1,0
660037,Clc1ncn(C23CC4CC(CC(C4)C2)C3)n1,0
655876,O=C(Nc1cccc(C(=O)N2CCOCC2)c1)NC1CCCCC1,0
748484,COc1ccc2c(c1OC)C(=O)N(c1cccc(C)c1)C2=O,0
647247,CCCC(=O)N1CC2(CCC)CN(C(=O)CCC)CC(CCC)(C1)C2=O,0
3240539,COCCn1c(=S)[nH]c2ccc(N(C)C)cc2c1=O,0
664405,CC(C)CN1C(=O)NC(NC(=O)c2ccco2)(C(F)(F)F)C1=O,0
5368397,CC1=C(/C=C/C(C)=C/C=C/C(C)=C/C=C/C=C(C)/C=C/C=C(C)/C=C/C2=C(C)C(=O)C(O)CC2(C)C)C(C)(C)CC(O)C1=O,0
5390047,NC(=O)C[C@@H]1N[C@]2(C(=O)Nc3ccccc32)[C@@H]2C(=O)N(C3CCCCC3)C(=O)[C@H]12,0
648484,CC(=O)c1cccc(NC(=O)CSc2nnc(-c3ccc(S(=O)(=O)N4CCCC4)cc3)o2)c1,0
2113901,Cc1ccc2c(CC(=O)O)coc2c1C,0
656373,CCOc1ccc(C2C(C#N)=C(N)Oc3nc[nH]c(=O)c32)cc1OC,0
3232594,CN1CCN(c2ncc3nc(-c4ccccc4)c(=O)n(CCC#N)c3n2)CC1,0
16758614,CCOC(=O)N/N=C1/C[C@@H](O)[C@@H](O)[C@@H]2[C@H]3C(=O)N(c4ccc(F)cc4F)C(=O)[C@@H]3CC[C@@H]12,0
3235305,Cc1noc(C)c1-c1ccc2ncnc(Nc3ccc(F)cc3)c2c1,0
654224,O=C(NC1CS(=O)(=O)CC1NCc1ccco1)c1ccccc1,0
2110684,O=C(CCC(=O)N1CCCc2ccccc21)N1CCN(S(=O)(=O)c2ccccc2)CC1,0
3235298,COc1ccc(-n2c(=O)c(C)nc3cnc(Nc4ccccc4)nc32)cc1,0
2092555,Cc1nn(Cc2ccccc2)c(Cl)c1C(=O)OCc1nnc(-c2ccccc2)o1,0
2998671,O=C1CN(C(=O)CSc2nncn2-c2ccccc2)c2ccccc2N1,0
245617,Cc1cc(Cc2cc(Cc3cc(C)cc(C(C)(C)C)c3O)c(C)cc2C)c(O)c(C(C)(C)C)c1,0
666051,COC(=O)c1[nH]c2ccc(C)cc2c1NS(=O)(=O)c1ccc(F)c(C)c1,0
2135890,COc1ccc(OC)c(NC(=O)c2nnn(Cc3ccc(Br)cc3F)c2N)c1,0
653942,Cc1ccc2c(c1)N(CC(=O)N1CCCCCC1)C(=O)CO2,0
2123608,COc1ccccc1OCCNC1=NCCC1,0
692198,O=C(Nc1ccc2c(c1)OCO2)Oc1ccccc1,0
6407234,CC(C)Cc1ccc(/C(=N/O)C(=O)O)s1,0
1576014,CCc1ccc(OCCCC(=O)O)c(Br)c1,0
649250,CCOC(=O)c1cnc(SCC(=O)Nc2ccc(NC(C)=O)c(OC)c2)nc1N,0
135401753,CCCC(=O)C1=C(O)C(C(=O)OC)C(C)(C)CC1=NC,0
3239396,CN(C)C(=O)N1CCC(C(=O)NCc2cccs2)CC1,0
3247158,COC(=O)[C@@]1(Cc2ccc(F)cc2)[C@@H]2C(=CC(=O)[C@H]2CC(=O)C(=O)N(C)C)CN1C(=O)c1ccccc1,0
16759134,CCOC(=O)OCC1OC(C#Cc2ccccc2)C=CC1Oc1cccc(N(C)C)c1,0
663851,CCCCCCC(C)n1[nH]c(=O)c2c(C)cc(=O)[nH]c21,0
884355,COC(=O)C1CCN(C(=O)Cc2ccc(OC)c(OC)c2)CC1,0
6604444,C[C@H]1C[C@@H]2[C@H]3CCC4=CC(=O)C=C[C@@]4(C)[C@@]3(Cl)[C@@H](O)C[C@]2(C)[C@]1(OC(=O)c1ccco1)C(=O)CCl,0
54695562,CCCCc1nc2ccccc2c(=O)n1NC(=O)c1c(O)c2c(n(CC(C)C)c1=O)CCCC2,0
5171033,CCN1C(=O)N(CC)C(O)(c2ccccc2)C1(O)c1ccccc1,0
11949116,COC(=O)[C@@H]1C[C@@H]2CC[C@@H](O)C[C@@H]2N1Cc1ccc(C(F)(F)F)cc1,0
76072403,COc1n[nH]c2cc(NC(=O)N[C@H](CO)c3ccccc3)nc(C)c12,1
135460905,O=C1CCCC2=C1C(c1ccncc1)c1c(nc(SCc3ccccc3)[nH]c1=O)N2,0
2839057,Cc1ccc2c(c1)c1c(n2CC2COC(C)(C)O2)C(=O)CCC1,0
2232224,CCCCOc1ccc(C(=O)Nc2ccncc2)cc1,0
664382,N=c1c(C(=O)NCc2ccc(F)cc2)cc2c(=O)n3ccccc3nc2n1CCCN1CCOCC1,0
667267,CCN1CCN(C(=O)c2cc3c(=O)n4ccccc4nc3n2Cc2ccccc2)CC1,0
3244781,CCN(CC)CCNC(=O)CS(=O)Cc1nc(-c2ccc(Cl)cc2)oc1C,0
135398943,CC(=O)OCC1OC(n2c(Br)nc3c(=O)[nH]c(N)nc32)C(OC(C)=O)C1OC(C)=O,0
3242964,CC1(C)CC(=O)c2cc(OCC(=O)NCC3CCCO3)ccc2O1,0
647045,O=C(Cn1c(-c2ccccc2)noc1=O)NCc1ccccc1,0
977934,Clc1ccc(Br)cc1-c1nc(-c2cccnc2)no1,0
654961,O=C(OC1CSc2nc3ccccc3n2C1)c1ccco1,0
76071090,CCCN1C[C@H](NC(=O)Nc2cc3[nH]nc(OCC(F)F)c3cn2)[C@@H](c2ccccc2)C1,1
777760,CC(C)(C)C(=O)Nc1ccccc1C(=O)Nc1cccnc1,0
2998248,Nn1c(Cc2cccc3ccccc23)nnc1SC1CCOC1=O,0
651811,COC(=O)CNc1nc(C2CC2)nc2c1nnn2Cc1ccccc1Cl,0
1073127,CCN(CC)C(=O)CSc1nc2ccccc2c(=O)n1-c1cccc(OC)c1,0
646414,COC(=O)C1=C(C)NC(C)=C(C(=O)OC)C1c1ccc(N(C)C)cc1,0
659307,O=C(c1ccco1)N1CCN(c2ncnc3c2cnn3-c2ccccc2)CC1,0
207582,Cc1cc(=O)oc2cc3c(cc12)OCCO3,0
1352587,CCOC(=O)c1c(C)n(OCc2ccccc2)c2ccc3nonc3c12,0
89535990,Cc1cc(-c2n[nH]c3cc(NC(=O)N[C@H]4CN(C)C[C@@H]4c4ccc(F)nc4)ncc23)ccn1,1
664902,COc1ccc(CC(=O)Nc2nc3n(n2)C(c2ccccc2)CC(=O)N3)cc1OC,0
2055740,Cc1cc(C)n(C/C=C/Cn2nc(C)cc2C)n1,0
2098610,CCOC(=O)c1c(C)[nH]c(C)c1C(=O)CSc1nnc(-c2ccco2)n1Cc1ccccc1,0
5292846,CCOC(=O)/C=C1\NC(C)(C)Cc2cc(OC)c(O)cc21,0
644780,CCCCn1nnnc1SCC(=O)Nc1cccc(C)n1,0
3235821,Cc1ccc(C)c(NC(=O)c2nnn(Cc3ccccc3)c2N)c1,0
2230326,CS(=O)(=O)N(CC(=O)NCCSc1ccccc1)c1ccc2c(c1)OCO2,0
651492,COc1cccc(NC(=O)N2CCN(C(=O)C(Cc3ccc(OC)c(OC)c3)NC(C)=O)CC2)c1,0
1257632,COC(=O)c1ccccc1NC(=O)CSc1nc(NC(=O)c2ccccc2)c2c(C)c(C)oc2n1,0
893481,N#Cc1c[nH]n2c(=O)cc(Cc3ccccc3)nc12,0
16758915,COc1ccc(OCC2CC3C(CCC(C)C3c3ccc(Br)cc3)C(=O)O2)cc1,0
2421533,O=C(OCc1cc(Cl)ccc1OC(F)F)c1cc(S(=O)(=O)O)ccc1O,0
658858,Clc1ccc(-c2nnc(NC3=NCCCCC3)o2)cc1,0
5307423,CC1=C(C(=O)NCc2ccccn2)C2(CCC(C)CC2)OC1=O,0
6529,Cc1ccc(OP(=O)(Oc2ccc(C)cc2)Oc2ccc(C)cc2)cc1,0
3242905,Cc1n[nH]c(C)c1S(=O)(=O)N1CCN(c2ccccn2)CC1,0
70452,CC(C)N(C)C,0
2057144,Nc1nc(C2CC2)c(Sc2sc(N)nc2C2CC2)s1,0
3244434,CC1CN=C(c2cccn2Cc2ccc(F)cc2Cl)O1,0
3238903,CCCS(=O)(=O)N1CCC(C(=O)NCCN(CC)c2ccccc2)CC1,0
3246437,Cc1ccc(OP(=O)(Oc2ccc(C)cc2)N2C=Cc3ccccc3[C@H]2C#N)cc1,0
888358,Cc1cc(C)c(OCC(=O)Nc2ccc3c(c2)OCO3)cc1C,0
663879,Cc1ccc(C(=O)C2=C(O)C(=O)N(CCCn3ccnc3)C2c2ccc(OC(C)C)cc2)o1,0
663133,c1ccc(OCc2nn3c(-c4ccncc4)nnc3s2)cc1,0
2565152,CCN(CC)S(=O)(=O)c1cccc(-c2nnc(SCc3nnc(-c4cccs4)o3)n2N)c1,0
665097,CCOc1ccccc1C(=O)N(C)Cc1cc2ccccc2[nH]c1=O,0
727520,O=C(Cc1nc2ccccc2s1)c1ccc(O)cc1O,0
664813,Cc1cc(C)n(-c2c(F)c(F)c(CN3CCOCC3)c(F)c2F)n1,0
896752,O=C(NCc1ccncc1)c1cnccn1,0
726956,O=C(Nc1nccs1)c1ccc(COc2ccc(F)cc2)o1,0
3233984,CC(C)CN1CCCC2(CCN(C(=O)c3cccc(F)c3)CC2)C1,0
651704,CCN(CC)C(=O)CSc1nnc(-c2ccccn2)n1-c1ccc(C)c(C)c1,0
3233365,COC(=O)N1CCC2(CCCN(Cc3ccc(C#N)cc3)C2)CC1,0
1272600,O=C(OCC(=O)c1cccs1)c1cccc(S(=O)(=O)N2CCOCC2)c1,0
663288,Cc1ccc(S(=O)(=O)c2c(N)n(NC(=O)c3ccco3)c3nc4ccccc4nc23)cc1,0
828739,Nc1nc(NCc2c(F)cccc2Cl)nn1-c1ccccc1,0
3236861,Cc1cccc(-n2ccnc2SCC(=O)Nc2cc(C)on2)c1,0
3234312,N#Cc1cccc(NC(=O)N2CC[C@@]3(CCCN(C(=O)c4cc(C(F)(F)F)cc(C(F)(F)F)c4)C3)C2)c1,0
11957503,CNC(=O)[C@H]1O[C@@H](n2cnc3c(NCc4ccc(I)cc4)nc(Cl)nc32)[C@H](O)[C@@H]1O,1
666286,CCCc1cc(N2CCN(c3ccccn3)CC2)n2nc(C)c(-c3ccccc3)c2n1,0
2497349,COc1ccccc1-c1nnc(SCC(=O)Nc2c(Cl)cccc2Cl)o1,0
661495,CCCCOC(=O)C1=C(N)OC2=C(C(=O)CCC2)[C@]12C(=O)Nc1ccccc12,0
1277248,COc1ccc(-c2nnc(SCc3nnc(-c4ccccc4)o3)n2-c2ccccc2)cc1,0
5771631,O=C(O)/C(=C\c1ccncc1)c1cccc2ccccc12,0
16757928,CC1(C)C(=O)C=C[C@]2(C)C1CC(=O)[C@]1(C)C2CC[C@@]2(C)C(c3ccoc3)OC(=O)C3O[C@@]321,0
3243639,CCOCCCNC(=O)CN1C(=O)C(CC)Oc2ccccc21,0
2100041,COC(=O)c1cc(CSc2nnc(NC3CCCCC3)s2)oc1C,0
3244934,CCOc1ccccc1-n1cnc2cc(C(=O)NCc3ccco3)ccc21,0
118365187,COC1(C)CCC(Oc2n[nH]c3cc(NC(=O)N[C@H](COC(F)F)c4ccccc4)ncc23)CC1,1
866935,CC(=O)Cc1nsc(NC(=O)c2ccc(Br)o2)n1,0
3233734,CC(C)CN1CC2(CCN(C(=O)c3cnccn3)CC2)C1,0
16759070,C/C=C/OC(=O)NC(c1cccc(C)c1)[C@@]1(C(=O)OCC)CCCC1=O,0
2419803,FC(F)(F)c1cccc(N2CCN(c3nnnn3-c3ccccc3)CC2)c1,0
803077,O=C(Cc1cccs1)NCc1ccc(F)cc1,0
1402124,CCCc1cc(=O)n2c(nc3ccccc32)[nH]1,0
893472,COC(=O)COc1ccc(S(=O)(=O)NC2CCCCCC2)cc1,0
5308100,Cc1nc2ccccc2c2oc(C(=O)Nc3ccc4c(c3)OCCO4)cc12,0
1247949,Cc1c(NC(=O)c2cnn3cccnc23)c(=O)n(-c2ccccc2)n1C,0
5309550,CCOc1ccc(Cn2nnc(C(=O)Nc3cc(C)cc(C)c3)c2N)cc1,0
8679,c1ccc(Nc2ccc3ccccc3c2)cc1,0
628469,COc1ccc(OC)c(C(=O)c2coc3ccc(OC)cc23)c1,0
285247,O=C(NC1CCC(C(=O)O)CC1)OCc1ccccc1,0
644429,O=C(Cn1c(=O)sc2ccccc21)Nc1ccc2c(c1)OCCO2,0
2898394,O=S(=O)(NCC1CCCO1)c1ccc2c(c1)OCCO2,0
970960,COc1c(Cl)ccc(Cl)c1C(=O)NC(=O)N1CCOCC1,0
179503,COc1ccc2c(C)c(Cl)c(=O)oc2c1,0
3242774,CCOC(=O)c1ccc(NC(=O)CCc2c(C)nc3ncnn3c2C)cc1,0
658332,N#Cc1c(N)n(CCCN2CCOCC2)c2nc3ccccc3nc12,0
673386,Cc1nc2cc(S(=O)(=O)C(F)(F)F)ccc2s1,0
3235519,COCCn1c(=O)cnc2cnc(N3CCN(C)CC3)nc21,0
655906,Cc1cc(NC(=O)CSc2nnc(-c3ccc(S(=O)(=O)N4CCCC4)cc3)n2C)no1,0
16758602,CC(C)=CCC/C(C)=C/CO/N=C1/C[C@@H](O)[C@@H](O)[C@@H]2[C@@H]3C(=O)N(Cc4ccccc4)C(=O)[C@H]3CC[C@@H]12,0
3240072,O=C(NC1CCCc2ccccc21)C1CCN(S(=O)(=O)N2CCCCCC2)CC1,0
2298815,Cc1cc(C)c2nc3s/c(=C/c4ccc5c(c4)n(C)c(=O)n5C)c(=O)n3c2c1,0
892383,Nc1nncn1C(=O)c1ccccc1Cl,0
651113,N#CCCN(Cc1cccnc1)S(=O)(=O)c1ccc(S(=O)(=O)NC2CCCCC2)cc1,0
889945,Cc1ccccc1-c1nnc(SCc2ccccc2)o1,0
696845,Cc1sc2ncn3cnnc3c2c1C,0
2933145,O=C(NCCCCNC(=O)c1c(F)c(F)c(F)c(F)c1F)c1c(F)c(F)c(F)c(F)c1F,0
2855055,CCCCCC(=O)Nc1ccc(S(=O)(=O)Nc2nccnc2OC)cc1,0
2998576,COCCn1cnc2c1c(=O)n(CC(=O)c1ccc3c(c1)OCCO3)c(=O)n2Cc1ccccc1,0
2962523,CC(=O)C1=C(c2ccccc2)NC(=O)NC1c1ccccc1OCC#N,0
3137831,CC1=C(SCCC#N)S/C(=C2\SC(C)=C(SCCC#N)S2)S1,0
2998542,CC(Sc1nnnn1C)C(=O)Nc1ccc(N2CCOCC2)cc1,0
2999770,Cc1cc(NC(=O)COC(=O)c2cc3c(s2)CCC(C)C3)no1,0
3240375,CCCCn1c(CN2CCN(c3cccc(Cl)c3)CC2)nc2c1c(=O)[nH]c(=O)n2C,0
654404,CCOc1ccccc1NC(=O)COc1cccc(-n2cnnn2)c1,0
678451,Cc1ccc(C2C(C#N)=C(N)SC(N)=C2C#N)c(C)c1,0
752969,CCOc1ccccc1N1CCN(C(=O)c2ccncc2)CC1,0
656341,COc1cccc(CN(CC(=O)NCC2CCCO2)C(=O)CCC(=O)Nc2cc(C)on2)c1,0
836483,COc1cccc(C(=O)Nc2cccc(SC)c2)c1,0
16757924,CC1(C)C(=O)C=C[C@@]2(C)C1CC(O)[C@]1(C)C2CC[C@@]2(C)C(c3ccoc3)OC(=O)C3O[C@]312,0
3233578,CN(C)C(=O)c1ccc(-c2cc(-n3ccnc3)ncn2)cc1,0
5307300,Cn1c(C(=O)NCCCN2CCCCCC2)cc2c(=O)n(C)c3ccccc3c21,0
6894608,CCCOc1ccc2ccccc2c1/C=N/n1c(C)nnc1-n1nc(C)cc1C,0
755898,CN(C)c1ccnc(SCc2ccccc2Cl)c1C#N,0
1247101,Cc1cc(C(=O)Nc2sc3c(c2C#N)CCCCC3)cs1,0
662478,CS(=O)(=O)N1CCN(c2nnc(-c3ccccc3)c3ccccc23)CC1,0
2998480,CC(Cc1cccs1)NC(=O)Nc1ccccc1,0
892835,CSc1cccc(NC(=O)CSc2ccccc2)c1,0
676034,COc1ccccc1-c1cc(=O)c2cc(O)ccc2o1,0
2187895,Cc1ccccc1NC(=O)CSCCO,0
2316882,O=C(O)CNC(=O)c1ccc(OC(F)F)cc1,0
655745,COC(=O)CSc1nnc(CSc2nc(C)cc(C)n2)n1Cc1ccco1,0
646813,Cc1ccc(NC(=O)CS(=O)CC(=O)N(C2CCCC2)C(C)C(=O)NC2CCCCC2)cc1,0
11948997,CCC1=C(OC(=O)N(CC)CC)N2C(=O)OC(=NCC3CC3)[C@]2(Cc2ccccc2)[C@H]2C1=CC[C@H]1C(=O)NC(=O)[C@H]12,0
6636295,CON(C)C(=O)c1nnc2c(n1)[nH]c1ccccc12,0
647738,COc1cccc(-c2csc(N3CCN(CC(=O)Nc4ccc5c(c4)OCO5)CC3)n2)c1,0
2998245,CCOC(=O)C1=C(C)NC(C)=C(C(=O)OCC)C1C(=O)OCC(=O)N1CCCCC1CC,0
653854,COc1ccccc1N1CCN(C(=O)c2cc3n(n2)C(C(F)(F)F)CC(c2ccco2)N3)CC1,0
5308059,Cc1nn(C)c(C)c1S(=O)(=O)N1CCC(C(=O)NCCC2=CCCCC2)CC1,0
6604708,C/C(=C\C=C/[C@@H](C)C(=O)O)[C@H]1CN[C@H](C(=O)O)[C@@H]1CC(=O)O,0
663312,CN(Cc1ccccc1)Cc1nc2c(c(=O)n(C)c(=O)n2C)n1CCCc1ccccc1,0
654707,COc1ccc(-c2nnc(CSc3nc4ccccc4c(=O)n3CC3CCCO3)o2)cc1OC,0
1091852,Cn1c(=O)n(C)c2cc(C(N)=O)ccc21,0
5771846,CCC/C=C(\CCC)C(NC(=O)c1cccs1)c1ccc(C(=O)OC)cc1,0
2418588,CCOC(=O)c1c(C)[nH]c(C(=O)OCC(=O)Nc2cc(C)ccc2OC)c1C,0
5308098,Cc1ccc(C)c(N(C)C(=O)COc2cc(=O)n(C)c3ccccc23)c1,0
3000170,c1ccc(-n2c(SCC3CCCCO3)nnc2-c2cccs2)cc1,0
654295,O=C(CNC(=O)c1ccco1)OCC(=O)c1ccc2c(c1)CCCC2,0
3237633,Cc1ccc(Cl)cc1NC(=O)C1CCCN(S(=O)(=O)c2c(C)noc2C)C1,0
7610,COc1ccc(N)c(C)c1,0
779882,COc1ccc(Br)cc1CN1CCN(CCO)CC1,0
2999828,COc1cc(CCC(=O)N2CCN(S(=O)(=O)c3ccc(C)c(C)c3)CC2)cc(OC)c1OC,0
5308761,COc1ccc(-c2nc(CS(=O)CC(=O)N3CCCC3)c(C)o2)cc1,0
825415,NC(=O)CCn1c(=O)oc2ccccc21,0
5307704,CCOC(=O)C1CCCN(c2c(Nc3ccc(C)c(C)c3)c(=O)c2=O)C1,0
3245795,CCn1c(N)c(C(=O)NCc2ccco2)sc1=S,0
5771830,CCCC[C@@H]1C[C@H]1C(NC(=O)c1cccs1)c1ccc(Cl)cc1,0
2957372,Cc1cc2c3c(c1)C1(C(=O)N3C(C)(C)CC2C)C(C#N)=C(N)Oc2n[nH]c(C)c21,0
666993,COc1cccc(C2C(C(=O)NCc3ccccc3)=C(C)Nc3ncnn32)c1,0
2377862,Cc1ccccc1-n1c(SCc2c(C)noc2C)nnc1-c1c[nH]c2ccccc12,0
76072289,C[C@@H](NC(=O)Nc1cc2[nH]nc(OC3COC3)c2cn1)c1ccccc1,1
16758524,Cc1cc2c(c(=O)o1)[C@H](O)[C@H]1O[C@@H]1C2=O,0
2310790,c1ccc(NCc2nnc3n2CCCCC3)cc1,0
3238066,CCOC(=O)N1CCC(NC(=O)C(NS(=O)(=O)c2ccc3c(c2)CCN3C(C)=O)C(C)C)CC1,0
16758461,CCN1C(=O)[C@H]2[C@H]3[C@H](O)[C@H](O)C/C(=N/OC[C@@H](O)[C@H]4O[C@H]5OC(C)(C)O[C@H]5[C@@H]4O)[C@@H]3CC[C@@H]2C1=O,0
5307421,O=C(NCc1ccco1)C1CCCN(S(=O)(=O)c2cccc3cccnc23)C1,0
2999224,O=C(CCc1c[nH]c2ccccc12)NCC1CCCO1,0
665522,CCCCn1nc(NC(=O)c2cccs2)c2cc3cc(OC)ccc3nc21,0
2125057,Cc1csc(SCC(=O)Nc2ccc(Cl)cn2)n1,0
6806,CC(=O)Nc1c(I)cc(I)c(C(=O)O)c1I,0
5767764,COCCCN1C(=O)C(=O)/C(=C(/O)c2ccc(C)cc2)C1c1ccccc1,0
3620079,Cc1c(OCc2ccccc2)cccc1OCc1ccccc1,0
651969,CC(C)(C)n1nnnc1C(c1cccc(C#N)c1)N1CCCc2ccccc21,0
2997968,COc1ccc(C)cc1-n1nnnc1SCC1CCCCO1,0
2998170,CC(=O)Nc1cc(NC(C)=O)cc(C(=O)OCC(=O)N2CC(C)OC(C)C2)c1,0
16757675,CCC1OC(=O)C(C)[C@@H](O[C@H]2C[C@@](C)(OC)C(O)C(C)O2)C(C)[C@@H](O[C@@H]2OC(C)CC(N(C)C)C2O)[C@@](C)(O)CC(C)C(=O)[C@@H](C)C(O)[C@]1(C)O,0
655804,COc1ccc(C(=O)Nc2ccc(S(=O)(=O)Nc3onc(C)c3C)cc2)cc1,0
5307982,CCOCCCNC(=O)c1cn(CC(C)C)c(=O)c2cc(OC)c(OC)cc12,0
704537,COc1ccc(-n2c(-c3ccco3)n[nH]c2=S)cc1,0
94280,CN(C)CCCN1c2ccccc2C(C)(C)c2ccccc21,0
54683793,O=c1cc(O)c2c(=O)[nH]c(=O)n(-c3ccccc3)c2[nH]1,0
2107086,O=c1c2ccccc2nnn1CSc1nnc(-c2cccnc2)n1-c1ccccc1F,0
664082,COC(=O)c1[nH]c2ccc(F)cc2c1NC(=O)CCN1CCN(C(=O)c2ccco2)CC1,0
265699,COc1ccc(-c2oc3cc(OC)ccc3c(=O)c2O)cc1,0
3232592,CN1CCN(c2ncc3nc(-c4cccc(C#N)c4)c(=O)n(Cc4ccc(F)cc4)c3n2)CC1,0
2968596,CSc1ccccc1C(=O)NC1CC2CCC1C2,0
6603971,CCCCCCCCCC(=O)N[C@@H](CN1CCOCC1)[C@@H](O)c1ccccc1,0
118045775,CC(O)Cc1cnc(N)c(-c2ccc(C(=O)NCc3ccccc3)c(F)c2)n1,1
871726,CN1C(=O)N2CN(C3CCCCC3)CN3C(=O)N(C)C1C23,0
649739,CCCC(C(=O)NC1CCCCC1)N(CC1CCCO1)C(=O)CNS(=O)(=O)c1ccc(F)cc1,0
3239741,COc1cc(C2C(C#N)=C(N)OC3=C2C(=O)CC(C)(C)C3)ccc1OC(=O)N1CCOCC1,0
6604259,CC(C)C[C@H]1C(=O)N2CCC[C@@H]2[C@@]2(O)O[C@](NC(=O)[C@@H]3C=C4c5cccc6[nH]cc(c56)C[C@@H]4N(C)C3)(C(C)C)C(=O)N12,0
2983124,O=C1CC(c2ccc3c(c2)OCO3)c2cc3c(cc2N1)OCCO3,0
2963151,CC(=O)Nc1cccc(NC(=O)C2CC(=O)N(c3ccc(C)cc3)C2)c1,0
1249773,C=CCc1cccc2cc(C(=O)N3CCN(C(=O)c4ccco4)CC3)c(=O)oc12,0
16758923,COC(=O)C/C=C/C(C)C(OCc1cccc(Br)c1)C(C)C(OC)C1CCCCC1,0
5307410,CCOC(=O)c1c(NC(=O)c2cc(C3CC3)on2)sc2c1CCCC2,0
117876252,COc1cc(Oc2ncccn2)ccc1-c1cc2c(cc1F)ncc1nc(C)n([C@H]3CCN(C(=O)CO)C[C@@H]3F)c12,1
2437659,CSc1ccc(Cl)c(C(=O)OCC(=O)NCc2ccco2)c1,0
5461337,O=P(N[C@@H](c1ccccc1)[C@@H]1C[C@H]1CO)(c1ccccc1)c1ccccc1,0
804168,Cc1nn(C)c(C)c1NS(=O)(=O)c1ccccc1,0
2891087,CC1CCCN(C(=O)CN2C(=O)c3ccccc3C2=O)C1,0
3244914,Cc1[nH]c(=O)[nH]c(=O)c1S(=O)(=O)Nc1ccc(Oc2ccccc2)cc1,0
54690613,C=CCn1c(=O)c(C(=O)Nc2ccccc2OC)c(O)c2ccccc21,0
6604878,C=CCN1C[C@H](C)N([C@@H](c2ccccc2)c2ccc(C(=O)N(CC)CC)cc2)C[C@H]1C,0
2927276,CC1CC(C)(C)Nc2ccc(OC(=O)c3ccco3)cc21,0
652626,Cc1cc(-c2nnc(SCC(=O)N3C(C)CCCC3C)o2)no1,0
834331,COc1cccc(CNc2ccc(N3CCCCC3)cc2)c1OC,1
3245973,CCOc1cc2c(cc1OCC)C(C(=O)O)C(c1cc(OC)c(OC)c(OC)c1)N(C)C2=O,0
3234223,CC(C)NC(=O)N1CCC2(CCNCC2)CC1,0
3742911,CC(=O)N(CCCN(C)C)CCC(C)CCC=C(C)C,0
667152,CCn1c(NC(=O)c2ccco2)c(-c2ccccc2Cl)c(=O)c2ccccc21,0
2058969,Cc1ccccc1OCCCCc1c(C)n[nH]c1C,0
661173,COCCNC(=O)Cn1nc(C)c2ccccc2c1=O,0
2827709,Cc1cccc(N2C(=O)CC(N3CCOCC3)C2=O)c1,0
3162437,COc1cc2c(c(OC)c1)C(c1ccncc1)CC(=O)N2,0
1314771,Cn1nc(-c2ccc(N3CCCCC3)c(NC(=O)c3ccco3)c2)c2ccccc2c1=O,0
655457,CCOC(=O)C1=C(N)Oc2cc(O)ccc2C1c1cccnc1,0
652378,CCOC(=O)Cn1c(=O)c2c(nc(Br)n2Cc2ccccc2)n(C)c1=O,0
646166,Cn1c(C(=O)OCC(=O)NCCc2ccccc2)cc2sccc21,0
3241106,O=c1c2cccc3c2c(nn1CN1CCOCC1)-c1ccccc1-3,0
1078655,COc1cc(S(=O)(=O)N2CCCCC2)ccc1NC(=O)c1ccc(F)cc1,0
89536074,Cc1cc(-c2n[nH]c3cc(NC(=O)NCCOc4ccccc4)ncc23)ccn1,1
2408679,O=C(Cn1cnc2ccccc21)OCC(=O)N1CCCc2ccccc21,0
974074,CCn1c(Cc2c(C)[nH]c3ccccc23)nnc1SCC(N)=O,0
61410,C=CCOC(=O)CCCCCCCC,0
16759018,CCCCCCCC#Cc1ccccc1/C=N/S(=O)c1ccc(C)cc1,0
1214419,O=C(CS(=O)(=O)Cc1ccccc1)N1CCN(c2cccc(C(F)(F)F)c2)CC1,0
254688,Nc1ncnc2c1nc(Br)n2C1OC(CO)C(O)C1O,0
644769,Cc1nn(-c2ccccc2)c(Cl)c1C1C(C#N)=C(N)Oc2n[nH]c(C)c21,0
666410,Cc1ccc(-c2nn3c(C)nnc3s2)cc1NC(=O)c1ccc(-c2cccc(Cl)c2)o1,0
6537498,CCC(Cl)CC(Cl)C(Cl)C(Cl)C(Cl)C(C)Cl,0
3240268,COC(=O)c1cc(-c2ccccc2)n(CC(=O)O)c1C,0
118380805,COC1CCN(c2n[nH]c3cc(NC(=O)N[C@H](C)c4ccccc4)ncc23)CC1,1
6605196,CCCn1c(C)nc2c(N(C)CCN(C)C)nc(C)nc21,0
658715,CCC(=Nc1ccccc1NC(C)=O)c1c(O)n(C)c(=O)n(C)c1=O,0
648727,O=C(CN(C(=O)C1CSC(=O)C1)c1ccccc1F)NCc1ccc2c(c1)OCO2,0
6604213,CC[C@H](CC[C@H](C)[C@@H]1CC[C@@H]2[C@H]3CC=C4C[C@@H](O)CC[C@]4(C)[C@H]3CC[C@]21C)C(C)C,0
797479,O=C1c2ccccc2C(=O)N1CSc1nnnn1-c1ccccc1,0
657478,O=c1c2cccc3c(N4CCOCC4)ccc(c32)c2nc3ccccc3n12,0
666173,NCCCCCc1nnc(SCC(=O)c2ccc(Cl)cc2)o1,0
1214046,Cc1cc(C)nc(NC2=NCCN2C(=O)Nc2ccc(Cl)c(Cl)c2)n1,0
647551,COCCNC(=O)CN(C(=O)CCC(=O)Nc1cc(C)on1)c1ccc(C)cc1C,0
3236490,COc1ccccc1CN1C(=O)CN(C2CCCC2)C(=O)C1c1ccc(F)cc1,0
649588,Cc1cccc(N(CC(=O)NC2CCCCC2)C(=O)CCC(=O)Nc2ccccn2)c1,0
135470182,CCCCN1CC(O)=C(c2nc3ccccc3[nH]2)C1=N,0
1380711,NC(=S)SCCC(=O)O,0
666708,Cc1cccc(Cn2c(Sc3nc(C)cs3)nc3c2c(=O)[nH]c(=O)n3C)c1,0
254694,Nc1ncnc2c1nc(Br)n2C1CC(O)C(CO)O1,0
645557,Cc1ccc(OCc2nnc(SCC(=O)CC(=O)Nc3ccccc3)o2)cc1,0
2056854,C=CCOc1ccccc1CN1CCSCC1,0
5308006,O=C(Cn1cc2c(n1)CCCC2)N1CCCc2ccccc21,0
2973294,COc1cc(OC)c(C2=NOC(C(=O)Nc3c(C)nn(CC(=O)N4CCCC4)c3C)C2)cc1Cl,0
661111,NC(=O)c1cc(-c2ccccc2)nc(N2CCCCCC2)n1,0
2361881,CCN(CC)S(=O)(=O)c1ccc(O)c(C(=O)OCC(=O)N(C)Cc2ccccc2)c1,0
891137,O=C(COC(=O)CCc1c[nH]c(=O)[nH]1)Nc1cccc(Cl)c1,0
647139,CC1=CC(C)(C)N2C(=O)C3(C(C#N)=C(N)OC4=C3C(=O)CCC4)c3c(C)c(C)cc1c32,0
3247188,COC(=O)[C@@]1(Cc2ccccc2)[C@H]2c3cc(C(=O)N4CCCC4)n(Cc4ccccc4)c3C[C@H]2CN1C(=O)c1ccccc1,0
1264529,CCn1c(SCC(=O)c2cc(OC)ccc2OC)nnc1-c1ccncc1,0
2971665,CCOC(=O)C1CCN(C(=O)CN(C)S(=O)(=O)c2cc(C)ccc2OC)CC1,0
650236,COc1cc(OC)cc(C(=O)N2CCN(c3ccccc3F)CC2)c1,0
651556,O=C(CN1C(=O)C2CCc3[nH]c4ccccc4c3C2C1=O)N1CCCC1,0
5389733,CCOCCCNC(=O)N[C@@H](C)C(=O)OC,0
2576756,Cc1cc(C(=O)CCC(=O)N2CCN(S(=O)(=O)c3cccs3)CC2)c(C)s1,0
121416454,Cc1cc(-n2ncc3cc(NC(=O)NCCN(C)C)ncc32)ccn1,1
3243017,CCn1c(=O)cc(SCC(=O)NCCN2CCN(Cc3ccccc3)CC2)c2ccccc21,0
2999760,CCOC(=O)CCC(=O)OCC(=O)NC(C)C1CC2CCC1C2,0
3244029,CCC1(C)Cc2c(C#N)c(N)n(-c3ccccc3)c(=O)c2CO1,0
2125086,CCOC(=O)c1c(C)[nH]c(C(=O)COC(=O)c2oc3ccc(OC)cc3c2C)c1C,0
281355,NS(=O)(=O)c1ccc(N=Nc2c(O)c(C(=O)O)cc3ccccc23)cc1,0
2999987,COc1cc(CC(=O)OC2CCOC2=O)cc(OC)c1OC,0
644789,COc1ccc(C(=O)Nc2ccccc2-c2nnn(CC(=O)NCc3ccco3)n2)cc1,0
2873127,COC(=O)C1=C(C)N=C2SCCC(=O)N2C1c1cccs1,0
579342,O=C(Nc1ccncc1)c1ccccc1F,0
5309301,O=C(NCCN1CCOCC1)c1ccc2c(c1)N(Cc1ccccc1)CCS2,0
2566942,C=CCn1c(SCC(=O)N2CC(=O)Nc3ccccc32)nc2scc(-c3cccs3)c2c1=O,0
2856705,COc1ccc(CN2CCCC2C(=O)Nc2ccc(OC)c(OC)c2)cc1OC,0
180933,O=C1C=CC(=O)c2c1ccc1c2ccc2ccccc21,1
3243157,CCN1CCN(C(=O)C2c3cc(OC)c(OC)cc3C(=O)N3CCc4ccccc4C23)CC1,0
49830389,Cc1ccc(NC(=O)Nc2ccc(-c3csc4c(-c5cnn(CC(=O)N(C)C)c5)cnc(N)c34)cc2)cc1,1
3237957,O=C(Nc1ccc2c(c1)OCO2)C(c1ccc(Cl)cc1)N1CCC2(CC1)OCCO2,0
717707,CCN(CC)C(=O)COc1ccc(-c2ccccc2)cc1,0
655435,CCC(c1nnnn1C1CCCCC1)N(Cc1ccco1)Cc1cc2ccc(OC)cc2[nH]c1=O,0
279866,O=C(Nc1ccccc1Cl)c1cnccn1,0
1265263,Clc1ccc(-c2nnc(SCc3nc(-c4ccccc4)no3)o2)cc1,0
3245753,COc1ccc(N=Cc2c(O)[nH]c3ccccc23)cc1OC,0
1010736,O=C(COc1ccc2ccccc2c1Br)N1CCOCC1,0
21622,COc1cccc2sc(N)nc12,0
1234059,c1cncc(-c2nn3c(Cn4cnc5ccccc54)nnc3s2)c1,0
3247144,COC(=O)[C@@]1(Cc2ccc(OC)cc2)[C@H]2c3cc(C(=O)N(C)C)n(CCc4ccc(O)c(OC)c4)c3C[C@H]2CN1C(=O)c1ccccc1,0
3233837,COc1ccc(Oc2ncc3nc(-c4cc(F)cc(F)c4)c(=O)n(C)c3n2)cc1,0
651146,CN(C)c1ccc(C2C3=C(CCCC3=O)OC3=C2C(=O)CCC3)cc1,0
121416719,Cc1cc(-n2ncc3cc(NC(=O)NCC(c4ccccc4)N4CCC(F)(F)CC4)ncc32)ccn1,1
829194,CCN(CC)c1cccc(OC2=NS(=O)(=O)c3ccccc32)c1,0
1652551,CCOc1cc(S(=O)(=O)N2CCN(CC)CC2)ccc1Cl,0
3233292,CC(C)NC(=O)N1CCC2(CC1)CCN(S(=O)(=O)c1ccccc1)CC2,0
757043,C=CCn1c(=O)n(CC=C)c2c(C)cc(C)cc21,0
2390316,O=C(OCCN1C(=O)c2ccccc2C1=O)c1cccc(OC(F)F)c1,0
1644659,Cc1ccc(OCCCC(=O)Nc2ccc(N3CCOCC3)cc2)c(C)c1,0
2335673,O=C(OCC(=O)N1CCN(C(=O)c2ccco2)CC1)c1sc2ccccc2c1Cl,0
971861,O=C(Nc1ccc2c(c1)OCO2)Nc1cnccn1,0
646474,Cc1ccc2cc(CN(CC3CCCO3)C(=O)c3ccco3)c(=O)[nH]c2c1C,0
2999280,CCOc1ccccc1C(=O)NCC(=O)OCC(=O)NCCc1ccc(S(N)(=O)=O)cc1,0
223042,COc1ccc(C(=O)c2ccc(OC)c(OC)c2)cc1OC,0
663014,C=CCn1c(SCC(=O)Nc2ccccc2OC)nnc1-c1ccco1,0
2945967,COc1ccccc1N1CCN(C(=O)c2ccc(S(=O)(=O)N3CCCCCC3)cc2)CC1,0
894880,Cc1ccc(OCc2ccc(C(=O)N3CCOCC3)cc2)cc1C,0
71247539,COc1ccc([C@H](NC(=O)c2cc(F)c3cnc(Nc4ccnn4C)nc3c2)c2cncn2C)cc1F,1
3234143,N#Cc1ccc(CN2CCC3(CC2)CCN(C(=O)c2cccc(F)c2)CC3)cc1,0
1247018,COC(=O)c1sccc1NC(=O)c1c(C)noc1C,0
135444857,O=S1(=O)NC(=NC2CCCCCC2)c2ccccc21,0
650815,COc1ccc(C(C#N)N2CCCCCC2)cc1OC,0
1830507,CCN(Cc1cc2cc(C)ccc2[nH]c1=O)S(=O)(=O)c1ccccc1,0
2997793,Cc1noc(C)c1C(=O)OCC(=O)NCCC1=CCCCC1,0
647495,Cc1nc(N)nc(C)c1Cc1ccccc1,0
2834471,O=C1CC(N2CCOCC2)C(=O)N1c1ccccc1Cl,0
118046803,COC1CCC(c2cnc(N)c(-c3ccc(C(=O)N[C@H](CNC(C)=O)c4cccc(Cl)c4)c(F)c3)n2)CC1,1
413118,CC[N+](C)(CC)CCN1C(=O)c2ccccc2S1(=O)=O,0
653461,Cc1ccc(S(=O)(=O)CCc2nnc(NC(=O)c3ccccn3)s2)cc1,0
6604777,CN1CC[C@@]2(c3cccc(O)c3)Cc3nc4ccccc4cc3C[C@H]2C1,0
654650,O=C(CCCOc1ccccc1)N1CCN(C(=O)c2ccco2)CC1,0
5307538,O=C(NCC1CCCO1)c1ccc2c(c1)N(Cc1ccccc1)C(=O)CS2=O,0
3241861,CC(C)(C)n1ncc2c(=O)n(CC(=O)NCc3ccc(F)cc3)cnc21,0
3246160,O=C(O)[C@H](CCc1ccccn1)c1ccccc1,0
2368566,CCOC(=O)c1sc(N(Cc2ccccc2)C(=O)CN2C(=O)CN(C)C2=O)nc1C,0
977792,CCCc1nnc(SCc2ccc(OC)cc2)n1N,0
3234436,CS(=O)(=O)N1CCC2(CC1)CN(c1cccc(-c3ccccc3)c1)C2,0
3239592,CCCCn1c(SCC(=O)N2CCN(c3ccccc3)CC2)nc2ccsc2c1=O,0
594337,O=C1CC(N2CCCc3ccccc32)C(=O)N1c1ccccc1,0
610514,Cc1cc(-c2ccccc2)c(C#N)c(N)n1,0
135399549,COc1cc2nc(NC(=O)c3ccccc3)[nH]c(=O)c2cc1OC,0
563388,Nc1c(C2=NCCO2)nnn1Cc1ccccc1,0
2277124,COCCNC(=O)CN(c1cc(C(F)(F)F)ccc1Cl)S(C)(=O)=O,0
3245755,CC1CC(C)CN(C(=O)C2CCCN(S(=O)(=O)c3cccc4nonc34)C2)C1,0
646174,CS(=O)(=O)N1CCC(C(=O)Nc2ccc(F)cc2F)CC1,0
5307794,C=CCn1cc(C(=O)NCc2cccnc2)c(=O)c2cc(S(=O)(=O)N(CC)CC)ccc21,0
1554807,CCOCCOC(=O)CCSc1n[nH]c(=O)[nH]c1=O,0
3236550,CCN(CCNC(=O)C1CC(=O)N(CCc2ccccc2)C1)c1ccccc1,0
3233299,Cn1c(=O)c(-c2ccccc2)nc2cnc(N3CCNCC3)nc21,0
2859057,CC1=CC(C)C2C(=O)N(CCCN(C)C)C(=O)C2C1,0
804479,Cc1nnc(C)c2c(C)n(-c3ccc(Br)cc3)c(C)c12,0
645733,CC1CCCCN1C(=O)CSc1ccc(-c2ccc(F)cc2)nn1,0
3233243,CN1CC[C@@]2(CCCN(C(=O)Oc3ccccc3)C2)C1,0
651653,CCn1c(Cc2ccc(OC)cc2)nnc1SCC(=O)NC1CCCCC1,0
710737,CCc1cccc(C)c1NC(=O)CCCC(=O)O,0
3244918,COc1ccc(OC)c2[nH]c(=O)c(CCNC(=O)c3ccc(Br)o3)cc12,0
5308471,CCc1ccc(Nc2cc(C)nc3nc(C)nn23)cc1,0
2999657,CCC(C)NC(=O)COc1ccc(S(=O)(=O)N2CCOCC2)cc1,0
3235754,CCn1c(C)csc1=NC(=O)c1ccccc1,0
1247208,Cc1c(C(=O)NCc2cccs2)oc2ccccc12,0
118380980,C[C@@H](NC(=O)Nc1cc2[nH]nc(NC3CCC(N(C)C)CC3)c2cn1)c1ccccc1,1
2919046,Cc1ccc(CC2S/C(=C(/C#N)C(=O)NCc3ccco3)N(c3ccccc3)C2=O)cc1,0
2999717,COC(=O)c1ccc(CSc2nc3ccccc3c(=O)n2-c2ccc(OC)c(OC)c2)o1,0
3155818,CCCOC(=O)c1ccc(OCC(O)Cn2c(C)nc3ccccc32)cc1,1
1068610,CC1CCN(S(=O)(=O)c2cc(Cl)ccc2Br)CC1,0
644615,CCC1CCCCN1C(=O)CSc1nnc(-c2c[nH]c3ccccc23)o1,0
1184632,O=C(Nc1ccc(N2CCCCC2)cc1)c1cncc(Br)c1,0
658650,O=C1N(CCCN2C(=O)C3(OCCO3)c3ccccc32)c2ccccc2C12OCCO2,0
876830,CCOc1ccc(C(=S)N2CCOCC2)cc1,0
1253429,COc1ccc(S(=O)(=O)N(CC(=O)NC2CC2)C2CCCCC2)cc1Cl,0
2222244,CS(=O)(=O)NCCSc1nnnn1-c1ccccc1,0
2199310,c1ncn(CCCCOc2ccc3c(c2)CCC3)n1,0
3234377,Cc1cccc(CNc2cc(-c3cccnc3)ncn2)c1,0
2960502,N#CC1=C(SCC(=O)Nc2cccc3cccnc23)NC(=O)C(C#N)C12CCCCC2,0
196,O=C(O)CCCCC(=O)O,0
2999427,O=C(COC(=O)c1ccccn1)Nc1ccccc1Cl,0
2304636,CP(=O)(COC(=O)c1ccccc1)COC(=O)c1ccccc1,0
2231557,COc1ccc(-c2noc(CSc3nnc(-c4ccncc4)n3-c3ccc(F)cc3)n2)cc1OC,1
4273754,CCCn1c(C)c(C(=O)c2cccc3ccccc23)c2ccccc21,0
6604380,CCC(=O)O[C@@]1(C(=O)CCl)[C@@H](C)C[C@@H]2[C@H]3CCC4=CC(=O)C=C[C@@]4(C)[C@]3(F)[C@@H](O)C[C@@]21C,0
16758976,CCCCCCC1=Cc2cc(OC)c(OC)cc2C(C(C(C)=O)C(=O)OC)O1,0
54683986,CCCCCCC(=O)Nc1c(O)c2ccccc2[nH]c1=O,0
135459237,CCCCCc1c(C)nc(NCc2ccccc2)[nH]c1=O,0
719637,CCS(=O)(=O)N1CCN(C(=O)c2cccnc2)CC1,0
648324,COc1ccc(CCNC(=O)CSc2nc(-c3ccco3)cc(C(F)(F)F)n2)cc1,0
657851,CCOC(=O)C1=C(C)NC(SCC(=O)O)=NC1c1ccccc1,0
5389731,CCCCCOC(=O)C1[C@H]2C(=O)N(Cc3cccs3)C[C@]23C=C[C@H]1O3,0
135449270,Cn1c(/N=C/c2c(O)ccc3ccccc23)nc2ccccc21,0
2998109,NC(=O)NC(Cc1ccccc1)C(=O)NCC1(N2CCCCC2)CCCCC1,0
118381380,CCNc1n[nH]c2cc(NC(=O)N[C@@H](CN(C)C)c3ccccc3)ncc12,1
2094371,CCN(CC)S(=O)(=O)c1cccc(-c2nnc(SCC(=O)c3ccc(Cl)s3)n2C)c1,0
655667,O=C(CCSc1nnc(-c2ccco2)o1)Nc1ccc(Cl)cc1,0
9568669,CN1CCN(/C=N/c2c(C#N)cnn2Cc2ccccc2)CC1,0
135433175,COc1ccc(N=c2oc3cc(O)ccc3cc2C(=O)Nc2ccccn2)cc1OC,1
184196,CC[C@]1(O)C(=O)OCc2c1cc1n(c2=O)Cc2cc3ccccc3nc2-1,0
754393,CC(=O)NCN1CCN(CNC(C)=O)CC1,0
2193330,Cc1ccc(C(=O)/C=C/Nc2ccccc2C(N)=O)o1,0
655432,COc1ccc(S(=O)(=O)N2CCC(C(=O)N3CCCC3)CC2)cc1,0
92044858,Cc1cc(-c2n[nH]c3cc(NC(=O)N[C@@H]4COC[C@H]4c4ccccc4)ncc23)ccn1,1
3242599,Cc1ccc(Nc2cc(C)nc3nnnn23)cc1,0
1946956,COC(=O)c1ccc2c(=O)n(CCCN3CCOCC3)c(=S)[nH]c2c1,0
6178111,CC(C)N=C(N)/N=C(\N)Nc1ccc(Cl)cc1,0
658492,Cn1c(=O)[nH]c(=O)c2c1nc(Br)n2CCCO,0
3503223,COC(=O)c1c(C)c2c(c(C)c1O)OC(=O)c1c(C)c(Cl)c(O)c(Cl)c1O2,0
135449507,O=C(NCCc1ccccc1)c1ccnc(/C=N/O)c1,0
664090,CSCC[C@H](NC(=O)OC(C)(C)C)C(=O)N1CCC(C(=O)N[C@H](C(=O)O)C(C)C)CC1,0
389490,O=C1CC(c2ccccc2)Sc2ccccc2N1,0
6604417,CC(=O)CC(=O)[C@@]1(O)CC[C@@H]2[C@@H]3C=C(C)C4=CC(=O)CC[C@@H]4[C@H]3CC[C@]21C,0
2997769,Cn1ccnc1SCC(=O)NC1CCCCC1,0
118046538,Nc1ncc(C2CCC(O)CC2)nc1-c1ccc(C(=O)N[C@H](CO)c2cccc(C(F)F)c2)c(F)c1,1
2981304,O=C1CC(N2CCN(c3ccc(O)cc3)CC2)C(=O)N1Cc1cccs1,0
2106091,CCOC(=O)Nc1ccc2c(CN3C(=O)NC4(CCCC4)C3=O)cc(=O)oc2c1,0
650848,Cc1cc(=O)n2c(-c3ccccc3C)n[nH]c2n1,0
639431,c1ccc2c(c1)ncn2CCn1cnc2ccccc21,0
647436,Cc1ccnc(NC(=O)CCC(=O)N(CC(=O)NCC2CCCO2)Cc2ccc(F)cc2)c1,0
2188596,CCCCSc1nnc(-c2ccc(C)cc2)o1,0
118365394,CCOc1n[nH]c2cc(NC(=O)N[C@H](c3ccccc3)[C@H](O)COC)ncc12,1
3245953,O=c1c2ccccc2n(Cc2ccc(Cl)cc2)c(=O)n1Cc1ccco1,0
667285,COc1ccc(-c2cc3ccc(OCc4nn[nH]n4)cc3oc2=O)cc1,0
3242920,O=C(Nc1cccnc1)c1cc(-c2ccc3c(c2)OCO3)on1,0
76071448,COc1n[nH]c2cc(NC(=O)N[C@H](C)c3ccc(F)cc3)nc([C@@H](C)O)c12,1
257095,O=C(O)C1(C(=O)O)CCN(S(=O)(=O)c2ccccc2)CC1,0
659184,COC(=O)c1[nH]c2ccc(C)cc2c1NC(=O)CN1CCCC(C)(C)C1,0
3247283,C[C@@H](C(=O)NCCc1c[nH]c2ccccc12)[C@H]1C[C@]1(C)[C@H](NC(=O)OCc1ccccc1)c1ccccc1,0
2272916,COC(=O)C(C(=O)OC)=C(/C=C/N(C)C)N(C)C,0
6603875,CC(C)N[C@@H](C)Cc1ccc(I)cc1,0
667151,O=C(COc1ccccc1)Nc1ccc2c(c1)nc1n2CCOC1,0
666416,Cc1[nH]n2c(=O)c3c(nc2c1-c1ccccc1)CCCC3,0
313103,COc1ccccc1NC(=O)c1ccccc1SC,0
666383,Cc1nc2nc(-c3ccccc3)cc(=O)n2[nH]1,0
3237182,CCOC(=O)Nc1ccc(C(=O)NCC2CCCO2)cc1,0
5308942,COc1ccc(NC(=O)C2CCCN2S(=O)(=O)c2ccc3c(c2)CCC(=O)N3)cc1Cl,0
5308134,Cc1cc(Nc2ccc(F)cc2C)n2ncnc2n1,0
2165934,O=C(c1cccc(COCC(F)(F)C(F)F)c1)N1CCN(c2ccccc2)CC1,0
598162,O=C(NC1CCCCC1)n1c(=O)oc2ccc(Cl)cc21,0
2947658,COc1cccc(C2CC(c3cccc(Br)c3)n3ncnc3N2)c1,0
571582,CCOC(=O)C(O)(NC(=O)c1cccnc1)C(F)(F)F,0
3239984,CCCCCCNS(=O)(=O)c1ccc(Cl)s1,0
1582733,O=C(O)CCCCNS(=O)(=O)c1ccc(Cl)c(C(F)(F)F)c1,0
654911,O=C(NCCc1ccccc1)C1CCN(S(=O)(=O)c2ccc(-n3cnnn3)cc2)CC1,0
92044842,Cc1cc(-c2n[nH]c3cc(NC(=O)N[C@H](c4ccccc4)[C@@H]4CCCO4)ncc23)ccn1,1
3244266,CCC(C)NC(=O)C1(C)CCC(=O)N1Cc1ccccc1OC,0
3154007,CC(=O)c1ccc(NC(=O)C2CCCN2S(=O)(=O)c2ccc(F)cc2)cc1,0
2961970,Cc1ccc(-c2[nH]nc3c2C(c2ccoc2)C(C#N)=C(N)O3)cc1C,0
655210,COc1cc(S(=O)(=O)N2CCOCC2)ccc1F,0
665954,COCCOC(=O)c1c(C)oc2ccc(OC(=O)c3ccc4c(c3)OCO4)cc12,0
739907,Cc1c(Cl)cccc1NC(=O)CCN1CCCCCC1,0
652997,CCOCCCN(C(=O)CNC(=O)c1ccco1)C(C(=O)NC1CCCC1)c1ccccc1C,0
2541165,COc1ccc(C(C)=O)cc1COC(=O)Cn1cnc2ccccc2c1=O,0
841630,O=C(NCc1ccco1)c1cnccn1,0
654485,CCC(C)(C)NC(=O)C(c1cccn1C)N(Cc1ccccc1)C(=O)Cn1nnc2ccccc21,0
709562,c1ccc(OCCn2cnc3ccccc32)cc1,0
727030,c1cc2c3c(cccc3c1)NC1(CCCCCC1)N2,0
650129,Cc1ccc2cc(CN(Cc3ccc(F)cc3)Cc3nnnn3C3CCCC3)c(=O)[nH]c2c1,0
727779,Cc1csc(NC(=O)Nc2ccc(Cl)cc2)n1,0
135449504,CCn1c(SCc2nc3cc(OC)c(OC)cc3c(=O)[nH]2)nnc1-c1ccncc1,0
652441,COc1ccc(NC(=O)C2CCCN(c3c4c(nc5ncnn35)CCC4)C2)cc1OC,0
2998167,Cc1cc(-c2csc(NC(=O)c3ccc(=O)n(C)n3)n2)c(C)n1CC1CCCO1,0
649851,CC(=O)Nc1nnc(Cc2ccccc2)s1,0
906176,OC[C@@H](O)CSc1ncnc2nc[nH]c12,0
3237425,O=C(CCN1CCN(CC(=O)Nc2ccccc2F)CC1)Nc1ccccc1F,0
655897,Cc1cc(C)c2cc(C(c3nnnn3CC3CCCO3)N3CCN4CCCC4C3)c(=O)[nH]c2c1,0
3241332,CCN(CC)S(=O)(=O)c1ccc(NC2c3ncccc3C(=O)N2Cc2ccccc2)cc1,0
2307952,CN1C(=O)c2ccc(NC(=O)C3CCCCC3)cc2C1=O,0
3244215,c1ccc2c(c1)CCN(c1nc3cc4c(cc3s1)OCCO4)C2,0
2999298,CCOC(=O)CCCNC(=O)COC(=O)CCC(=O)c1ccc(F)cc1,0
665417,Cc1c(Cc2ccccc2)c(=O)oc2c(C)c(OCc3nn[nH]n3)ccc12,0
979502,COC(=O)c1c(C)oc2cc(Br)c(OCC(=O)C(C)(C)C)cc12,0
654824,COc1cc2nc(C3CCC3)n(NC(=O)C3CCC(OC)CC3)c(=O)c2cc1OC,0
683700,Cc1cc2c(c(Sc3ccccc3)n1)C(=O)OC2,0
5742467,C/C(N)=C(/C#N)C(=O)COC(=O)C1Cc2ccccc2CN1S(C)(=O)=O,0
3243115,Cc1ccc(C)n1CCN1CCN(CC(=O)Nc2cc(C(F)(F)F)ccc2Cl)CC1,0
5739838,COc1ccc(OC)c(N/C(C)=C/C(=O)c2ccc(C)o2)c1,0
1247929,Cn1c(=O)n(-c2cccc(Cl)c2)c(=O)n1C,0
656022,O=C(N1CCOCC1)N1CCN(S(=O)(=O)c2ccccc2)C1,0
3240790,CC(NS(=O)(=O)c1ccccc1)C(c1cccs1)N1CCN(C)CC1,0
135415433,CCOC(=O)c1c(C)[nH]c(C(=O)OC/C(O)=C(\C#N)c2nc3ccccc3[nH]2)c1C,0
973869,CN1CCN(C(=O)c2cc(-c3ccccc3)on2)CC1,0
4205526,O=C(CN1CCN(Cc2ccc(F)cc2)C1=O)NCc1cccs1,0
648644,c1cncc(-c2nnc(-c3ccco3)o2)c1,0
3239968,CCCOc1ccccc1NC(=O)c1ccc(N)cc1,0
5308274,O=C(NCc1ccc2c(c1)OCO2)c1nnc(Cc2ccc(F)cc2)o1,0
2964764,CC1CN(c2oc(-c3ccco3)nc2S(=O)(=O)c2ccccc2)CC(C)O1,0
5801,Nc1ccccc1O,0
3243179,O=c1cc(CO)oc(C(Nc2ccccn2)c2ccsc2)c1O,0
3234370,O=C(Nc1cccc(F)c1)N1CC[C@@]2(CCCN(S(=O)(=O)c3ccccc3)C2)C1,0
1089297,Cc1ccc(C)n1-c1ccc(C(=O)N2CCOCC2)cc1,0
3238937,CCOC(=O)c1ccccc1NC(=O)CSc1nnc(Cc2cccn2C)n1-c1ccc(F)cc1,0
768563,[O-]/[N+](=C\c1ccncc1)c1ccccc1,0
273730,COc1cc2c(cc1OC)Cc1cc(OC)c(OC)cc1Cc1cc(OC)c(OC)cc1C2,0
2884552,OC(COc1cccc(OCC(O)CN2CCOCC2)c1)CN1CCOCC1,0
1508539,COc1ccc(F)cc1S(=O)(=O)Nc1ccc2c(c1)OCO2,0
2972571,COCC(=O)N(C)C1(c2nnnn2CCOC(=O)Nc2ccc(Cl)cc2)CCCC1,0
2575386,Cc1ccc(CNC(=O)CSc2nc3ccccc3c(=O)n2CCCO)cc1,0
648796,CCn1nnc(-c2ccccc2NS(=O)(=O)c2ccc(S(=O)(=O)N3CCCCCC3)cc2)n1,0
6407399,Cc1ccc(-c2nnc(N3CCN(C(=O)COc4cccc(C)c4)CC3)c3ccccc23)cc1,1
646150,COc1ccc(N2CCN(C(c3cccs3)c3nnnn3C3CCCC3)CC2)cc1,0
1193009,CCOc1ccc(OCC(=O)Nc2ccc(S(=O)(=O)Nc3cc(C)nc(C)n3)cc2)cc1,0
662599,O=C(c1ccccc1)N1CCCC(C(=O)N2CCCCCC2)C1,0
662545,Cc1ccccc1-c1nnc(SCC(=O)Nc2ccc3c(c2)OCCO3)n1N,0
646128,O=C(NCCc1ccccc1)C1CCCN(C(=O)NC2CCCCC2)C1,0
3735201,O=C(C1CCCN(S(=O)(=O)c2ccccc2)C1)N1CCCCCC1,0
655769,CC(C)c1nnc(NC(=O)CSc2nc3ccccc3s2)s1,0
3233537,O=C(Nc1cccc(F)c1)N1CC2(CCN(C(=O)c3ccco3)CC2)C1,0
650889,CCCCN(C(=O)c1ccco1)c1nnc(-c2cc(OC)c(OC)c(OC)c2)s1,0
2975834,CC1CCN(S(=O)(=O)c2ccc(NC(=O)CN3CCN(c4ccccc4)CC3)cc2)CC1,0
1242782,O=C(Oc1c(CN2CCOCC2)cc(Cl)c2cccnc12)c1ccc(F)cc1,0
3246199,S=C1NCN2CCN(CC2)CNC(=S)C(=S)NCN2CCN(CC2)CNC1=S,0
2939602,CC(CC(=O)O)CC(=O)Nc1ccccc1C(=O)O,0
250319,c1ccc(CN2CCC3(CC2)SSC2(CCN(Cc4ccccc4)CC2)SS3)cc1,0
663474,COC(=O)c1[nH]c2cc(OC)ccc2c1NC(=O)CN1CCOCC1,0
612424,CCn1c(N)c(C(=O)NC)sc1=S,0
662110,COc1ccc(NC(=O)Cn2c(C)cc(=O)c3cccc(OC)c32)cc1,0
663150,CC(C)(C)C(=O)NC1(C(F)(F)F)C(=O)Nc2c1c(=O)[nH]c(=O)n2Cc1ccco1,0
657709,N[C@@]12CCc3nonc3[C@]1(O)CC(c1ccccc1)=[N+]2[O-],0
3108852,O=C1CCCCCC1C1(O)C(=O)Nc2ccccc21,0
2955378,O=C(CC1NC2CCCCC2NC1=O)Nc1cccc(C(F)(F)F)c1,0
654848,CCOC(=O)c1cccc(NC(=O)CSc2nnc(C)n2Cc2ccccc2)c1,0
3036864,CN1CCc2cc(Cl)c(O)cc2[C@@H](c2ccccc2)C1,0
663692,CCN(Cc1cc2ccccc2[nH]c1=O)C(=O)C(C)C,0
664775,Nc1c2c(nc3ccn(-c4ccccc4)c(=O)c13)CCCCC2,0
3244832,Cn1c(C(=O)N2CCN(c3ccc(Cl)cc3)CC2)cc2c(=O)[nH]c3ccccc3c21,0
3237638,CCC1CCCCN1CCCNC(=O)Cn1nc(-c2ccccc2)ccc1=O,0
1249967,COc1cccc(C(=O)Nc2cccc(OC(C)=O)c2)c1,0
3937,NCCCCC(NC(CCc1ccccc1)C(=O)O)C(=O)N1CCCC1C(=O)O,0
2943317,O=C(CN1CC(c2ccccc2)CC1=O)OCc1ccccc1F,0
650073,O=C(Nc1ccc2c(c1)oc1ccccc12)N1CCOCC1,0
646770,CCOC(=O)CN1C(=O)C(C)(C)Oc2ccc(C(=O)Nc3ccccc3OC)cc21,0
2052852,O=C(CSc1nc2c(c(=O)n1-c1ccc(F)cc1)SCC2)Nc1ccc2c(c1)OCO2,0
55660,O=c1oc2ccccc2c2c1ncn2C1CCCCC1,0
649259,CN(c1ccccc1)C(c1ccc(F)cc1)c1nnnn1C1CCCC1,0
664490,CCCOC(=O)c1ccc(Oc2c(-c3ccc(OC)cc3O)n[nH]c2C)cc1,0
3241682,CCOC(=O)C1CCN(C(=O)C2CCN(S(=O)(=O)c3c(C)noc3C)CC2)CC1,0
784133,COc1cc(CNC2CCCCCC2)cc(OC)c1OC,0
2997858,O=C(COC(=O)CCc1c[nH]c2ccccc12)NC1CCS(=O)(=O)C1,0
2945968,O=C(NC1CCS(=O)(=O)C1)c1ccc(S(=O)(=O)NCC2CCCO2)cc1,0
3236014,CCN(CCCNC(=O)CN1C(=O)COc2ccccc21)c1cccc(C)c1,0
3237859,COc1ccc(S(=O)(=O)NC(CC(=O)NCCc2ccc(OC)c(OC)c2)c2ccco2)cc1,0
3238936,COc1ccc(CCNC(=O)C2CCN(S(=O)(=O)N3CCOCC3)CC2)cc1OC,0
2238616,O=C(N1CCCCCC1)N1CCN(C(=O)N2CCOCC2)CC1,0
2941732,CC1CCc2c(sc(NC(=O)c3ccc(Cn4cc(Br)cn4)o3)c2C(N)=O)C1,0
3238894,CCCS(=O)(=O)N1CCC(C(=O)NC2CCCCC2C)CC1,0
209395,Cc1nc2sc3c(c2c(=O)[nH]1)CCCC3,0
118365092,COC[C@@H](NC(=O)Nc1cc2[nH]nc(OC3CCC(C)(OC)CC3)c2cn1)c1ccccc1,1
246560,CCOc1ccc(NC(=O)C2CCC(C)(C(=O)O)C2(C)C)cc1,0
49830391,Cc1ccc(F)c(NC(=O)Nc2ccc(-c3coc4c(-c5cccnc5)cnc(N)c34)cc2)c1,1
651086,COc1ccc(-c2cc(C(F)F)nc(-n3nc(C)cc3C)n2)cc1,0
650027,CCS(=O)(=O)c1ccc(O)c(N2C(=O)C3C4C=CC(C4)C3C2=O)c1,0
1294784,CC(=O)c1cccc(NC(=O)Nc2ccc(C(=O)N3CCOCC3)cc2)c1,0
3242230,O=C(O)c1cccc(NC(=O)c2cccc(S(=O)(=O)N3CCCCC3)c2)c1,0
3237901,O=C(NCCCN1CCCC1)Nc1cccc2ccccc12,0
16758272,CO[C@H]1COC(=O)[C@H](C)NC(=O)C/C=C\[C@@H](C)[C@H](OC)COC(=O)[C@@H](OCc2ccccc2)/C=C\[C@@H]1C,0
3233796,COc1cccc(Cn2c(=O)c(-c3ccccc3)nc3cnc(OC)nc32)c1,0
2098634,CSc1nc2ccc(NS(=O)(=O)c3ccc(Cl)s3)cc2s1,0
645058,CCOC(=O)C1=C(C)OC(N)=C(C#N)C1c1c(C)nn(-c2ccc(C)cc2)c1Cl,0
647932,CCNC(=O)C1CC(=O)N(Cc2ccc3c(c2)OCO3)C(=Nc2ccc(F)cc2)S1,0
701150,Cc1cc(S(=O)(=O)NCC(=O)O)ccc1F,0
3232633,Cc1nc2cnc(N3CCOCC3)nc2n(CCC#N)c1=O,0
653976,CCCN(Cc1ccccc1)S(=O)(=O)c1ccc(N2C(=O)CCC2=O)cc1,0
2147271,COc1ccc(CCNC(=O)CSc2nnc(Cc3csc(N)n3)n2C)cc1OC,0
667062,N=c1c2c3c(sc2ncn1CCCN1CCOCC1)CCCCC3,0
3239346,O=C1CSC(c2ccccn2)N1c1cccc(Cl)c1,0
646334,Cc1sc(NC(=O)CSc2nc(N)n(CC(=O)c3ccccc3)n2)c(C#N)c1C,0
3246206,C[C@@H]1NCC[C@H](CC(=O)O)[C@H]1CC(=O)O,0
2116482,CC(=O)N1CCN(S(=O)(=O)c2cccc(C(=O)Nc3nc4ccccc4[nH]3)c2)CC1,0
646103,CCOC(=O)Cn1cc(C(=O)c2ccco2)c2ccccc21,0
751269,Cn1c(CCNC(=O)c2ccccc2)nc2ccccc21,0
653412,Cn1c(SCC(=O)NCc2ccc3c(c2)OCO3)nnc1-c1cc2ccccc2cc1O,0
118380857,C[C@@H](NC(=O)Nc1cc2[nH]nc(NCC3CC3)c2cn1)c1ccccc1,1
654500,COc1ccc(S(=O)(=O)N(CC(=O)NCC2CCCO2)c2ccccc2)cc1OC,0
967894,COc1ccc(C)cc1S(=O)(=O)Nc1cccc(Cl)c1,0
653951,O=C(CSc1nnc(-c2ccco2)n1Cc1ccco1)N1CCOCC1,0
135444279,CCN(CC)c1ccc(NC(=O)CSc2nc(C)cc(=O)[nH]2)cc1,0
645317,Cc1nnc(Nc2ccccn2)c2ccccc12,0
3241057,Cc1cccc(C)c1NC(=O)Cn1c(=O)n(CCC(=O)NCc2ccco2)c(=O)c2sccc21,0
2576680,CCCn1c(SCC(=O)NC(=O)NCc2ccco2)n[nH]c1=O,0
939027,Cc1ccc(-n2nnnc2SCC(N)=O)c(C)c1,0
2532303,Cc1cc(C(=O)CSc2nn(-c3ccccc3)c(=S)s2)c(C)n1Cc1ccco1,0
2088777,O=C(C1=COCCO1)N1CCN(C(c2ccccc2)c2ccccc2)CC1,0
2979389,COc1ccc(S(=O)(=O)N2CCCC(C(=O)Nc3cccc(C(C)=O)c3)C2)cc1,0
935063,CNC(=O)CCC(=O)Nc1ccc(C(=O)OC)cc1,0
2999935,Cc1cc(Nc2nc3c(c(=O)n(C)c(=O)n3C)n2C)n(-c2ccccc2)n1,0
2997760,COc1cccc(C(O)c2cnc(C(C)C)n2C)c1OC,0
5742574,C/C(N)=C(/C#N)C(=O)CSc1nnc(NC(C)C)s1,0
92044742,Cc1cc(-c2n[nH]c3cc(NC(=O)NCC4CCN(Cc5ccccc5)C4)ncc23)ccn1,1
118365132,COc1n[nH]c2cc(NC(=O)N[C@H](COC(F)F)c3ccccc3)ncc12,1
3671,CC(C)C(=O)c1c(C(C)C)nn2ccccc12,0
651862,COC(=O)CC1Sc2ccccc2NC1=O,0
655626,O=S(=O)(c1ccc(Cl)cc1)N1CN2CCN(C2)C1,0
119057322,CC(=O)N1CCC[C@H]1[C@@H](NC(=O)N1CCc2cnc(NC(C)C)nc2C1)c1ccc(Cl)c(F)c1,1
3242790,Cc1cc(N)c(NC2=CC(=O)CC(C)(C)C2)cc1C,0
647163,COc1ccccc1NC(=O)COc1cccc(-n2cnnn2)c1,0
11948948,CCC1=C(OC(=O)N(CC)CC)N2C(=O)OC(=NCC(=O)OC)[C@]2(C)[C@H]2C1=CC[C@H]1C(=O)N(CC(=O)OC)C(=O)[C@H]12,0
649968,Cc1cnc(C(=O)Nc2nnc(C(C)C)s2)cn1,0
646674,O=C(CSc1nnnn1Cc1ccccc1)Nc1ccc2c(c1)OCCO2,0
17019740,O=C(/C=N/O)NCc1ccncc1,0
646816,Clc1cccc(NCc2nnc(SCc3ccccc3)o2)c1,0
1242767,COc1cc(C(=O)Nc2oc(-c3ccccc3)c(-c3ccccc3)c2C#N)cc(OC)c1OC,0
646910,COC(=O)C1(CCSC)NC(c2ccco2)C2C(=O)N(C)C(=O)C21,0
660711,CC(=O)Nc1ccc(S(=O)(=O)Nc2nc3ccccc3nc2N2CCCC2)cc1,0
3240993,COc1ccccc1N(CN1CCCC1=O)C(=O)c1c(F)cccc1Cl,0
92044802,Cc1cc(-c2n[nH]c3cc(NC(=O)N[C@@H]4c5ccccc5C[C@H]4N(C)C)ncc23)ccn1,1
652249,CN(C(=O)c1ccncc1)c1nnc(-c2cnccn2)s1,0
658999,CCn1nnnc1-c1ccc(OC)c(S(=O)(=O)N2CCCCC2)c1,0
3238811,Cn1c(=O)c2cc(S(=O)(=O)NCCC(=O)Nc3ccc(Cl)cc3)ccc2n(C)c1=O,0
2199144,Cc1ccc(SCCCn2cncn2)cc1,0
653529,CC(C)(C)NC(=O)CN(Cc1cccnc1)C(=O)c1csnn1,0
6604832,Cc1c2oc3c(C)ccc(C(=O)N[C@@H]4C(=O)N[C@@H](C(C)C)C(=O)N5CCC[C@@H]5C(=O)N(C)CC(=O)N(C)[C@@H](C(C)C)C(=O)O[C@H]4C)c3nc-2c(C(=O)N[C@@H]2C(=O)N[C@@H](C(C)C)C(=O)N3CCC[C@@H]3C(=O)N(C)CC(=O)N(C)[C@@H](C(C)C)C(=O)O[C@H]2C)c(N)c1=O,0
3242290,CCOC(=O)N1CCN(S(=O)(=O)c2ccc(C(=O)Nc3sc4c(c3C#N)CCC4)cc2)CC1,0
646084,CCCC(=O)Nc1nnc(-c2ccco2)s1,0
1248883,Cn1c(Cc2cccs2)nnc1SCc1nc2ccccc2[nH]1,0
3245999,O=C1NC(=O)[C@@](Cc2ccccc2)(c2cccnc2)N1,0
1492379,O=C(Nc1nc2ccccc2n1CCOc1ccc(Cl)cc1)c1ccco1,0
684453,N#Cc1cnn(CC2CCCCC2)c1N,0
3242390,CCOC(=O)N1CCN(C(=O)CC(=O)Nc2ccc3nc4n(c(=O)c3c2)CCCCC4)CC1,0
240,O=Cc1ccccc1,0
875360,O=C1CC(=O)CC(c2ccccc2Cl)C1,0
2159,CCN1CCCC1CNC(=O)c1cc(S(=O)(=O)CC)c(N)cc1OC,0
1283104,Clc1cccc(Cl)c1-c1nnc2ccc(N3CCOCC3)nn12,0
790307,CC(=O)CCc1c(C)[nH]c2ccccc2c1=O,0
647743,Oc1ccc(-c2cccc(-c3ccc(O)cc3)n2)cc1,0
1022785,Cc1onc(-c2c(Cl)cccc2Cl)c1C(=O)Nc1ccc2c(c1)OCO2,0
2895954,CSc1nnc2c(n1)OC(c1cn(C)c3ccccc13)N(C(C)=O)c1ccccc1-2,0
650771,CCC(=O)N(Cc1cc2cc(OC)ccc2[nH]c1=O)c1cc(C)ccc1C,0
646994,Cc1ccc(S(=O)(=O)N(Cc2cc3cc4c(cc3[nH]c2=O)OCCO4)CC2CCCO2)cc1,0
665375,Cc1cc(N2CCOCC2)n2nc(C)c(-c3ccccc3)c2n1,0
5198,CC1CCC(NC(=O)N(CCCl)N=O)CC1,0
3241651,CCOC(=O)c1c(C)c(C(=O)NCc2ccc3c(c2)OCO3)c(C)n1CC,0
118380772,CCN(CC)c1n[nH]c2cc(NC(=O)N[C@H](COC)c3ccccc3)ncc12,1
1589729,COc1ccc(OC)c(S(=O)(=O)Nc2ccc(O)c(Sc3ncn[nH]3)c2)c1,0
277277,Nc1ccc(-c2ccc(Nc3cc(S(=O)(=O)O)c(N)c4c3C(=O)c3ccccc3C4=O)cc2)c(S(=O)(=O)O)c1,0
3239053,Cc1ccccc1Cn1cc(NC(=O)c2cc(-c3cccs3)on2)cn1,0
653772,CC(=O)C1=C(O)C(=O)N(Cc2ccccc2)C1c1ccco1,0
2927621,COc1ccc(N(C(C)C(=O)NC2CCCCCC2)S(C)(=O)=O)cc1,0
6408752,O=C(c1ccco1)c1n[nH]nc1-c1ccccc1,0
5367004,CC1=NN(c2ccccc2)C(=O)/C1=C\C=C1\N(C)c2ccccc2C1(C)C,1
1242202,Nn1c(SCC(=O)Nc2ccc3c(c2)OCO3)nnc1-c1ccncc1,0
16758745,CC(C)CO/N=C1/C[C@@H](O)[C@@H](O)[C@@H]2[C@@H]3C(=O)N(C4CCCCC4)C(=O)[C@H]3CC[C@@H]12,0
894605,COC(=O)Nc1ccc(OCc2ccccc2)cc1,0
2954467,COc1cccc(NC(=O)COc2ccc(N3CC(C(=O)NCC(C)C)CC3=O)cc2)c1,0
3244507,CC(=O)c1cc(-c2ccccc2)n(CC(=O)N2CCN(C3CCCC3)CC2)c1C,0
2973613,Cc1ccc(NC2CC(=O)N(c3ccc(N4CCCCC4)cc3)C2=O)cc1,0
657457,COc1ccc(-c2[nH]ncc2-c2ccc3c(c2)OCCO3)c(O)c1,0
665032,Cn1c(SCc2ccc(C#N)cc2)nnc1-c1ccccc1,0
665581,CC1S/C(=C(\C#N)C(=O)NCc2ccco2)N(c2ccc(F)cc2)C1=O,0
2187524,C=CCOC(=O)COc1ccc2c(C)c(CC)c(=O)oc2c1,0
650602,CCOc1ccc2[nH]c(=O)c(CN(CCOC)C(=O)N3CCOCC3)cc2c1,0
649708,O=c1c2c(nc3cc(-c4ccc(F)cc4)[nH]n13)CCCC2,0
3246580,O=C(O)CC12C[C@H]3C[C@@H](CC(O)(C3)C1)C2,0
646978,CCCn1c(SCC(=O)NCCc2ccc(OC)c(OC)c2)nc2c1c(=O)n(C)c(=O)n2C,0
761901,c1ccc2c(c1)nc1n2CCN1CCNC1CCCCC1,0
663466,CN1CCN(CC#CCn2c3ccccc3c3ccccc32)CC1,0
1153594,COc1ccccc1N1CCN(C(=O)COc2ccc(Cl)cc2)CC1,1
891632,O=C(CSc1ccccn1)N1CCN(c2ccccc2)CC1,0
654698,CN(C)C(=O)N1CCN(C(=O)N(C)C)CC1,0
1119291,O=C(CN1CCOCC1)Nc1c(-c2ccccc2)c2cc(Br)ccc2[nH]c1=O,0
801726,Cc1ccc(-c2nn(CC(=O)O)c(=O)c3ccccc23)cc1,0
3235010,Cn1cccc1C(=O)N1CCC2(CC1)CN(C(=O)Nc1cccc(C#N)c1)C2,0
3245423,O=C(NCc1ccco1)c1ccc(CS(=O)(=O)c2cccc(C(F)(F)F)c2)o1,0
654163,CCOc1ccccc1NC(=O)C1CCN(c2ccc(S(=O)(=O)N3CCCC3)cc2)CC1,0
3234375,CC(=O)N1CCC2(CCCN(c3ccccc3)C2)CC1,0
4777443,COCCNC(=O)c1cc(-c2cccs2)on1,0
3235605,CCn1c(C(C)NC(=O)Cc2ccccc2)nc2ccccc21,0
3233639,COc1ccccc1CN1CCC2(CC1)CCN(S(C)(=O)=O)CC2,0
2972800,O=C(Nc1ccc(O)c(C(=O)O)c1)c1ccc2c(c1)C(=O)N(CC1CCCO1)C2=O,0
531888,COc1ccc(OC)c(NC(=O)C2CCCC2)c1,0
2299882,CCOc1cccc(OCCCCN2CCOCC2)c1,0
3235595,CSc1c(CC(=O)NCCO)n(C)c2ccccc12,0
3235001,c1ccc(N2CC3(CCNCC3)C2)cc1,0
5309682,CCOC(=O)c1oc2ccc(S(=O)(=O)n3nc(-c4ccc(OC)cc4)cc3N)cc2c1C,0
663462,CCC1(NC(C)=O)CC2CC1CC2NC(C)=O,0
118404595,COc1ccc(CNC(=O)N2Cc3nc(NC4CCOCC4)ncc3C2(C)C)cc1,1
704624,c1ccc(Nc2nc(-c3cccnc3)cs2)nc1,0
2135723,N=c1oc2c3c4c(cc2cc1C(=O)Nc1ccccc1)CCCN4CCC3,0
3244810,CC1CCN(S(=O)(=O)c2ccc3c(c2)CCN3C(=O)CCC(=O)O)CC1,0
660019,COC(=O)CC1(Cc2ccccc2)C(=O)NC(=O)NC1=O,0
656298,O=C(c1ccc2c(c1)OCCCO2)c1cccs1,0
663286,c1ccc(-c2nnc(SCc3nc4ccccc4[nH]3)n2Cc2ccco2)nc1,0
658273,NCC12CC3CC(C1)CC(CN)(C3)C2,0
3246119,O=C(O)[C@H](Cc1cc(I)c(O)c(I)c1)C1CCCCC1,0
118045759,Nc1ncc([C@@H]2CCS(=O)(=O)C2)cc1-c1ccc(C(=O)NCc2ccccc2)c(F)c1,1
5308209,Cn1cccc1Cc1nnc(SCC(=O)N2CCc3ccccc32)n1CCc1ccccc1,1
654940,COC(=O)C1(C)NC(c2cccs2)C2C(=O)N(c3ccc(F)cc3)C(=O)C21,0
651552,Cc1nn(-c2ccccc2)c(Cl)c1C(=O)N1CCN(c2ncnc3c2cnn3-c2ccccc2)CC1,0
1535318,O=C(Nc1ccccn1)C1CCN(S(=O)(=O)c2cccs2)CC1,0
2879028,COc1ccccc1NC(=O)C1=C(C)NC(=O)NC1c1cccc(OC)c1OC,0
2998656,COc1ccc(N2CCN(C(=O)CC(NC(N)=O)c3cccc(Oc4ccccc4)c3)CC2)cc1,0
782526,CCOC(=O)CN(C)Cc1c[nH]c2ccccc12,0
3239873,Cc1cc(NC(=O)c2noc3c2CCCC3)nn1Cc1ccc(Cl)cc1,0
667387,COCCn1c(C)cc2c(c1=O)C(c1ccccc1F)C(C#N)=C(N)O2,0
2375568,COc1ccc(CC(=O)OCC(=O)Nc2ncc(Cl)cc2Cl)cc1,0
646018,COc1cccc(C2CC(C(F)(F)F)n3ncc(C(=O)NCC4CCCO4)c3N2)c1,0
664003,COc1ccc2c(c1OC)C(=O)OC2c1c(O)n(Cc2ccc(F)cc2)c(=O)[nH]c1=O,0
3243068,Cn1c(=O)cc(OCC(=O)Nc2ccccn2)c2ccccc21,0
2057605,CCN(CC)CCCNC(=O)c1ccccc1C,0
2941853,CC(=O)NC(C)C12CC3CC(CC(CC(=O)O)(C3)C1)C2,0
118365417,C[C@@H](NC(=O)Nc1cc2[nH]nc(OCCn3cccn3)c2cn1)c1ccccc1,1
447407,CC(C)(C)c1o[nH]c(=O)c1C[C@H](N)C(=O)O,0
2904610,CCOC(=O)C1CCCN(C(=O)Cc2ccc(OC)c(OC)c2)C1,0
3243929,O=C(CSc1nnc(C2COc3ccccc3O2)o1)N1CCCc2ccccc21,0
2998234,CSCCC(C(=O)Nc1ccc2c(c1)OCO2)N1C(=O)c2ccccc2C1=O,0
306227,O=C(Nc1cccc(C(F)(F)F)c1)c1ccco1,0
3246001,O=C(O)c1ccccc1N[C@H](c1ccccc1)c1ccc2cccnc2c1O,0
73677,COc1cc(C)c2c(c1C=O)Oc1c(c(C)c(O)c3c1C(O)OC3=O)OC2=O,0
228569,CC(CCC(=O)O)(c1cc(Br)c(O)c(Br)c1)c1cc(Br)c(O)c(Br)c1,0
16759146,CC(=O)c1ccsc1B(O)O,0
664599,CC(C)N(Cc1cc2ccccc2[nH]c1=O)C(=O)C1CCCCC1,0
5308343,O=C(CC1Oc2ccccc2NC1=O)NCCc1ccccc1,0
649782,CC1=C(C(=O)Nc2ccccc2)C(c2ccco2)C(C#N)=C(SCC(=O)Nc2cccc(C)c2C)N1,0
16757935,COC(=O)CC1C(C)(C)C(=O)C2CC3=C4CC(=O)OC(c5ccoc5)[C@]4(C)CCC3[C@@]1(C)C2=O,0
2905222,CCOc1cc(C(=O)NC(C)COC)cc(OCC)c1OCC,0
3233046,COc1ncc2nc(-c3cn(C)c4ccccc34)c(=O)n(-c3ccccc3)c2n1,0
1946667,S=c1nc2ccccc2c2nc(-c3ccccc3)[nH]n12,0
666588,COc1cc(C2c3c(oc4ccccc4c3=O)C(=O)N2Cc2ccncc2)ccc1O,0
3241618,COc1ccc(C2C(C(=O)NCCN3CCOCC3)c3ccccc3C(=O)N2C)cc1OC,0
1163553,CCc1ccccc1N(CC(=O)N1CCN(c2ccc(F)cc2)CC1)S(C)(=O)=O,0
3246367,C[C@@H]1O[C@H](OC2[C@@H](O)[C@H](O)C(O)[C@H](O)[C@H]2O)[C@@H](N)C[C@@H]1N=C(N)C(=O)O,0
4888254,COCCN1C(=O)c2oc3ccccc3c(=O)c2C1c1cccc(O)c1,0
5459724,CC1(C(=O)NCCN2CCOCC2)C=CC2(CCCCC2)N1C(=O)c1ccccc1,0
271643,O=C(O)c1cc2cc(Cl)ccc2oc1=O,0
1295615,CCN(CC)S(=O)(=O)c1ccc(NC(=O)CN(c2ccc(OC)cc2OC)S(C)(=O)=O)cc1,0
2367657,O=C(OCC(=O)N1CCN(C(=O)c2ccco2)CC1)c1cn(-c2ccccc2)nc1-c1ccccc1,0
3239569,Cc1csc(NC(=O)C(NS(=O)(=O)c2ccc(Br)s2)c2ccccc2)n1,0
2215525,O=C(CSc1ncn(-c2ccccc2)n1)Nc1ccc2c(c1)OCCO2,0
1256251,COc1ccc(NC(=O)Nc2c(C)n(-c3ccccc3)c(=O)n2C)cc1OC,0
2160377,CCOc1ccc(C(=O)Nc2c3c(nn2-c2cccc(Cl)c2)CS(=O)C3)cc1,0
3238330,C=CCN1C(=O)C2(c3ccccc31)C1CCCC=C1C(C#N)=C(N)C2(C#N)C#N,0
658605,O=c1c2[nH]c3ccccc3c2ncn1CCN1CCCCC1,0
663975,CCCc1nnc(NC(=O)CCC(=O)Nc2ccc(F)cc2)s1,0
646997,O=C(NCC(=O)N(c1ccc2c(c1)OCO2)C(C(=O)NC1CCCC1)c1cccs1)c1ccco1,0
274453,O=C(O)CC(CC(=O)O)n1cccc1,0
3245134,Cc1ccc(CCN2CC(C(=O)NC3CCCC3)CC2=O)cc1,0
3234025,O=c1c(-c2cc(F)cc(F)c2)nc2cnc(N3CCOCC3)nc2n1C[C@H]1CCCO1,0
645320,Cc1ccc(C)c2[nH]c(=O)c(CN(CCN3CCCC3)C(=O)Nc3cccc(Cl)c3)cc12,0
64798,O=C(O)CC(c1ccccc1)c1ccccc1,0
3237448,Cc1ccc(Cl)cc1NC(=O)Cn1cccc1,0
2931090,CC(C)CC(=O)NCC(C)NC(=O)CC(C)C,0
664320,CC(C)OCCCN1CN(S(=O)(=O)c2ccccc2)c2nc3ccccc3nc21,0
649287,Cc1nc(SCC(=O)NCCc2ccccc2)n[nH]1,0
653064,COc1ccc(-c2ccc(-c3nnn(CC(C)=O)n3)cc2)cc1,0
799770,CC(C)Oc1ccc(C(=O)Nc2ccc(N(C)C)cc2)cc1,0
651601,COc1cc(-c2nc(S(=O)(=O)c3ccc(C)cc3)c(N3CCOCC3)o2)cc(OC)c1OC,0
1163504,CS(=O)(=O)N(CC(=O)N1CCN(c2ccccc2F)CC1)c1cccc(C(F)(F)F)c1,0
3246278,O=C(Nc1ccc2c(c1)Cc1ccccc1-2)[C@@H]1[C@H](C(=O)O)[C@]2(Cl)C(Cl)=C(Cl)[C@@]1(Cl)C2(Cl)Cl,0
713160,COc1cc(OC)cc(C(=O)Nc2ccc3c(c2)COC3=O)c1,0
3232702,c1cncc(CNc2ncncc2-c2cccnc2)c1,0
644457,O=C(OCc1nc(-c2ccccc2)oc1COC(=O)c1ccco1)c1ccco1,0
647755,CCOc1ccccc1-n1c(COc2ccc(C)cc2)nnc1SCC(N)=O,0
5459422,COc1ccc2nc3c(c(-c4ccccc4)c2c1)CCC3,0
2570484,Cc1noc(C)c1CSCC(=O)OCC(=O)Nc1sccc1C#N,0
2239590,COC(=O)c1c(NC(=O)CSc2nnnn2-c2ccccc2)sc2c1CCCC2,0
652871,CC(C)OC(=O)CSc1nnc(Cc2ccccc2)n1C,0
5307584,CCCSc1nnc(Cn2c(=O)sc3ccccc32)n1-c1ccccc1,0
3000205,C=CCn1c(SCn2nnc3ccccc3c2=O)nnc1-c1ccc(Cl)cc1,0
645688,Cc1nnc(SCC(=O)Nc2cccc(C(F)(F)F)c2)n1Cc1ccco1,0
666408,Cc1ccc2c(c1)CC1(CN2C)C(=O)NC(=O)N(c2cccc(C)c2C)C1=O,0
3234328,CCNc1ncc2nc(C)c(=O)n(Cc3cccs3)c2n1,1
659705,COc1ccc(CNC(=O)C(C#N)c2nc3ccccc3nc2N2CCCC2)cc1,0
3243709,COC(=O)c1ccccc1NC(=O)c1noc2c1CCCC2,0
3232683,N#Cc1cccc(NC(=O)N2CCCC3(CCN(C(=O)c4ccncc4)CC3)C2)c1,0
172268,[O-][N+]1(CC[N+]2([O-])CCCCC2)CCCCC1,0
5309546,O=C(Cn1cc2c(n1)CCCC2)Nc1ccccc1Br,0
3242486,CC(C)C1N=C2c3ccccc3N=C(SCC(=O)c3ccc(O)c(O)c3)N2C1=O,0
2997557,Nn1cc(-c2ccccc2)nc1SCC(=O)N1CCN(S(=O)(=O)c2ccccc2)CC1,0
661350,COc1cccc(C2C(C(=O)c3sc(C)nc3C)=C(O)C(=O)N2CCN2CCOCC2)c1,0
1302330,Cc1c(NC(=O)c2cc(-c3ccccc3)on2)c(=O)n(-c2ccccc2)n1C,0
2882920,CC(=O)NCCOc1ccc2oc3ccccc3c2c1,0
7724,Cc1ccc(C#N)cc1,0
5309505,CCCN1C(=O)c2cc(C(=O)NC3CCCC3)ccc2C1O,0
866874,O=C(CSc1nnc(Cc2ccccc2)o1)NC1CCCCC1,0
662520,CC(=NCc1ccc(F)cc1)c1c(O)n(C)c(=O)n(C)c1=O,0
5307548,c1ccc2c(c1)nc(NCC1CCCO1)c1nnnn12,0
5307644,O=C1CCc2cc(S(=O)(=O)N3CCC(C(=O)NC4CCCC4)CC3)ccc2N1,0
3240086,Cc1nc2ccccc2c(=O)n1NC(=O)c1ccc(F)cc1Cl,0
1154993,CC(C)(C)NC(=O)CSc1nnc(-c2ccncc2)n1Cc1ccccc1,0
1324479,Cc1cccc(OCc2nnc(SCC(=O)NCCc3ccccc3)o2)c1,0
6324547,Cc1ccc(Cn2c3ccccc3c3cn[nH]c(=O)c32)cc1,0
1246492,O=C(Cc1cccs1)NCc1ccccc1F,0
752739,CCCC12CN3CC(C)(CN(C1)C3c1ccc(OC)cc1)C2=O,0
11949131,COC(=O)[C@@H]1C[C@@]2(O)[C@@H](O)[C@@H](O)[C@@H](O)C[C@H]2N1Cc1ccc(N2CCOCC2)cc1,0
255024,CC(=O)Nc1ccccc1C=C1c2ccccc2-c2ccccc21,0
6899,Oc1c(Cl)cccc1Cl,0
3766486,CCN(CC)CCCN=C(C)c1c(O)n(C2CCCCC2)c(=O)[nH]c1=O,0
3242122,CCC1Oc2ccccc2N(CC(=O)NCCN2C(C)CCCC2C)C1=O,0
1359190,Cc1ccc(OCC(=O)N2CCN(C(=O)Cc3ccccc3)CC2)cc1,0
3232816,COc1ccccc1CN1CC[C@@]2(CCCN(S(C)(=O)=O)C2)C1,0
646999,Cc1ccccc1-c1nc(-c2cccnc2)no1,0
661742,O=c1c2c3nc4ccccc4nc3n(-c3ccc4c(c3)OCCO4)c2ncn1C1CCCC1,0
3243011,Cc1ccc2c(c1)N(CCC(=O)NCc1ccco1)C(=O)CO2,0
5309907,COc1ccccc1S(=O)Cc1ccc(C(=O)NCCc2ccc(Cl)cc2)o1,0
2160308,COc1ccc(CC(=O)Nc2c3c(nn2-c2ccccc2C)CS(=O)C3)cc1,0
345824,COc1ccc2nccc(C(=O)O)c2c1,0
533557,[N-]=[N+]=Nc1nc2c(N)ncnc2n1C1OC(CO)C(O)C1O,0
649168,O=C(N1CCCCC1)C1(c2ccccc2)CCOCC1,0
3242832,COc1ccc(C(=O)Nc2ccc(Cl)c(Cl)c2)c(OC)n1,0
3246387,NC(=O)[C@@H]1CCCN1Cc1ccc2c(c1)OCO2,0
778511,CCN(C#N)c1nc(NC(C)C)nc(NC(C)C)n1,0
752839,Cc1noc(C)c1C(=O)Nc1nnc(-c2ccccc2)s1,0
648007,CCOC(=O)c1c(NC(=O)CSc2nnnn2C)sc(C)c1C,0
958619,COCc1cc(C)nc(N2CCc3ccccc32)c1C#N,0
715689,CCCC(=O)Nc1ccc(S(=O)(=O)Nc2cc(C)nc(C)n2)cc1,0
3242146,NC(=O)CSc1oc(-c2ccc(F)cc2)nc1S(=O)(=O)c1ccccc1,0
664279,Cc1nc(SCc2nc3ccccc3[nH]2)c2oc3ccccc3c2n1,0
2550870,CNC(=O)CSCCn1c(SCC(=O)NC)nc2ccccc2c1=O,0
3233826,CC(C)CN1CCC2(CC1)CCN(C(=O)Oc1ccccc1)CC2,0
649087,Clc1ccc(Cn2nnc(-c3ccc(CN4CCOCC4)cc3)n2)cc1,0
647140,CC(=O)OC(C(=O)NCc1ccco1)c1ccncc1,0
3245514,O=C(NCC(c1cccnc1)N1CCOCC1)C1CCCCC1,0
655325,C=CCOC(=O)C1=C(C)NC2(O)c3ccccc3C(=O)C12O,0
2998783,O=C(COC(=O)C1CC(=O)N(c2ccc3c(c2)OCCO3)C1)NC1CCCc2ccccc21,0
664296,Cc1cc(-n2[nH]c(C)c(C)c2=O)nc(-c2ccccc2O)n1,0
649153,COCCNC(=O)C(c1ccc(C)o1)N(CC1CCCO1)C(=O)Cn1nnc2ccccc21,0
3236268,O=C(Nc1ccccc1Cl)c1cc(S(=O)(=O)N2CCCC(C(=O)O)C2)ccc1F,0
3233190,c1ncc(-c2ccc3c(c2)OCO3)c(NCCc2cnc[nH]2)n1,0
493410,CCOC(=O)C1=C(C)NC(=O)NC1c1ccccc1Cl,0
3245628,CC(NS(C)(=O)=O)C(c1cccs1)N1CCN(c2ccc(F)cc2)CC1,0
310557,COC(=O)c1ccccc1NC(=O)c1ccc(F)cc1,0
6604843,CC[C@]1(O)C[C@@H]2CN(CCc3c([nH]c4ccccc34)[C@](C(=O)OC)(c3cc4c(cc3OC)N(C=O)[C@H]3[C@@](O)(C(=O)OC)[C@H](C(=O)OC)[C@@]5(CC)C=CCN6CC[C@]43[C@H]65)C2)C1,0
2389382,Nc1cc(C(=O)OCC(=O)NCc2ccco2)ccc1Cl,0
2866685,CCOc1cccc(N2C(=O)CC(NCc3ccc(S(N)(=O)=O)cc3)C2=O)c1,0
664849,NC(=O)C1CCN(C2CC(=O)N(c3cccc(F)c3)C2=O)CC1,0
653602,O=C(CS(=O)(=O)Cc1ccccc1)Nc1nc2ccccc2s1,1
3247234,COC(=O)[C@@]1(Cc2ccc(F)cc2)[C@H]2c3cc(C(=O)N4CCCC4)n(C[C@H](O)CO)c3C[C@H]2CN1C(=O)c1ccccc1,0
967387,COC(=O)CN(c1ccccc1)S(=O)(=O)c1ccc(F)cc1,0
71250378,COc1ccc([C@H](NC(=O)c2cc(F)c3cnc(NC4CCOCC4)nc3c2)c2cn(C)cn2)cc1F,1
3246166,c1ccc2c([C@@H]3CCN(CCN4CCOCC4)C3)c[nH]c2c1,0
3238292,CCc1ccc(NC(=O)c2cc(C(C)C)on2)cc1,0
3236382,CCOc1ccccc1NC(=O)Cn1nnc(C(=O)NCc2ccco2)c1N,0
663781,COC(=O)[C@H](CCSC)NC(=O)N1CCN(c2cccc(C(F)(F)F)c2)CC1,0
177,CC=O,0
16758668,CCOC(=O)N/N=C1/C[C@@H](O)[C@@H](O)[C@@H]2[C@@H]3C(=O)N([C@@H](C)c4ccccc4)C(=O)[C@H]3CC[C@H]12,0
3238425,COc1ccc(C(=O)N(CN2CCCC2=O)c2ccc(C)cc2)cc1,0
2950485,O=C1CC(N2CCC(c3nc4ccccc4s3)CC2)C(=O)N1,0
649613,CC(C)NC(=O)c1ccc2c(c1)nnn2C,0
2202556,Cc1ccc(S(=O)(=O)NCCOc2nc(N(C)C)nc(N3CCOCC3)n2)cc1,0
659552,COC(=O)c1[nH]c2ccc(C)cc2c1NC(=O)C(C)N1CCN(C2CCCCC2)CC1,0
666543,CC1(C)NC(=O)N(c2ccccc2Cl)C1(C)NO,0
3244320,COCC(C)NC(=O)c1noc2c1CCc1cc(OC)ccc1-2,0
2792496,CC1=C(C(=O)Nc2ccccc2)C(c2ccco2)n2ncnc2N1,0
665766,CC1=Nn2c(nnc2-c2n[nH]c3c2CCC3)SC1,0
118381382,C[C@@H](NC(=O)Nc1cc2[nH]nc(NC(=O)c3ccncc3)c2cn1)c1ccccc1,1
644791,CCCCOc1ccc(-c2nnn(CC(=O)NCc3ccco3)n2)cc1,0
3234271,O=C(c1cccc(F)c1)N1CCC2(CCN(Cc3nccs3)CC2)CC1,0
1088978,Cc1c(C#N)c2ccccc2n1CC(=O)NCCc1c[nH]c2ccccc12,0
881081,CC(C)OC(=O)c1ccc(OC(=O)c2cccnc2)cc1,0
5730,Cc1ccc(NC(=O)c2cccc(N(C)C)c2)cc1NC(=O)c1ccc(O)cc1,0
747462,COC(=O)c1cn(C(=O)OC)c2ccccc12,0
665068,O=C1[C@@H]2C(c3ccccc3Cl)=NO[C@@H]2C(=O)N1Cc1ccccc1,0
898934,O=C(CCCC(=O)n1cnc2ccccc21)n1cnc2ccccc21,0
1252935,CC(=O)Nc1cc2c(cc1C(=O)c1ccc(C)cc1)OCCO2,0
3144933,N#CC1(c2ccccc2)CCCN1C(=O)c1ccco1,0
3244768,CCOC(=O)C1(C(F)(F)F)N=C(N(C)C)OC(N(C)C)=N1,0
5307853,CCOC(=O)N1CCN(c2c(NCCc3ccc(OC)c(OC)c3)c(=O)c2=O)CC1,0
654307,COC(=O)CSc1nc2cc(C)ccc2cc1C#N,0
3746404,Cc1ccc(C2CC(c3ccccc3C)n3nc(N)nc3N2)cc1,0
879106,COc1ccccc1NC1=NC2(CCCC2)N=C(N)N1,0
5459498,CCCCCC1=C2CNC(CC(C)C)(C(=O)OC)C=C2C(C)C1=O,0
658407,Cc1cc(C)nc(N2CCN(c3nc(C)cc(C)n3)CC2)n1,0
5307781,O=C(NCCCc1ccccc1)C1CCN(c2nnc(-n3cccc3)s2)CC1,0
3237162,CCC(=O)N1CCc2cc(S(=O)(=O)NC(C(=O)NC(C)c3ccccc3)C(C)C)ccc21,0
16757689,CC(=O)OCC(=O)[C@@]1(O)CCC2C3CCC4=CC(=O)CC[C@]4(C)C3C(O)C[C@]21C,0
3233401,COc1ccc(-n2c(=O)c(C)nc3cnc(N4CCNCC4)nc32)cc1,0
716180,Cc1occc1C(=O)N1CCN(Cc2ccccc2)CC1,0
3235804,COc1ccc(-c2cc(C(=O)N3CCOCC3)no2)cc1OC,0
3237400,CC1C(=O)C(C)C(c2cccs2)NC1c1cccs1,0
5356192,c1ccc2nc3c(nc2c1)[nH]c1ccccc13,0
2120533,O=C(CSc1nnc(-c2cccc(S(=O)(=O)N3CCCCC3)c2)o1)NCCC1=CCCCC1,0
2483721,Cc1ccc(-c2csc3ncnc(OCC(=O)NC(=O)NCc4ccco4)c23)cc1,0
2615834,Cc1ccc(-n2nnnc2SCC(=O)NC(=O)Nc2ccc3c(c2)OCCO3)cc1,0
2938401,CC(CNCc1ccc2c(c1)OCO2)NCc1ccc2c(c1)OCO2,0
805087,O=C(Nc1nnc(-c2ccccc2)o1)c1ccc(Cl)cc1,0
664968,CCCc1cc(=O)oc2cc(C)cc(OCc3nn[nH]n3)c12,0
5429429,O=C(O)c1ccc(COc2ccc3ccccc3c2/C=C2/NC(=O)N(Cc3ccc(F)cc3)C2=O)cc1,1
16746083,OCCCNc1nccc(-c2cc(Nc3cccc(Cl)c3)ncn2)n1,1
665790,COc1ccc(-c2noc(CCC(=O)NC3CCCCC3)n2)cc1OC,0
3241151,CCOC(=O)N1CCC(N(CCOC)C(=O)Nc2ccc(Cl)cc2)CC1,0
21013,Oc1cc(Cl)c(Cl)c(Cl)c1Cl,0
969966,CCOc1ccc(NC(=O)Nc2cc(C)ccc2OC)cc1,0
3240808,Cc1ccc(NC(=O)CSc2nnc(CNC(=O)c3c(F)cccc3Cl)o2)cc1,0
644505,COc1ccc(C(C(=O)NC2CCCCC2)N(CC2CCCO2)C(=O)CNC(=O)c2ccco2)cc1,0
2088994,N#Cc1ccc(CSc2nnc(Nc3ccccc3)s2)cc1,0
238855,Cn1cnc([N+](=O)[O-])c1Sc1nc(N)nc2c1ncn2Cc1ccccc1,0
145995626,Cn1nccc1Nc1nccc(-c2cc3n4c(nnc4c2)[C@@H](Cc2ccc(Cl)c(F)c2)CN3)n1,1
647242,Cc1ccnc(Sc2nc3c(c(=O)[nH]c(=O)n3C)n2CCCc2ccccc2)n1,0
656184,Cc1ccccc1-c1nnc(SCC(=O)Nc2cccc(C)c2C)o1,0
5382674,O=C(/C=C/c1cccnc1)/C=C/c1cccnc1,1
2945025,COc1ccc(-c2cc(C(F)F)n3ncc(C(=O)NCC4CCCO4)c3n2)cc1,0
2219578,CCCCC1CCC(C(=O)Nc2c(C)n(C)n(-c3ccccc3)c2=O)CC1,0
3238036,Cc1ccnc(NC(=O)C2CCN(S(=O)(=O)c3cccc4nonc34)CC2)c1,0
3244342,COc1ccc2nc3oc(C(=O)N4CCC(C(N)=O)CC4)cc3cc2c1,0
666782,CCc1ccccc1N1CSC2=C(C#N)C(c3cc(OC)c(OC)cc3OC)CC(=O)N2C1,0
5307980,COc1ccc(NC(=O)NCCN2C(=O)C3C4C=CC(C4)C3C2=O)cc1,0
92044560,C[C@@H](NC(=O)Nc1cc2[nH]nc(C(=O)NCC3(O)CC3)c2cn1)c1ccccc1,1
653435,CCC(C)(C)NC(=O)C1CCN(c2nc(C)cc(C)n2)CC1,0
3240771,COC(=O)CCC(NC(=O)OCc1ccccc1)C(=O)NC(CC(C)C)C(=O)OC,0
3234083,COc1ccccc1CNc1nc(-c2ccccc2CN(C)C)nc2ccccc12,0
3237016,O=C(NCCN1CCOCC1)c1cc(=O)[nH]c2ccc(Br)cc12,0
5308789,COc1ccc(N2C(=O)C3CCCN3C2c2ccccc2)cc1,0
2222450,N#Cc1c(NC(=O)CSc2nnc(-c3ccccc3O)n2-c2ccccc2)sc2c1CCCC2,0
2998928,COC(=O)c1ccc(CN2C(=O)NC3(CCCc4ccccc43)C2=O)o1,0
3243065,Cc1ccc(C)c(N2CCN(C(=O)CCCn3c(=S)[nH]c4cc5c(cc4c3=O)OCO5)CC2)c1,0
11972251,COc1cc2c(cc1OC)[C@@]13CCN4CC5=CCO[C@H](CC(=O)O)[C@@H]([C@H]1N2)[C@H]5C[C@H]43,0
2862968,CCC1(C)Cc2c(sc3nc4n(c(=O)c23)CCCS4)CO1,0
666606,CC(=O)c1ccc(N2C(=O)[C@@H]3C(CCC(N)=O)NC4(C(=O)Nc5c4ccc(Cl)c5C)[C@@H]3C2=O)cc1,0
3000160,CC(NC(=O)c1ccco1)C(=O)OCc1cccc(Cl)c1,0
3242607,O=C(C1CCCN(S(=O)(=O)c2ccc(Br)s2)C1)N1CCCCCC1,0
584263,Cc1cc(CCN2CCC(=O)NC2=O)ccc1OC(C)C,0
12468,Clc1cc(Cl)c(Cl)c(Cl)c1,0
438981,Nc1[nH]nc2nc3ccccc3nc12,0
71555762,Cc1cc(-c2n[nH]c3cc(NC(=O)NCc4c(F)cccc4F)ncc23)ccn1,1
659784,CCOC(=O)c1sc(C)c2c1NC(C)(c1cccs1)NC2=O,0
73504794,CCS(=O)(=O)Nc1n[nH]c2cc(NC(=O)N[C@H](C)c3ccccc3)ncc12,1
259176,CN(Cc1cc(Br)cc(Br)c1O)Cc1c(O)ccc2ccccc12,0
649521,CCOC(=O)c1csc(NC(=O)CSc2nnc(C3CC3)n2C)n1,0
5309134,CCOc1ccc(N(CC(=O)Nc2cccc(OC)c2)S(=O)(=O)c2c(C)noc2C)cc1,0
3239621,Cc1ncoc1C(=O)NCc1ccccc1Cl,0
5309499,COc1cccc(CNC(=O)Cn2cc3c(n2)CCCC3)c1,0
16758419,CC(=O)OC[C@H]1O[C@@H](O/N=C(\C)CCN2CCCc3nc(C)c(C)cc32)[C@H](OC(C)=O)[C@@H](OC(C)=O)[C@H]1OC(C)=O,0
832838,O=C(O)CCN1/C(=C/C=Nc2ccccc2)Oc2ccccc21,0
664553,Cc1nnc(SCC(=O)Nc2nc(-c3ccccc3)cs2)n1N,0
2932721,COC(=O)c1cc(NC(=O)C2CC=CCC2C(=O)O)cc(C(=O)OC)c1,0
6603917,Cc1cccc(C)c1OC[C@@H](N)C(C)C,0
782395,COc1ccccc1/C=C/CN1CCOCC1,0
2012115,C(=C/c1ccccc1)\CN1CCN(c2ncnc3c2oc2ccccc23)CC1,0
3243366,C=CCNC(=O)CCNS(=O)(=O)c1ccc(Br)cc1,0
677613,CCOC(=O)c1ccccc1NC(=O)c1cccs1,0
3233670,Cc1cccc(CNc2nc(-c3cccnc3)nc3ccccc23)c1,1
16758192,COc1ccc(-c2oc3c(CC=C(C)C)c(O[C@H]4OC(CO)C(O)C(O)C4O)cc(O)c3c(=O)c2O[C@@H]2OC(C)C(O)C(O)C2O)cc1,0
145995666,CN1C(=O)C[C@H](CC(F)(F)F)c2nnc3cc(-c4ccnc(Nc5ccnn5C)n4)cc1n23,1
649642,O=C(Nc1ccc(Cl)cc1)N1CCC(c2nc(-c3ccc(F)cc3)no2)CC1,0
645550,CCCn1c(SCC(=O)c2cc(OC)ccc2OC)nc2c1c(=O)n(C)c(=O)n2C,0
667126,COCc1cc(=O)n2[nH]c(SC)nc2n1,0
2999440,O=C(COC(=O)c1ccc(S(=O)(=O)Nc2ccccc2)cc1)NCCN1C(=O)CSC1=O,0
647023,CCCN1C2CCCC1CC(NC(=O)Nc1cccc(C(C)=O)c1)C2,0
3235638,COc1ccccc1OCc1ccc(C(=O)OCC2CCCO2)o1,0
73506496,C[C@@H](NC(=O)Nc1cc2[nH]nc(N3CCC4(CC3)COC4)c2cn1)c1ccccc1,1
1243750,NC(=O)Cn1nnc(-c2ccc(C(F)(F)F)cc2)n1,0
717930,O=C(Nc1ccc2c(c1)OC1(CCCC1)O2)C1CC1,0
2889665,COc1ccccc1C1C(C(C)=O)=C(O)C(=O)N1CCc1ccccc1,0
5971,C=CCN=C=S,0
567932,NC(=O)c1oc2ccc(Cl)cc2c1NC(=O)CN1CCOCC1,0
799687,COc1ccc(CSc2nncn2N)cc1Br,0
3241798,Cc1cc(NC(=O)C2CCN(S(=O)(=O)c3cnc[nH]3)CC2)ccc1Br,0
2574964,CNC(=O)NC(=O)CSc1nc2cc(C(=O)OC)ccc2c(=O)n1-c1ccccc1,0
54679877,CC(=O)c1c(O)cc(C)n(Nc2nc(C)cc(C)n2)c1=O,0
647331,COc1ccc(Cc2nnc(NC(=O)C3CCCO3)s2)cc1,0
2883147,CCOC(=O)c1ccc(NC(=O)C2C3CCC(C3)C2C(=O)O)cc1,0
3235117,Cn1cccc1C(=O)N1CCC2(CCCN(c3ncccn3)C2)CC1,0
3234486,COc1ccccc1-c1nccc(NCc2cnc(C)cn2)n1,0
118365293,COc1n[nH]c2cc(NC(=O)NCC(C)c3ccccc3)ncc12,1
3241615,Cc1ccc(S(=O)(=O)C2(C(=O)NC3CCCC3)CC2)cc1,0
5337402,COc1ccc(/C=C/C(=O)c2cccs2)c(OC)c1,0
652669,O=C(NC1CCCC1)C(c1ccc(N2CCOCC2)cc1)N(Cc1ccccc1)C(=O)c1ccco1,0
649379,CCC(C)N1CC23C=CC(O2)C(C(=O)OCc2ccccc2)C3C1=O,0
663024,CCC(=NCc1ccco1)c1c(O)[nH]c(=O)[nH]c1=O,0
1715117,CCNC[C@H](O)c1cccc(O)c1,0
2079294,COc1ccccc1NC(=O)NCC(=O)Nc1ccc(F)c(F)c1,0
1071871,CCn1c(SCC(=O)NC2CCCCC2)nnc1-c1cccs1,0
665988,Cc1ccc(-c2nc3ccccc3c(=O)n2CCCN2CCOCC2)cc1,0
8462,O=[N+]([O-])c1cc(C(F)(F)F)ccc1Cl,0
650957,CC(=O)N1CC=C2C(C#N)=C(N)C(C#N)(C#N)C(CCc3ccccc3)C2C1,0
4026888,COc1ccc2c(c1)OCC(Cc1ccc(OC)c(O)c1)C2=O,0
2832686,CC(OC(=O)C1CC=CCC1C(N)=O)C(Cl)=C(Cl)Cl,0
658806,c1ccc(-n2nnnc2SCc2cn3ccccc3n2)cc1,0
1040306,O=C(CSc1nnc(-c2ccco2)n1-c1ccccc1)NCCc1ccccc1,0
650492,COc1cc(NS(=O)(=O)c2ccc(Br)cc2)c(OC)cc1NC(=O)c1ccco1,0
650041,COc1ccccc1NC(=O)CSc1nc(O)cc(=O)[nH]1,0
667412,CCn1c(C)cc2c(c1=O)C(c1ccncc1)C(C#N)=C(N)O2,0
651867,Nc1c(NCCN2CCOCC2)c2ccccc2oc1=O,0
654063,Oc1ccc(N2CCN(C(c3ccncc3)c3nnnn3C3CCCC3)CC2)cc1,0
3244657,CCC(C)(C(=O)Nc1ccc2c(c1)OCCO2)N(C(C)=O)c1ccc(C(N)=O)cc1,0
664684,CCOc1cccc(C(=O)N(Cc2ccco2)C2CCS(=O)(=O)C2)c1,0
655422,O=C(c1ccc(Cl)cc1)C12CN3CN(CN(C3)C1)C2,0
3233204,CC(C)CN1CCC2(CC1)CCN(C(=O)c1cccc(F)c1)CC2,0
3245160,CC1CN(C(=O)CCn2c(=O)oc3ccccc32)CC(C)O1,0
574780,CN1CCN(CCc2ccc(Cl)c(Cl)c2)CC1,0
647395,CCOc1cc(C2C3=C(CCCC3=O)N(C)C3=C2C(=O)CCC3)cc(Cl)c1O,0
3234895,COCCn1c(=O)c(-c2ccc(OC)cc2)nc2cnc(Oc3cccc(Cl)c3)nc21,0
1326052,Cc1c(Br)cc(C(=O)N2CCN(CCO)CC2)c(C)c1C,0
346470,c1ccc2c(c1)sc1nnnn12,0
3234703,O=C(c1ccco1)N1CCC[C@@]2(CCN(C(c3ccccc3)c3ccccc3)C2)C1,0
659043,O=P(O)(O)COc1ccccc1O,0
1085650,O=C(NCc1ccco1)c1ccccc1NS(=O)(=O)c1ccc2c(c1)OCCO2,0
929916,CC1(C)Cc2c(c(=S)nc(-c3ccccc3)n2CCO)CO1,0
2116892,CC(=O)Nc1ccc(S(=O)(=O)c2c(N)n(CCN3CCOCC3)c3nc4ccccc4nc23)cc1,0
708756,CSc1cccc(NC(=O)CSc2nc3ccccc3o2)c1,0
2925814,CCC(=O)Nc1cc2c(cc1C(C)=O)OCCO2,0
3075496,O=C(Cc1c(C(=O)O)[nH]c2ccccc12)NCCN1CCN(c2cccc(Cl)c2)CC1,0
3240349,CCN(CC)S(=O)(=O)c1ccc(C(=O)NC2=C(C(=O)OC)SCC2)cc1,0
644606,CCC(Oc1ccccc1)C(=O)Nc1ccccn1,0
3241982,Cn1c(C(=O)NCCN2CCc3ccccc3C2)cc2c(=O)[nH]c3ccccc3c21,0
1010771,O=C(c1cccc(C(=O)N2CCN(c3ccccc3F)CC2)c1)N1CCN(c2ccccc2F)CC1,1
2425419,Cc1cc(Nc2nc3ccccc3[nH]c2=O)n(-c2ccccc2)n1,0
687952,COc1nc(N(C)C)nc(-n2nnc(C(C)=O)c2C)n1,0
659422,Cc1[nH]c2ccccc2c1C(=O)CN1CCCCC1C,0
3240426,COc1ccc(NC(=O)CCNC(=O)Cn2ccc3ccccc3c2=O)c(OC)c1,0
869457,CCOc1ccccc1NC(=O)Cc1ccccc1OC,0
3233771,c1ncc(-c2ccoc2)c(NC2CC2)n1,0
646921,CC(C)(C)NC(=O)C(c1ccco1)N(Cc1ccc2c(c1)OCO2)C(=O)Cn1nnc2ccccc21,0
531782,O=C(Cc1cccs1)NCC1CCCO1,0
3235616,COc1ccc(CC(=O)NC(CC(=O)O)c2ccc(OC)cc2)cc1,0
81770,CC(C)(CN)CN,0
650806,Clc1ccc2oc(-c3ccccn3)nc2c1,0
1147586,O=C(CN1C(=O)c2ccccc2C1=O)Nc1cccnc1,0
1354533,O=C(CCN1C(=O)c2ccccc2C1=O)N1CCN(c2ccccc2)CC1,0
137478675,CNc1cc(C(C)NC(=O)C(C)N2Cc3ccc(-c4nc(NC5CCOCC5)ncc4Cl)cc3C2=O)c(F)cn1,1
648730,c1ccc(CN(Cc2ccco2)C(c2ccncc2)c2nnnn2C2CCCC2)cc1,0
3233841,CN(C)C(=O)c1ccc(-c2nc(N(C)C)c3ccccc3n2)cc1,0
2711,ClC1CC2C(C1Cl)C1(Cl)C(Cl)C(Cl)C2(Cl)C1(Cl)Cl,0
135415499,O=c1[nH]c(-c2cccs2)nc2ccccc12,0
3239686,CCOC(=O)N1CCN(C(=O)CSc2nnc(-c3c[nH]c4ccccc34)n2CCOC)CC1,0
2791039,CCOC(=O)C1=C(c2ccccc2)Nc2ncnn2C1c1cc(OC)ccc1OC,0
651761,CCOC(=O)CSc1nc2ccccc2n1CC(=O)NC(C)(C)C,0
744447,O=C(O)[C@@H](c1ccccc1)[C@@H](C(=O)O)c1ccccc1,0
3241687,O=C(CN1CCN(S(=O)(=O)c2ccc(F)cc2)CC1)Nc1ccccc1F,0
652978,CCCNc1ncnc2sc(C)c(C)c12,0
2649562,O=C(CSc1nnc(Cc2ccccc2)o1)NCc1ccco1,0
73505618,CC1(C)c2cnc(NC3CCOCC3)nc2CN1C(=O)NCC1CCCOC1,1
647694,CNc1nnc(-c2cccc(N(C)C)c2)s1,0
762972,CC(=O)Nc1ccc(NC(=O)c2ccccc2F)cc1,0
3236946,CCOC(=O)N1CCN(C(=O)c2n[nH]c(=O)c3ccccc23)CC1,0
654040,COc1cc(C)nc(OCCNC(=O)COc2ccc(Cl)cc2Cl)n1,0
3243623,CC(C)(C)c1ccc(C(=O)NCCC(=O)NCc2ccco2)cc1,0
646479,O=C(C1CCCCC1)N1CCC(n2nnc3ccccc32)CC1,0
222786,C[C@]12CCC(=O)C=C1CC[C@@H]1[C@@H]2C(=O)C[C@@]2(C)[C@H]1CC[C@]2(O)C(=O)CO,0
5308700,O=C(C1CCC(CNc2c(N3CCCCC3)c(=O)c2=O)CC1)N1CCCCC1,0
3242574,CC1Cc2nc(SCC(=O)Nc3ccc(F)cc3F)n(C)c(=O)c2S1,0
900808,COc1cc(C(N)=O)cc(Br)c1OC,0
652659,OC1(c2cccnc2)CC2CCC(C1)N2Cc1nnnn1Cc1ccccc1,0
2225480,CCOc1cc(C(=O)N2CCC3(CC2)OCCO3)cc(OCC)c1OCC,0
3234460,Cn1cccc1C(=O)N1CCC2(CCCN(c3ccncc3)C2)CC1,0
647546,CC(c1ccccc1F)n1cc(C(=O)NCc2ccncc2)nn1,0
662336,COc1cc(-c2nnc3n2N=C(c2ccccc2)CS3)cc(OC)c1OC,0
5307488,CCN(CC)CCNC(=O)c1cn(C)c2ccc(S(=O)(=O)N(C)C3CCCCC3)cc2c1=O,0
3237229,CCC(C(=O)OC)n1cnc2c(nnn2-c2ccc(OC)cc2)c1=O,0
2222160,CN1CCN(c2ccccc2NC(=O)c2ccc(Br)o2)CC1,1
2999386,Cc1cc(C(=O)CN2C(=O)NC(Cc3c[nH]c4ccccc34)C2=O)c(C)n1C,0
823913,O=C(Nc1ccc(Br)cc1F)c1ccncc1,0
2127533,CCOC(=O)CNC(=O)Nc1nnc(-c2ccc(OCC)cc2)o1,0
2352084,O=C(COC(=O)c1ccncc1)NCc1ccccc1,0
9568646,O=S(=O)(/N=C/N1CCOCC1)c1ccc(Cl)cc1,0
16653,CCSC(=O)N1CCCCCC1,0
3238596,CC(=O)N1CCCc2cc(S(=O)(=O)N(C)Cc3ccccc3)ccc21,0
645640,COC(=O)c1ccc(C(=O)Nc2ccc(N)cc2N)cc1,0
2998735,CCOC(=O)c1ccccc1NC(=O)COC(=O)C1=COCCO1,0
3240383,COC(=O)c1ccc2c(=O)n(Cc3ccco3)c(SCC(=O)Nc3ccccc3Cl)nc2c1,0
5309799,Cc1noc(C)c1S(=O)(=O)N1CCCC(C(=O)Nc2nccs2)C1,0
3240167,O=C(Cn1cnc2c(nnn2Cc2ccc(Cl)cc2)c1=O)NCC1CCCO1,0
2228298,O=C(CCS(=O)(=O)Cc1ccccc1)N1CCN(Cc2ccccc2)CC1,0
3239443,CC(C)(C)OC(=O)N1CCC(c2cc(=O)[nH][nH]2)CC1,0
652184,O=C(NCc1ccco1)c1ccc(S(=O)(=O)N2CCCc3ccccc32)cc1,0
3518,NC(N)=NCCN1CCCCCCC1,0
3160888,COc1ccccc1N1CSC2=C(C#N)C(c3ccc(SC)cc3)CC(=O)N2C1,0
5309361,O=C(c1cc2ccccn2n1)N1CCN(c2ccccn2)CC1,0
2963973,COc1ccccc1CNC(=O)C(C)NS(=O)(=O)c1ccccc1,0
653455,CCc1cccc2c(C#N)cn(CCOc3ccccc3OC)c12,0
4296031,O=C(NC1CC1)c1ccc(CS(=O)(=O)c2c(Cl)cccc2Cl)o1,0
3245361,CC(C)(C)n1ncc2c(=O)n(CC(=O)Nc3ccc(Cl)cc3)cnc21,0
656236,CCOC(=O)c1cccc(NC(=O)CSc2nnnn2CC)c1,0
3244386,Cc1nn(Cc2ccc(F)cc2)c(C)c1NC(=O)c1cc(-c2ccco2)on1,0
650002,Cn1c(=O)[nH]c(=O)c2c1nc(NCCCO)n2CCCc1ccccc1,0
3241750,Cc1ccc(-n2c(C)nc3c(cnn3-c3ccc(F)cc3)c2=O)cc1,0
9581543,Cc1ccc(S(=O)(=O)/N=C/c2ccco2)cc1,0
3239479,CCOC(=O)c1sc2nc(CC(=O)OC)nc(NCc3ccco3)c2c1C,0
3468009,Cc1cc(C)n(CC(O)COc2cccc(OCC(O)Cn3nc(C)cc3C)c2)n1,0
3243482,CCOC(=O)CNC(=O)c1cn(C)c(=O)c2cc(OC)c(OC)cc12,0
658409,CCOC(=O)c1sc2ncnc(OC)c2c1C,0
665286,CCC1(C)Cc2c(sc3c2c2ncnn2c2nnc(SCC(=O)NCc4ccco4)n32)CO1,0
2979714,OC1C=CSc2nc3ccccc3n21,0
5309509,COCCCNC(=O)Cn1cc2c(n1)CCCCC2,0
1246132,O=C(NCCN1CCCCC1)Nc1ccc(F)c(Cl)c1,0
3458281,CN(C)CCNC(=O)c1ccc(CS(=O)(=O)c2c(Cl)cccc2Cl)o1,0
118404573,CC1(C)c2cnc(NC3CCOCC3)nc2CN1C(=O)N[C@@H]1CCCN(S(=O)(=O)c2ccccc2)C1,1
2882535,COc1ccc(C2C3=C(CC(c4ccco4)CC3=O)Nc3ccccc3N2C(C)=O)cc1,0
644409,O=C(NCC1CC1)C1CCCN(S(=O)(=O)c2ccc(-n3cnnn3)cc2)C1,0
660777,Cc1cc(N(C)C)c(C#N)c(N2CCCCC2)n1,0
654297,COc1ccc(Cn2nnnc2C(CC(C)C)N2CCN(c3ccccc3)CC2)cc1,0
9705,Clc1ccccc1CNCC1CCC(CNCc2ccccc2Cl)CC1,0
1317004,COc1ccc(-c2c3c(=O)n(C)c(=O)n(C)c3cn2C2CCCCC2)cc1,1
2529468,COc1ccc(CCn2c(C)cc(C(=O)CSc3nnc(N)s3)c2C)cc1,1
662010,CCCCCn1c2nc3ccccc3nc2c2c(=O)n(CC3CCCO3)c(C)nc21,0
663021,C=CCn1c(O)c(C(=O)CCCCCC)c(=O)[nH]c1=O,0
714386,O=c1n(-c2cccc(Cl)c2)c(=O)n2n1CCC2,0
3236529,COc1ccc(S(=O)(=O)NCCC(=O)NC(C)c2ccccc2)cc1,0
1288870,c1ccc(-c2csc3nnc(SCc4ccc5c(c4)OCCO5)n23)cc1,0
3240042,CN1C(=O)NC(c2ccc(O)cc2)C(C(=O)c2cccs2)C1(O)C(F)(F)F,0
663591,COCC(=O)N(Cc1cc2ccc(C)cc2[nH]c1=O)c1ccc(OC)cc1,0
667215,Nc1c(N2CCCC2)cc(Cl)c2nonc12,0
3003818,O=c1[nH]c(=S)[nH]c2c1CN(CCCN1CCOCC1)CN2,0
1152521,Cc1c(NC(=O)CSc2nc(-c3ccco3)cc(C(F)(F)F)n2)c(=O)n(-c2ccccc2)n1C,0
661381,Cn1c(=O)c2c(nc(SCCCO)n2Cc2ccccc2Cl)n(C)c1=O,0
2944887,CCN(CC)S(=O)(=O)c1cccc(C(=O)N2CC(O)CC2C(=O)O)c1,0
2873894,Cc1ccc(-c2nn(-c3ccccc3)cc2C2SCC(=O)N2Cc2ccccc2)o1,0
135450610,Cc1ccc(C)c(Cn2nnc3c(=O)[nH]c(C4CCCN(C(=O)C5CCCCC5)C4)nc32)c1,0
5307909,Cc1noc(C)c1S(=O)(=O)N(CC(=O)NCc1ccc2c(c1)OCO2)c1ccc(C(C)C)cc1,0
3237411,CC1=C(C(=O)Nc2cccnc2)C(c2cccnc2)n2nc(-c3cccs3)nc2N1,0
3237291,O=C(CCCn1c(=O)c2ccccc2n(Cc2ccccc2)c1=O)NCc1ccco1,0
1288545,Cc1cc(Cl)c(S(=O)(=O)NCc2ccncc2)cc1OCC(N)=O,0
3234674,FC(F)(F)c1ccccc1-c1cncnc1-n1ccnc1,0
904,CC(=O)Nc1ccccc1,0
714475,O=C(Nc1cccc(F)c1)c1cccnc1N1CCOCC1,0
3243051,CCOc1ccccc1NC(=O)CSc1nnc(CNC(=O)c2ccco2)o1,0
4224323,CCN1C(=O)c2ccc(-c3nc4ccccc4c(=O)o3)cc2C1=O,0
5739939,CCc1c(C)c2cc(Cl)c(O)c(CN(C)C)c2oc1=O,0
16758086,CC(=O)Oc1cc2c(c(C)c1OC(C)=O)CC=C1[C@]3(C)CC[C@]4(C)CC[C@@](C)(C(=O)O)CC4[C@]3(C)CC[C@]12C,0
894312,O=C(O)CCc1ccc(-c2cccs2)n1Cc1ccco1,0
11949121,COC(=O)[C@@H]1C[C@@H]2CC[C@@H](O)C[C@@H]2N1Cc1ccc(N2CCN(C)CC2)cc1,0
3237470,Cc1ccc2nc(NC(=O)CNS(=O)(=O)c3ccc(Br)s3)sc2c1,0
1256185,O=C(NCc1cccs1)c1nn2cccnc2c1Cl,0
423583,CC(C)(CN)SCc1ccccc1,0
135463949,CCCCC1(CC)C(=O)NC(=O)NC1=Nc1ccc(OC)cc1,0
2977526,CN(CC(=O)NCCCN1CCOCC1)S(=O)(=O)c1ccc(Br)cc1,0
2952938,CC1CC2(CC(C)(C(=O)CSc3n[nH]c(-c4ccccc4Cl)n3)OC2=O)C(=O)O1,0
3245622,Cc1ccc(C)c(Cn2cnc3c(nnn3Cc3ccc(F)cc3)c2=O)c1,0
3243126,Cn1c(C(=O)N2CCC3(CC2)OCCO3)cc2c(=O)n(C)c3ccccc3c21,0
3245490,COc1ccc2nc3oc(C(=O)NCc4cccs4)cc3cc2c1,0
117876725,Cc1nc2cnc3cc(F)c(-c4ccc(Oc5ncccn5)cc4Cl)cc3c2n1C1CCN(C(=O)N(C)C)CC1,1
2999799,CCOC(=O)C1CCCN(c2nc3ccccc3nc2C(C#N)C(=O)OCC)C1,0
2202721,CSc1ccccc1NC(=O)CN(Cc1ccccc1)S(C)(=O)=O,0
3242039,Cc1ccccc1S(=O)(=O)Cc1ccc(C(=O)NCCN2CCN(Cc3ccccc3)CC2)o1,0
654118,CCS(=O)(=O)Nc1cccc(C(=O)CC2(O)C(=O)Nc3ccccc32)c1,0
655890,CC1CN(C(=O)c2cnn3c(C(F)F)cc(-c4ccccc4)nc23)CC(C)O1,0
655137,CCC(C)(C)n1nnnc1C(c1cc(OC)c(OC)c(OC)c1)N1CCN(c2ccccc2)CC1,0
2999019,N#CC(C(=O)NC1CC1)c1nc2ccccc2nc1N1CCCC1,0
5308516,O=C(Cn1cc2c(n1)CCCCC2)N1CCCCC1,0
654341,O=C(O)CCCC(=O)Nc1ccccc1-n1ccnc1,0
650290,CC1CCN(C(c2ccc(N(C)C)cc2)c2nnnn2C(C)(C)C)CC1,0
1332103,COc1ccc(Oc2ccc(S(=O)(=O)N3CCCCC3)cc2S(=O)(=O)N2CCCCC2)cc1,0
3245278,O=C(Nc1c(F)cc(F)cc1Br)c1cc(-c2ccco2)on1,0
3244432,CCOc1ccc(NC(=O)N(C2CCCCC2)C(C)c2ccncc2)cc1,0
2549628,CCCn1c(=O)n(C)c(=O)c2c(SCc3cc(C(C)=O)ccc3OCC)nc(C3CC3)nc21,0
3240940,O=C(NCCC1=CCCCC1)c1cc2c(s1)CS(=O)(=O)C2,0
6858585,COc1ccc(/C=N/n2cc(-c3ccccc3)nc2N)cc1,0
666576,Cc1nnc(SCCn2c(N3CCN(C)CC3)nc3c2c(=O)[nH]c(=O)n3C)s1,0
1518984,COC(=O)c1cc(=O)n(C2CC2)c(=NC2CC2)s1,0
648599,CCn1c(SCC(=O)Nc2nccs2)nnc1-c1ccc(S(=O)(=O)N2CCCCC2)cc1,0
2377604,COc1ccc(CC(=O)OCn2nnc3ccccc3c2=O)cc1,0
2998471,COc1ccc(-c2nnc(SC(C)C#N)o2)cc1,0
202779,Nc1ccc(-c2cc(N)n(-c3ccccc3)n2)cc1,0
5309677,CSc1ccccc1NC(=O)c1cc(CC(C)C)on1,0
3241453,CCCNC(=O)c1c[nH]c2ccc(S(=O)(=O)N(C)c3ccc(OCC)cc3)cc2c1=O,0
231992,Cc1ccc(CCCC(=O)O)cc1C,0
5771786,CCCC/C=C/C(NC(=O)CCc1ccccc1)c1ccccc1,0
16758353,COC(=O)C/C=C\[C@@H](C)[C@H]1C=C[C@H](O)[C@@H](CO)O1,0
646069,Cc1ccc(NC(=O)CS(=O)CC(=O)NCCCN(C)c2ccccc2)cc1,0
650436,Cn1c(-c2ccc(F)cc2)cnc1SCC(=O)NCc1ccco1,0
3162345,CCOc1c(OC)cccc1C1CC(=O)Nc2cc3c(cc21)OCCO3,0
118046101,CNC[C@@H](NC(=O)c1ccc(-c2nc([C@@H]3CC[C@@H](O)[C@H](F)C3)cnc2N)cc1F)c1cc(F)cc(Br)c1,1
2548881,COc1ccc(C)cc1-n1nnnc1SCC(=O)c1ccc2c(c1)OCCO2,0
3236746,CCOc1ccc(OCC)c(NC(=O)c2[nH]c(C)c(C(C)=O)c2C)c1,0
9568630,N#Cc1c(-n2cccc2/C=N/O)sc2c1CCCC2,0
5389488,CCN(CC)CCN1C(=O)C(=O)/C(=C(/O)c2c(C)[nH]c(C(=O)OC)c2C)C1c1cccnc1,0
934677,Cc1cc(S(=O)(=O)n2cnc3ccccc32)c(C)cc1Cl,0
644711,CCOC(=O)CN(C(=O)CSc1nnc(-c2cccc(OC)c2)o1)c1ccc(F)cc1,0
3244603,COc1ccccc1-c1cc(C(=O)Nc2cc(C)n(Cc3ccc(Cl)cc3)n2)no1,0
3234103,Cc1cnc(CNc2nc(-c3cccnc3)nc3ccccc23)cn1,0
2228164,COc1ccc(NS(=O)(=O)c2ccc3c(c2)Cc2ccccc2-3)cn1,0
666719,Cc1occc1-c1nnc(SCC(=O)c2ccc(F)cc2)o1,0
3237679,CCC(=O)N1CCc2cc(Br)cc(S(=O)(=O)CCC(=O)NCC3CCCO3)c21,0
2739033,Clc1cc(Cl)c2nc(N3CCOCC3)sc2c1,0
5308635,CCC(C)NC(=O)CN1C(=O)CC(C)(C)S(=O)(=O)c2ccccc21,0
135449253,O=C(CSc1nc2ccccc2c(=O)[nH]1)c1cccs1,0
1258149,CC(=O)Nc1ccc(S(=O)(=O)N2CCN(S(=O)(=O)N3CCCCCC3)CC2)cc1,0
657848,CC(C)Sc1nc2c(c(=O)[nH]c(=O)n2C)n1C,0
5308421,O=C(C(Cc1ccccc1)n1cccc1)N1CCC(N2CCCCC2)CC1,0
2285660,CCCC(=O)c1cc(F)c(N2CCN(CCC#N)CC2)cc1C,0
653986,O=C(CSCc1ccccc1)N1CCN(Cc2ccc3c(c2)OCO3)CC1,0
656223,O=C(CSc1nnc(-c2ccccc2)n1Cc1ccccc1)N1CCCC1,0
2351104,Cn1c(N)c(C(=O)COC(=O)C2(c3ccccc3F)CCCC2)c(=O)n(C)c1=O,0
558012,CC1(C)CC(=O)C(CC2=C(O)CC(C)(C)CC2=O)=C(O)C1,0
3244445,Cc1[nH]nc2c1C(c1ccccc1F)CC(=O)N2,0
28207,CCOc1ccc(NC(C)=O)cc1N,0
646101,CCOC(=O)c1ccc(S(=O)(=O)n2c(CN3CCCCC3)nc3ccccc32)cc1,0
3510144,COc1ccc(CCn2c(O)c(C=NCCCN(C)C)c(=O)[nH]c2=O)cc1OC,0
2970927,O=C(c1cc2c(s1)CCCC2)N1CCN(C(=O)C2CCCO2)CC1,0
3235320,COc1cccc(-c2cc(NCc3ccccc3OC)ncn2)c1,0
2998816,CCOC(=O)C1=C(c2ccccc2)N2CCS(=O)(=O)N=C2S1,0
689101,COc1ccc(-c2nc(=S)[nH][nH]2)cc1,0
975178,CCN(CC)CC(=O)Nc1ccc(C)cc1Br,0
667083,O=C(O)CCCCCNC(=O)CCn1nnc2ccccc2c1=O,0
656033,COc1ccc(C(=O)Cn2nnc(-c3ccccc3NC(=O)c3ccco3)n2)cc1,0
652581,CCOC(=O)C1CCN(Cc2ccc(O)c3ncccc23)CC1,0
7250,Cc1ccc(N)c(C)c1,0
16758140,C[N+]1(C)CC(O)[C@H](C(=O)[O-])C1,0
3236387,CCN(CCCNC(=O)CCNC(=O)Cn1ccc2ccccc2c1=O)c1ccccc1,0
737908,CCC(=O)c1cc2c(cc1NC(=O)c1ccc(C)cc1)OCCO2,0
773925,CCOC(=O)N1CCN(C(=O)COc2ccccc2OC)CC1,0
60198533,C[C@@H](NC(=O)N1Cc2nc(NC3CCOCC3)ncc2C(F)(F)C1)c1ccc(Cl)c(Cl)c1,1
2948558,O=C1OCCC1Sc1nc2ccccc2o1,0
645860,CC(c1ccccc1)n1c(NCCCn2ccnc2)nc2c1c(=O)[nH]c(=O)n2C,0
660188,Cc1[nH]c2ccccc2c1C(=O)CN1CCCCC1CCO,0
3236267,Fc1ccc(-c2cc(C(F)(F)F)nc(N3CCCCC3)n2)cc1,0
654543,COc1ccc(NC(=O)CS(=O)CC(=O)Nc2ccc(OC)c(OC)c2)cc1,0
3241571,CCCNC(=O)C(Cc1ccccc1)NS(=O)(=O)c1cccc2nsnc12,0
3244925,COc1cccc(-c2nc(-c3ccc(NC(=O)c4cccnc4)cc3)no2)c1,0
794661,Cc1ccc(N=Cc2ccc(O)cc2O)cc1F,0
645571,Cc1ccc(N=C(c2cccs2)N2CCOCC2)cc1,0
7105719,O=C(NNc1nc2cc3c(cc2s1)OCO3)c1cccc(F)c1,1
657447,CC1(C)N(O)C2CCCCC2N1O,0
893386,CNC(=O)c1ccc(N(Cc2ccccc2C)S(C)(=O)=O)cc1,0
666034,Cc1ccc(C2CC(=O)N3CN(c4ccc(Br)cc4)CSC3=C2C#N)o1,0
646511,CCc1c(C)nc2ncnn2c1N1CCCC(C(=O)NCc2ccco2)C1,0
1138020,COc1ccccc1N(CC(=O)Nc1ccc2c(c1)OCO2)S(=O)(=O)c1ccccc1,0
663911,O=C(c1ccccc1)c1nc2ccccc2[nH]c1=O,0
71529550,O=C(N[C@H](c1ccc(F)c(Cl)c1)[C@@H]1CCNC1)c1ccc2cnc(NC3CCOCC3)nc2c1,1
678654,O=C(NCCc1nc2ccccc2[nH]1)Nc1ccccc1,0
662403,O=S(=O)(NCCSc1ccc(Cl)cc1)c1ccc2c(c1)OCCO2,0
655560,O=C(Nc1nc2c(s1)CCCC2=O)c1cnccn1,0
651554,CCCCC(C(=O)NCCC(C)C)N(CCCN1CCOCC1)C(=O)c1snc(C(N)=O)c1N,0
118380957,CC(=O)Nc1n[nH]c2cc(NC(=O)N[C@H](COC(F)F)c3ccccc3)ncc12,1
3237888,COc1nc(N)nc(CC(=O)C2CC2)n1,0
2133919,Cc1oc(-c2cc(Cl)ccc2Cl)cc1-c1nn2c(C)nnc2s1,0
3234549,N#Cc1cccc(NC(=O)N2CCCC3(CCN(C(=O)c4ccco4)CC3)C2)c1,0
730934,CCOc1ccc2[nH]c(C)cc(=O)c2c1,0
651522,CC(C)C(C(=O)NC1CCCCC1)N(CC1CCCO1)C(=O)CNS(=O)(=O)c1ccc(F)cc1,0
1225794,Cc1ccc(-c2noc(CSc3nnnn3-c3ccccc3)n2)cc1,0
924278,CCn1c(NC2CCCCC2)nc2ccccc21,0
3243178,COC(=O)c1ccc2c(=O)n(CCCCCC(=O)NCc3ccccn3)c(=O)[nH]c2c1,0
2228581,O=C(Nc1cccc2cccc(NC(=O)c3ccco3)c12)c1ccco1,0
5307812,COC(=O)C1C(=O)c2c([nH]c(C(=O)OC3CCCCCC3)c2C)CC1C,0
2999262,COc1ccc(CCC2(C)NC(=O)NC2=O)cc1,0
974881,COc1ccc(OCCC(=O)Nc2cc(C)on2)cc1,0
1068515,COc1ccc(Nc2nc(N3CCCCC3)nc(N3CCCCC3)n2)c(OC)c1,0
669409,CC(C)c1ccccc1NC(=O)c1ccco1,0
2517964,Cc1cc(-c2nnc(-c3cc4ccccc4oc3=O)o2)c(C)n1-c1ccccc1,0
2959894,COc1cc2c(cc1OC)C(c1ccc3c(c1)OCO3)CC(=O)N2,0
2998126,CCOC(=O)c1c(C)[nH]c(C(=O)OCC(=O)N2c3ccccc3CC2C)c1C,0
686822,CC(=O)Nc1cccc(C(=O)Oc2cccc(C)c2)c1O,0
3239750,CCOC(=O)Cc1csc(NC(=O)c2cnc3scc(C)n3c2=O)n1,0
5309850,CCCc1cc(C(=O)NCc2cccs2)no1,0
2331358,c1cnc(-c2nnc3n2CCCCC3)cn1,0
2282389,CCCCc1ccc(-c2nc(N)n[nH]2)cc1,0
256325,CNC(=O)Nc1ccccc1NC(=O)NC,0
3743011,CC(c1ccc(Br)cc1)N1CC23C=CC(O2)C(C(=O)O)C3C1=O,0
771649,COc1ccc(Cl)c(NCCC(=O)O)c1,0
645041,Cc1nn(-c2ccccc2)c2nc(=O)n(-c3ccccc3)cc12,0
2309345,O=C(COc1ccccc1)Nn1cnc2ccccc21,0
5307243,O=C1c2ccccc2C(Nc2ccc3c(c2)OCCO3)N1Cc1ccco1,1
135485478,O=c1cc(-c2ccccc2)nc(N2CCN(Cc3ccccc3)CC2)[nH]1,0
16758685,C[C@@H](c1ccccc1)N1C(=O)[C@H]2[C@H]3[C@H](O)[C@H](O)C/C(=N/OC[C@@H](O)COCc4ccco4)[C@@H]3CC[C@@H]2C1=O,0
92044554,C[C@@H](NC(=O)Nc1cc2[nH]nc(C(=O)NCc3nc4ccncc4[nH]3)c2cn1)c1ccccc1,1
776480,O=C(O)c1[nH]nc2c1COc1ccccc1-2,0
1070548,CC(C)OP(C)(=O)CN1CCN(CP(C)(=O)OC(C)C)CC1,0
718032,Cc1cc(C)n2c(SCc3c(C)noc3C)nnc2n1,0
118045919,CNC[C@@H](NC(=O)c1ccc(-c2nc(C3CCC(O)CC3)cnc2N)cc1F)c1cc(F)cc(Br)c1,1
885277,C/C(=C1\SC(N2CCOCC2)=NC1=O)c1ccccc1,0
54676763,C=CCn1c(=O)c(C(=O)Nc2ccccc2O)c(O)c2ccccc21,0
645168,C=CCN(CC(=O)NCC1CCCO1)C(=O)CCC(=O)Nc1cc(C)on1,0
2999886,O=C(CSCSCC(=O)NCC1CCCO1)NCC1CCCO1,0
2095664,Cc1ccc(N(CC(=O)N2CCc3ccccc32)C2=NC(=O)CS2)cc1,0
1124495,CN1CCN(CC(=O)N(Cc2c(C#N)c3ccccc3n2C)c2ccccc2)CC1,0
97807,OCC(O)Cc1ccc2c(c1)OCO2,0
657775,O=C(O)CCCC(=O)Nc1ccccc1C(=O)O,0
54683810,O=C(NCc1ccco1)c1c(O)c2cccc3c2n(c1=O)CCC3,0
3361119,Cc1cccc(CSC2=NCCN2C(=O)c2ccc(Br)o2)c1,0
2155109,CCSc1nnc(NC(=O)CSc2nc3c(c(=O)n2-c2ccccc2)SCC3)s1,0
653093,CCCCn1c(SCC(=O)N2CC(=O)Nc3ccccc32)nnc1-c1ccoc1C,0
795044,COc1ccc(C(=O)CC(=O)O)c2c1C=CC(C)(C)O2,0
118365082,C[C@@H](O)[C@@H](NC(=O)Nc1cc2[nH]nc(OCCO)c2cn1)c1ccccc1,1
2089447,Cc1ccc(S(=O)(=O)N(C)CC(=O)OCc2nnc(-c3ccccc3)o2)cc1,0
655043,Cn1nnnc1SCC(=O)NCc1ccco1,0
726955,O=C(NCc1ccccn1)c1ccc(COc2ccc(Cl)cc2)o1,0
1091334,CCSc1ccccc1C(=O)N1CCN(Cc2ccc3c(c2)OCO3)CC1,0
2932710,CCC(Oc1ccccc1)C(=O)Nc1cc(C)on1,0
3245591,Cc1noc(C)c1S(=O)(=O)N(CC(=O)O)c1ccc2c(c1)OCO2,0
1262714,O=C(Nc1cccc(C(=O)N2CCCCCC2)c1)c1ccco1,0
2377913,Cc1noc(C)c1COC(=O)c1cc(=O)[nH]c2ccccc12,0
3246159,C[C@H](C(=O)c1ccncc1)c1ccccn1,0
241475,Oc1c(Br)cc(CN(Cc2cc(Br)c(O)c(Br)c2)C2CCCCC2)cc1Br,0
2999589,Cc1ccc(CN(C)C(=O)C2CCCN2C(=O)c2cccs2)o1,0
2945804,CN1CCN(C(=O)CCn2nc(-c3ccccc3)c3ccccc3c2=O)CC1,0
3073763,Clc1ccc([C@@H]2C[C@H]3CC[C@@H]2N3)cn1,0
3651651,CCN(Cc1ccccc1)c1ccc(N=Nc2nn(C)c(C)c2[N+](=O)[O-])cc1,1
2576795,N#CCCN(C(=O)COC(=O)c1ccc2c(c1)NC(=O)CS2)c1ccc2c(c1)OCCO2,0
935459,O=C(NCC(F)(F)F)Nc1cccnc1,0
652876,COc1ccc(C(=O)C2CCN(C(=O)c3ccco3)CC2)cc1,0
3243605,COc1ccc(C(=O)NCCn2cc(SCC(=O)NCc3ccco3)c3ccccc32)cc1,0
3235678,COC(=O)c1c(-c2ccco2)csc1NC(=O)C1CC=CCC1C(=O)O,0
2086442,N#Cc1ccsc1NC(=O)COc1ccc(-c2nnco2)cc1,0
706057,Cc1sc2nc3ccc(N4CCCCC4)nn3c(=O)c2c1C,0
1302605,COc1cc(Cl)cc(C#N)c1OCC(=O)O,0
2788214,CCOC(=O)c1ccc(NC(=O)C(C)N2C(=O)c3ccccc3C2=O)cc1,0
3235021,COc1ncc2nc(-c3cn(C)c4ccccc34)c(=O)n(CCC#N)c2n1,0
127053719,COC(=O)NC1NNC2CC(NC(=O)NC(C)c3ccc(F)c(F)c3)NCC21,1
8128,N#CCCCCC#N,0
129077876,Cc1cccc([C@@H](CO)NC(=O)[C@@H](C)N2Cc3ccc(-c4cc(NC5CCOCC5)ncc4Cl)cc3C2=O)c1,1
160555,NCCOC[C@H](N)C(=O)O,0
662492,Cc1sc2nc(SCC(=O)OC(C)C)n(C)c(=O)c2c1C,0
652698,Cc1ccc(NC(=O)CS(=O)CC(=O)NC2CCN(Cc3ccccc3)CC2)c(C)c1,0
118194550,CN1C(=O)C[C@H](Cc2ccc(Cl)cc2)c2nnc3cc(-c4ccnc(Nc5ccnn5C)n4)cc1n23,1
3237527,CCC(=O)N1CCc2cc(S(=O)(=O)CCC(=O)NCc3cccs3)ccc21,0
3242514,COc1ccc(S(=O)(=O)NC(CC(=O)N2CCC3(CC2)OCCO3)c2ccco2)cc1,0
1154395,CCn1cc(C(=O)OCC(=O)Nc2c(C)n(C)n(-c3ccccc3)c2=O)c(=O)c2ccc(C)nc21,0
121432336,Cc1cc(-n2ncc3cc(NC(=O)N[C@H]4CCC[C@H]4c4ccccc4)ncc32)ccn1,1
646237,CCOC(=O)c1cc(CC)sc1NC(=O)CCC(=O)O,0
2191947,O=C(CSc1nnc(-c2ccc(Br)cc2)o1)Nc1cccc2ccccc12,0
12124,CC(=O)Nc1cccc(O)c1,0
5767451,CC1Cc2ccccc2N1C(=O)CSc1nnc2c(n1)[nH]c1ccccc12,0
3245112,CCCCCn1c(SCC#N)nc2cc(C(=O)NC3CCCCC3)ccc2c1=O,0
779170,Cc1ccccc1C(=O)N(C)Cc1ccccc1,0
92044800,Cc1cc(-c2n[nH]c3cc(NC(=O)NCc4ncc(Cl)cc4F)ncc23)ccn1,1
71554863,C[C@@H](NC(=O)Nc1cc2[nH]nc(-c3ccnc(Cl)c3)c2cn1)c1ccc(F)c(Cl)c1,1
3247128,COC(=O)[C@@]1(Cc2ccc(F)cc2)[C@H]2c3cc(C(=O)N(C)C)n(Cc4cccc5ccccc45)c3C[C@H]2CN1C(=O)c1ccccc1,0
3235090,COCCNc1nc(-c2cccc(OC)c2)nc2ccccc12,0
2227183,CN1CCN(C(=O)c2ccc(NS(=O)(=O)c3ccccc3)cc2)CC1,0
3245601,CCN1CCCC1CNC(=O)CSc1cc(=O)n(CC)c2ccccc12,0
2028588,COc1ccc(Oc2ncnc3c2ncn3Cc2ccccc2)cc1,0
3242282,CC(=O)c1c(C)[nH]c(C(=O)N2CCCCCC2)c1C,0
3237216,COc1ccc(OC)c2[nH]c(=O)c(CCNC(=O)CC(C)C)cc12,0
646204,Cc1cccc(C)c1NC(=O)c1ccc(-n2cnnn2)cc1,0
3241112,O=C(c1cc(-c2ccncc2)nc2ccccc12)N1CCN(c2ccc(N3CCOCC3)nn2)CC1,0
650345,O=C(CSc1nnc(Cn2cnc3ccccc32)o1)c1ccccc1,0
5461359,C=C(CC1([C@@H](NP(=O)(c2ccccc2)c2ccccc2)[C@H]2C[C@@H]2CCCC)CC1)c1ccccc1,0
2962214,O=C(c1ccco1)N1CCN(C(=O)C2CC(c3ccc(Cl)c(Cl)c3)=NO2)CC1,1
666401,COc1cc(OC)c(C2C(C#N)=C(N)Oc3cc(C)n(CCCN4CCOCC4)c(=O)c32)cc1OC,0
7015,Nc1ccccc1-c1ccccc1,0
2887398,COc1ccc(NC(=O)C2C3CCC(C3)C2C(=O)O)cc1OC,0
3240222,O=C(CCn1nc(-c2ccccc2)ccc1=O)N1CCOCC1,0
3244512,O=C(O)c1ccc(CSCc2c(F)cccc2Cl)o1,0
897075,COc1cccc(OC)c1C(=O)n1nc(C)cc1C,0
5389776,CCN1CCN(Cc2c(O)ccc3c(=O)c(-c4ccc(OC)c(OC)c4)c(C)oc23)CC1,0
5771818,C[C@@]1(C(NC(=O)Cc2ccc(C(F)(F)F)cc2)c2ccc(-c3ccccc3)cc2)C[C@H]1C1CCCCC1,0
3234830,c1cnc(N2CCCC3(CCNCC3)C2)nc1,0
135462710,CCCCCc1c(C)nc(N2CCOCC2)[nH]c1=O,0
5307913,Cc1noc(/C=C/N(C)C)c1S(=O)(=O)N1CCCC(C(=O)N2CCCCC2)C1,0
649108,COc1cccc(-n2nnnc2SCC(=O)c2cc(OC)ccc2OC)c1,0
3240152,COc1ccc(OC)c(NC(=O)c2ccc(NS(=O)(=O)c3c(C)noc3C)cc2)c1,0
7766,CCOC(=O)OCC,0
2997778,Cc1c(NC(=O)C(C)Oc2ncnc3ccccc23)c(=O)n(-c2ccccc2)n1C,0
135449219,COc1cccc(/C=N/n2c(SC)nnc2-c2ccccc2)c1O,0
649197,O=C1CC(c2ccco2)c2ccc3ccccc3c2N1,0
2944357,CCC(=O)N1CCN(c2ccccc2NC(=O)COc2cccc(C)c2)CC1,0
2610204,CC(C)Cn1c(N)c(C(=O)CSc2nnnn2-c2ccc(Cl)cc2)c(=O)n(C)c1=O,0
3235802,Cc1cccc(NC(=O)CCNS(=O)(=O)c2cccc3nsnc23)c1,0
2727851,O=C1Nc2ccccc2C1(O)Cc1ccncc1,0
850056,CCOc1cc(C)c(Cl)cc1S(=O)(=O)N1CCCC1,0
73506495,C[C@@H](NC(=O)Nc1cc2[nH]nc(N[C@@H]3COC[C@H]3F)c2cn1)c1ccccc1,1
659981,CCOc1ccccc1NC=C1C(=O)OC(C)(C)OC1=O,0
135417994,Cc1nn(-c2ccccc2)c2[nH]c(=O)c(CNc3ccc4c(c3)OCCO4)cc12,0
647335,C=CCn1c(NCCO)nc2c1c(=O)n(C)c(=O)n2C,0
117876589,COc1cc(Oc2ncccn2)ccc1-c1cc2c(cc1F)ncc1ncn(C3(C)CCN(CCO)CC3)c12,1
1309747,COc1ccc(Br)c2c1-c1nc(NC(=O)c3ccco3)sc1C2,0
653960,COc1ccc(S(=O)(=O)NCC(=O)N(CC(=O)NCC2CCCO2)c2c(C)cccc2C)cc1,0
3237521,COc1ccc(C)cc1NC(=O)C1CCCN(S(=O)(=O)c2cccc3nonc23)C1,0
3234252,Cc1ccccc1-c1cncnc1Nc1ccccc1,0
3240247,CC(CCc1ccccc1)NC(=O)C1CCN(S(=O)(=O)c2cnc[nH]2)CC1,0
1085107,O=C(CSc1nnc2scc(-c3ccccc3)n12)NCc1ccc2c(c1)OCO2,0
828796,O=C(Cc1ccccc1)N1CCN(C2CCCC2)CC1,0
5678335,N#C/C(C(=O)Oc1ccccc1)=C1\C=CC=CN1,0
118381047,C[C@@H](NC(=O)Nc1cc2[nH]nc(N3CC4CCC(C3)O4)c2cn1)c1ccccc1,1
664838,CCCc1nc(NCc2ccco2)c(C#N)c2c1COC(C)(C)C2,0
6604661,CN1[C@H](CC(=O)c2ccccc2)CCC[C@H]1C[C@@H](O)c1ccccc1,0
118381008,COCCNC(=O)Nc1cc2[nH]nc(N3CCC3)c2cn1,1
135533977,Cc1ccc2nc3nc4ccc[nH]c4cc3c2c1,0
1249291,COc1ccc(C(=O)CSc2cc(C)nc3nc(C)nn23)cc1OC,0
2110332,CCOc1ccc(C(C)=O)cc1COc1ccc(-n2cnnn2)cc1,0
3243490,CC(C(=O)Nc1ccc(C(=O)O)cc1)N1C(=O)c2ccccc2C1=O,0
3246295,O=C(O)CCn1cnc2c(=S)nc[nH]c21,0
2125027,C=CCn1c(SCC(=O)NCc2ccc3c(c2)OCO3)nnc1C1CCCCC1,0
715064,OCc1nnn(-c2cccc(C(F)(F)F)c2)c1CO,0
3241974,Cc1cc(C)n2nc(CC(=O)NC3CCCC(C)C3C)nc2n1,0
1259968,COc1cc(NC(=O)CSc2nnc(C)s2)cc(OC)c1OC,0
1322784,O=C(OCN1C(=O)c2ccccc2C1=O)c1ccccc1,0
2962699,CC1CC(C)CN(c2nc3c(c(=O)n(C)c(=O)n3C)n2C)C1,0
666075,Cc1ccc(C2c3c(-c4ccccc4O)n[nH]c3C(=O)N2Cc2ccncc2)cc1,0
16759163,CCCCCCCCCCCCCCCC(=O)NCCc1ccc(O)c(O)c1,0
649675,Cn1c(=O)[nH]c(=O)c2c1nc(SCCN1CCOCC1)n2Cc1ccccc1,0
577561,Cc1c(NC(=O)c2ccccc2N)cccc1C(=O)O,0
11949004,CCC1=C2CC[C@H]3C(=O)N(c4ccccc4)C(=O)[C@H]3[C@H]2[C@@]2(C)C(=NCC3CC3)OC(=O)N2C1=O,0
799235,Cc1cc(C)nc(SCc2ccc3nonc3c2)n1,0
76072408,CCOc1n[nH]c2cc(NC(=O)N[C@@H](COC)c3ccc(F)cc3)ncc12,1
2086686,CCNC(=O)NC(=O)CSc1ccc(NC(C)=O)cc1,0
653315,COC(=O)CSc1nc2c(c(=O)n(C)c(=O)n2C)n1CCCc1ccccc1,0
250321,O=C1C=CC(=Nc2cccc3c(N=C4C=CC(=O)O4)cccc23)O1,0
716787,COC(=O)c1ccc(S(=O)(=O)N2CCCC2)o1,0
2729771,CCc1ccc(OCC(=O)N(C)C2CCS(=O)(=O)C2)cc1,0
648798,O=C(NC1CCCCC1)c1ccc(S(=O)(=O)NCc2cccnc2)cc1,0
3237743,COc1ccc(NC(C)=O)cc1NC(=O)CCn1c(=O)sc2ccccc21,0
1266812,Cc1nn(-c2ccccc2)c(CC(C)(C)C(=O)O)c1C(=O)O,0
649661,CC(C)(C)NC(=O)C(c1ccccn1)N(C(=O)c1ccc2c(c1)OCCO2)C1CCCC1,0
5309239,O=C(Cn1cc2c(n1)CCCC2)NCCc1ccccc1,0
2999725,Cc1cnc(C(=O)OCC(=O)NC2CCCC(C)C2C)cn1,0
652454,Cn1c(SCC(=O)N2CCCc3ccccc32)nnc1-c1ccco1,0
656001,CC(C)c1ccc(-c2noc(C3CCCN(C(=O)c4ccc(F)cc4F)C3)n2)cc1,0
2868572,CCOC(=O)C1CCc2nc3ccccc3c(=O)n21,0
5332737,C/C(=N/NC(=O)c1ccncc1)c1ccccc1Cl,0
118380938,CNc1n[nH]c2cc(NC(=O)NC(C)(COC)c3ccccc3)ncc12,1
881008,O=C(Cc1ccccc1)Nc1ccccc1CO,0
651228,Cc1ccc(-c2cc(C(=O)O)n[nH]2)o1,0
664792,COc1ccc(N2CC(C)Cn3c2nc2c3c(=O)n(CCN3CCOCC3)c(=O)n2C)cc1,0
3241041,Cc1cc(C(=O)Nc2c(C)nn(Cc3c(Cl)cccc3Cl)c2C)no1,0
2135659,Cc1ccc(NC(=O)Cn2nnc(C(=O)NCc3ccccc3)c2N)cc1C,0
664676,Cc1ccc(OCCN2CCN(C(=O)CCC(=O)Nc3nnc(C(C)C)s3)CC2)cc1,0
888108,O=C(CC(c1ccccc1)c1ccccc1)Nc1ncn[nH]1,0
3242539,C=C(C)Cn1c(CCCNC(=O)CC)nc2ccccc21,0
3233936,O=C(Nc1cccc(F)c1)N1CCCC2(CCN(C(=O)c3ccco3)CC2)C1,0
4086,CC(C)NCC(O)c1cc(O)cc(O)c1,0
3244426,CC(=O)NCCn1c(SCC(=O)c2ccccc2)nc2ccccc2c1=O,0
2103632,O=C(OCc1nnc(-c2ccccc2)o1)c1ccc2ccccc2n1,0
690908,Cc1onc(-c2ccccc2)c1C(=O)Nc1ccc2c(c1)OCO2,0
663986,CC1CCN(c2oc(-c3cccc4ccccc34)nc2C#N)CC1,0
6604932,N[C@H](Cn1ccc(=O)n(Cc2ccccc2C(=O)O)c1=O)C(=O)O,0
2997936,OC1CC(c2ccco2)NC2(CCCCC2)C1,0
4429361,Cc1ccc(CCN2C(=O)CCC2(C)C(=O)NC2CCCC2)cc1,0
146816004,Cn1cnc(-c2ccc(C3=CCN(C(=O)CN4CC[C@]5(CCN(c6ccc7[nH]nc(C8=CCOCC8)c7n6)C5=O)C4)CC3)cc2)n1,1
2751443,CC(=O)CCc1oc2ccc(NC(C)=O)cc2c1-c1ccc(C)o1,1
5008575,O=C(CN1CCOc2ccccc21)NCc1ccc(F)cc1,0
3000131,O=C(CN1CCN(c2ccccn2)CC1)Nc1ccc2ccccc2c1,0
655120,COC(=O)CSc1nnc2c(C)cc3cc4c(cc3n12)OCCO4,0
2833563,O=C1CC(N2CCN(c3cccc(C(F)(F)F)c3)CC2)C(=O)N1c1ccccc1,0
655919,CCC(=O)N1CCN(C(=O)CC)C1c1ccccc1,0
669286,CN(C1CCCCC1)S(=O)(=O)Cc1ccccc1,0
657801,CCCCOC(=O)n1c(=O)oc2ccccc21,0
3243971,Cc1ccc(C)c(N2CCN(C(=O)C3CCN(c4nnc(N5CCCC5=O)s4)CC3)CC2)c1,0
3235135,COc1ccccc1CNc1ncnc2ccc(-c3ccccc3CN(C)C)cc12,0
1021998,O=C(c1ccccc1NS(=O)(=O)c1cccs1)N1CCOCC1,0
808206,COC(=O)c1ccc(COc2ccc3c(C)c(C)c(=O)oc3c2C)o1,0
647693,COCCNC(=O)C(c1ccc(F)cc1)N(CCOC)C(=O)CCC(=O)Nc1nccs1,0
3237225,CC(=O)NC(CCS(C)(=O)=O)C(=O)Nc1nccs1,0
5053337,O=C(Cn1nc(-c2ccccc2)ccc1=O)N1CCOCC1,0
739288,Cn1c(-c2ccccc2)cccc1=O,0
6603769,C[C@@]12C[C@@H](O)[C@H]3[C@@H](CCC4=CC(=O)CC[C@]43C)[C@H]1CC[C@H]2C(=O)CO,0
137478560,C[C@H](C(=O)N[C@H](CO)c1ccnc(N(C)C)c1)N1Cc2ccc(-c3nc(Nc4cnn(C)n4)ncc3Cl)cc2C1=O,1
866702,Cc1cc(C)cc(-n2ccnc2SCC(=O)Nc2nccs2)c1,0
650032,C=CCOc1cccc(C2C(C(=O)c3ccco3)=C(O)C(=O)N2CCN2CCOCC2)c1,0
656377,COc1ccc(N(CC(=O)NC2CCCC2)C(=O)Cn2nnc(-c3ccc(C)cc3)n2)cc1,0
3245424,Cc1oc(-c2cccs2)nc1CS(=O)CC(=O)NCCCOC(C)C,0
1292313,Nc1nc(CSc2nnnn2-c2ccccc2)nc(N2CCCc3ccccc32)n1,0
664262,O=C1c2ccccc2S(=O)(=O)N1CC1CC(c2ccccc2)=NO1,0
3232806,COc1ccccc1-c1ccc2ncnc(NCc3ccccc3)c2c1,1
3716125,NC(=O)OCCSc1nnc(-c2cccc(C(N)=S)c2)o1,0
2885014,CCOC(=O)CN1C(=O)C(O)(CC(=O)c2ccco2)c2ccccc21,0
2740713,O=C(O)C1CCCN1C(=O)c1cccs1,0
3233528,COc1ccccc1CNc1ncnc2ccc(-c3c(C)noc3C)cc12,0
5309906,O=C(CCc1nc2ccccc2[nH]1)Nc1ccc2c(c1)OCCO2,0
9547724,Cn1c(N)c(C(=O)COC(=O)c2cc(C(F)(F)F)nc3ccccc23)c(=O)n(C)c1=O,0
2992168,COc1ccc(-c2cc(C(F)(F)F)nc(N3CCOCC3)n2)cc1OC,0
3243230,Cc1ccc(NC(=O)CSc2nc3ccccc3c(=O)n2CCCC(=O)N2CCCC2)cc1,0
2965077,COC(=O)NC1(C(F)(F)F)NC(=O)N(C2CCCCC2)C1=O,0
4849,NS(=O)(=O)c1cc(C(=O)O)cc(N2CCCC2)c1Oc1ccccc1,0
738843,COc1cc(NC(=O)c2cccs2)ccc1NC(=O)c1ccco1,0
92044720,Cc1cc(-c2n[nH]c3cc(NC(=O)NCc4cccc(NS(C)(=O)=O)c4)ncc23)ccn1,1
2999385,COc1ccccc1NC(=O)C(C)Sc1nnnn1C,0
652444,Cc1cc(NC(=O)CCC(=O)N(c2cccnc2)C(C(=O)NC2CCCC2)c2ccccc2)no1,0
3243890,COc1ccc(OC)c(NC(=O)C2CCN(S(=O)(=O)c3c(C)noc3C)CC2)c1,0
659843,COc1cccc(N2CCN(CC(=O)c3c[nH]c4ccc(OC)cc34)CC2C)c1,0
665265,Cc1cc(OCc2nn[nH]n2)c2c(C)c(Cc3ccccc3)c(=O)oc2c1,0
3838014,CCC(=NCc1cccnc1)c1c(O)n(C2CCCCC2)c(=O)[nH]c1=O,0
2999005,CC1CCc2c(sc3ncnc(SCC(=O)N4CCN(C(=O)c5ccco5)CC4)c23)C1,0
649804,Cn1c(-c2ccc(F)cc2)cnc1SCC(=O)N1CCCCC1,0
3000223,O=C(CN1C(=O)C2C3C=CC(C3)C2C1=O)Nc1nc(SCc2ccc(Cl)cc2)n[nH]1,0
645480,O=C(Nc1ccc2c(c1)OCO2)C1CCN(C(=O)c2cccs2)CC1,0
2999749,CCOC(=O)C(C)Oc1cc(C)cc2oc(=O)c3c(c12)CCCC3,0
712791,CC1(C)CC(=O)c2c(-c3cccnc3)n[nH]c2C1,0
16758495,CCc1cc2c(nc1CC)CCN(CC/C(C)=N/O[C@@H](C)c1cn([C@@H]3COC[C@@H]3O)nn1)C2,0
148214410,CN=CN=C(N)c1ccc(C2=CCN(C(=O)CN3CC[C@]4(CCN(c5ccc(N)c(C(=N)c6ccc(SC(C)C)nc6)n5)C4=O)C3)CC2)cc1,1
651822,CCC(C)(C)NC(=O)C(c1ccc(F)cc1)N(Cc1ccco1)C(=O)CCC(=O)Nc1ccccn1,0
2930827,O=C(O)C1C2C=CC(C2)C1C(=O)NCCc1cccc(Cl)c1,0
971959,CSc1ccccc1NS(=O)(=O)c1ccc2c(c1)OCCO2,0
135482435,CCCCSc1nc2c(cnn2-c2ccc(Cl)cc2)c(=O)[nH]1,0
135415418,Cc1ccc(-c2csc(/C(C#N)=C(\O)CN3CCN(C(=O)c4ccco4)CC3)n2)cc1,0
2866118,CCCc1[nH]nc2c1C(c1ccncc1)C(C#N)=C(N)O2,0
3238227,COCCCn1c(=S)[nH]c2ncccc2c1=O,0
5309790,CCOC(=O)CNc1c(N2CCN(c3ccccn3)CC2)c(=O)c1=O,0
92044732,Cc1cc(-c2n[nH]c3cc(NC(=O)NCc4nccc5ccccc45)ncc23)ccn1,1
5308400,CCn1cc(C(=O)N2CCOCC2)c(=O)c2cc(S(=O)(=O)N(C)C3CCCCC3)ccc21,0
649253,CCOC(=O)C1(Cc2ccccc2)NC(c2ccccc2F)C2C(=O)N(CC)C(=O)C21,0
3242985,O=C1CN(C(=O)c2ccco2)C(c2ccc(F)cc2)c2cc(Cl)ccc2N1,0
798505,Cc1cc(NC(=O)Cn2nc(C(F)(F)F)c3c2CCCC3)no1,0
3234685,O=S(=O)(c1ccccc1)N1CCC2(CCN(c3ccc(-c4ccccc4)cc3)CC2)CC1,0
665655,CC1CC(c2ccccc2)n2nc(NC(=O)c3cccs3)nc2N1,0
2999769,COc1cc(C(=O)NCCc2ccc3c(c2)OCCO3)ccc1OCC(=O)N1CCOCC1,0
651899,CN(C(=O)c1ccno1)c1nnc(-c2cccnc2)s1,0
6629,CC(C)(OO)c1ccccc1,0
3235462,COC(=O)N1CCC2(CCCN(Cc3cc(C(F)(F)F)cc(C(F)(F)F)c3)C2)CC1,0
2791873,CCOC(=O)c1cnc2ccc(Br)cc2c1NCC(C)O,0
3236244,CCOC(=O)N1CCN(C(=O)Cc2ccc(-n3c(=S)[nH]c4ccccc4c3=O)cc2)CC1,0
773130,O=C(O)c1ccc(N2CCCC2=O)cc1,0
6604916,O=C1Nc2cc(Cl)c(Cl)cc2N2CCNC[C@H]12,0
2292764,CN1C(=O)N(C)C(=O)C(CCc2ccncc2)(Cc2ccc3c(c2)OCO3)C1=O,0
645897,Cn1c(=O)c2c(nc(SCC(=O)Nc3ccccc3N3CCCCC3)n2C)n(C)c1=O,0
3242547,COc1ccc(CCNC(=O)Cn2cnc3c(nnn3Cc3ccccc3F)c2=O)cc1OC,0
5739885,Cc1c(C)c2cc(Cl)c(O)c(CN(C)C)c2oc1=O,0
2227762,COc1ccc(S(=O)(=O)Nc2ccc(F)c(F)c2)cc1Cl,0
54676860,O=C1OC(C(O)CO)C(O)=C1O,0
2353836,CCCCOC(=O)Nc1ccc(OC)cc1S(=O)(=O)N1CCOCC1,0
834797,O=C(NCCc1ccccc1)c1ccncc1,0
4168898,CSC1=NCCN1C(=O)c1ccc(S(=O)(=O)N2CCOCC2)cc1,0
2838347,CCOC(=O)C1CCCN(Cc2ccc(OC)cc2OC)C1,0
881848,CC(C)C(=O)Nc1ccc(-c2nc3cccnc3o2)cc1,0
117876630,Cc1ccnc(Oc2ccc(-c3cc4c(cc3F)ncc3nc(C)n(C5CCN(C(=O)CN)CC5)c34)c(Cl)c2)n1,1
655802,CC(C(=O)NC1CCCC1)N(Cc1ccc2c(c1)OCO2)C(=O)c1snc(C(N)=O)c1N,0
238356,CC(C)C(=O)C(C)(C)CCc1ccccn1,0
135413071,Cc1noc(C)c1CSc1nnc(C)c(=O)[nH]1,0
3243141,CC(C)C1N(S(=O)(=O)c2ccccc2)CCN1S(=O)(=O)c1ccccc1,0
652025,CCOC(=O)Cn1nc(-c2ccccc2)nc1-c1ccccc1,0
2880364,CCC(C)NS(=O)(=O)c1cccs1,0
829881,CSc1nnc(-c2cccs2)n1-c1ccccc1,0
135494820,O=c1[nH]c(SCc2ccccc2Cl)nc2c1CCCC2,0
16759301,CC1=C(C2=C(C)C(C(C)C)C3=C(C(=O)C(O)C3O)C2O)C(O)C2=C(C(O)C(O)C2=O)C1C(C)C,0
3232774,CS(=O)(=O)N1CCC2(CCCN(Cc3cc(C(F)(F)F)cc(C(F)(F)F)c3)C2)CC1,0
5310864,C/C(NC(=O)c1ccccc1)=C1/C(=O)CC2C1C2(C)C,0
649662,Cc1cccc2cc(CN(Cc3ccco3)S(=O)(=O)c3ccc4c(c3)OCCO4)c(=O)[nH]c12,1
5308763,CC(=O)c1ccc(NC(=O)CSc2nnc(Cn3c(=O)sc4ccccc43)n2C)cc1,0
6604331,C[C@@]12CC[C@@H]3c4ccc(OS(=O)(=O)O)cc4CC[C@H]3[C@H]1CCC2=O,0
3246633,COc1ccc2c(Cl)cc(NC(=S)Nc3ccccc3)nc2c1,0
2999362,O=C(CSc1n[nH]c(-c2ccncc2)n1)NC1CCS(=O)(=O)C1,0
664745,CCN1C(=O)/C(=C\N2CCN(c3cccc(Cl)c3)CC2)SC1=S,0
2325556,CC(C)(CNS(=O)(=O)c1ccc(Cl)cc1)N1CCCCC1,0
766509,CCOC(=O)c1c(Nc2ccccc2N)cc(C)nc1C,0
3244290,COC(=O)C1(S(=O)(=O)c2cccc3nsnc23)CC1,0
5390033,CC(C)[C@@H]1N[C@]2(C(=O)Nc3ccccc32)[C@@H]2C(=O)N(c3cccc(C(F)(F)F)c3)C(=O)[C@@H]21,0
2574276,O=C(CSc1nc(-c2ccccc2)cs1)NC(=O)NCc1ccco1,1
99601,CCCCN1CSC(=S)N(Cc2ccccc2)C1,0
753814,O=C(NS(=O)(=O)c1ccc2c(c1)OCCO2)c1ccccc1,0
652010,CCOC(=O)C1CCN(CCC(=O)Nc2cccc(Cl)c2C)CC1,0
18370,Cc1cc(C(=O)O)ccc1[N+](=O)[O-],0
2998561,CC(C)CNC(=O)COC(=O)c1cc(S(=O)(=O)N2CCCCC2)ccc1N1CCOCC1,0
118381010,CO[C@H](C)CNC(=O)Nc1cc2[nH]nc(N3CCOCC3)c2cn1,1
3245710,O=P(C(c1ccc2c(c1)OCO2)N1CCOCC1)(N1CCOCC1)N1CCOCC1,0
1077596,O=C(Oc1ccc2ccc(OC(=O)N3CCOCC3)cc2c1)N1CCOCC1,0
645036,CCc1ccc2oc(-c3cccc(NC(=O)c4cccnc4)c3)nc2c1,1
2882787,OC12Oc3ccccc3C=C1N1CCC2CC1,0
666952,CC(C)C(=O)Nc1ccc2c(c1)nc1n2CCSC1,0
33528,CCCCCCCCn1sccc1=O,0
665204,O=C(NCCNC(=O)C(F)(F)F)c1ccncc1,0
2981941,CCOC(=O)c1ccc(NC(=O)CN2CCN(c3ccccc3)CC2)cc1,0
2020399,CCOCCCNc1nc2ccccc2[nH]1,0
2110391,O=C(CSc1nnc(-c2cccs2)n1-c1ccccc1)c1ccc2c(c1)OCCO2,0
799618,CCN(CC)CCn1c(=N)n(CCO)c2ccccc21,0
118365235,C[C@@H](O)[C@@H](NC(=O)Nc1cc2[nH]nc(OCCOC(F)F)c2cn1)c1ccc(F)cc1,1
663080,Cn1c(Cl)nc2ccccc21,0
665668,CC(C)C(=O)Nc1nnc(Cc2ccccc2)s1,0
71555538,Cc1cc(-c2n[nH]c3cc(NC(=O)NCC4CC4)ncc23)ccn1,1
644466,N#Cc1c(-c2ccco2)cc(-c2ccc(F)cc2)nc1N,0
661924,C=CCn1c(N)c(C(=O)OCC(C)C)c2nc3ccccc3nc21,0
2886961,COc1ccc(OC)c(NC(=O)C2CC(C)=C(C)CC2C(=O)O)c1,0
2081892,Cc1ccc(Cn2c(SCC(=O)Nc3cc(C)on3)nc3ccccc3c2=O)cc1,0
796965,CCOP(C)(=O)C1(C(=O)OCc2ccccc2)CC1,0
654345,CCN(CC)S(=O)(=O)c1ccc(-c2nnc(SCC(=O)N3c4ccccc4CC3C)o2)cc1,0
2863238,COc1cc(C2C(C#N)=C(C)NC3=C2C(=O)CC(C)(C)C3)ccc1OCCO,0
650243,Cc1cc(N2CCC(C(=O)Nc3ccc(F)cc3)CC2)nc(-c2ccccc2)n1,0
2231913,CS(=O)(=O)N(CC(=O)NCCSCc1c(F)cccc1Cl)c1ccc2c(c1)OCO2,0
2101672,O=C(CN1CCCc2ccccc21)NC(=O)NCc1ccco1,0
3233853,COc1cccc(-c2ccc3ncnc(NC4CCNCC4)c3c2)c1,0
3233014,CN(C)c1ncc2nc(CCc3ccccc3)c(=O)n(C[C@H]3CCCO3)c2n1,0
659056,COC(=O)c1ccc(OCC(O)Cn2nnc3ccccc32)cc1,0
3238868,O=C(CN1CCN(S(=O)(=O)c2ccc(F)cc2)CC1)Nc1cc(C(F)(F)F)ccc1Cl,0
3235393,O=c1c(-c2cccc(F)c2)nc2cncnc2n1-c1ccccc1,0
885967,COCC(=O)Nc1cccc(Br)c1,0
2234677,CSc1ncc(Cl)c(C(=O)Nc2nnc(SC)s2)n1,0
2188560,CCOC(=O)CSCC(=O)Nc1cc(C)ccc1C,0
3277741,CCOC(=O)c1ccc(N2C(=O)C3ON(c4ccccc4)C(c4ccco4)C3C2=O)cc1,0
1818542,COc1cc(NS(=O)(=O)c2ccc(NS(=O)(=O)c3ccccc3)cc2)nc(OC)n1,0
2062917,Cc1nc(SCC(=O)N2CCOCC2)c2ccsc2n1,0
409301,C[Hg]Cl,0
665116,CN(C)C=Nc1ncc2c3ccccc3n(Cc3ccccc3)c2c1C#N,0
667110,Cc1cc2nc(NC3=NCN(Cc4cccnc4)CN3)nc(C)c2cc1C,0
650569,COC(=O)CN1C(=O)C(C)(C)Oc2ccc(C(=O)NC3CC3)cc21,0
2998874,O=C(COC(=O)c1ccc(NS(=O)(=O)c2ccc3c(c2)OCCO3)cc1)NCC1CCCO1,0
5308739,Cc1ccc2c(c1)NC(=O)C(CC(=O)Nc1ccc(CN3CCC(C)CC3)cc1)O2,0
2998408,COC(=O)c1cc(CSc2nnc(-c3ccccc3)c(-c3ccccc3)n2)oc1C,0
5389043,CCCCOC(=O)CSc1nc2c(c(=O)[nH]c(=O)n2C)n1C/C=C(\C)Cl,0
738376,O=C(c1ccc2snnc2c1)N1CCOCC1,0
3239608,O=C(CCCCn1c(=O)c2ccccc2n(Cc2ccc(F)cc2Cl)c1=O)NCc1ccco1,0
9662513,CN=c1scc(-c2ccc(OC)cc2)n1/N=C(\C)c1cccnc1,1
3235069,Cc1cnc(CNc2ccnc(-c3cccc(NS(C)(=O)=O)c3)n2)cn1,0
649773,Cc1ccc(C(=O)N(CC(=O)NC2CCCC2)Cc2cccs2)s1,0
3243628,CC(C)CN(CC(C)C)S(=O)(=O)N1CCC(C(=O)NCc2cccs2)CC1,0
3240905,COc1ccc(OC)c(CNC(=O)CCN2C(=O)COc3ccccc32)c1,0
3247101,COC(=O)[C@@]1(Cc2ccc(OC)cc2)[C@H]2c3cc(C(=O)N4CCCC4)n(CCc4c[nH]c5ccc(O)cc45)c3C[C@H]2CN1C(=O)c1ccccc1,0
660461,CC(C)NC(=O)N(O)C1N(Cc2ccc3c(c2)OCO3)C(=S)SC1(C)C,0
777857,O=CN1CCC(=O)N(Cc2ccccc2)c2ccccc21,0
134490,NCC[C@H](N)C(=O)O,0
2913082,Cn1c(=O)c2c(-c3ccccc3)n(-c3ccccc3O)cc2n(C)c1=O,0
663548,CC(=O)c1cccc(NC(=O)N[C@@H](CC(C)C)C(=O)O)c1,0
658428,CCOC(=O)COn1c(=O)c(=O)n(OC)c2ccccc21,0
1582522,Cc1cc(=S)cc(C)n1CCCO,0
646664,COc1cc(S(=O)(=O)NCCc2ccc3c(c2)OCO3)ccc1-n1cnnn1,0
2194569,CCCCS(=O)(=O)c1sc2nc(C)cc(C)c2c1N,0
2157557,Cn1cc(S(=O)(=O)CC(=O)Nc2ccc3c(c2)OCO3)c2ccccc21,0
13521,CCO[Si](CCCN)(OCC)OCC,0
2983073,COc1ccc(NC(=O)C2CC(=O)NC(Nc3cccc(C)c3)=N2)cc1,0
3245392,Cc1nc2ccc(S(=O)(=O)NCC(=O)N3CCN(c4ccccn4)CC3)cc2s1,0
655852,CCCn1nnnc1SCC(=O)NCc1cccs1,0
3129893,CCOC(=O)CCCCC(=O)c1[nH]c(=O)[nH]c1CSc1nc(C)cc(C)n1,0
135403579,N#Cc1c(-c2ccccc2)nc(SCc2nc(N)nc(N3CCCCC3)n2)[nH]c1=O,0
3238179,COc1cc2c(=O)n(Cc3ccccc3)c(=O)n(CC(=O)C(C)(C)C)c2cc1OC,0
2058390,O=C(O)CSCCc1ccccn1,0
650173,CC1CCCCC1NS(=O)(=O)c1ccc(-n2cnnn2)cc1,0
2791034,COC(=O)C1=C(C)Nc2nnnn2C1c1cc(OC)ccc1OC,0
6603808,COc1cccc(OC)c1OCCNC[C@@H]1COc2ccccc2O1,0
3236139,COc1ccc(CN2C(=O)c3ccccc3C2C(=O)NCc2cccnc2)c(OC)c1,0
652596,O=C1OC(Nc2ccc3c(c2)OCO3)c2ccccc21,0
666274,CCOC(=O)c1[nH]c2ccc(OC)cc2c1NS(=O)(=O)c1ccc(OC)cc1OC,0
11972589,OC[C@@H]1O[C@@H](n2cnc3c(N[C@@H]4C[C@@H]5CC[C@H]4C5)ncnc32)[C@@H](O)[C@H]1O,0
1116265,CCOC(=O)c1ccccc1NC(=O)Cn1cnc2c1c(=O)n(C)c(=O)n2C,0
654576,Cn1c(C(=O)OCC(=O)NCc2ccco2)cc2sccc21,0
3242548,O=C(NCC(c1cccnc1)N1CCN(c2ccc(F)cc2)CC1)Oc1ccccc1,0
656374,CC(=O)N=c1sc2ccccc2n1C,0
16759103,CCOC(=O)OCC1OC(c2ccccc2)C=CC1OC(=O)OCC,0
2923668,C=CCOC(=O)C1=C(C)NC(=O)NC1C1CC=CCC1,0
644680,CCN1C(=O)N(CC)C2C1N(C(C)=O)C(=O)N2C(C)=O,0
3243918,Cn1c(=O)cc(OCC(=O)NCc2cccnc2)c2ccccc21,0
655692,O=C(CN1CCN(c2ccccn2)CC1)Nc1cccc(C(F)(F)F)c1,0
3247269,O=C(N[C@@H](c1ccccc1)[C@@H]1C[C@H]1C(=O)O)OCc1ccccc1,0
663859,CCOC(=O)c1cnc(-n2cc(C)cn2)nc1NCc1ccc2c(c1)OCO2,0
9595213,COc1nc(OC/C(N)=N/O)nc(N2CCOCC2)n1,0
2998181,N#CC1=C(N2CCOCC2)N=P(N2CCOCC2)(N2CCOCC2)N=C1c1ccccc1,0
2998057,Cc1cccc(C(=O)c2ccccc2C(=O)O)c1O,0
5307212,COc1ccc(C2N(c3cc(Cl)ccc3OC)C(=O)C3CCCN32)cc1OC,0
2299642,C=CCSC1=N/C(=C\c2ccsc2)C(=O)S1,0
2999206,COc1cc2c(C#N)c(N3CCc4ccccc4C3)nc(N)c2c(N)n1,0
655086,Cc1cc(C)c(C#N)c(SCC(=O)Nc2ccccc2C(N)=O)n1,0
768895,COc1ccc(OC)c(S(=O)(=O)NCCC2=CCCCC2)c1,0
5309678,N#Cc1cccc(NC(=O)NCCc2c[nH]c3ccccc23)c1,0
5095,CCCN(CCC)CCc1cccc2c1CC(=O)N2,0
1246068,CCOc1cc(C(=O)Nc2ccon2)cc(OCC)c1OCC,0
3236110,Cc1nccn1CCCN1C(=O)OC2(CCCCC2)C1(C)O,0
2734373,Cc1csc(B(O)O)c1,0
3240762,CCOC(=O)C1CCN(C(=O)CCc2nc3ccccc3[nH]2)CC1,0
2998472,Cc1ccc(N(CC(N)=O)C2SC(=O)NC2=O)cc1,0
135415537,Cc1cccc(/N=C/c2c(O)n(-c3cc(Cl)ccc3N3CCOCC3)c(=O)c3ccccc23)n1,0
3236796,O=C(Nc1ccc(F)cc1F)c1noc2c1CCC2,0
676149,COc1ccc(-c2nnc(SCC(=O)c3ccc(C)o3)o2)cc1,0
655583,COc1cc(C)c(C(C)C)cc1S(=O)(=O)NCCCn1ccnc1,0
831798,O=C(Nc1ccccc1)N1CCSCC1,0
3238591,CCOC(=O)c1sc(Nc2nc3c(OC)cccc3s2)nc1C,0
2091495,Cc1cnc(NC(=O)c2nc(-c3ccccc3)n(-c3ccccc3)n2)s1,0
1844826,Cn1nnnc1SCC(=O)Nc1ccc(N2CCOCC2)cc1,0
89536104,Cc1cc(-c2n[nH]c3cc(NC(=O)NC(CCN4CCCC4)c4ccncc4)ncc23)ccn1,1
666593,Cc1cc(Nc2ccccc2N2CCOCC2)n2ncnc2n1,0
665573,COc1ccc(-c2nnc3sc(COc4ccc(C)cc4)nn23)cc1,0
3245174,Cc1ccc(S(=O)(=O)NC(CC(=O)NCC2CCCO2)c2ccco2)cc1,0
3241424,CCOC(=O)C1CCCN(C(=O)c2cc(Nc3ccc(OC)c(OC)c3)nc3ccccc23)C1,0
3237985,CCCC(=O)NCc1ccc2c(c1)cc(C)n2C,0
121416677,Cc1cc(-n2ncc3cc(NC(=O)N[C@H](CN4CCOCC4)c4ccccc4)ncc32)ccn1,1
752764,CCCC12CN3CC(C)(CN(C1)C31CCCCC1)C2=O,0
2328338,CCCCCN(C(=O)NC(=O)Nc1ccccc1OC)S(C)(=O)=O,0
2729567,O=C(C1CCCCC1)N1CCN(S(=O)(=O)c2ccc(Cl)cc2)CC1,0
2155707,COc1ccccc1-c1nnc(SCC(=O)N2CCOCC2)o1,0
735026,CCOC(=O)c1c(N)sc(C(=O)N(C)C)c1C,0
2301870,O=S(=O)(NCCSc1nnnn1-c1ccccc1)c1cccs1,0
2971985,Cc1ccccc1NS(=O)(=O)c1ccc(C2CNC(=O)C2)cc1,0
655905,Cc1ccc(-c2nc(C#N)c(NCc3ccco3)o2)cc1,0
3238150,CCOC(=O)c1sc(NC(=O)CNC(=O)Cn2cnc3sc(C)c(C)c3c2=O)nc1C,0
792513,Clc1nnc2ccc(-c3ccccc3)nn12,0
3239962,O=C(NCC1CCCO1)C1CCN(S(=O)(=O)N2CCCC2)CC1,0
772963,O=C(CCN1CCCCC1)Nc1ccc(Br)cc1,0
644929,COCc1[nH]nc2c1C(c1ccccc1Cl)C(C#N)=C(N)O2,0
659761,O=[n+]1c2c(n([O-])c3cc(Br)ccc31)CCC2,0
3802688,CCC(=NCc1ccc2c(c1)OCO2)c1c(O)n(C2CCCCC2)c(=O)[nH]c1=O,0
2204323,Cc1nnc2sc(-c3ccc(NC(=O)CSc4ccc(Cl)cc4)cc3)nn12,0
3233407,c1ccc(CN2CCCC3(CCNCC3)C2)cc1,0
5307364,Cc1ccc(-c2noc(CN(C(=O)c3cccc(Br)c3)C(C)C)n2)cc1,0
647069,CCOc1ccc(OCC)c(S(=O)(=O)N2CCCCC2)c1,0
92044788,COc1cc(CNC(=O)Nc2cc3[nH]nc(-c4ccnc(C)c4)c3cn2)on1,1
3242673,Cc1ccc(S(=O)(=O)n2nc(C)c(Br)c2C)c(C)c1C,0
3242780,CCn1c(=NC(=O)CSC(C)=O)sc2cc(F)ccc21,0
76071323,CCOc1n[nH]c2cc(NC(=O)N[C@@H](c3ccccc3)C3(O)CCCC3)ncc12,1
662452,Cc1cccc(C)c1NC(=O)CSc1nnc(CCCCCNC(=O)OC(C)(C)C)o1,0
759610,CCCc1oc2c(c(=O)c1CC)C(=O)CC(C)(C)C2,0
2128137,CSc1ncccc1C(=O)OCC(=O)NC(=O)NCCC(C)C,0
2428713,Cc1c(NC(=O)COC(=O)Cc2ccc(Cl)cc2)c(=O)n(-c2ccccc2)n1C,0
659810,O=C(Nc1cccc(-c2nnc(-c3ccccc3)o2)c1)c1ccco1,0
2998794,CN1CCN(c2ccc(Cl)cc2NS(=O)(=O)c2ccccc2Cl)CC1,0
648134,CCC(C)(C)n1nnnc1C(c1ccncc1)N1CCN(c2cccc(OC)c2)CC1,0
78268,Nc1nnc(-c2ccccc2)c(-c2ccccc2)n1,0
1110091,c1cncc(CNc2nc(N3CCOCC3)nc(N3CCOCC3)n2)c1,0
3236505,CCOC(=O)c1sc(=NC(=O)c2cccc(OC)c2)n(C)c1C,0
3243032,CCCN(c1ccc(C(C)C)cc1)S(=O)(=O)c1c(C)[nH]c(=O)[nH]c1=O,0
6997825,Cn1cc(/C=N/n2cnc3scc(-c4ccc(Cl)cc4)c3c2=O)c2ccccc21,0
2854923,CCSC1=C(C#N)C(c2ccc(C)s2)CC(=O)N1,0
6603959,CC(=O)[C@@H]1CC[C@@H]2[C@@H]3CCC4=CC(=O)CC[C@@]4(C)[C@H]3CC[C@]21C,0
644454,CCOC(=O)CSc1nc(C2CC2)nc2ccccc12,0
2970811,Cc1onc(-c2ccccc2)c1C(=O)NC(C)C1CCCO1,0
3238216,CCOCCn1c(CN(Cc2ccccc2)Cc2ccccc2)nc2c1c(=O)[nH]c(=O)n2C,0
2948564,CCOc1ccccc1C(=O)N(CCC(=O)OC)c1ccccn1,0
16758176,CC1O[C@@H](Oc2c(-c3ccc(O)c(O)c3)oc3cc(O)cc(O)c3c2=O)C(O)C(O)C1O,0
6605068,CCCn1c(-c2ccc(F)cc2)nc2c(NCCCN3CCCCC3C)nc(C)nc21,0
2202493,CCn1c(SCC(=O)Nc2ccccc2N2CCOCC2)nnc1-c1ccccc1,0
2198180,COc1cc(OC)cc(C(=O)NCCSCc2ccco2)c1,0
3240068,COc1cc(C2NC(=O)NC(O)(C(F)(F)F)C2C(C)=O)cc(OC)c1OC,0
653310,Cn1c(SCC(=O)N2CCCc3ccccc32)nnc1-c1cccs1,0
847796,COc1ccc(S(=O)(=O)NC2CCCCC2)cc1C,0
662857,OC(Cn1cncn1)c1ccc(Cl)cc1Cl,0
802603,Cc1nonc1NC(=O)c1ccccc1Br,0
5308815,Cc1cc(C)cc(Nc2cc(C)nc3nc(C)nn23)c1,0
645432,COc1cc(OC)cc(C(=O)NC2CCSC2=O)c1,0
135500630,COC(=O)c1ccc(/C(O)=C(\C#N)c2nc3ccccc3s2)cc1,0
2330332,CN1C(c2ccc(F)cc2)=CS/C1=C(\C#N)c1nnc2n1-c1ccccc1SC2,0
6604043,CN[C@@H](CC(C)C)C(=O)N[C@@H]1C(=O)N[C@H](CC(N)=O)C(=O)N[C@H]2C(=O)N[C@H]3C(=O)N[C@H](C(=O)N[C@H](C(=O)O)c4cc(O)cc(O)c4-c4cc3ccc4O)[C@H](O)c3ccc(c(Cl)c3)Oc3cc2cc(c3O[C@@H]2O[C@@H](CO)[C@@H](O)[C@@H](O)[C@H]2O[C@H]2C[C@](C)(N)[C@H](O)[C@H](C)O2)Oc2ccc(cc2Cl)[C@@H]1O,0
2998922,Cc1ccccc1Nc1nc(N)nc(COC(=O)C(NC(=O)c2ccco2)C(C)C)n1,0
652202,Cc1ccc(C(=O)Nc2ccccc2N2CCN(C(=O)C(C)C)CC2)cc1C,0
3245948,COc1ccc(-c2noc(CCC(=O)Nc3nc4ccccc4s3)n2)cc1,0
664254,CCCCOCCCn1c(-c2ccco2)nc2nc3ccccc3nc21,0
2998824,COc1cc(-c2nnc(SCC(=O)c3cc(C)n(CC4CCCO4)c3C)o2)cc(OC)c1OC,0
666684,Cc1cc(=O)oc2cc(OCC3CC(c4ccc(N(C)C)cc4)=NO3)ccc12,0
664125,N#CCSc1n[nH]c2nc3c(c(=O)n12)C1(CCCC1)Cc1ccccc1-3,0
2402789,O=C(CSC1=NCCS1)N1CCCC1,0
645304,O=C(CN(CC1CCCO1)C(=O)Cn1nnc(-c2ccc(F)cc2)n1)NC1CCCCC1,0
665247,CCP(=O)(CC)c1cccc(N)c1,0
3233377,COCC(=O)N1CCC2(CCCN(C(=O)Nc3cccc(F)c3)C2)CC1,0
3238619,CCOc1ccc(NC(=O)c2cccc3c2C(=O)N(Cc2cccnc2)C3)cc1,0
3239456,Cc1cc(N2CCOCC2)nc2ccc(NC(=O)CCC(=O)N3CCC(C)CC3)cc12,0
2095677,CCOC(=O)c1cc(=O)n2nc(-c3ccc(C)cc3)nc2s1,0
651950,Cc1cc(N2CCC(C(=O)NC3CC3)CC2)nc(-c2ccccc2)n1,0
2947859,O=C(CN1C(=O)c2cccc3cccc1c23)NCC1CCCO1,0
868164,COc1cc(NC(=O)COc2cccc(OC)c2)cc(OC)c1,0
659239,OC(CN1CCN(c2ccccc2)CC1)c1c[nH]c2ccccc12,0
983914,C=CCn1c(SCc2csc(C)n2)nc2sc3c(c2c1=O)CCCCC3,0
1589752,O=C(CSc1nnnn1-c1ccccc1)Nc1nc(-c2ccccc2)ns1,0
6397,C[Si](C)(C)Cl,0
972857,COc1ccccc1S(=O)(=O)n1cc(Cc2ccccc2)c(N)n1,0
13232,CC(=O)OC1CC(C)OC(C)O1,0
662462,CCOC(=O)CNC(=O)CSc1nnc(-c2ccco2)n1N,0
666074,O=c1c2ccccc2oc2nc(C3CCCCC3)n(Cc3ccco3)c(=O)c12,0
2941837,CC(=O)Nc1cc(-c2nn(CC(=O)N3CCCCC3)c(=O)c3ccccc23)ccc1N1CCOCC1,0
1916369,COC(CNC(=O)c1ccc2c3c(onc13)-c1ccccc1C2=O)OC,1
2866963,CCCC1=C(C(=O)OCC)C(c2ccccc2OC)NC(=O)N1,0
645020,Cc1cc(NC(=O)c2ccco2)ncc1NC(=O)CCc1ccccc1,0
656280,CCOC(=O)c1cnc2ccccc2c1NCCO,0
653436,CCCNS(=O)(=O)c1ccc(CCC(=O)N2CCC(C)CC2)cc1,0
5459504,COC(=O)C1(Cc2ccccc2)C=C2C(=C(c3ccccc3)C(=O)C2C)CN1,0
268248,CNS(=O)(=O)c1ccccc1C(=N)c1ccccc1,0
3243148,CCOC(=O)CSc1nc2c(c(=O)n1-c1ccc(OCC)cc1)SCC2,0
2961825,Cc1cc2ncn(C3CC(=O)N(Cc4ccccc4)C3=O)c2cc1C,1
2208446,CSc1ccccc1NC(=O)c1ccccc1N(C)S(C)(=O)=O,0
3243023,Cc1ccc(CN2CC34C=CC(O3)C(C(=O)NCc3ccco3)C4C2=O)cc1,0
2926725,CCOC(=O)N1CCN(C(=O)c2ccc3c(=O)n(CCC4=CCCCC4)c(=S)[nH]c3c2)CC1,0
2325684,COC(=O)C1(C(=O)OC)Sc2ccccc2C1=O,0
3234378,O=C(c1cnccn1)N1CCC2(CCCN(c3cccc(-c4ccccc4)c3)C2)CC1,0
656074,Cc1c(Cl)cccc1NC(=O)CSc1nnc(C)n1-c1ccccc1,0
2946887,CN(C)S(=O)(=O)CC12CCC(CC1=O)C2(C)C,0
662709,Cn1c(SCC(=O)Nc2ccccc2-c2ccccc2)nnc1-c1ccco1,0
3240081,Cc1ccc(-c2nn(CC(=O)NCc3ccco3)c(=O)c3ccccc23)cc1,0
3233164,COCCn1c(=O)c(-c2cccs2)nc2cnc(N3CCNCC3)nc21,0
877106,CS(=O)(=O)c1nncn1-c1ccccc1,0
3238496,Cc1cccc(NC(=O)Cn2cnc3sc(C)c(S(=O)(=O)N4CCC(C)CC4)c3c2=O)n1,0
3241152,CCOc1cc(CNC(=O)CN2C(=O)c3ccccc3S2(=O)=O)ccc1OC,0
3239535,Cc1ccc(C2C3=C(CC(C)(C)CC3=O)Nc3[nH]c(=S)[nH]c(=O)c32)cc1,0
6604319,C=C1[C@@H]2C[C@@]3([C@H]1O)[C@H]1C[C@@H]4[C@@]5(C)CC[C@H](O)[C@]4([C@H]1N(CC)C5)[C@H]3C[C@H]2O,0
7261,Cc1ccc(N)cc1N,0
665004,CCOc1ccc(NC(=O)CSc2nnc(-c3ccccc3Cl)n2Cc2ccco2)cc1,0
2947833,Cc1cccc(N2C(=O)N(c3ccccc3C)C3CS(=O)(=O)CC32)c1,0
3247298,CS(=O)(=O)c1ccc(CNC(=O)[C@H]2C[C@@H]2[C@H](NP(=O)(c2ccccc2)c2ccccc2)c2ccccc2)cc1,0
2567826,Cc1sc2nc(SCc3nnc(-c4cccs4)o3)n(C3CCCC3)c(=O)c2c1C,0
2881045,COc1ccc(C(=O)NCC2OCCc3ccccc32)c(O)c1,0
666596,Cc1cc(C)nc(SCC(=O)Nc2ncc3c(n2)CC(C)(C)CC3=O)n1,0
2370229,O=C(c1ccc(S(=O)(=O)Nc2ccccc2)cc1)N1CCOCC1,0
2201239,Cc1nnc(NC(=O)C2(c3ccccc3)CCOCC2)s1,0
3243277,CCOC(=O)c1[nH]c(C)c(C(=O)Nc2ccccc2F)c1C,0
3237085,CCc1ccccc1-n1c(SCC(=O)Nc2ccc3c(c2)OCCO3)nc2[nH]ncc2c1=O,0
648227,O=C(Nc1cccc(O)c1)c1cccc(S(=O)(=O)N2CCCC2)c1,0
117876838,Cc1nc2cnc3cc(F)c(-c4ccc(Oc5cccc(CO)n5)cc4Cl)cc3c2n1C1CCN(C(=O)CO)CC1,1
662108,CC(=O)Nn1c(COc2ccccc2C)nc2ccccc2c1=O,0
2315558,CCOc1cc(C(=O)NC)cc(OCC)c1OCC,0
5308718,COc1ccccc1N1CCN(C(=O)c2cc3c(-c4ccc(Cl)cc4)nn(C)c3s2)CC1,0
723672,CC(=O)c1c(N(C)C)ccnc1C(F)(F)F,0
16758549,COC(=O)NC/C=C\c1nc(CC/C=C\C(=O)O[C@H]2C[C@H]3CC(=O)O[C@@H](/C=C\CC(C)C)C[C@@H]4CC[C@H](C)[C@H](C[C@@H](OC)C[C@H](C2)O3)O4)co1,0
654760,COc1cc(OC)cc(-n2nnnc2SCC(=O)N2CCCC2)c1,0
135431423,COc1ccc(OC)c(NC(=O)CSc2nc(N)c(-c3ccccc3)c(=O)[nH]2)c1,0
1491025,Cc1ccc(Sc2ccc(CN3CCCCC3)cc2[N+](=O)[O-])cc1,1
648409,Cn1c(SCC(=O)NCc2ccco2)nc2ccccc2c1=O,0
977151,CSc1nc(-c2ccco2)nn1C(=O)Cc1ccccc1,0
5771810,CCCC[C@@H]1C[C@H]1C(NS(=O)(=O)c1cccc2cccnc12)c1ccc(-c2ccccc2)cc1,0
652237,COCCNC(=O)C(c1ccc(C)cc1)N(C(=O)CCC(=O)Nc1ccccn1)C1CCCC1,0
991851,COc1ccc(F)cc1S(=O)(=O)N1CCCN(S(=O)(=O)c2cc(F)ccc2OC)CC1,0
655855,O=c1[nH]c2cc3c(cc2cc1CN(CC1CCCO1)S(=O)(=O)c1ccc(Cl)cc1)OCCO3,0
834458,COc1cccc(CNc2ccc(S(N)(=O)=O)cc2)c1OC,0
2362535,Cc1ccc(S(=O)(=O)N2CCOCC2)cc1C(=O)OCC(=O)N1CCc2ccccc2C1,0
9880,CC(=O)O[C@]1(C(C)=O)CC[C@H]2[C@@H]3C=C(Cl)C4=CC(=O)[C@@H]5C[C@@H]5[C@]4(C)[C@H]3CC[C@@]21C,0
1258305,Nc1nc(Cn2nnc(-c3ccccc3F)n2)nc(N2CCOCC2)n1,0
3247131,COCCn1c(C(=O)N2CCCC2)cc2c1C[C@H]1CN(C(=O)c3ccccc3)[C@@](Cc3ccccc3)(C(=O)OC)[C@@H]21,0
114337,O=C(CN1CCCC1)N1c2ccccc2Sc2ccccc21,0
645153,Cc1cc(C)nc(N2CCN(c3nnnn3-c3ccccc3)CC2)n1,0
3241823,Cc1c(C(=O)O)oc2ccc(S(=O)(=O)NCCC3=CCCCC3)cc12,0
3245390,CN(CC(=O)N1CCc2ccccc21)S(=O)(=O)c1cccs1,0
3244778,CCc1ccccc1N(CC)C(=O)CCc1nc(-c2ccc(C)cc2)no1,0
3241845,COc1ccc(S(=O)(=O)NCCC(=O)NCc2ccc(F)cc2)cc1,0
5309326,CCCN1C(=O)c2cc(C(=O)Nc3ccccc3CC)ccc2C1O,0
3236461,O=C1c2ccccc2NC(c2cccc(F)c2)N1Cc1ccco1,0
649224,O=C(CCN1CCCCC1)NCNC(=O)CCN1CCCCC1,0
645190,Cc1ccc(-n2c(CSc3nc(C)cc(C)n3)nnc2SCC(=O)Nc2nccs2)cc1,0
645197,CCOC(=O)C1=C(C)NC2=C(C(=O)CC(C)(C)C2)C1c1cccc(C)n1,0
118045806,Cn1ccc(-c2cnc(N)c(-c3ccc(C(=O)N[C@H](CO)c4cccc(Cl)c4)c(F)c3)c2)n1,1
646902,CC(C)C(=O)Nc1ccc(C(=O)NCc2cccnc2)cc1,0
662384,COc1ccc(OC)c(C2=Nn3c(nnc3-c3cccc(OC(C)C)c3)SC2)c1,0
2999235,C=CCn1c(COc2ccc(F)cc2)nnc1SCC(=O)NC(=O)NCc1ccco1,0
853046,CC(=O)NC(NC(C)=O)c1ccc(N(C)C)cc1,0
2998505,CCN=C1SC(CC(=O)Nc2ccccc2)C(=O)N1CC,0
712009,Cc1nnc(SCc2ccon2)n1-c1ccccc1,0
118380944,COCCNc1n[nH]c2cc(NC(=O)N[C@H](C)c3ccc(F)cc3)ncc12,1
3236715,CN1CCN(CCCNC(=O)c2cn(C3CCCCC3)c(=O)c3c2c2ccccc2n3C)CC1,0
2437467,COC(=O)c1c(N)n(-c2cc(OC)cc(OC)c2)c2nc3ccccc3nc12,0
5309814,CCCCN(C)C(=O)c1ccc(CS(=O)(=O)c2ccccc2C)o1,0
340766,CN1CCc2[nH]nc(-c3n[nH]c4c3CN(C)CC4)c2C1,0
3239541,COc1cc(-c2nc(Cc3ccccc3Cl)no2)cc(OC)c1OC,0
16757678,C[C@]12CCC3c4ccc(O)cc4CCC3C1CC(O)C2O,0
935299,O=C(Nc1ccccc1)N(Cc1cccs1)C1CCCC1,0
648586,O=C(NC(C(=O)c1ccccc1)n1ccc(=O)[nH]c1=O)c1ccccc1,0
893687,COc1ccc(N(C)C(=O)Nc2ccc3c(c2)nnn3C)cc1,0
11584,C=CCOC(C)=O,0
3245009,CCc1ccccc1N(C)C(=O)CCc1nc(-c2ccc(C)cc2)no1,0
829037,Cc1onc(-c2ccccc2)c1C(=O)NC(C)C,0
625521,COc1ccc(-c2[nH]ncc2-c2cnc(C)s2)c(O)c1,0
656247,Cc1ccc(S(=O)(=O)N(CC(=O)NCc2ccncc2)C2CCCCC2)cc1,0
3241586,Cn1c2ccccc2c2c(C(=O)N3CCN(c4ccc(F)cc4)CC3)cn(C3CCCC3)c(=O)c21,0
2948108,CCOC(=O)C1=C(C)NC(=O)NC1c1ccc(OC)c(CN2CCOCC2)c1,0
584277,CCCCOc1ccc(C2(C)CC(=O)NC2=O)cc1,0
135449271,Oc1ccc2oc3c(c2c1/C=N/n1cnnc1)CCCC3,0
3238201,Cc1ncoc1C(=O)Nc1ccc2c(c1)OCCO2,0
652848,COc1ccc2[nH]c(=O)c(CN(Cc3ccco3)C(=O)c3ccccc3)cc2c1,0
698916,Cc1ccc(-c2cc(-c3ccccc3Cl)[nH]n2)c(O)c1,0
893319,CN(c1cccc(NC(=O)Cc2ccccc2)c1)S(C)(=O)=O,0
3236507,CCN(CC)S(=O)(=O)c1ccc(F)c(C(=O)NCCCN2CCOCC2)c1,0
646706,N#Cc1c(N)c(C#N)c(-c2ccc(O)cc2)c2c1CCCC2,0
2467,COc1cc(OC)c(C(=O)CCCN2CCCC2)c(OC)c1,0
123450,O=C(O)c1cccnc1Oc1ccccc1,0
650328,O=C(Cn1cnc2c(cnn2-c2ccccc2)c1=O)N1CCN(c2ccc(F)cc2)CC1,0
665821,CCOc1ccc(-c2ncncc2-c2ccc(OC)cc2)c(O)c1,0
2200182,N#CCCn1cc(CN(Cc2ccccc2)C(=O)c2ccco2)c(-c2ccc(Cl)cc2)n1,0
2114156,CCSc1nnc(Nc2ccccc2)s1,0
3235920,O=C(CSc1nc2ccccc2c(=O)n1CCC(=O)N1CCCCC1)NCc1ccccc1,0
3245350,COc1cccc(NC(=O)Cc2cn(C)c3ccccc23)c1,0
4167161,COc1ccc(C2C(C(N)=O)=C(C)Nc3nc(-c4ccccc4Cl)nn32)c(OC)c1,0
118045398,CN1C[C@@H](NC(=O)c2ccc(-c3cc(-c4cnn(C)c4)cnc3N)cc2F)[C@H](c2ccc(Cl)c(F)c2)C1,1
1301808,CSc1ccc(C(=S)N2CCN(C)CC2)cc1,0
5281365,CC(C)=CCC/C(C)=C/CC/C(C)=C/CC/C(C)=C/CO,0
181513,Cc1[nH]c2ccccc2c1CN(C)C,0
3234413,COc1ccc(NC(=O)N2CCCC3(CCN(C(=O)c4csnn4)CC3)C2)cc1,0
713701,CC(C)Sc1nc2ccccc2n1CC(N)=O,0
3485,O=CCCCC=O,0
5389916,CC(C)(C)OC(=O)N1CCC[C@H]1c1nnc(SC/C=C/c2ccccc2)o1,0
655541,O=C(CN(C(=O)CNC(=O)c1ccco1)c1ccc2c(c1)OCO2)NC1CCCCC1,0
660826,COc1ccccc1C(=O)NCc1ccncc1,0
1006276,Cc1cc(C(C)(C)C)oc1C(=O)N1CCN(C(=O)c2oc(C(C)(C)C)cc2C)CC1,0
661104,CCn1c(C)c(C(=O)O)c2cc(OC)ccc21,0
1371669,Cc1ccc(OCC(=O)Nc2ccc(-c3nc4ncccc4o3)cc2)c(C)c1,0
2566528,O=C1c2ccccc2C(=O)N1CCCCSc1nnc(-c2ccc(OC(F)F)cc2)o1,0
3245942,CCCOc1ccccc1C1CC(=O)Nc2cc3c(cc21)OCO3,0
3236926,O=C(CCS(=O)(=O)c1cccc2nonc12)N1CC(=O)N(CCc2ccccc2)C(=O)C1,0
2192628,CC(C)c1ccc(OC(=O)NCCO)cc1,0
2963966,COc1ccccc1NC(=O)C(C)NS(=O)(=O)c1ccccc1,0
1205193,Cn1nnnc1SCC(=O)N1c2ccccc2Sc2ccc(Cl)cc21,0
801624,O=C(CSc1ccccc1)Nc1cccnc1,0
340715,CCOC(=O)c1nnc2cc(-c3ccccc3)nn2c1C,0
3238050,CN(C)c1ccc(C(=O)N2CC(=O)N(CCc3ccccc3)C(=O)C2)cc1,0
2348921,O=C(c1c(Cl)nc2sccn12)N1CCN(c2cccc(Cl)c2)CC1,0
888314,COc1ccccc1Cc1noc(COc2cccc(C)c2C)n1,0
659276,CC(=O)c1cc2c(=O)c3cc(C)ccc3oc2nc1C,0
3235944,O=C(NCC(=O)N1CCCC1)c1cccs1,0
2211464,C=CCN(CC=C)C(=O)Nc1cc(Cl)ccc1OC,0
3241330,CCOC(=O)CSc1nc(N)c(C#N)c(-c2ccc(OCC)cc2)c1C#N,0
2849974,COc1ccc2c(c1)OC(O)(C(F)(F)F)CC2=O,0
3234563,COc1ccc(-c2nc3cnc(N4CCN(C)CC4)nc3n(C3CC3)c2=O)cc1,0
652180,CN=C(Nc1ccc2c(c1)OCO2)SC1CC(=O)N(c2ccccc2)C1=O,0
2990940,FC(F)(F)c1cc(-c2ccco2)nc(NCc2cccs2)n1,0
127902,c1ccc2sc(N3CCN(Cc4ccc5c(c4)OCO5)CC3)nc2c1,0
3239453,CCOC(=O)N1CCC(NC(=O)C2CCCN(S(=O)(=O)c3cccc4nsnc34)C2)CC1,0
2999974,NC(=O)COC(=O)C(Cc1ccccc1)NS(=O)(=O)c1ccccc1F,0
3241457,COC(=O)c1cc2ccsc2n1CC(=O)NCC1CCCO1,0
3239738,Cc1ccc(C(=O)Nc2c3c(nn2C(C)(C)C)CS(=O)(=O)C3)cc1C,0
3237541,Cc1cccc(N2CCN(C(=O)Cn3ccc4ccccc4c3=O)CC2)c1C,0
2963986,COc1ccc(OC)c(S(=O)(=O)N2CCC(C(=O)NCC3CCCO3)CC2)c1,0
2108763,O=c1c2ccccc2nnn1CSc1nnc(COc2ccc(Cl)cc2)n1Cc1ccco1,0
2974961,Cc1cc(S(=O)(=O)NC(C)C)ccc1OCC(=O)N1CCN(Cc2ccc3c(c2)OCO3)CC1,0
3245302,CCN(CCCNC(=O)C1CCN(S(=O)(=O)CC)CC1)c1ccccc1,0
662373,CC1(C)CC(=O)C2=C(C1)N(CC1CCCO1)C(=O)C2(NC(=O)c1cccnc1)C(F)(F)F,0
135454601,CC(=O)C1=C(O)CCC1=N,0
2963160,Cc1ccc(N2CC(C(=O)Nc3nnc(C)s3)CC2=O)cc1,0
3237832,O=C(CCN1C(=O)C2C3C=CC(C3)C2C1=O)NCCN1CCCc2ccccc21,0
3232789,N#Cc1cccc(NC(=O)N2CCC3(CC2)CCN(C(=O)c2cnccn2)CC3)c1,0
652793,CCOc1ccc(NCc2nnc(SCC(=O)Nc3cc(C)on3)n2-c2ccc(OC)cc2)cc1,0
3232912,c1cc(CN2CCCC3(CCNCC3)C2)ccn1,0
7847,C=CC=O,0
763967,Fc1ccc(N2CCN(Cc3ccc4c(c3)OCO4)CC2)cc1,0
653944,O=C(Cn1nnc(-c2ccc(Cl)cc2)n1)NC1CCN(Cc2ccccc2)CC1,0
654315,COc1cc(OC)cc(OCC(O)Cn2ccnc2C)c1,0
1207936,CC(=O)Nc1ccc(Oc2cc(C#N)c(C#N)cc2N2CCCCCC2)cc1,0
393595,O=C(Cc1ccccc1)Nc1nc2ccc(Cl)cc2c2nc(-c3ccco3)nn12,0
2728,CC(C)OC(=O)Nc1cccc(Cl)c1,0
650284,CCOC(=O)CSc1nc2ccccc2n1CC(=O)N(C(C)C)C(C)C,0
727946,Clc1ccc(-c2noc(CN3CCCC3)n2)cc1,0
721123,Cc1ccccc1C(=O)Nc1cccc(N)c1,0
3238729,COc1ccc2nc3oc(C(=O)N4CCN(c5cccc(C(F)(F)F)c5)CC4)cc3cc2c1,0
3233087,CC(=O)NCCNc1nc(-c2ccc3c(c2)OCO3)nc2ccccc12,0
647802,Cc1nnc2n1N=CC=C(c1ccccc1)S2,0
648556,CNC(=O)C1CC(=O)N(Cc2ccc3c(c2)OCO3)C(=Nc2ccc(F)cc2)S1,0
3237628,Cc1c(C(=O)O)oc2ccc(S(=O)(=O)NCc3ccccc3)cc12,0
2577001,CCOc1ncccc1C(=O)Nc1ccccc1C(=O)NCc1ccc2c(c1)OCO2,0
665619,O=C(CSc1nc2ncccc2[nH]1)Nc1ccc2c(c1)OCCO2,0
16757881,CCOC(=O)CCC(=O)O[C@H]1C(O[C@@H]2C(C)[C@H](O[C@H]3C[C@@](C)(OC)C(O)C(C)O3)C(C)C(=O)OC(CC)[C@@](C)(O)C(O)[C@H](C)C(=O)C(C)C[C@]2(C)O)OC(C)CC1N(C)C,0
2842590,CCC(C)Sc1nc(O)cc(=O)[nH]1,0
2998530,CCOC(=O)c1c(C)[nH]c(C)c1C(=O)CSc1nnc(-c2cc(OC)c(OC)c(OC)c2)o1,0
664322,Cc1noc(COc2ccccc2OCC(N)=O)c1Cl,0
2112813,O=C(CNC(=O)c1ccc(Cl)cc1Cl)NCC(=O)Nc1ccccc1N1CCOCC1,0
649550,Cc1ccc2[nH]c(=O)c(CN(Cc3cccs3)Cc3nnnn3CC3CCCO3)cc2c1,0
4457488,CC(=O)OC1CCC23CC1(C)CCC2C(C)(C)CC3OC(C)=O,0
3233057,CN(C)Cc1ccccc1-c1ccc2ncnc(NCc3cccs3)c2c1,0
747239,NC(=O)c1ccc(-c2ncc(-c3ccccc3)o2)cc1,0
976195,Clc1ccc(SCCn2cncn2)cc1,0
3239487,CCOC(=O)N1CCC(N(CCCOC)C(=O)Nc2ccc(CC)cc2)CC1,0
756720,CCOC(=O)C(C)(C)Sc1ncnc2nc[nH]c12,0
706120,COc1cc(CNC(=O)OCC(C)C)cc(OC)c1OC,0
666972,CC1CCN(CCc2nc3cc(NC(=O)Nc4ccccc4)ccc3n2C)CC1,0
655047,Cc1ccc(S(=O)(=O)NCC(=O)N(CCc2ccccc2)CC(=O)NCc2ccco2)cc1,0
2087463,O=C(COC(=O)c1n[nH]c2ccccc12)NC(=O)NCc1ccco1,0
655955,COc1cccc(C(=O)CSc2nnnn2C)c1,0
3243406,COc1ccc(-c2nc(CS(=O)CC(=O)N3CCC4(CC3)OCCO4)c(C)o2)cc1,0
874496,CC(C)C(=O)Nc1ccc(Nc2ccccc2)cc1,0
2736354,CCC12CC3CC(C1)CC(C(=O)O)(C3)C2,0
3247187,COC(=O)[C@@]1(Cc2ccccc2)[C@H]2c3cc(C(=O)N4CCCC4)n(Cc4ccc(C)o4)c3C[C@H]2CN1C(=O)c1ccccc1,0
664051,N#Cc1nc(-c2ccco2)oc1NCc1ccco1,0
1247681,CC(=O)c1ccc(N2CCN(C(=O)C3CCC3)CC2)cc1,0
3235013,O=C(c1ccco1)N1CCC2(CC1)CN(c1ccccc1)C2,0
897121,COc1cccc(C(=O)Nc2ccccc2N2CCOCC2)c1,0
662084,COc1cccc(C2=CC(c3ccc(C)cc3)n3ncnc3N2)c1,0
652549,CC(C)C(C(=O)NCC1CCCO1)N(Cc1ccco1)C(=O)CNS(=O)(=O)c1ccc(F)cc1,0
647347,c1ccc(-n2nnnc2SCc2cccc3nsnc23)cc1,0
2437223,CCOc1ccccc1NC(=O)CN(c1nccs1)S(=O)(=O)c1ccc(N)cc1,0
135449560,Cn1c(SCC(=O)Nc2cccc3ccccc23)nc(O)cc1=O,0
3298051,COc1ccc(C2c3c(oc4ccccc4c3=O)C(=O)N2c2ccccn2)cc1,0
1285689,O=C(CSc1ncnc2sc3c(c12)CCCC3)N1CCC(c2noc3ccc(F)cc23)CC1,0
648297,Cc1ccc(OCCn2c(CCCO)nc3ccccc32)cc1,0
647508,CCCCCn1c(SCCc2ccccc2)nc2c1c(=O)[nH]c(=O)n2C,0
2998867,CC(C)CN(C(=O)COC(=O)CCN1C(=O)c2ccccc2C1=O)C1CCS(=O)(=O)C1,0
2097349,COc1cc(OC)cc(C(=O)NCC(=O)N2CCCCC2)c1,0
3236646,O=S(=O)(NCCOCC(F)(F)C(F)F)c1ccc2oc3ccccc3c2c1,0
2956787,CC(NC(=O)Nc1ccc(F)cc1F)c1ccncc1,0
121416740,C[C@@H](NC(=O)Nc1cc2cnn(C)c2cn1)c1ccc(F)cc1,1
750688,Cc1ccc(/C=c2\sc3nc(-c4cccnc4)nn3c2=O)cc1,0
608398,CCN(CC)Cc1c(C)[nH]c2ccc(OC)cc2c1=O,0
3233587,O=C(c1csnn1)N1CCC2(CCCN(c3ncccn3)C2)CC1,0
868943,CCOc1cc(C(=O)N2CCCC2)cc(OCC)c1OCC,0
952729,Cc1oc2nc(SCC(=O)NCc3cccnc3)nc(N)c2c1C,0
2999462,CCc1cc2c(C)cc(=O)oc2cc1OC(=O)C1CCCN1C(=O)OC(C)(C)C,0
3244120,CN(C)C(CNS(=O)(=O)c1ccc(Br)cc1)c1cccnc1,0
644463,COc1cccc(NC(=O)CSc2nncn2-c2ccccn2)c1,0
1799331,NC(=O)c1ccccc1N/C=C/C(=O)c1ccco1,0
81990,O=C(O)C(Cl)(c1ccccc1)c1ccccc1,0
871986,CC1(C)N(O)CC(c2cccs2)=[N+]1[O-],0
647990,CCOC(=O)C1CCCN(CCC(=O)Nc2cccc(F)c2)C1,0
7699,CCCCNc1ccc(C(=O)OCCOCCOCCOCCOCCOCCOCCOCCOCCOC)cc1,0
645250,O=C(CSc1nnc(-c2c[nH]c3ccccc23)o1)N1c2ccccc2CCc2ccccc21,0
666231,CCCCC(=O)Nc1ccc2c(c1)nc1n2CCSC1,0
6604889,CC1CCN(CC[C@H]2CCCN2S(=O)(=O)c2cccc(O)c2)CC1,0
2984762,C=CCN(CC=C)C(=O)C1CCC(C(=O)N(CC=C)CC=C)CC1,0
2856976,COc1ccc(CN2CCCCC2C(=O)Nc2ccc(OC)c(OC)c2)cc1OC,0
3233882,Cc1cnc(CNc2ncnc3ccc(-c4ccoc4)cc23)cn1,0
1517919,CN(C)c1nc(N)nc(CSc2nnnn2-c2cccc3ccccc23)n1,0
2833023,CC1(C)CC(=O)C(C(C2=C(O)CC(C)(C)CC2=O)c2cccc(O)c2)C(=O)C1,0
5927555,Cc1nc(/N=C\N(C)C)sc1C(=O)Nc1ccccc1,0
7374,FC(F)(F)c1cccc(Cl)c1,0
2998521,O=C(COC(=O)C12CC3CC(CC(O)(C3)C1)C2)NC(=O)NCc1ccco1,0
662324,CC(C)(C)OC(=O)NCCCCCc1nnc(SCC(N)=O)o1,0
2093949,COc1ccc(CC(=O)Nc2ccc3c(c2)CCC3)cc1S(=O)(=O)N1CCOCC1,0
3000004,COc1ccc(N2CCN(C(=O)c3ccc(NS(=O)(=O)c4ccc(F)c(F)c4)cc3)CC2)cc1,0
3236697,O=C(NCc1ccc(F)cc1)c1cc(-c2cccs2)on1,0
795627,O=C(NCc1cccnc1)c1ccccc1Br,0
3233179,Cn1cc(-c2nc3cnc(Oc4ccccc4)nc3n(C3CC3)c2=O)c2ccccc21,0
649592,CC1CCCCC1NC(=O)c1ccc2c(c1)[nH]c(=O)n2C1CCCC1,0
2287281,O=C(NCCSCc1ccco1)c1ccc(CN2CCOCC2)cc1,0
653901,COc1ccc(N2CCN(S(=O)(=O)c3ccc(C(=O)NC4CCCC4)cc3)CC2)cc1,0
5459506,CCCC1(C(=O)OC)C=C2C(=C(c3ccccc3)C(=O)C2C)CN1,0
2530096,CCOc1ccc(-c2nc(CSc3nncs3)cs2)cc1OC,0
2206273,O=C(Nc1ccccc1C(=O)N1CCN(c2ccccc2)CC1)c1ccco1,0
2999066,CC12CCC(c3c(C(=O)Nc4nccs4)nn(-c4ccccc4)c31)C2(C)C,0
768195,CCc1ccc(CN(C)CCc2ccccn2)cc1,0
2539948,Cn1nnnc1Sc1nc(-c2cccnc2)nc2ccccc12,0
3233247,COc1ccccc1CNc1ncncc1-c1ccc2c(c1)OCO2,0
648281,COc1ccc(CC(=O)NC2CCN(CC(=O)Nc3ccc4c(c3)OCCO4)CC2)cc1OC,0
2998906,Cc1ccc(S(=O)(=O)N2CCCC2C(=O)Nc2cc(C)on2)cc1,0
118381172,CCNc1n[nH]c2cc(NC(=O)NCC(C)c3ccccc3)ncc12,1
2905319,CCOC(=O)C1CCCN(C(=O)c2ccccc2Oc2ccccc2)C1,0
89536032,Cc1cc(-c2n[nH]c3cc(NC(=O)NCc4ncccc4C)ncc23)ccn1,1
3233761,CN(Cc1ccco1)c1cc(-c2cccc(NS(C)(=O)=O)c2)ncn1,0
135449566,Cn1c(SCC(=O)NC(C)(C)C)nc(O)cc1=O,0
3457014,COc1ccc(C2c3c(ncn(CCCO)c3=N)Oc3ccc4ccccc4c32)cc1,1
2933378,CCOc1ccc(NC(=O)C2CC(C)=C(C)CC2C(=O)O)cc1,0
925199,Cc1ccc(S(=O)(=O)N(C)CC(=O)N2CCc3ccccc32)cc1,0
1178160,CCN(CC)C(=O)Cn1cnc2sc(C(=O)OC(C)C)c(C)c2c1=O,0
89525869,Cc1cc(-c2n[nH]c3cc(NC(=O)N[C@@H]4CCCc5cccnc54)ncc23)ccn1,1
3236145,COc1ccc(C(C(=O)NC2CCCCC2)N2CCC3(CC2)OCCO3)cc1,0
658155,O=C(NCc1ccccc1)c1c(F)c(F)c(F)c(F)c1F,0
977882,O=C(NC1=NCCS1)c1cccc(NC(=O)c2ccco2)c1,0
646836,COc1ccccc1-c1nnn(CC#N)n1,0
4747,N#Cc1ccc2c(c1)N(CCCN1CCC(O)CC1)c1ccccc1S2,0
600947,CC1(C)CC(=O)C=C(Nc2ccc(F)cc2)C1,0
3132099,CCC(Sc1nccn1C)C(=O)Nc1cccc2ccccc12,0
663425,CCOCCCn1c(=NC(C)=O)c(C(=O)OCC)cc2c(=O)n3ccccc3nc21,0
1459738,Cc1cnc(C(=O)Nc2ccc3c(c2)CCC3)cn1,0
3244047,Cc1oc(-c2ccccc2F)nc1CN1CCC(C(=O)NCc2cccnc2)CC1,0
3240733,COc1ccc(-n2nnc3c(=O)n(Cc4cccc(C)c4)cnc32)cc1,0
3235516,O=C(c1cnccn1)N1CCC2(CC1)CN(Cc1cc(C(F)(F)F)cc(C(F)(F)F)c1)C2,0
3234826,CC(C)CN1CCC2(CC1)CCN(C(=O)c1cnccn1)CC2,0
1639652,Cc1nnc(SCC(=O)Nc2ncc(Cc3ccc(F)cc3)s2)n1N,0
3240959,CCn1c(=O)cc(OCC(=O)Nc2cccnc2)c2ccccc21,0
135533350,CCCSc1nc2c(cnn2-c2ccc(Cl)cc2)c(=O)[nH]1,0
3244913,C=CCn1c(N)c(C(=O)NCCC2=CCCCC2)sc1=S,0
5309558,COc1ccc(N(CC(=O)Nc2ccc(C)cn2)S(=O)(=O)c2c(C)nn(C)c2C)cc1,0
368926,CC1(C)CCCC2(C)C3C(O)CC2(C)C(O)C31,0
2948917,COc1cc(C(=O)Nc2nnc(-c3sccc3C)s2)cc(OC)c1OC,0
2927499,COc1ccc(N2C(=O)CC(N3CCN(C4CCc5ccccc5C4)CC3)C2=O)cc1,0
948801,Cn1cnc2cc(NC(=O)c3ccc(Cl)cc3)ccc21,0
2881368,CC1CCCC(N2CCN(C(=O)c3ccc(F)cc3)CC2)C1,0
2088593,O=c1[nH]c2ccccc2n1CCCSCCCn1c(=O)[nH]c2ccccc21,1
5308654,Cn1c(C(=O)N2CCN(c3ccccn3)CC2)cc2c(=O)n(C)c3ccccc3c21,0
1306848,COc1ccc2c(c1)c(=O)c(Br)c(C)n2Cc1ccccc1,0
6605127,CCCCNc1nc(C)nc2c1nc(-c1ccccc1)n2CCCN1CCCCC1C,0
649684,Cc1ccc(NC(=O)COS(=O)c2ccc(C)cc2)cc1,0
290223,NC(=O)c1c(N)sc2c1CCCC2,0
2165979,CC(C)(CNC(=O)C1CCCC1)CNC(=O)C1CCCC1,0
2999017,COc1cc(-c2cc(C(=O)N3CCN(c4ccccn4)CC3)c3ccccc3n2)cc(OC)c1OC,0
3233675,COCCn1c(=O)c(-c2ccccc2)nc2cnc(N3CCNCC3)nc21,0
662519,Nn1c(SCC(=O)Nc2ccc(F)cc2)nnc1C1CCCCC1,0
3246682,O=C(O)[C@H]1C2c3ccccc3C(c3ccccc32)[C@@H]1C(=O)NCC1CC1,0
651690,O=C(NCc1cccnc1)c1cccc(Cl)c1,0
135476421,Cc1nc(NCc2ccco2)[nH]c(=O)c1CCC(C)C,0
3236728,O=C(NCc1ccccn1)C1CCN(S(=O)(=O)c2cnc[nH]2)CC1,0
16758336,C[C@@H]1/C=C\CC(=O)OC[C@H](C)C(=O)N2CCC[C@@H]2C(=O)OC1,0
2078763,Cc1nonc1NC(=O)c1ccc(Cl)c(S(=O)(=O)N2CCCCC2)c1,0
5771347,O=C1CC(/C=C/c2ccco2)=Nc2ccccc2N1,0
2819082,CSC(SC)=C(C#N)C(=O)c1ccccc1,1
3243257,COc1cccc(-c2cc(C(=O)Nc3cnn(Cc4ccccc4C)c3)no2)c1,0
666835,Cc1[nH]n2c(=O)cc(C(C)C)nc2c1-c1ccccc1,0
2211568,CSc1ccccc1NC(=O)CN(c1cccc(C)c1)S(C)(=O)=O,0
2998835,O=S(=O)(c1ccc(N2CCCC2c2nc3ccccc3s2)nc1)N1CCOCC1,0
3237318,O=C(NC1(O)C(=O)c2ccccc2C1=O)c1ccccc1,0
71555761,Cc1cc(-c2n[nH]c3cc(NC(=O)NCc4cncc(F)c4)ncc23)ccn1,1
1512190,COC(=O)c1cnc2c(C(F)(F)F)cccc2c1OC,0
16758316,CO[C@H]1COC(=O)[C@H](C)COC(=O)[C@@H](Cc2ccccc2)NC(=O)C/C=C\[C@H]1C,0
789846,CCCc1nnc(NC(=O)CC(=O)OCC)s1,0
92044789,Cc1cc(-c2n[nH]c3cc(NC(=O)NCc4nc(N)cs4)ncc23)ccn1,1
5309683,Cc1cc(C)cc(NC(=O)CSc2nnc(Cn3c(=O)sc4ccccc43)n2C)c1,0
651002,O=c1c2ccccc2nc(-c2ccccc2)n1Cc1ccco1,0
892017,c1ccc(-c2noc(-c3ccc4c(c3)OCO4)n2)nc1,0
646488,COc1ccc(OCC(O)Cn2c(Nc3ccccc3)nc3c2c(=O)n(C)c(=O)n3C)cc1,0
5429720,Cc1c(Cc2ccccc2)c(=O)oc2c(CN(C)C)c(O)c(Cl)cc12,0
3245847,CC(=O)N(c1c(C)n(C)n(-c2ccccc2)c1=O)C1(C(=O)NC2CCCC2)CCCCC1,0
648000,CCN(CC)S(=O)(=O)c1ccc(NC(=O)Cn2c(=O)oc3ccccc32)cc1,0
2193549,Cc1c(NC(=O)c2cccc(NC(=O)c3ccco3)c2)cccc1C(=O)O,0
3234080,CC(=O)NCCNc1nc(-c2ccc(C(=O)N(C)C)cc2)nc2ccccc12,0
3241573,O=C(CSc1nnc(CNC(=O)c2cccs2)o1)NCCc1ccccc1,0
655999,CCn1c(Cc2ccccc2)nnc1SCC(=O)Nc1ccc2c(c1)OCO2,0
3247366,COC(=O)[C@@H]1C[C@H]1[C@@H](NS(=O)(=O)c1ccc(-c2ccccc2)cc1)c1ccccc1,0
3234168,COc1ccc(NC(=O)N2CC3(CCN(S(C)(=O)=O)CC3)C2)cc1,0
839142,O=C(CSCc1ccccc1)N1CCN(C(=O)c2ccco2)CC1,0
1249,Oc1cc(O)c2c(c1)OC(c1cc(O)c(O)c(O)c1)C(O)C2,0
7301,CC1CCCO1,0
1231048,CCCC(=O)Nc1ccc2c(c1)C(=O)N(CCC(=O)O)C2=O,0
2525250,O=C(C1=COCCO1)N1CCN(S(=O)(=O)c2cccc(Cl)c2Cl)CC1,0
5771639,Clc1ccc(/C=C\c2nc(Cl)c(-c3ccc(Cl)cc3)c(Cl)n2)cc1,0
619926,Cc1nc2cc(C(=O)O)ccc2n1-c1ccccc1,0
881707,C=C(Br)Cn1c(CC(C)C)nc2ccccc21,0
663898,O=C(c1sc2ccccc2c1Cl)N(Cc1ccco1)C1CCS(=O)(=O)C1,0
3239993,O=C(CCN1C(=O)C2C3C=CC(C3)C2C1=O)N1CCN(c2cccc(Cl)c2)CC1,0
300678,O=C1C2C3C=CC(C3)C2C(=O)N1c1ccccc1,0
652778,O=C1C2C3C=CC(C3)C2C(=O)N1CC1CCCO1,0
3241616,COc1ccc(CCNC(=O)CCn2c(=O)[nH]c3cc(OC)c(OC)cc3c2=O)cc1OC,0
645328,Cc1ccc(CNC(=O)C(OC(=O)c2ccco2)C(C)C)cc1,0
3242140,CCN(CCCNC(=O)C1CCC(=O)N1Cc1ccc(C)cc1)c1cccc(C)c1,0
2125826,O=C(Cc1c[nH]c2ccccc12)Nc1nc2ccccc2[nH]1,0
1108556,Cc1cccc(N2C(=O)c3cccc4c(N(C)CCO)ccc(c34)C2=O)c1,0
2997773,CCOC(=O)c1cc(-c2ccccc2)sc1NC(=O)C(C)Sc1nnnn1C,0
644907,CCC(=O)Nc1ccc2nc(C)n(CC(=O)Nc3ccccc3)c(=O)c2c1,0
3236833,CCOCCCNC(=O)C1CC(=O)N(C2CCCC2)C1,0
971615,CCN1CCN(S(=O)(=O)c2cc(OC)ccc2OC)CC1,0
5307535,O=C(NCCc1ccccc1)c1ccc2c(c1)N(Cc1ccccc1)C(=O)CS2=O,0
648952,CCOC(=O)c1nn(-c2ccccc2)c(=O)c(C#N)c1C,0
135269,CCCCC(=O)Oc1ccccc1C(=O)O,0
89536043,Cc1cc(-c2n[nH]c3cc(NC(=O)N[C@H]4CN(C)C[C@@H]4c4ccccc4C)ncc23)ccn1,1
1575439,CSc1nc(C)cc(SCCO)n1,0
6400926,OCCCN1c2ccccc2Nc2nnc(-c3ccccc3)cc21,0
2376140,COc1ccccc1OCCC(=O)OCC(=O)Nc1ncc(Cl)cc1Cl,0
3240023,Cc1cc(=O)oc(C)c1C(=O)NCc1ccccn1,0
666671,N[C@@H](Cc1ccccc1)c1nnc2sc(SCc3ccccc3)nn12,0
137239993,O=C1NNC2=CC(=Nc3ccc([N+](=O)[O-])c(Nc4cc(C5CC5)[nH]n4)n3)C=CC12,1
312183,O=C(O)c1ccc(B(O)O)cc1,0
5309108,CCOC(=O)C1CCCN(c2c(NCCCN3CCCC(C)C3)c(=O)c2=O)C1,0
3237014,COc1ccc(C(=O)NCc2nnc(SCC(=O)Nc3cc(C)cc(C)c3)o2)cc1OC,0
846730,Cc1ccc(SCC(=O)NCC(C)C)cc1,0
653905,CCN(CC)c1nc(Nc2ccccc2)nc(Oc2ccc(=O)n(C)n2)n1,0
241231,CC(C)(C)c1c2c(c(C(C)(C)C)c3c1OCN(Cc1ccccc1)C3)OCN(Cc1ccccc1)C2,0
2482938,C=CCn1c(=O)c2ccccc2n2c(SCc3nc(N)nc(Nc4ccccc4C)n3)nnc12,0
21184,O=C(O)CCCNC(=O)OCc1ccccc1,0
665512,Cc1ccccc1-c1noc(-c2ccccc2C(=O)N2CCCC2)n1,0
154968027,Cn1cnc(-c2cnc(C3=CCN(C(=O)CN4CC[C@]5(CCN(c6ccc(N)c(C(=N)c7ccc(F)cc7)c6)C5=O)C4)CC3)s2)n1,1
2845279,COc1cccc(N2CCN(C3CCCC(C)C3)CC2)c1,0
652680,COc1ccccc1NC(=O)CN1CCC(n2nnc3cc(F)ccc32)CC1,0
645808,COc1ccc(OC)c(C2C3CN(C(C)C)CC=C3C(C#N)=C(N)C2(C#N)C#N)c1,0
6604412,NC[C@@H]1O[C@H](O[C@@H]2[C@H](O[C@@H]3O[C@H](CO)[C@@H](O)[C@@H]3O)[C@@H](O)[C@@H](N)C[C@H]2N)[C@@H](N)[C@H](O)[C@@H]1O,0
783893,COc1cc(CNc2ccc3c(c2)CCC3)cc(OC)c1O,0
3245786,Cc1ncoc1C(=O)Nc1cccc(Cl)c1C,0
655386,Cc1nnc(SCc2ccccc2Cl)n1CC1CCCO1,0
1292507,Cc1ccc(-n2c(SCC(=O)NCc3ccco3)nc3sc(C)c(C)c3c2=O)cc1,0
2999700,Cn1c(/C(C#N)=C(\O)COc2ccc3ccccc3c2)nc2ccccc21,0
3234854,Cc1noc(C)c1-c1nccc(NCCN2CCOCC2)n1,0
2416166,CCOC(=O)c1oc2ccccc2c1CSc1nnnn1-c1ccccc1,0
2167108,O=C(CCSCCC(=O)N1CCCC1)N1CCCC1,0
5011682,CCOc1ccc(NC(=O)N(CCN(C)C)C(C)c2ccncc2)cc1,0
3235343,COCC(=O)N1CCC[C@@]2(CCN(C(=O)Nc3ccc(OC)cc3)C2)C1,0
6605187,CCCn1c(C)nc2c(NCCCN(CCO)CCO)nc(C)nc21,0
2949756,CCNc1nc(SC(C)C(=O)Nc2ccccc2)nc(N2CCOCC2)n1,0
3233136,COCC(=O)N1CCC2(CCN(Cc3nccs3)CC2)CC1,0
664143,CCCc1nc2c3cnn(-c4cccc(Cl)c4)c3ncn2n1,0
16758407,CC(=O)OC[C@@H]1O[C@H](CCO/N=C(\C)CCN2CCCCc3nc(C)c(C)cc32)C=C[C@@H]1OC(C)=O,0
73507372,CNc1n[nH]c2cc(NC(=O)N[C@H](c3ccccc3)[C@H]3CCCO3)ncc12,1
3234946,COc1ccc2[nH]cc(CCNc3cc(-c4ccoc4)ncn3)c2c1,0
16757958,COC(=O)CC1C(C)(C)C(O)C2CC3=C4C=C(OC)OC(c5ccoc5)[C@]4(C)CCC3[C@@]1(C)C2=O,0
647315,O=C(Nc1ccc(N2CCCCC2)c(Cl)c1)c1ncn[nH]1,0
5307122,Cc1ccc(CCNC(=O)C2CCCN(S(=O)(=O)c3cnc[nH]3)C2)cc1,0
117889964,COc1cc(Oc2nccc(C)n2)ccc1-c1cc2c(cc1F)ncc1ncn(C3(C)CCN(C(=O)C(C)O)CC3)c12,1
118365062,COCCOc1n[nH]c2cc(NC(=O)N[C@@H](c3ccccc3)C3(O)CCC3)nc(CO)c12,1
118381088,CC1=NOC(CNc2n[nH]c3cc(NC(=O)N[C@H](C)c4ccccc4)ncc23)C1,1
778140,Cc1oc(C(=O)O)cc1CSc1nnc(-c2ccccc2)n1C,0
2938131,COc1cc(OC)c(C2C(C(=O)N3CCOCC3)=C(C)NC3=C2C(=O)CC(C)(C)C3)cc1OC,0
2202984,CCOc1ccccc1-c1nc(-c2ccc(NC(=O)Cc3ccccc3OC)cc2)no1,0
2857335,COc1ccc(CN2CCCCC2c2cccnc2)cc1C,0
118365059,O=C(Nc1cc2[nH]nc(OCC(F)F)c2cn1)N[C@H]1c2ccccc2OCC[C@H]1O,1
1490450,CCN1C(=O)CSc2ccc(C(=O)OC)cc21,0
16758280,CO[C@H]1COC(=O)[C@H]2CCCN2C(=O)C/C=C\[C@@H](C)[C@H](OC)COC(=O)[C@@H](OCc2ccccc2)/C=C\[C@@H]1C,0
974163,COC(=O)COc1cc(C)cc2oc(=O)c(CC(=O)OC)c(C)c12,0
5938244,CN(C)c1ccc(/C=c2\sc3nc(-c4ccccc4)nn3c2=O)cc1,0
831076,O=C(CCCN1C(=O)c2ccccc2C1=O)Nc1ccccn1,0
666938,COc1cc(OC)c(C2CC(=O)N3CN(c4ccccc4C)CSC3=C2C#N)cc1OC,0
1178714,COc1cc(/C=c2\sc3nc(-c4ccncc4)nn3c2=O)ccc1OC(C)=O,0
70556,O=C1NCN(c2ccccc2)C12CCNCC2,0
1142615,COc1cccc(C(=O)Nc2cccc(-c3nc4ncccc4o3)c2C)c1,0
2116329,O=C(CSc1ccc2c(c1)OCCO2)NCCN1C(=O)CSC1=O,0
653302,CCOc1ccc2[nH]c(=O)c(CN(Cc3ccco3)C(=O)c3ccc(Br)cc3)cc2c1,0
645704,COCCN(C(=O)c1csnn1)C(C(=O)NC1CCCCC1)c1cccs1,0
650332,CCC(=O)Nc1cccc(NC(=O)CSc2nnnn2C)c1,0
54690401,CCCn1c(=O)c(C(=O)Nc2cnccn2)c(O)c2ccccc21,0
646662,CCOC(=O)C1=C(C)NC(C)=C(C(=O)OCC)C1c1cc2ccc(C)cc2[nH]c1=O,0
3240414,CCC(=O)Nc1ccc(C(=O)Nc2ccc3c(c2)OCO3)cc1,0
2532477,COc1ccc(NC(=O)CSc2nncs2)cc1OC,0
2997930,CCOC(=O)N1CCN(C(=O)CSc2nc3ccccc3c(=O)n2-c2ccccc2)CC1,0
850064,COc1cc(C)c(Cl)cc1S(=O)(=O)NCc1ccco1,0
658217,Cc1cccnc1N(C(=O)Nc1ccccc1)C1=NCC(C)(C)S1,0
650615,O=C1NCCCCC1NC1CC(=O)N(c2ccccc2)C1=O,0
782365,Fc1cccc(F)c1CN1CCN(c2ncccn2)CC1,0
1014082,COc1cc(NS(=O)(=O)c2ccc(NC(=O)COc3ccccc3Cl)cc2)nc(OC)n1,0
5309390,COc1ccc(NC(=O)CSc2nnc(Cn3c(=O)sc4ccccc43)n2C)c(OC)c1,0
5419455,Cn1c(=O)c2nnn(/N=C(\c3ccccc3)C3CC3)c2n(C)c1=O,0
668798,Cc1ccccc1NS(=O)(=O)c1ccc(F)cc1,0
3246203,O=S(=O)(O)[C@@H](c1ccccc1)[C@@H](O)c1ccccc1,0
2999807,CC(NC(=O)CN1CCC(C(N)=O)CC1)c1ccccc1,0
3236707,CCCOc1ccc(C2C(C(=O)OC)=C(C)N=C3SCCC(=O)N32)cc1OCC,0
648116,CCCNC(=O)N1C2CCC1CC(O)(c1cccnc1)C2,0
648028,O=C(CSc1nnc(C2CCCCC2)n1Cc1ccccc1)NCc1ccco1,0
3243554,COC(=O)c1cc2ccsc2n1CC(=O)Nc1cc(Cl)ccc1OC,0
1075138,Cc1onc(-c2ccccc2Cl)c1C(=O)Nc1c(C)n(C)n(-c2ccccc2)c1=O,0
652034,COc1ccc(Cn2nnnc2CN2CCc3ccccc32)cc1,0
2202737,O=C(CN1C(=O)c2ccccc2S1(=O)=O)N1CCc2ccccc21,0
644977,Cc1cccc2cc(CN(Cc3ccco3)C(=O)N3CCCC3)c(=O)[nH]c12,0
16758349,Cc1ccc(S(=O)(=O)N[C@H]2COC(=O)C/C=C\[C@H](C)[C@@H](NS(=O)(=O)c3ccc(C)cc3)COC(=O)C/C=C\[C@@H]2C)cc1,0
93864,CCOC(=O)Nc1ccc2c(C)cc(=O)oc2c1,0
3247382,COC(=O)[C@H]1C[C@@H]1[C@H](NC(=O)OCc1ccccc1)c1ccccc1,0
2207694,CCCCC(=O)Nc1cccc(NC(=O)c2ccc3c(c2)OCO3)c1,0
89536003,Cc1cc(-c2n[nH]c3cc(NC(=O)NC(CO)C(F)(F)F)ncc23)ccn1,1
3241491,CCCS(=O)(=O)N1CCC(C(=O)NCCCOC)CC1,0
651715,O=C(O)C1CCCN1C(=O)Nc1ccc(F)cc1,0
1308026,CC1(C)CC(=O)c2sc(NS(=O)(=O)Cc3ccccc3)nc2C1,0
2064344,C=CCn1c(Cc2csc(N)n2)nnc1SCC(=O)Nc1ccc(C(=O)OCC)cc1,0
5307839,COc1ccc(Br)cc1C1CC(=O)N2CN(C)CSC2=C1C#N,0
5308507,COc1cccc(-c2nc(CS(=O)(=O)CC(=O)NCc3ccc(Cl)cc3)c(C)o2)c1,0
2432250,COc1ccccc1OCCC(=O)OCC(=O)NC(=O)NC(C)(C)C,0
3241762,O=C(NCc1ccc2c(c1)OCO2)C1CC(=O)N(C2CCCCCC2)C1,0
118380800,Cn1cc2c(n1)CCN(c1n[nH]c3cc(NC(=O)N[C@@H](c4ccc(F)cc4)C(C)(C)O)ncc13)C2,1
646219,Cn1c(Cn2nnc3ccccc32)nnc1SCC(=O)NCc1ccc2c(c1)OCO2,0
653393,COc1ccc(C)cc1N(C(=O)CNC(=O)c1ccco1)C(C(=O)NC1CCCC1)c1cccnc1,0
655190,COCCN(C(=O)c1csnn1)C(C(=O)NC(C)(C)C)c1cccc(OC)c1,0
4893,COc1cc2nc(N3CCN(C(=O)c4ccco4)CC3)nc(N)c2cc1OC,0
5771403,O=C(NCc1nnc(SC/C=C/c2ccccc2)o1)c1ccco1,0
258376,O=C(O)CCC(=O)c1ccc[nH]1,0
655299,CCn1c(SCC(=O)NCc2ccco2)nc2c1c(=O)n(C)c(=O)n2C,0
658705,COc1ccccc1N1CCN(CC(=O)c2c(C)n(C)c3ccccc23)CC1,0
3244583,CCS(=O)(=O)N1CCC(C(=O)NCCCN2CCCCCC2)CC1,0
6815,CCCC(c1cc(C(C)(C)C)c(O)cc1C)c1cc(C(C)(C)C)c(O)cc1C,0
16759010,COC(=O)NC(c1cccc(C)c1)[C@]1(C(C)=O)CCCC1=O,0
73506036,CC1(C)c2cnc(NC3CCOCC3)nc2CN1C(=O)NC(c1ccccc1)C(F)(F)F,1
3234044,CN(C)c1ncc2ncc(=O)n(Cc3cccs3)c2n1,0
2675259,CN(C)S(=O)(=O)c1ccc(C(=O)NCc2cccs2)cc1,0
664181,CCOC(=O)N1CCN(Cc2cc(=O)oc3cc4c(cc23)CCC4)CC1,0
7017,Oc1ccccc1-c1ccccc1,0
118365177,CCOc1n[nH]c2cc(NC(=O)NC3CCN(CC(F)(F)F)C3)ncc12,1
3239002,COc1ccc(C2CC(=O)c3c([nH]c(C(=O)OC(C)C)c3C)C2)cc1OC,0
2998971,COc1ccc(C(CNC(=O)C2CC(=O)N(Cc3ccc(C)cc3)C2)N(C)C)cc1,0
880537,CCOC(=O)CSc1nc2ccc(NC(C)=O)cc2s1,0
2998296,CCc1nnc(NC(=O)c2cccc(S(=O)(=O)N3CCN(c4ccccc4)CC3)c2)s1,0
649355,Cc1nn(CC(=O)Nc2ccc3c(c2)oc2ccccc23)c(=O)c2ccccc12,0
659611,CC(C)N(C(=O)CSc1nn2c(=O)c(C(C)(C)C)nnc2s1)c1ccccc1,0
3240292,O=C(c1cc(-c2ccncc2)nc2ccccc12)N1CCN(c2ccccn2)CC1,0
5771861,CCC/C=C(\CCC)C(NS(=O)(=O)c1ccc(C(F)(F)F)cc1)c1ccccc1,0
3237233,CN(CCCNC(=O)c1cccc(N2CCCC2=O)c1)c1ccccc1,0
3794549,CCc1ccc(C2CC(c3ccc(F)cc3)Nc3nc(N)nn32)cc1,0
2698824,CN(CC(=O)Nc1ccc(C#N)cc1)Cc1ccc(Cl)cc1,0
17577285,CCC(C)N=C1SCC(C)(/C=N/O)S1,0
647452,Cn1c(=O)[nH]c(=O)c2c1nc(N1CCCCC1)n2CC(O)CN1CCCCC1,0
2942270,O=C(NC12CC3CC(CC(C3)C1)C2)N1CCN(c2ccccn2)CC1,0
2630233,CCOC(=O)c1c(NC(=O)CSc2nnnn2C)sc(CC)c1C,0
3243855,O=C1CC2(CCCCC2)Oc2ccc(OCC(=O)N3CCOCC3)cc21,0
92044614,COCC(C)NC(=O)Nc1cc2[nH]nc(-c3ccnc(C)c3)c2cn1,1
4618046,Cc1ncc(CO)c2cc(S(=O)(=O)c3ccc(F)cc3)c(=O)oc12,0
3735508,CCCCOC(=O)C1C2C=CC3(CN(CCc4ccccc4)C(=O)C13)O2,0
650986,CC(C)NC(=O)C1CCN(C(=O)C(C(=O)c2ccccc2)n2cc(Cl)ccc2=O)CC1,0
4463525,CC12CCCCC1=NC(c1ccc(Br)cc1)N2O,0
5742496,CCN(CC)S(=O)(=O)c1ccc(N2CCCC2)c(C(=O)OCC(=O)/C(C#N)=C(\C)N)c1,0
229459,CC(=O)Nc1ccc2c(c1)C(=Nc1ccc(C(=O)O)cc1)c1ccccc1-2,0
362726,COc1ccc(S(=O)(=O)N(CC(=O)O)c2ccccc2)cc1,0
1255527,N#CCc1ccc(NC(=O)Nc2cccc(Cl)c2)cc1,0
654281,Cc1occc1-c1nnc(SCC(=O)Nc2ccccc2)n1CCc1ccccc1,0
1639,Nc1ncn[nH]1,0
71247882,COc1ccc([C@H](NC(=O)c2cc(F)c3cnc(NCCCF)nc3c2)c2cnn(C)c2)cc1F,1
3238358,CCCS(=O)(=O)NCc1cn2cccc(C)c2n1,0
342587,Nc1nc2c(C(=O)NCc3cccs3)nnn2c2cccc(Cl)c12,0
3234932,COc1ccc(C(=O)N2CCC3(CCN(Cc4ccccc4)CC3)CC2)cc1,0
5391149,O=c1cc(-c2ccccc2O)oc2cc(O)ccc12,0
11948980,CCC1=C(OC(=O)N(CC)CC)N2C(=O)OC(=NCC(=O)OC)[C@]2(Cc2ccccc2)[C@H]2C1=CC[C@H]1C(=O)N(c3ccccc3)C(=O)[C@H]12,0
972599,c1ccc(Cc2nnc3sc(-c4ccncc4)nn23)cc1,0
664901,Cc1cccc2cc3c(NC(=O)C(C)C)nn(C)c3nc12,0
858959,c1ccc(CSc2nnc(-c3c[nH]c4ccccc34)o2)cc1,0
16757773,COC1C(O)C(C)O[C@H](OC2CC[C@@]3(C=O)C4CC[C@]5(C)C(C6=CC(=O)OC6)CC[C@@]5(O)C4CC[C@@H]3C2)C1O,0
118380939,COC1CN(c2n[nH]c3cc(NC(=O)N[C@H](C)c4ccc(F)cc4)ncc23)C1,1
2345982,CCOC(=O)C1CCN(C=Nc2cc(C)on2)CC1,0
1397543,Cc1nc(SCC(=O)Nc2ccnc3ccccc23)n[nH]1,0
5308082,Cc1ccc2c(c1)NC(=O)C(CC(=O)NCCCN1CCCC1)O2,0
409697,N=C(N)C(N=Nc1ccccc1)C(=N)N,0
666218,COc1ccc(Cc2nn3c(-c4cc(OC)c(OC)c(OC)c4)nnc3s2)cc1,0
3242520,O=C(NCCCN1CCOCC1)c1cc(-c2ccc(Cl)cc2)on1,0
649454,O=C(NCc1cccs1)C1CCCN1C(=O)Nc1ccccc1,0
3234918,COC(=O)N1CCC2(CCCN(C(c3ccccc3)c3ccccc3)C2)CC1,0
663323,Nn1c(SCc2cccc3ccccc23)nnc1-c1ccco1,0
2126621,CCOC(=O)c1c(C)[nH]c(C(=O)COC(=O)CCC(=O)c2ccc3c(c2)OCCO3)c1C,0
1398804,C=CCn1c(O)c(C(C)=Nc2ccc(N(CC)CC)cc2)c(=O)[nH]c1=O,0
118365433,COc1ccccc1Nc1nc(NC(=O)N[C@H](C)c2ccccc2)cc2[nH]nc(OC)c12,1
3236338,Cc1ccc(C)c(NS(=O)(=O)c2c(C)nn(C)c2C)c1,0
621599,COC(=O)C1=C(C)N(C)C(C)=C(C(=O)OC)C1c1ccsc1,0
653322,CCCOc1ccccc1C1NC(=O)NC(C)=C1C(=O)OCCOCC,0
655538,Cc1cc(NC(=O)CSc2nc(C(C)C)nc3sc(C)c(C)c23)no1,0
2310081,COCc1c(C(=O)OCC(=O)c2c(N)n(CC(C)C)c(=O)n(C)c2=O)oc2ccccc12,0
666878,Cc1cc2c(c(=O)n1CC1CCCO1)C(c1ccco1)C(C#N)=C(N)O2,0
135424138,CCC(=NCCN1CCNCC1)C1=C(O)CC(C)(C)CC1=O,0
664926,Cc1nc(NC2=NCN(CCc3ccccc3)CN2)nc2ccccc12,0
705847,Cc1ccccc1OCc1nc(-c2ccccc2)no1,0
5461299,CCCC/C=C/[C@@H](NP(=O)(c1ccccc1)c1ccccc1)c1ccccc1OC,0
118046278,Cn1cc(-c2cnc(N)c(-c3ccc(C(=O)NCc4cccc(Br)c4)c(F)c3)c2)cn1,1
2977643,CCOC(=O)CN1C(=O)C(O)(C2CCc3ccccc3C2=O)c2ccccc21,0
135665265,COC1C(O)C(CO)OC1n1c(Br)nc2c(=O)[nH]c(N)nc21,0
661794,Cc1cc2n(n1)SC(Nc1ccccc1)N2,0
907670,CCCC12CN3CC(C)(CN(C1)C31C(=O)Nc3ccc(C)cc31)C2=O,0
691776,O=P(O)(CCc1ccncc1)CN1CCCCC1,0
644785,COc1cc(C(=O)Nc2ccc3c(c2)OCCO3)ccc1-n1cnnn1,0
2961566,CCOc1cccc(NC(=O)C2CC(=O)N(C)C2)c1,0
16758124,O=C(CCc1ccc(O)cc1)c1c(O)cc(O)cc1O[C@H]1OC(CO)C(O)C(O)C1O,0
3234036,Cc1noc(C)c1C(=O)N1CCC2(CCCN(C(=O)Nc3cccc(F)c3)C2)CC1,0
127053718,COC(=O)NC1NNC2CC(NC(=O)N[C@H](C)c3ccc(Cl)c(Cl)c3)NCC21,1
3245808,O=C(Nc1ccc(Br)cc1)N1CCCCCCC1,0
3233588,COc1cccc(Nc2ncc3nc(CCc4ccccc4)c(=O)n(C4CC4)c3n2)c1,0
3243908,O=C1CC2(CCCCC2)Oc2ccc(O)cc21,0
3233591,O=c1cnc2cnc(Oc3cccc(Cl)c3)nc2n1C1CC1,0
40632,Cc1ccc(=O)n(-c2ccccc2)c1,0
213329,Cc1ccc(C)n1-c1cccc(C(=O)O)c1,0
1615233,CC(=O)CSc1nc2ccc(Nc3nc(N4CCOCC4)nc(N4CCOCC4)n3)cc2s1,0
2572847,c1ccc(-n2cnnc2SCc2nc3ccccc3s2)cc1,0
2852386,CC(C)(C)N1C(=O)c2ccc(C(=O)O)cc2C1=O,0
1104093,COc1cc(C(=O)Nc2cccc(-c3nc4ccccc4o3)c2C)cc(OC)c1OC,0
54676677,CCCCn1c(=O)c(C(=O)Nc2ccccc2S(N)(=O)=O)c(O)c2ccccc21,0
3240846,CC1(C)OC(=O)C(=CNc2cccc(O)c2)C(=O)O1,0
118045515,Nc1ncc([C@H]2CC[C@H](O)C(F)(F)C2)nc1-c1ccc(C(=O)N[C@H](CO)c2cc(F)cc(Br)c2)c(F)c1,1
664985,CN(C)c1cccc2c(S(=O)(=O)Nc3ccccn3)cccc12,0
2981740,O=C(NC12CC3CC(CC(C3)C1)C2)N1CCCC(CO)C1,0
122238741,Cc1ccnc(Oc2ccc(-c3cc4c(cc3F)ncc3nc(C)n([C@H]5CCN(CC#N)C[C@H]5F)c34)c(Cl)c2)n1,1
3245729,COc1ccc(NC(=O)CN2CCN(c3ccc(F)cc3)CC2)cc1Cl,0
847942,CCOC(=O)c1ccc(CNC(=O)c2n[nH]c(=O)c3ccccc23)o1,0
2208079,O=C(Nc1ccc2nn(-c3ccccc3)nc2c1)c1ccc2c(c1)OCO2,0
118395160,C[C@@H](NC(=O)Nc1cc2[nH]nc(NS(=O)(=O)C3CNC3)c2cn1)c1ccccc1,1
1316259,O=S(=O)(c1ccc(C2CCCCC2)cc1)N1CCN(c2ncccn2)CC1,0
71528992,Cn1cc([C@@H](NC(=O)c2ccc3cnc(N[C@H]4CCOC[C@@H]4F)nc3c2)c2ccc(Cl)c(F)c2)cn1,1
647234,Cc1cc(C)n(-c2cccc(Cl)c2)c(=O)c1C#N,0
649583,CCOc1cc(C(=O)Nc2cc(C)ccn2)cc(OCC)c1OCC,0
663830,Cc1cc(C)c2c(=O)[nH]n(C3CC(C)N(C)CC3C)c2n1,0
1910563,Cc1cccc(OCC2=N/C(=C\N(C)C)C(=O)O2)c1,0
156600499,Cn1cnc(-c2ccc(C3=CCN(C(=O)CN4CC[C@]5(CCN(C6CCC7NNC(N8CCC(F)(F)CC8)C7C6)C5=O)C4)CC3)cc2)n1,1
7040,Cc1c(N=C=O)cccc1N=C=O,0
71555463,CC(C)Oc1ccc(-c2n[nH]c3cc(NC(=O)N[C@H](C)c4ccccc4)ncc23)cn1,1
663010,O=C(CSc1nnc(-c2cccnc2)n1Cc1ccco1)c1ccc(Cl)cc1,0
774534,COc1cccc(N=Cc2ccc(O)cc2O)c1,0
3238381,Cc1ccc(C2N(c3ccc(Cl)c(Cl)c3)C(=O)C3CCCN32)o1,0
755693,Nc1nc2c3ccccc3nc(Cc3ccccc3)n2n1,0
2999018,Cc1nn(C)c(N)c1C(O)(c1nccn1C)C(F)(F)F,0
7904,C=COC(C)=O,0
2082426,Cc1csc(NC(=O)c2nc(-c3ccccc3)n(-c3ccccc3)n2)n1,0
3240955,COc1ccccc1CN1CC(C(=O)NC2CCCCC2)CC1=O,0
2229558,COc1cccc(-c2noc(CCC(=O)NC3CCCCC3)n2)c1,0
2938991,Cc1ccc(-n2ncc3c(NCC4CCCO4)ncnc32)c(C)c1,0
3233679,O=C(c1csnn1)N1CCC[C@@]2(CCN(c3ccccc3)C2)C1,0
648497,Cc1ccc(S(=O)(=O)N2CCC(C(=O)Nc3ccc4c(c3)COC4=O)CC2)cc1,0
121418065,O=C(NCc1ccccc1)Nc1cc2cnn(-c3ccncc3)c2cn1,1
2620947,CCOC(=O)c1ccccc1NC(=O)CSc1nc2ccccc2o1,0
145995688,Cn1nccc1Nc1nccc(-c2cc3n4c(nnc4c2)[C@@H](CC(F)(F)F)CCO3)n1,1
5459744,COC(=O)N1[C@H](Cc2ccccc2)C=C[C@]1(C)C(=O)NCc1ccc(N(C)C)cc1,0
54690072,CCc1nnc(NC(=O)c2c(O)c3cccc4c3n(c2=O)CC4)s1,0
664769,CC(C)OC(=O)Nc1ccc(Oc2c(F)c(F)c(F)c(F)c2F)cc1,0
645659,COc1ccc(CCNC(=O)CSc2nnnn2Cc2ccc3c(c2)OCO3)cc1OC,0
653579,C=CCNC(=O)CN1CCC(O)(c2ccc(F)cc2)CC1,0
652790,COc1cc2cc(CN(Cc3nnnn3Cc3ccco3)C3CCCCC3)c(=O)[nH]c2cc1OC,0
2323827,CCCCn1c(NC(=O)c2ccc(F)cc2)c(C#N)c2nc3ccccc3nc21,0
3233849,COc1ccc(-c2nc3cnc(N4CCNCC4)nc3n(-c3ccc(OC)cc3)c2=O)cc1,0
862103,O=C(Nc1ccccc1Oc1ccccc1)c1cnccn1,0
16757641,CCCCC(=O)O[C@@]1(C(=O)CO)C(C)CC2C3CCC4=CC(=O)C=C[C@@]4(C)[C@]3(F)C(O)C[C@]21C,0
2394979,Cc1ccc(C(=O)CSc2nc3cc(S(=O)(=O)N4CCOCC4)ccc3o2)cc1,0
3235458,c1ccc2c(-n3ccnc3)nc(-c3ccoc3)nc2c1,0
663995,COc1ccc2[nH]c3c(NCCN4CCCCC4)ncnc3c2c1,0
1252116,O=C(COc1ccc(S(=O)(=O)N2CCOCC2)cc1)Nc1ccc(Cl)c(C(F)(F)F)c1,0
666145,COc1cc2c(cc1OC)-c1cc(OCc3cccnc3)nc(=O)n1CC2,1
651109,CC12CC(c3ccccc3O1)C(C(=O)NCc1ccccc1)C(=O)N2,0
89525856,COCCNC(=O)Nc1cc2[nH]nc(-c3ccc(F)cc3)c2cn1,1
2618685,CCCNC(=O)NC(=O)CSc1nnc(-c2ccncc2)n1CC,0
3239265,CCC(Sc1nc2ccccc2c(=O)n1CC1CCCO1)C(=O)NCc1cccnc1,0
3245501,CC(=O)N1CCc2cc(Br)cc(S(=O)(=O)N3CCN(C(=O)c4ccco4)CC3)c21,0
2217867,COCCCNC(=O)c1ccccc1SC,0
2141528,O=C(CSc1nccc(=O)[nH]1)N1CCCc2ccccc21,0
3247092,COC(=O)[C@@]1(Cc2ccc(OC)cc2)[C@H]2c3cc(C(=O)N4CCCC4)n(CCc4c[nH]c5ccc(OC)cc45)c3C[C@H]2CN1C(=O)c1ccccc1,0
651236,CCC(C)(C)n1nnnc1C(c1cc2ccc(OC)cc2[nH]c1=O)N1CCc2ccccc2C1,0
16759268,CC(=O)Oc1ccc(/C=C/C(=O)CC2OC(Oc3cc(OC(C)=O)c4c(c3)O[C@@H](c3ccc(OC(C)=O)cc3)CC4=O)C(OC(C)=O)C(OC(C)=O)C2OC(C)=O)cc1,0
3243872,O=C(NC1CCCCC1)C1CCN(S(=O)(=O)N2CCCCCC2)CC1,0
3240265,O=C(C1CCN(c2nnc(-n3cccc3)s2)CC1)N1CCN(c2cccc(C(F)(F)F)c2)CC1,0
2078615,O=C1c2ccccc2S(=O)(=O)N1CCOc1ccccc1,0
663762,CCCCn1c(N)c(C(=O)OCC2CCCO2)c2nc3ccccc3nc21,0
135450220,CCOC(=O)C1=C(O)C(Nc2nccs2)(C(F)(F)F)N=C1C,0
2408857,Cc1ccc(-n2c(SCc3nnc4n3CCC4)nnc2-c2ccccc2)cc1,0
1252104,CC1CCN(C(=O)CN(c2ccc3c(c2)OCO3)S(C)(=O)=O)CC1,0
654712,COc1ccc(CN(Cc2ccccn2)C(=O)CN2C(=O)C(C)Oc3ccccc32)cc1,0
11949149,COC(=O)[C@@H]1C[C@@]2(O)[C@H](O)[C@H](O)[C@H](O)C[C@H]2N1C/C=C/c1ccccc1,0
16758666,C#CCCCO/N=C1/C[C@@H](O)[C@@H](O)[C@@H]2[C@@H]3C(=O)N([C@@H](C)c4ccccc4)C(=O)[C@H]3CC[C@H]12,0
647351,O=S(=O)(Cc1ccccc1)N1CCCC(c2nc(-c3ccc(F)cc3)no2)C1,0
135450652,O=C(C1CCCO1)N1CCN(Cc2nc3ccccc3c(=O)[nH]2)CC1,0
118380769,CC[C@@H](NC(=O)Nc1cc2[nH]nc(N)c2cn1)c1ccc(Cl)cc1,1
738531,Nc1nonc1-c1nc2ccccc2[nH]1,0
4682093,COc1ccc(S(=O)(=O)Cc2ccc(C(=O)NC(C)C)o2)cc1,0
2063395,CCOC(=O)NC(C(F)(F)F)(C(F)(F)F)P(=O)(c1ccccc1)c1ccccc1,0
6604413,CCCCCCCCN[C@@H](C)[C@H](O)c1ccc(SC(C)C)cc1,0
3236090,COc1ccc(CCNC(=O)CCn2c(SCC#N)nc3ccccc3c2=O)cc1OC,0
5307444,COc1ccc(-n2c(Cc3cccn3C)nnc2SCC(=O)Nc2ccc(C)cc2C)cc1,0
135403619,Nc1nc(SCC(=O)O)[nH]c(=O)c1N,0
135515088,Cc1ccc(CC(=O)N2CCC(c3nc4c(nnn4Cc4ccccc4)c(=O)[nH]3)CC2)cc1,0
898263,CC(=O)Nc1cccc(OCC(=O)Nc2ccccc2)c1,0
6604321,NC(=O)c1cc[n+](CC2=C(C(=O)[O-])N3C(=O)[C@@H](NC(=O)Cc4cccs4)[C@@H]3SC2)cc1,0
705798,Cc1ccc(CCC(=O)Nc2nccs2)o1,0
3000041,CCSc1nnc(NC(=O)C(CC)Oc2ccccc2)s1,0
657667,CCOC(=O)/C(C#N)=C1/CCCCCN1C,0
2998995,COc1ccc(C(=O)NCC(=O)OCC(=O)NC(=O)NC2CCCCC2)cc1OC,0
3238549,COc1ccc(OC)c(CNC(=O)C2CCN(S(=O)(=O)N3CCCC3)CC2)c1,0
969629,S=c1[nH]nc(COc2ccc3c(c2)OCO3)n1-c1ccccc1,0
5307367,CCOC(=O)C1CCN(c2c(N3CCN(Cc4ccccc4)CC3)c(=O)c2=O)CC1,0
656032,CCCC(=O)Nc1cc(C)c(NC(=O)c2ccccn2)cn1,0
3236356,COc1ccc(S(=O)(=O)Nc2cccc(Cl)c2)cc1OC,0
2855564,CC1=C(C(=O)OCC2CCCO2)C(c2ccccc2)NC(=O)N1,0
3236197,O=C(CN1CCN(Cc2ccccc2F)C1=O)NCc1cccs1,0
1068494,CCOC(=O)c1cc(C(=O)OCC)c2cc(Br)ccc2n1,0
5570,C[n+]1cccc(C(=O)[O-])c1,0
2984678,COCCN1C(=O)N(c2cccc(C)c2)C(=O)C1CC(=O)Nc1ccc(F)cc1,0
3237301,O=C(c1c[nH]c2ccc(S(=O)(=O)N3CCOCC3)cc2c1=O)N1CCN(c2ccccn2)CC1,0
4515,O=C(O)C1=CCCN(CCON=C(c2ccccc2)c2ccccc2)C1,0
20118,OC(CNCCc1ccccc1)c1ccccc1,0
654319,CCOc1ccccc1NC(=O)N1CCCC1C(=O)Nc1ccc(NC(C)=O)cc1,0
2201573,Nc1nonc1-n1nnc(C(=O)O)c1-c1cccs1,0
1318,c1cnc2c(c1)ccc1cccnc12,0
3236928,O=c1c2cc3c(cc2[nH]c(=S)n1Cc1ccco1)OCO3,0
9851505,CC([C@H](O)c1ccccc1)N(C)C,0
2954710,Cc1ccc(S(=O)(=O)N2C(=O)CCC2C(=O)Nc2ccc3c(c2)OCCO3)cc1,0
662003,O=c1c2c3nc4ccccc4nc3n(-c3ccc4c(c3)OCCO4)c2ncn1CC1CCCO1,0
2979816,O=C1NC2CCCCC2NC1CC(=O)N1CCN(c2ccccc2)CC1,0
651659,CCOC(=O)c1ccccc1NC(=O)CSc1nc2c(c(=O)n(C)c(=O)n2C)n1C,0
666057,COc1ccccc1-c1nnc2sc(COc3ccc(F)cc3)nn12,0
419706,NCCSc1nc2ccccc2s1,0
3235720,CC(=O)N1CCc2cc(S(=O)(=O)CCC(=O)Nc3ccc4c(c3)OCCO4)ccc21,0
5308103,CC(=O)c1ccc(N2CCN(C(=O)c3cc4c(-c5ccccc5F)nn(C)c4s3)CC2)cc1,0
645781,CCCn1nc(CC(=O)O)c2ccccc2c1=O,0
794276,COC(=O)Nc1nnc(Cc2ccccc2)s1,0
651497,CC1CCN(C(=O)CN(CCc2ccccc2)S(C)(=O)=O)CC1,0
854067,CNC[C@H](O)c1ccc(O)cc1,0
1548053,CCc1cc2c(=O)c(-c3ccon3)c(N)oc2cc1OC,0
666502,C=CCn1c(Cc2cccs2)nnc1SCC(=O)Nc1cc(OC)cc(OC)c1,0
667196,Cc1cccc(-c2noc(CCCC(=O)Nc3cccnc3)n2)c1,0
952615,COc1ccc(OCC(=O)Nc2cccc3ncccc23)cc1,0
2367151,c1ccc2oc(SCc3nc4ccccc4s3)nc2c1,0
693071,CCOc1ccccc1NC(=O)CCC(=O)O,0
651199,CCc1nnc(NC(=O)CSc2nnc(COc3ccc(C)cc3)n2-c2ccccc2)s1,0
6605094,Cc1nc(N2CCOCC2)c2nc(-c3ccccc3)n(CCCN3CCOCC3)c2n1,0
648815,O=C(O)C1C(c2ccccc2)C(C(=O)OCCCO)C1c1ccccc1,0
718902,CCOC(=O)c1[nH]nc(C(=O)c2ccc(Br)cc2)c1O,0
661147,O=C(OCC#CCSc1nnc(-c2ccncc2)o1)c1cccs1,0
2999550,CCOC(=O)c1cc(C#N)c(SCc2ccc(C#N)cc2)nc1C,0
1281397,C=CCn1c(SCC(=O)N2CCOCC2)nc2scc(-c3ccco3)c2c1=O,1
646119,Cn1nc(CC(=O)Nc2cccc3ncccc23)c2ccccc2c1=O,0
2999188,O=C(N1CCN(Cc2ccc3c(c2)OCO3)CC1)C12CC3CC(CC(C3)C1)C2,0
1252775,CCN1CCN(C(=O)c2ccc(NS(=O)(=O)c3ccccc3)cc2)CC1,0
663154,Nn1c(SCC(=O)Nc2ccc(F)cc2F)nnc1C1CCCCC1,0
648571,CCc1nc(N2CCOCC2)c(C#N)c2c1COC(C)(C)C2,0
3246607,C[C@@]1(CO)[C@H](O)CC[C@]2(C)[C@@H]1CC[C@H]1C[C@H]3C[C@]12CC[C@]3(O)COC(=O)CN,0
3080554,O=C(O)Cc1cccnc1C(=O)O,0
656292,CC(=O)NC1CC2CCCC(C1)N2S(=O)(=O)c1ccccc1,0
808421,CCn1c2ccccc2c2nc3cc(OC)c(OC)cc3nc21,0
3245594,CCOc1cc2[nH]c(=O)n(CCC(=O)N3CCN(c4ccccc4OC)CC3)c(=O)c2cc1OCC,0
223566,Cn1c(=O)c2c(nc(OCc3ccccc3)n2C)n(C)c1=O,0
2155684,O=C(CSc1nnc(-c2ccccc2)o1)N1CCN(c2ccccc2)CC1,0
17111,C=CC(=O)OCCN(C)C,0
5307813,CCOC(=O)N1CCN(C(=O)c2cc(C)no2)CC1,0
90273,CN(C)CCNc1ccccn1,0
3237951,O=C(CCS(=O)(=O)c1ccc(Br)cc1)N1CCC2(CC1)OCCO2,0
2997848,Cc1ccc2nc(NCCCN3CCOCC3)c(C=NCCCN3CCOCC3)c(=O)n2c1,0
2610946,Cc1cc(-n2c(C)cc(C(=O)COc3ccc4ccc(=O)oc4c3)c2C)no1,0
649035,CC1(C)CC(=O)C2=C(C1)OC(N)=C(C#N)C2CCc1ccccc1,0
6604406,CC1=C(C(=O)O)N2C(=O)[C@@H](NC(=O)[C@@H](N)c3ccc(O)cc3)[C@@H]2SC1,0
650123,CC(=O)NCCc1ccc(S(=O)(=O)N2CCOCC2)cc1,0
2520806,CC(C)NC(=O)CSc1nnc(-c2ccc(C(C)(C)C)cc2)n1C,0
765363,COc1ccccc1NC(=O)c1ccc(Br)o1,0
3233744,CN1CCC2(CC1)CCN(S(=O)(=O)c1ccccc1)CC2,0
664139,CC(=O)c1ccc(Nc2ncnc3c2oc2ccccc23)cc1,0
5328775,N#C/C(=C\c1ccc(O)c(O)c1)C(=O)NCCCCc1ccccc1,1
3244270,CCC(=O)N1CCc2cc(S(=O)(=O)CCC(=O)N3CCc4ccccc4C3)ccc21,0
645183,CN(C(=O)C1CCOC1)c1nnc(-c2cccnc2)s1,0
2956182,COC(=O)C(NC(=O)C(NC(=O)c1ccccc1)C(C)C)C(C)C,0
3245080,COc1ccccc1-c1cc(C(=O)Nc2c(F)cc(F)cc2Br)no1,0
655899,COCCNC(=O)C(c1ccc(C)o1)N(Cc1ccc(F)cc1)C(=O)Cn1nnc2ccccc21,0
665335,CC(C)Sc1nnc([C@@H]2CCCN2C(=O)OC(C)(C)C)o1,0
16758256,Cc1ccc(S(=O)(=O)N[C@H]2COC(=O)[C@H](C)COC(=O)C/C=C\[C@H]2C)cc1,0
3236669,Cc1ccc2cc3cc(C(=O)N(C)C4CCCCC4)oc3nc2c1,0
11949178,COC(=O)c1ccc(C23CC4(C2)[C@H](CN(CC2CCCCC2)[C@@H]4c2ccccc2)C3c2ccccc2)cc1,0
627403,CCS(=O)(=O)Nc1ccc2c(c1)N(C(C)=O)c1ccccc1CC2,0
3240212,CCOC(=O)C1CCN(C(C(=O)Nc2ccc3c(c2)OCCO3)c2ccccc2)CC1,0
654718,CCCCC(CC)C(=O)Nc1ccccc1C#N,0
5307857,CC(NC(=O)C1CCCN(S(=O)(=O)c2cccs2)C1)c1ccccc1,0
654651,Cc1ccc(S(=O)(=O)Cn2nnnc2C(C(C)C)N2CCc3ccccc3C2)cc1,0
24744,COC(=O)Nc1cccc(OC(=O)Nc2cccc(C)c2)c1,1
5309048,COc1ccc(N(CC(=O)NC2CCCCCCC2)S(=O)(=O)c2c(C)nn(C)c2C)cc1,0
2998720,Cc1ccc(-n2cccc2C(=S)N=P(N(C)C)(N(C)C)N(C)C)cc1,0
3235391,COc1ccc(-n2c(=O)c(C)nc3cnc(Oc4ccccc4)nc32)cc1,0
1107140,O=C(c1cccc(S(=O)(=O)N2CCOCC2)c1)N1CCCc2ccccc21,0
660547,CCn1c(C)nc2cc(S(=O)(=O)C(F)(F)C(F)C(F)(F)F)ccc21,0
2997764,COc1ccccc1CNC(=O)COC(=O)c1ccc(S(=O)(=O)N2CCCC2)cc1,0
725089,Cc1ccc(NC(=O)c2ccc(OC(=O)c3ccco3)cc2)cc1,0
3237205,O=C1C(c2ccc(F)cc2)N(Cc2ccc3c(c2)OCO3)C(=O)CN1C1CCCC1,0
3238505,CCOC(=O)C1=C(C)Nc2ncnn2C1c1cc(Br)ccc1F,0
656100,O=C(NC1CCCC1)C(c1ccccc1F)N(C(=O)c1ccco1)C1CCCC1,0
2224029,Cc1cccc(-c2noc(CN(C(C)C)S(=O)(=O)c3ccc(Cl)cc3)n2)c1,0
1258837,O=C(O)CCSc1nnc(-c2ccncc2)n1-c1ccccc1,0
2672892,COc1cc(CC(=O)Nc2ccc(S(=O)(=O)N(C)C)cc2)cc(OC)c1OC,0
2127840,O=C(Nc1ccccc1N1CCOCC1)c1ccc2ccccc2n1,0
2122221,CCOc1ccccc1OCC(=O)Nc1ccc(S(=O)(=O)N(C)C)cc1,0
2227937,Cc1ccc(-c2cc(C(=O)NCCCN3CCOCC3)no2)cc1,0
16757927,COC(=O)CC1C(C)(C)C(OC(C)=O)C2CC3=C4CC(=O)OC(c5ccoc5)[C@]4(C)CCC3[C@@]1(C)C2=O,0
597837,CC1(C)OC(C(=O)NC2CCCCC2)C(C(=O)NC2CCCCC2)O1,0
3241190,Cc1ccc(C)c(NS(=O)(=O)c2cc(Br)cnc2N)c1,0
976770,O=C(Cc1cccs1)Nc1cccc(C(=O)Nc2ccco2)c1,0
16758502,C/C(CCN1CCc2nc(-c3ccccc3)c(-c3ccccc3)cc2C1)=N\O[C@@H](C)c1cn([C@@H]2COC[C@@H]2O)nn1,0
6860072,Cc1ccc(OCCn2c(C)c(/C=N/n3cnnc3)c3ccccc32)cc1,0
653470,COc1cccc(-n2c(COc3ccccc3C)nnc2SCC(=O)O)c1,0
5307732,CC1CCCC(NC(=O)c2ccc3c(c2)N(Cc2ccccc2)C(=O)CS3=O)C1C,0
757598,OCCN(Cc1ccccc1)Cc1ccc(F)c(F)c1,0
662698,CC(=NCCC1=CCCCC1)c1c(O)n(C)c(=O)n(C)c1=O,0
649111,Cc1ccc2nc(C3CCN(CC(=O)Nc4ccc5c(c4)OCCO5)CC3)[nH]c2c1,0
719070,Cc1nc(S(=O)(=O)N(C)c2ccccc2)c(C#N)c(C)c1Cl,0
3458260,NC(=O)C1CCN(C(=O)c2ccc(CS(=O)(=O)c3c(Cl)cccc3Cl)o2)CC1,0
3241324,COc1ccccc1NC(=O)c1nnn(CC(=O)Nc2ccccc2)c1N,0
5308215,COc1cccc(-c2nn(C)c3sc(C(=O)N4CCOCC4)cc23)c1,0
1046667,CCOC(=O)c1cn2c3c(c(F)c(F)c(F)c3c1=O)SC(N1CCCC1)=N2,0
16758962,C=C(C)C(O)/C=C/c1ccc(C)cc1,0
840037,CC(=O)Nc1nc(C)nc(-c2ccccc2)c1C(C)=O,0
1150894,Cc1cc2ncn(C(=O)c3c(-c4ccccc4Cl)noc3C)c2cc1C,0
3242204,O=C(CCN1C(=O)C2C3C=CC(C3)C2C1=O)N1CCN(c2ccc(F)cc2)CC1,0
652779,COc1ccc(CN(C(=O)c2ccco2)c2ccc(C)cc2)cc1OC,0
664758,COc1ccc2c(c1)c(C(=O)CN1CCC3(CC1)OCCO3)c(C)n2C,0
650589,COc1cc(NC(=O)C(C)C)ccc1NC(=O)c1ccco1,0
3235939,O=C(NC1CC1)c1ccc2c(c1)ncn2C1CCCC1,0
3238454,CCc1ccccc1-n1cnc2cc(C(=O)O)ccc21,0
1306765,COC(=O)Cc1c(C)c2ccc(OCC(=O)N3CCOCC3)cc2oc1=O,0
663476,CN(C)CCN1C(=O)c2oc3ccccc3c(=O)c2C1c1ccc(F)cc1,0
3238664,CCSc1nnc(NC(=O)CSc2nccn2-c2cc(C)cc(C)c2)s1,0
658903,Cc1ccc2[nH]c3c(=O)n(CCCN4CCOCC4)cnc3c2c1,0
3240040,CCOc1cc2[nH]c(=O)n(CCc3ccc(OC)c(OC)c3)c(=O)c2cc1OCC,0
2998481,CC(C)(C)P(=NC(=O)c1ccc(F)cc1)(N1CCOCC1)N1CCOCC1,0
5309864,Cc1cccc(N2CCN(C(=O)C3CCN(S(=O)(=O)c4cccc5cccnc45)CC3)CC2C)c1,0
1253408,Cc1ccc(Cn2ccc(NC(=O)c3cc(-c4ccccc4)on3)n2)cc1,0
340848,CN1CCc2nc(N)nc(-c3nc(N)nc4c3CN(C)CC4)c2C1,0
5292320,Cc1cc2c(cc1C)/C(=C\C(N)=O)NC(C)(C)C2,0
3247133,COC(=O)[C@@]1(Cc2ccc(OC)cc2)[C@@H]2C(=CC(=O)[C@H]2CC(=O)C(=O)N(C)C)CN1C(=O)c1ccccc1,0
658118,Cn1c(=O)[nH]c(=O)c2c1nc(Br)n2CCCSc1nc2ccccc2o1,1
2549560,Cc1ccc(-n2c(SCc3cc(=O)n4ccsc4n3)nnc2-c2cccnc2)c(C)c1,0
850594,c1ccc(CCc2nn3c(Cc4ccccc4)nnc3s2)cc1,0
6603703,NC[C@@H]1O[C@H](C23CC4CC(CC(C4)C2)C3)Cc2c1ccc(O)c2O,0
82717,CC(=O)N1C(=O)N(C(C)=O)C2C1N(C(C)=O)C(=O)N2C(C)=O,0
1534922,COc1ccc(C(=O)Oc2c(CN3CCOCC3)cc(Cl)c3cccnc23)cc1,0
2832751,CNC(=O)NC1CCCCc2sccc21,0
974714,Cc1ccc(SCc2nc(-c3ccccn3)no2)cc1,0
790157,O=c1nc(N(c2ccccc2)c2ccccc2)[nH]c(=O)[nH]1,0
2402326,COc1cccc(NC(=O)CSc2nnc(-c3cc(C)n(-c4ccccc4)c3C)o2)c1,0
31316,Cc1cc(O)c(C(C)C)cc1C1(c2cc(C(C)C)c(O)cc2C)OC(=O)c2ccccc21,0
3235252,O=c1c(-c2ccccc2)nc2cnc(N3CCOCC3)nc2n1CCc1ccccc1,0
647253,CCCCCCSc1nsc(NC(C)=O)n1,0
651517,O=C(CCC(=O)N(CC(=O)NC1CCCC1)C1CCCC1)Nc1ccccn1,0
663484,Clc1ccc2nc(NC3=NCN(CCN4CCOCC4)CN3)nc(-c3ccccc3)c2c1,0
2955407,C=CCNC(=O)c1ccccc1NC(=O)C1CC(=O)N(c2ccc(Cl)cc2)C1,0
3240105,COCCNC(=O)c1cc(-c2cccc(OC)c2)on1,0
3237177,CCN1CCN(CCCNC(=O)C2c3ccccc3C(=O)N(C)C2c2ccc(OC)cc2)CC1,0
135413577,CCOC(=O)CSc1nnc(CSc2nc3ccccc3c(=O)[nH]2)n1-c1ccccc1,0
655378,CC(=O)Nc1ccccc1OC(=O)N(C)C,0
3155094,Cc1cc(Nc2cccc(C)c2C)n2ncnc2n1,0
3235742,COc1ccc(-c2nnc3ccc(SCC(=O)NCc4ccco4)nn23)cc1OC,0
54699177,CC(=O)C[C@H](c1ccc([N+](=O)[O-])cc1)c1c(O)c2ccccc2oc1=O,0
667737,O=C(O)CCNS(=O)(=O)c1ccc(Oc2ccccc2)cc1,0
99625,O=C(N[C@@H](Cc1ccccc1)C(=O)CCl)OCc1ccccc1,0
282014,Oc1ccc(C2Oc3cc(O)cc(O)c3CC2O)cc1,0
2999099,C=C1C(C(=O)N2CCN(C)CC2)C1C(=O)N1CCN(C)CC1,0
829823,Cc1ccc2nc(-c3cccnc3)oc2c1,0
666516,COC(=O)C1=C(N)Oc2cc(C)n(CC3CCCO3)c(=O)c2C1c1ccccc1OC,0
3115287,CN/C=C1\C(=O)C(C)(C)Oc2ccc3ccc(=O)oc3c21,0
3234487,Cc1noc(C)c1-c1cncnc1N(C)Cc1ccco1,0
3243077,Cc1cccc(NC(=O)C2CCN(S(=O)(=O)c3cccc4nsnc34)CC2)n1,0
2851670,Cc1ccc2cc(C)c(N3CCN(c4ccccn4)CC3)nc2c1,0
3244075,O=C(CSc1oc(-c2ccco2)nc1S(=O)(=O)c1ccc(Cl)cc1)NCC1CCCO1,0
2268672,COCCCn1c(-c2ccco2)nc2ccccc2c1=O,0
2998348,CCN1CCCC1CNC1=NCCCCC1,0
4668146,COc1ccc(NC(=O)N(Cc2ccc(C)cc2)Cc2ccccn2)c(OC)c1,0
2999297,Cc1nn(-c2ccc(Cl)cc2)c(N)c1C(O)(CSc1nccn1C)C(F)(F)F,0
5308152,Cc1ccc2oc(=O)c3cc(C(=O)NCc4ccco4)sc3c2c1,0
1332213,COC(=O)Nc1ccc(S(=O)(=O)N2CCN(c3ccc(F)cc3)CC2)cc1,0
649970,CCCn1c(SCC(=O)Nc2ccccc2N2CCCCC2)nc2c1c(=O)n(C)c(=O)n2C,0
234474,O=[N+]([O-])c1ccc(Nc2nc3ccccc3s2)cc1,0
645403,O=c1cc(CSc2nnc(COc3ccccc3)o2)c2ccccc2[nH]1,0
2215727,COC(=O)c1ccsc1NC(=O)CSc1nnnn1-c1ccccc1SC,0
2968707,CCN1CCN(Cc2ccc(NC(=O)Nc3ccc(SC)cc3)cc2)CC1,0
652088,CCCC(=O)Nc1cccc2c1CCCC2,0
6518409,CO/N=C\[C@@H](C)[C@H](OCc1ccccc1)C(C)C,0
5283387,CCCCCCCC/C=C\CCCCCCCC(N)=O,0
3246764,O=C(CCSc1nnc2ccccn12)Nc1ccc(F)cc1,0
646218,O=C(C1CCN(S(=O)(=O)c2ccc(-n3cnnn3)cc2)CC1)N1CCN(c2ccccc2)CC1,0
3234447,COc1ncc2nc(CCc3ccccc3)c(=O)n(Cc3ccc(F)cc3)c2n1,0
934951,O=c1ccc2cc(S(=O)(=O)Nc3ccc(F)cc3)ccc2o1,0
5308639,Cn1cccc1Cc1nnc(SCC(=O)Nc2ccc(Cl)cc2)n1-c1ccc(F)cc1,0
2386764,Cc1ccsc1C(=O)OCC(=O)NCc1ccc2c(c1)OCO2,0
3242399,CCCS(=O)(=O)N1CCCC(C(=O)NCCCN(C)c2ccccc2)C1,0
647235,CC1CCN(C(c2ccc(N(C)C)cc2)c2nnnn2Cc2ccc(F)cc2)CC1,0
654620,N#CC1=C(N)C(C#N)(C#N)C(c2cccnc2)C2COCC=C12,0
654985,CCC(C(=O)NC1CCCC1)N(C(=O)Cn1nnc(-c2ccc(OC)c(OC)c2)n1)C1CCCCC1,0
665748,COc1ccc(N2CCN(Cc3cc(=O)oc4ccc5ccccc5c34)CC2)cc1,0
2886449,CCCC(C)NC(=O)c1ccc(F)cc1,0
2083034,Cc1cc(C)c(C(=O)COC(=O)Cn2cnnn2)cc1C,0
652017,CC(=O)c1c(C)n(C)c2ccc(OC(=O)c3ccco3)cc12,0
652350,COc1ccc(C(C(=O)NC2CCCC2)N(C(=O)c2ccco2)c2ccc3c(c2)OCO3)cc1OC,0
135452183,C=CCc1c(C)nc(SC(C)C)[nH]c1=O,0
3235217,COc1ccc2[nH]cc(CCNc3cc(-c4cccc(C#N)c4)ncn3)c2c1,0
2796,CCOC(=O)C(C)(C)Oc1ccc(Cl)cc1,0
135485466,CCn1c(Cc2ccccc2)nnc1SCc1nc2ccccc2c(=O)[nH]1,0
3239186,O=C1CCc2cc(S(=O)(=O)N3CCN(Cc4ccc5c(c4)OCO5)CC3)ccc2N1,0
3251903,CCCCCCN=C(CC)c1c(O)n(CCCC)c(=O)[nH]c1=O,0
2908475,O=C(NC1CCS(=O)(=O)C1)c1ccccc1C(=O)c1ccccc1,0
362742,O=C(O)CCCNS(=O)(=O)c1ccc2ccccc2c1,0
644516,Fc1ccc(CSc2nnc(-c3cccs3)o2)cc1,0
2850157,CCCCNC(=O)C1COc2ccccc2O1,0
649623,CCc1ccc(NC2=NCC(=O)N2c2ccc3c(c2)OCCO3)cc1,0
135447974,Nc1nc(SCC(=O)N2CCCC2)[nH]c(=O)c1-c1ccccc1,0
1262407,Cc1ccnc(NC(=O)c2ccc(NC(=O)c3ccco3)cc2)c1,0
2125074,Cc1cc(NC(=O)Cn2cnc3sc(C)c(-c4ccccc4)c3c2=O)no1,0
653711,CCOc1cc(C2C(C(=O)c3ccco3)=C(O)C(=O)N2CCc2ccccc2)ccc1O,0
2084325,CC1(C)Cc2cccc(OCC(=O)Nc3ccccc3N3CCOCC3)c2O1,0
663566,CCn1cc2c(c1-c1cccc(C)c1)c(=O)n(C)c(=O)n2C,0
2183617,COc1ccc(OCCSc2ncccn2)cc1,0
605535,COc1ccc(C2=C(C)CC(C)(C)NC2=O)cc1OC,0
16758436,COC(=O)C/C=C\[C@@H](C)[C@@H](/C=N\OC[C@@H](O)COCc1ccco1)NS(=O)(=O)c1ccc(C)cc1,0
3144503,CCOC(=O)C(C(=O)Nc1cccc(C)n1)C1CCCCC1,0
2113511,Cc1cc(C(=O)CN2C(=O)CCC2=O)c(C)n1Cc1ccccc1,0
3238289,O=C(O)CC(c1ccccc1)n1cccc1,0
658367,CCCCCOC(=O)CSc1nnc(-c2cc(OC)c(OC)c(OC)c2)o1,0
648303,CCNc1nnc(-c2ccc(C)cc2)o1,0
6636330,COC(=O)[C@H]1C(=O)c2ccccc2O[C@@](C(=O)OC)(c2ccccc2)[C@@H]1c1ccccc1,0
5308116,COc1ccc(N2C(=O)C3CCCN3C2c2ccccc2Cl)cc1,0
3244169,Cc1ccc(C(=O)NC2CCCCCC2)cc1N1CCCC1=O,0
606840,O=C(NC1CCCCCC1)c1c(F)c(F)c(F)c(F)c1F,0
3242901,COCCNC(=O)C1CCCN(c2nn3c(=O)cc(C)nc3s2)C1,0
73506068,C[C@@H](NC(=O)Nc1cc2[nH]nc(N[C@H]3CCOC3)c2cn1)c1ccccc1,1
16759077,COC(=O)NC(c1cccc(C)c1)[C@@]1(C(=O)OC)CCCC1=O,0
3235249,COc1cccc(Cn2c(=O)c(-c3ccc(Cl)cc3)nc3cnc(N4CCN(C)CC4)nc32)c1,0
3240534,Cc1ccc(Cn2nnc3c(=O)n(CC(=O)NCc4ccc5c(c4)OCO5)cnc32)cc1,0
6605188,CCCn1c(C)nc2c(NCCN(C(C)C)C(C)C)nc(C)nc21,0
5281701,O=c1cc(-c2cc(O)c(O)c(O)c2)oc2cc(O)cc(O)c12,0
5459529,Cc1nn(-c2ccccc2)nc1CNC(=O)C(C)Cc1ccccc1,0
650605,CCN1CCN(C(c2cc3cc4c(cc3[nH]c2=O)OCO4)c2nnnn2C(C)(C)CC)CC1,0
702932,CCOC(=O)Cc1csc(NC(=O)c2cccs2)n1,0
901224,COc1ccccc1Nc1nc(N)nc(CSc2ncccn2)n1,0
920276,CC(C)n1c(Nc2ccccc2)nc2ccccc21,0
3234948,COc1ccccc1CN1CCCC2(CCN(C(C)=O)CC2)C1,0
2998926,O=S(NCc1ccco1)C12CC3CC(CC(C3)C1)C2,0
2695338,CCOC(=O)/C=C1\SCC(=O)N1CC(=O)Nc1ccc2c(c1)CCC2,0
10246,O=c1cccc2n1CC1CC2CN2CCCC[C@H]12,0
649891,Cc1ccc(-c2nnn(CC(=O)N(c3cccc(F)c3)C(C(=O)NC3CCCC3)c3ccco3)n2)o1,0
726748,O=C(Oc1ccc(Cl)cc1)N1CCCCC1,0
701764,Cc1nn(C)c(C)c1Sc1ccc(Br)cc1,0
3235300,COc1ccc(-c2nc3cnc(N4CCNCC4)nc3n(C)c2=O)cc1,0
2973708,COc1ccc(-n2nc([N+](=O)[O-])c(=NCCC3=CCCCC3)n2O)cc1,1
664499,COc1ccc(-c2ccc(-c3noc(-c4ccccc4C)n3)c(OC)n2)cc1,0
596113,N#Cc1ccc(N2CCNCC2)c(F)c1,0
581073,CC1CC(C)CN(CCC(=O)Nc2cccc(Cl)c2)C1,0
1260713,Cc1ccc(C(=O)N2CCOCC2)cc1S(=O)(=O)Nc1cccc(C)c1C,0
2055082,Cc1cc(NC(=O)c2ccc3c(c2)OCCO3)no1,0
2976060,COc1ccc(CCNC(=O)COc2ccc(S(=O)(=O)N3CCOCC3)cc2)cc1OC,0
135446749,O=c1[nH]c(NCCCO)nc2c1C1(CCCC1)Cc1ccccc1-2,0
666899,O=C(CCn1nnc2ccccc2c1=O)NCC1CCC(C(=O)O)CC1,0
667185,Cc1ccc(NC(=O)CC2SCCNC2=O)cc1Cl,0
1363715,COc1ccc(NC(=O)c2ccc(CN3CCN(c4ccccc4)CC3)cc2)cc1OC,0
5308425,Cc1cccc(-c2nc(CS(=O)CC(=O)NC3CCCC3)c(C)o2)c1,0
9613424,CS(=O)(=O)NC1c2cccc3cccc(c23)C1Sc1nncn1/N=C/c1ccco1,0
5307498,O=C(Cn1c(=O)n(Cc2ccco2)c(=O)c2ccccc21)Nc1cccc(Cl)c1,0
118046732,Cc1cnccc1-c1cnc(N)c(-c2ccc(C(=O)NCc3cccc(S(C)(=O)=O)c3)cc2)n1,1
6917575,O=C1CCCC=C1[C@@H](O)CCOC(c1ccccc1)(c1ccccc1)c1ccccc1,0
2998423,c1ccc2c(c1)CCCC2NC1=NCCC1,0
6175,Nc1ccn([C@@H]2O[C@H](CO)[C@@H](O)[C@H]2O)c(=O)n1,0
889929,C=CCc1cc(C(=O)N2CCCCC2)ccc1O,0
651568,COc1ccc2oc(=O)c(C(=O)N3CCCc4ccccc43)cc2c1,0
647422,c1cnc(NCCNc2ncccn2)nc1,0
606171,COc1cc2c(cc1OC)C1C(=O)c3ccc4c(c3OC1CO2)C=CC(C)(C)O4,0
2906215,COc1ccccc1NC1C=CS(=O)(=O)C1,0
651197,COc1ccc(Cn2nnnc2C(c2ccncc2)N2CCOCC2)cc1,0
224709,CCOC(=O)c1c(C)[nH]c(C(=O)O)c1C,0
3244493,Cc1ncc(CO)c2cc(C(N)=O)c(=Nc3ccccc3)oc12,0
3240303,Cc1ccc(CS(=O)(=O)CCC(=O)NCCN2CCCCC2C)cc1,0
5841521,CCn1c(C(C#N)/C(=N\S(=O)(=O)c2cccs2)c2ccccc2)nc2ccccc21,0
87135,COc1ccc(C(N)=O)cc1N,0
3238106,CC(C)CNC(=O)c1cccc(Cn2cc(Cl)cn2)c1,0
801055,CCOC(=O)Cn1cnc2sc3c(c2c1=O)CCC3,0
3242626,CC1CCN(C(=O)CSc2ccc3nnc(-c4ccccc4)n3n2)CC1,0
650620,O=C(O)C1C(c2ccccc2)C(C(=O)N2CCOCC2)C1c1ccccc1,0
2357650,O=C(COC(=O)C1CCCC1)c1ccc(OC(F)F)cc1,0
646361,COc1ccc(N2CCCCn3c2nc2c3c(=O)n(C)c(=O)n2C)cc1,0
762675,Cc1csc2nc(=O)c(-c3ccccc3N)nn12,0
118045339,Cc1c(-c2cnc(N)c(-c3ccc(C(=O)N[C@H](CO)c4cccc(CF)c4)c(F)c3)c2)cnn1C(F)F,1
3247152,COC(=O)[C@@]1(Cc2ccccc2)[C@H]2c3cc(C(=O)N(C)C)n(Cc4ccc(OC)c(OC)c4)c3C[C@H]2CN1C(=O)c1ccccc1,0
3243414,COc1ccc(C(CC(=O)NC(C)(C)C)n2cccc2)cc1,0
3233928,CCNc1ncc2nc(C)c(=O)n(CCOC)c2n1,0
71555090,Cc1cc(-c2n[nH]c3cc(NC(=S)NCc4ccccc4)ncc23)ccn1,1
648125,CC(C)C(c1nnnn1CCc1ccccc1)N1CCN(C(=O)c2ccco2)CC1,0
3241501,Cc1ccc(NC(=O)Cn2cccc2)c(Br)c1,0
3241496,Cc1cccc(N(Cc2nnc3n2CCCCC3)C(=O)Nc2ccccc2)c1,0
3240107,COC(=O)CN(c1ccc(C)cc1)S(=O)(=O)c1ccc2c(c1)n(C)c(=O)c(=O)n2C,0
650697,c1ccc2c(c1)NC(CN1CCOCC1)CO2,0
3232822,c1cn(-c2ncnc3ccc(-c4ccoc4)cc23)cn1,0
2727852,O=C1Nc2ccc(Br)cc2C1(O)Cc1ccncc1,0
5308214,COc1ccc(-n2c(Cc3cccn3C)nnc2SCC(=O)Nc2ccc3c(c2)OCO3)cc1,0
2226217,CS(=O)(=O)Nc1ccc(C(=O)NCc2ccccn2)cc1,0
871369,CC(=O)c1ccc(NS(=O)(=O)Cc2ccccc2)cc1,0
135449556,O=c1c(C/C=C/c2ccccc2)c(O)nc2n1CCCS2,0
1303654,O=C(Nc1nc(-c2ccc(S(=O)(=O)N3CCCC3)cc2)cs1)c1cccs1,1
652356,CCC(C)(C)NC(=O)C(c1ccco1)N(C(=O)Cn1nnc2ccccc21)c1ccc2c(c1)OCO2,0
3000174,CC1CCCCC1NC(=O)c1nn(C)c(=O)c2ccccc12,0
2877810,O=C(Nc1ccncc1)C1COc2ccccc2O1,0
581253,Cn1nnnc1SCc1c(F)cccc1F,0
3149665,Cc1ccc(-c2nnc(N3CCOCC3)c3ccccc23)cc1S(=O)(=O)NCC1CCCO1,0
646250,O=C(NC1CCCC1)C(c1cccs1)N(Cc1ccco1)C(=O)c1csnn1,0
2998406,O=C(NC(Cc1c[nH]c2ccccc12)c1nnc2n1CCCCC2)c1cccs1,0
715538,COc1cc(Cn2c(-c3nonc3N)nc3ccccc32)ccc1C,0
658410,Cc1ccc(Nc2cccccc2=O)cc1,0
135403624,CC(C)CNc1nc(N)[nH]c(=O)c1NC=O,0
3241882,Cc1ccc(-n2nc3c(c2NC(=O)c2c(-c4ccccc4Cl)noc2C)CSC3)cc1,0
2999136,Cc1ccc(NC(=O)Cc2cn3ccsc3n2)nc1,0
5307638,COc1cccc(NC(=O)Cn2cc3c(n2)CCCCC3)c1,0
654469,CCC(OC(=O)c1ccco1)C(=O)NCc1ccc(C)cc1,0
2232783,COc1cccc(OCCCCCN2CCOCC2)c1,0
2971259,Cc1cc(C(=O)Nc2sc3c(c2C#N)CCC(C)C3)no1,0
644584,CCC(=O)Nc1cnc(NC(=O)c2cccc(F)c2)cc1C,0
3243782,CCN(CC)CCOC(=O)c1ccc(NC(=O)COc2cc(=O)n(CC)c3ccccc23)cc1,0
750459,Cc1cc(C)nc(NC(=O)CN2C(=O)c3ccccc3C2=O)n1,0
3607474,COc1ccc(NC(=O)CC2Sc3ncnn3C2=O)cc1,0
756560,FC(F)(F)c1cc(-c2cccs2)nc(N2CCOCC2)n1,0
2929660,COc1ccc(CC(=O)N2CC3(C)CC2CC(C)(C)C3)cc1OC,1
5310898,COc1ccc(C2C(C(C)=O)=C(C)N=c3s/c(=C\c4ccc5c(c4)OCO5)c(=O)n32)c(OC)c1,0
654448,CNC(=O)C1C2C=CC3(O2)C1C(=O)N(C1CC1)C3C(=O)NCc1ccc(OC)cc1,0
753142,Cc1ccc2cccc(NC(=O)C(F)(F)F)c2n1,0
650606,O=C(CN(Cc1ccc2c(c1)OCO2)C(=O)CSc1nc2ccccc2o1)NC1CCCCC1,0
11949199,N#Cc1ccc(C23CC4(C2)[C@H](CN(Cc2ccc(C(F)(F)F)cc2)[C@@H]4c2ccccc2)C3c2ccccc2)cc1,0
17046,C(CCOCC1CO1)COCC1CO1,0
2998488,CC(C)(C)OC(=O)NCCCC(CCCNC(=O)OC(C)(C)C)C(=O)O,0
241166,O=c1ccnc(SCc2ccccc2Cl)[nH]1,0
1112833,COc1ccc(CN2CCN(C(=O)Cc3ccccc3)CC2)c(OC)c1,0
6537490,CC(=O)O[C@@H]1CC(C)=C2[C@H]1[C@H](C)CC[C@H]2/C=C(\C)C(=O)O,0
5477212,CC(C)=CCC/C(C)=C/CC/C(C)=C/CC/C(C)=C/CC/C(C)=C/CC/C(C)=C/CC/C(C)=C/CC/C(C)=C/CC/C(C)=C/CO,0
666496,COc1cc(-c2nnc3sc(Cc4ccccc4)nn23)cc(OC)c1OC,0
651611,Cn1c(=O)[nH]c(=O)c2c1nc(N1CCCCCC1)n2CCN1CCCCCC1,0
2869367,COCCNC(=O)COc1ccccc1Cl,0
656037,Cc1nc(SCC(=O)c2ccccc2)n[nH]1,0
3234421,COc1ccc(NC(=O)N2CC[C@@]3(CCCN(S(C)(=O)=O)C3)C2)cc1,0
3235528,Cc1cccc(CNc2cc(-c3c(C)noc3C)ncn2)c1,0
135429217,O=C(c1cccs1)N1CCN(Cc2nc3ccccc3c(=O)[nH]2)CC1,0
616884,CC(=O)Nc1c(C(=O)c2ccccc2)oc2ccccc12,0
713214,CCOC(=O)Nc1ccc2ncn(C)c(=O)c2c1,0
655163,Cn1c(COc2ccc3ccccc3c2)nnc1SCC(N)=O,0
659682,N#CC1(C#N)C2=C(CCCC2)NC(c2ccccc2)C1(C#N)C#N,0
3234970,Cn1c(=O)c(-c2cc(F)cc(F)c2)nc2cnc(N3CCOCC3)nc21,0
3246414,CN(C)S(=O)(=O)c1ccc(Nc2ccc(O)c3c2C(=O)c2c([N+](=O)[O-])ccc(O)c2C3=O)cc1,0
1307216,COc1ccccc1N1CCN(C(=O)c2ccc(S(=O)(=O)N3CCCC3)cc2)CC1,0
253642,CC(=O)OCC1OC(n2cnc3c(Cl)nc(Cl)nc32)C(OC(C)=O)C1OC(C)=O,0
3239385,CCC(C)NC(=O)C1CCN(C(=O)N(C)C)CC1,0
2884356,O=C1C2C(C(=O)N1Cc1cccnc1)C1C=CC2C12CC2,0
1256404,COc1cc(C)c(S(=O)(=O)NCc2cccs2)cc1C,0
1069562,Cc1ccnc(-n2c(CCN3C(=O)c4ccccc4C3=O)nc3ccccc3c2=O)c1,0
2200863,O=C(c1ccc(NC(=O)C2(c3ccccc3)CCOCC2)cc1)N1CCOCC1,0
666448,COCCN1C(=O)c2oc3cc(C)c(C)cc3c(=O)c2C1c1ccc(O)cc1,0
3236308,O=C(c1ccc(CNS(=O)(=O)c2ccccc2)cc1)N1CCC2(CC1)OCCO2,0
3243082,Cc1ccc(C2=NCCNC2=O)c(C)c1,0
664883,CNc1oc(Cc2cccc3ccccc23)nc1C#N,0
2761023,C1=C(c2c[nH]c3ccccc23)CCNC1,0
644582,COc1ccc(S(=O)(=O)N2C3CCC2CC(NC(=O)Nc2ccccc2)C3)cc1,0
2480848,O=C(CCCc1cccs1)N1CCN(S(=O)(=O)c2ccccc2Br)CC1,0
2970366,CC(NC(=O)c1cccnc1)c1ccc2c(c1)OCO2,0
2369459,O=C(O)COc1ccc(Oc2ccccc2)cc1,0
2587038,Cc1cc(C)n2nc(SCC(=O)N(C(C)C)C(C)C)nc2n1,0
5389744,COC(=O)c1ccc(Oc2c(C)oc3c(CN4CCN(C)CC4)c(O)ccc3c2=O)cc1,0
2941965,COc1nc(N)nc(NC23CC4CC(CC(C4)C2)C3)n1,0
658215,CCCCOc1ccc(-c2ncc(C(=O)O)c(C)n2)cc1,0
1017705,COc1cc(NC(=O)c2cc(-n3cnnc3)ccc2Cl)cc(OC)c1,0
2564837,CCn1nc(C(=O)N2CCc3ccccc3C2)c2ccccc2c1=O,0
621132,O=C(O)C1CC=CCC1C(=O)NCc1ccccc1,0
2872630,C=CCc1cccc(C2Nc3ccccc3C(=O)N2O)c1O,0
899817,Cn1cc(C(=O)c2ccccc2)c2ccccc21,0
3246458,CC(=O)Nc1nc(NC(C)=O)c2[nH]c(CO)nc2n1,0
92044921,COC[C@@H](NC(=O)Nc1cc2[nH]nc(C3=NOC(C)C3)c2cn1)c1ccccc1,1
2218975,NS(=O)(=O)c1ccc(NC(=O)CSc2nnc(Cc3cccs3)n2-c2ccccc2)cc1,0
713871,CNC(=O)c1nnn(Cc2ccccc2)c1NC(=O)C(F)(F)F,0
73504989,CC1(C)c2cnc(NC3CCOCC3)nc2CN1C(=O)NCc1ccc(S(C)(=O)=O)cc1,1
889524,CCC(CC)C(=O)NCCc1ccc(S(N)(=O)=O)cc1,0
1300651,COc1ccccc1Oc1c(C)oc2cc(OC(=O)c3ccco3)ccc2c1=O,0
3240756,CCOc1ccc(-n2cc(C(=O)N3CCN(C)CC3)c3cc(OC)c(OC)cc3c2=O)cc1,0
3245730,CCOC(=O)c1ccc(NC(=O)CCNc2c(N3CCCC3)c(=O)c2=O)cc1,0
1332678,CCCN1C(=O)c2ccc(C(=O)NC3CCCCC3)cc2C1=O,0
1752,CCCCCCCCCc1ccc(O)cc1,0
2832588,Cc1cccc(N2C(=O)CC(N3CCN(c4cccc(C(F)(F)F)c4)CC3)C2=O)c1,0
135421771,CC1(C)CC(=O)C(C=NCCN2CCN(C(=O)Cc3ccccc3)CC2)=C(O)C1,0
665321,Oc1ccccc1C1=Nc2ncnn2C(c2ccc(F)cc2)C1,0
2859408,COC(=O)C1=C(C)NC2=C(C(=O)CCC2)C1c1cccs1,0
3241122,CC(=O)C1C(c2cn(-c3ccccc3)nc2-c2cccs2)NC(=O)NC1(O)C(F)(F)F,0
3238260,CCCS(=O)(=O)N1CCC(C(=O)NC2CCCC(C)C2C)CC1,0
3237964,CCn1c(=O)cc(SCC(=O)NCc2ccco2)c2ccccc21,0
6604336,CC(=O)N[C@H]1[C@@H](O[C@@H](C)C(=O)O)[C@H](O)[C@H](CO)O[C@@H]1O,0
647279,Cc1cc(C)c2[nH]c(=O)c(CN(CC3CCCO3)C(=O)c3cnccn3)cc2c1,0
3237693,O=c1c2cc3c(cc2[nH]c(=S)n1CCN1CCOCC1)OCO3,0
6604934,CC1(C)C(=O)NC2=C1C(=O)C(=O)c1ccccc12,0
303993,C=C(C)C1Cc2c(ccc3c(=O)c4c(oc23)COc2cc(OC)c(OC)cc2-4)O1,0
6604204,C#C[C@@]1(O)CC[C@@H]2[C@@H]3CCC4=CC(=O)CC[C@@H]4[C@H]3CC[C@]21C,0
650705,Cc1ccc(S(=O)(=O)NC2=NCN(C3CCN(Cc4ccccc4)CC3)CN2)cc1,0
652067,Cc1ccc2cc(C#N)c(N3CCCN(C(=O)C4CCCO4)CC3)nc2c1C,0
694186,O=C(OCn1nnc2ccccc2c1=O)C1CCCCC1,0
539513,CC(C)P(=O)(Cc1cccc(C#N)c1)C(C)C,0
2595428,COCCOC(=O)c1c(NC(=O)CN2CCOCC2)sc(C(N)=O)c1C,0
2947090,Clc1ccc(Oc2nc(N3CCOCC3)nc(N3CCOCC3)n2)c(C2CCCCC2)c1,0
135511641,CCSc1nc2c(c(=O)[nH]1)C(c1cccnc1)C(C(=O)OC)=C(C)N2,0
3241917,Cc1ccc(C)c(-n2c(N)c(C(N)=O)sc2=S)c1,0
3242583,O=C(CCNS(=O)(=O)c1cccc2nsnc12)NC1CCN(Cc2ccccc2)CC1,0
16758474,Cc1cc2c(nc1C)CCCN2C[C@H](C)O/N=C1/[C@H]2O[C@@H]2[C@@H](O)[C@H]2[C@H]1CCn1c(=O)n(-c3ccccc3)c(=O)n12,0
644610,O=C(CSc1nnc(COc2ccccc2)n1Cc1ccco1)NCc1ccco1,0
1101504,COc1ccccc1C(=O)Nc1ccc2oc(-c3ccc(F)cc3)nc2c1,0
5308118,Cn1c(C(=O)NCC2CCCO2)cc2c(=O)n(C)c3ccccc3c21,0
3241652,Cc1ccc2c(c1)N(CCC(=O)NCC1COc3ccccc3O1)C(=O)CO2,0
3241144,CCOC(=O)N1CCN(C(=O)CSCC(=O)Nc2nc(-c3cccs3)cs2)CC1,0
6605056,CCCn1c(-c2ccc(F)cc2)nc2c(NCCCN(C)C)nc(C)nc21,0
892637,Cc1ccc(N2CCN(C(=O)c3ccccc3)CC2)c(C)c1,0
3241905,COc1ccc(N(CC(=O)Nc2cccc(OC)c2)S(=O)(=O)c2c(C)nn(C)c2C)cc1,0
665896,Cc1cccc(OCC(=O)Nc2ccc3c(c2)nc(CCN2CCN(C)CC2)n3C)c1,0
672470,CCOc1ccc2noc3c2c1C(=O)c1ccccc1-3,0
2268436,CCCOc1cccc(C(=O)Nc2cccc(NC(=O)c3ccco3)c2)c1,0
1560402,C=CCNc1ncnc2ccc(Br)cc12,0
3240471,Cc1ccc(-n2c(=O)c3sccc3n(CC(=O)N3CCCC3)c2=O)cc1,0
2999912,O=S(=O)(c1ccc(N2CCN(S(=O)(=O)c3ccc4c(c3)OCCO4)CC2)nc1)N1CCCC1,0
589347,CCOC(=O)c1ccc(NC(=O)Cn2nnc(-c3ccccc3C)n2)cc1,0
5309041,CC(C)CCNC(=O)C1CCN(S(=O)(=O)c2ccc3c(c2)CCC(=O)N3)CC1,0
5865,C[C@]12C=CC(=O)C=C1CC[C@@H]1[C@@H]2C(=O)C[C@@]2(C)[C@H]1CC[C@]2(O)C(=O)CO,0
6604856,CC[N+](CC)(CC)CCOc1ccc(/C=C\c2ccccc2)cc1,0
5921886,O=c1/c(=C\c2ccc3c(c2)OCO3)sc2n1CCCN=2,1
6604334,CO[C@H]1[C@H](O[C@H]2O[C@@H](C)[C@@H](O[C@@H]3C[C@](C)(O)[C@H](O)[C@H](C)O3)[C@@H](N(C)C)[C@@H]2O)[C@@H](CC=O)C[C@@H](C)[C@@H](O[C@H]2CC[C@H](N(C)C)[C@H](C)O2)/C=C\C=C/C[C@@H](C)OC(=O)C[C@H]1O,0
3241858,CN1C(=O)CC(N2CCN(C(=O)CN3CCCC3)CC2)C1=O,0
5600879,CCOC(=O)/C(C#N)=C1/C=Nc2ccccc2N1,0
3242871,CC12C(=O)N(c3ccccc3C(=O)O)C(=O)C1C1C=CC2C1,0
92044882,Cc1cc(-c2n[nH]c3cc(NC(=O)NCc4cccc(S(C)(=O)=O)c4)ncc23)ccn1,1
3242005,CC(=O)c1cccc(NC(=O)CCS(=O)(=O)c2cccc3nonc23)c1,0
8374,O=C(O)c1ccccc1Cl,0
663931,O=C(O)CCCC(=O)Nc1nc2n(n1)C(c1ccc(F)cc1)CC(c1ccc(Cl)cc1)N2,0
5307579,CCOC(=O)N1CCC(NC(=O)c2cc3c(-c4ccccc4F)nn(C)c3s2)CC1,1
648932,Cc1ccc2cc(C(c3nnnn3CC3CCCO3)N3CCCC4(CCCCC4)C3)c(=O)[nH]c2c1,0
649779,COc1cc(C)nc(N2CCCC(C(=O)NC3CCC(C)CC3)C2)n1,0
1312523,COc1ccc(NC(=O)c2ccc(N(C)S(C)(=O)=O)cc2)cc1OC,0
644771,O=C(O)C1CSC(c2ccccc2)N1C(=O)c1ccco1,0
118365337,CCOc1n[nH]c2cc(NC(=O)N[C@H](C)c3ccccc3)nc(CO)c12,1
2882558,O=C(NC12CC3CC(CC(C3)C1)C2)c1ccc(S(=O)(=O)N2CCOCC2)cc1,0
653993,CCC12CN(C(=O)c3ccc(OC)cc3)CC(CC)(CN(C(=O)c3ccc(OC)cc3)C1)C2=O,0
645375,COc1ccc(NC(=O)N2CCCC(c3nc(-c4ccc(C(C)C)cc4)no3)C2)cc1,0
16758431,COC(=O)C/C=C\[C@@H](C)[C@@H](/C=N\OCC[C@H]1C=C[C@H](OC(C)=O)[C@@H](COC(C)=O)O1)NS(=O)(=O)c1ccc(C)cc1,0
3242926,COc1cc(C2C(C#N)=C(N)Oc3cc(C)oc(=O)c32)ccc1OC(=O)N1CCOCC1,0
2088608,CCOC(=O)c1oc2ccccc2c1CSc1nnc(-c2ccco2)o1,0
3845946,O=c1[nH]c(=O)n(C2CCCCCC2)c(O)c1C=NCC1CCCO1,0
118365149,COc1n[nH]c2cc(NC(=O)N[C@H](C)c3ccccc3)nc(Cn3ccnn3)c12,1
3244857,COC(=O)CNc1c(-c2ccccn2)nc2ccc(Br)cn12,0
3234755,O=C(c1ccco1)N1CCC2(CC1)CN(c1cccc(-c3ccccc3)c1)C2,0
43544,O=C(O)C1(Nc2ccccc2)CCN(Cc2ccccc2)CC1,0
646132,CCN1CC=C2C(C1)C(c1ccc(Cl)s1)C(C#N)=C(N)C2(C#N)C#N,0
5307864,O=C(CN1CCN(Cc2ccc(F)cc2Cl)C1=O)NCCCN1CCOCC1,0
2131318,CC(C)n1c2ccccc2c2nc3ccccc3nc21,0
3243843,Cn1c(=O)c(=O)n(C)c2cc(S(=O)(=O)N3CCC(Cc4ccccc4)CC3)ccc21,0
881112,COc1cc(NC(=O)Cc2ccccc2)cc(OC)c1,0
3869509,COC(=O)c1ccc(N2C(=O)CC(Sc3n[nH]c(C)n3)C2=O)cc1,0
3901657,CCN(CC)c1ccc(NC2CC(=O)N(CCc3ccc(OC)cc3)C2=O)cc1,1
673467,COc1c2c(nc3ccccc13)O[C@@H]([C@@](C)(O)CO)C2,0
644702,Cc1cccc(-c2cc3nc(C)cc(NCCCN(C)C)n3n2)c1,0
3397945,C[N+]1=Cc2cc3c(cc2CC1)OCO3,0
4373353,COC(=O)c1ccc(N2CCOCC2)c(NC(=O)Nc2cccc(OC)c2)c1,0
2998557,N#CCCn1c(SCC(=O)N2CCN(S(=O)(=O)c3ccccc3)CC2)nc2ccccc21,0
5308349,CCCNC(=O)c1cc(-c2ccc(O)cc2)on1,0
662823,CC(C)(C)OC(=O)NCCCCCc1nnc(SCC(=O)Nc2cccc(Cl)c2)o1,1
649692,O=C(Nc1ccc2c(c1)OCO2)C1CCCN1C(=O)Nc1cccc(F)c1,0
665160,Cc1ccc(C)c(NC(=O)CSc2nnc(-c3ccccc3)n2N)c1,0
5784,O=C(O)c1cc(Cl)ccc1Cl,0
970083,COc1ccc(C)cc1-n1c(-c2ccncc2)n[nH]c1=S,0
645130,CC1CCCN(C(=O)Cn2nnc(-c3cccnc3)n2)C1,0
657480,N#CCCNC(=O)CCN1CCOCC1,0
661498,COc1ccc(-c2nn3c(-c4ccco4)nnc3s2)cc1OC,1
3245070,CCOC(=O)CNC(=O)C1c2cc(OC)c(OC)cc2C(=O)N(C)C1c1ccccc1F,0
3235851,CCOC(=O)N1CCC(NC(=O)c2cc(-c3ccc(F)cc3)[nH]c2C)CC1,0
951628,CCOc1ccccc1NC(=O)c1ccccc1N(C)S(C)(=O)=O,0
653822,CC1Cc2ccccc2N1C(=O)CSc1nc2ccccc2n1CC(=O)N1CCOCC1,0
5308205,Cn1c(C(=O)NCCCN2CCN(c3cccc(Cl)c3)CC2)cc2c(=O)n(C)c3ccccc3c21,0
3243222,Cc1cc(C)n(Cc2ccc(F)cc2)c(=O)c1C#N,0
658481,Cc1cc(NC(NC(=O)c2ccco2)(C(F)(F)F)C(F)(F)F)no1,0
662915,COc1ccc(NC(=O)CSc2nnc(-c3ccccc3C)n2N)cc1OC,0
2206159,CCCNC(=O)c1ccccc1NS(=O)(=O)c1ccc(OC)c(OC)c1,0
3243228,COc1ccc(C)cc1NC(=O)c1cc2c(C)nc3ccccc3c2o1,0
5307294,COc1ccc(-n2nc(C(=O)N3CCC(C#N)CC3)c3c4ccccc4n(C)c3c2=O)cc1,0
646291,Cc1ccc(C)c(N2CCN(C(=O)C3CCN(c4nc(C)cc(C)n4)CC3)CC2)c1,0
3244530,CCOC(=O)C(C)n1cnc2c(nnn2-c2ccc(C)cc2)c1=O,0
5315334,C/C=C(/C)C(=O)OC1Cc2c(ccc3ccc(=O)oc23)OC1(C)C,0
3240273,Cc1c(C(=O)NCCCN2CCOCC2)sc2ncnc(N3CCN(c4ccccc4)CC3)c12,0
3241555,COC(=O)c1cccc(C(=O)Oc2cccc(Br)c2)n1,0
2724385,C[C@H]1O[C@@H](O[C@H]2[C@@H](O)C[C@H](O[C@H]3[C@@H](O)C[C@H](O[C@H]4CC[C@@]5(C)[C@H](CC[C@@H]6[C@@H]5C[C@@H](O)[C@]5(C)[C@@H](C7=CC(=O)OC7)CC[C@]65O)C4)O[C@@H]3C)O[C@@H]2C)C[C@H](O)[C@@H]1O,0
2999002,Nc1cc(C(=O)OCC(=O)NCC2CCCO2)ccc1Cl,0
2998053,Cc1nc2ccccn2c1P(=Nc1ccccc1)(N(C)C)N(C)C,0
10453,C=CC(C)(O)CCCC(C)CCCC(C)CCCC(C)C,0
659665,O=C1N=C(N2CCOCC2)S/C1=C1\C(=O)N(Cc2ccccc2)c2ccc(Br)cc21,0
1550101,C[N+]1(C)[C@@H]2CC[C@H]1CC(OC(=O)[C@@H](CO)c1ccccc1)C2,0
686152,O=C(O)c1cc(-c2ccco2)nc2ccc(Br)cc12,0
649960,CCCNc1nc2c(c(=O)[nH]c(=O)n2C)n1CCC(C)C,0
4303263,COc1c(O)cc(O)cc1O,0
135415524,N#C/C(=C(/O)COC(=O)CCCNC(=O)c1ccc(Cl)cc1)c1nc2ccccc2[nH]1,0
1303068,O=c1nc(N2CCOCC2)ccn1Cc1ccc(Br)cc1,0
654022,O=C(NCCN1CCOCC1)c1ccncc1,0
2981194,O=C1CC(N2CCC(c3nc4ccccc4o3)CC2)C(=O)N1c1ccc(Cl)cc1,0
694064,CCCc1nc(NC(C)=O)c(C#N)c(-c2ccco2)c1CC,0
5308876,Cc1ccccc1Cn1nc(C)c(NC(=O)c2noc3c2CCc2ccccc2-3)c1C,0
760990,CSc1nc(-c2ccccc2)nc(N2CCN(C)CC2)c1C(C)=O,0
5459406,CCc1cccc2nc3c(c([Si](C)(C)C)c12)Cn1c-3cccc1=O,0
2195172,O=C(O)CCCC(=O)OCCCCc1cccs1,0
145995669,Cn1nccc1Nc1nccc(-c2cc3n4c(nnc4c2)[C@@H](Oc2cncc(Cl)c2)CCO3)n1,1
663429,COc1ccc(S(=O)(=O)N2CN(Cc3ccco3)c3nc4ccccc4nc32)cc1,0
715023,COc1ccc(NS(=O)(=O)Cc2ccccc2Cl)cn1,0
4330136,CN1C(=O)CC(N2CCC(c3nc4ccccc4[nH]3)CC2)C1=O,0
137495836,COc1cc(F)cc([C@@H](CO)NC(=O)[C@@H](C)N2Cc3ncc(-c4nc(Nc5cn(C)nn5)ncc4Cl)cc3C2=O)n1,1
3245347,CCCc1ccc(C(C)NC(=O)c2cnccn2)cc1,0
3237735,O=S(=O)(c1ccc(Br)s1)n1cccn1,0
118365218,O=C(Nc1cc2[nH]nc(OC3CCOCC3)c2cn1)N[C@H](COC(F)F)c1ccccc1,1
658628,O=C(O)CCC(=O)OCC1CCCO1,0
653342,CCOc1nc(-c2ccccc2)ccc1-c1noc(-c2cccnc2)n1,0
16758427,COC(=O)[C@@H]1CC[C@H](C)[C@@H](c2ccc(C)cc2)N1C(=O)c1ccc(/C=N\O[C@@H]2O[C@H](COC(C)=O)[C@H](OC(C)=O)[C@H](OC(C)=O)[C@H]2OC(C)=O)cc1,0
2485525,Cc1ccc(-n2nnnc2SCc2nnc(-c3ccccc3Br)o2)c(C)c1,0
9556152,CO/N=C(\C)CCN1CCCc2nc(C)c(C)cc21,0
12492,C[C@@H]1CCC[C@H](C)N1NC(=O)c1ccc(Cl)c(S(N)(=O)=O)c1,0
2999187,CNP1(NC)=Nc2nn(-c3ccccc3)c(N)c2C(c2ccccc2)=N1,0
3048,ClC1=C(Cl)C2(Cl)C3C4CC(C5OC45)C3C1(Cl)C2(Cl)Cl,0
3245524,Cn1c(=O)cc(SCC(=O)N2CCC3(CC2)OCCO3)c2ccccc21,0
2976319,O=C(O)CCC(NS(=O)(=O)c1ccc(N2CCCC2=O)cc1)C(=O)O,0
2963729,CCOc1cc(C(=O)Nc2ccccc2N2CCN(S(C)(=O)=O)CC2)cc(OCC)c1OCC,0
654919,CC(=O)N1CCN(c2ccc(NC(=O)c3ccc4c(c3)OCCO4)cc2)CC1,0
2936205,CCCCOc1ccccc1NC(=O)CC1SC(=NCC)N(CC)C1=O,0
3245529,COC(=O)C(C)NS(=O)(=O)c1ccc(NC(C)=O)cc1,0
6939260,COc1c(Cl)cc(Cl)cc1/C=N/n1cnnc1,0
1358233,Nc1nnc(COc2ccc(Br)cc2Br)s1,0
665869,COC(=O)Cc1c(C)nc2nc(NCc3ccc(Cl)cc3)[nH]n2c1=O,0
128018,CN(C)CCCc1cc(C(=O)Nc2ccc(-c3ccncc3)cc2)ccc1O,0
983998,COc1cc2c(cc1OC)CN(C(=O)CSc1nnc3scc(-c4ccccc4)n13)CC2,0
656018,COc1cccc(C(c2nnnn2Cc2ccccc2)N2CCN(C(=O)c3ccco3)CC2)c1OC,0
2871998,FC(F)(F)C1CC(c2cccs2)Nc2ncnn21,0
2094003,O=C(COC(=O)c1ccc(S(=O)(=O)N2CCOCC2)cc1)NC1CCCC1,0
3803875,Cn1c(=O)c2c(nc(SCCOc3ccc4ccc(=O)oc4c3)n2C)n(C)c1=O,0
1225694,O=C(Nc1ccon1)c1csc2c1CCCC2,0
16759093,COC(=O)NC(/C(C(=O)OC)=C(\C)NCc1ccccc1)c1cccc(F)c1,0
3246269,OC[C@@H]1O[C@@H](O)[C@H](N=Cc2ccc3c(c2)OCO3)[C@@H](O)[C@@H]1O,0
5307111,CC1CCN(C(=O)Cn2cc3c(n2)CCCC3)CC1,0
3245600,O=C(NCc1nnc(SCC(=O)N2CCCC2)o1)c1ccccc1F,0
665666,CCCn1c(=NC(=O)c2ccc3c(c2)OCO3)c(C#N)cc2c(=O)n3cccc(C)c3nc21,0
2942101,O=C(NC12CC3CC(CC(C3)C1)C2)N1CCN(C(=O)C2CCCO2)CC1,0
6944,Cc1ccccc1[N+](=O)[O-],0
700801,Cc1nc(=S)n(-c2ccccc2)[nH]1,0
3238985,CC(C)(C)n1ncc2c(=O)n(CC(=O)N3CCN(c4ccccc4)CC3)cnc21,0
6604237,C[N+]1(C)CCO[C@](O)(c2ccc(-c3ccc([C@]4(O)C[N+](C)(C)CCO4)cc3)cc2)C1,0
1081555,C=C(C)Cn1c(N(CCO)Cc2ccccc2)nc2c1c(=O)[nH]c(=O)n2C,0
2269434,Cc1cccc(C)c1OCCOCCN1CCN(C)CC1,0
697873,CN(C)S(=O)(=O)c1ccccc1C#N,0
121432289,CO[C@H]1CCCC[C@@H]1NC(=O)Nc1cc2cnn(-c3ccnc(C)c3)c2cn1,1
650825,CCOc1ccc(C(=O)Nc2ccc(N3CCCC3)cc2)cc1,0
658686,CCOC(=O)C1=C(C)NC(=O)C(C#N)C1c1ccco1,0
652442,O=C(Nc1ccc(F)cc1)N(Cc1ccco1)Cc1cc2cc3c(cc2[nH]c1=O)OCO3,1
5308305,Cc1cccc(NC(=O)C2CCCN(S(=O)(=O)c3cccc4cccnc34)C2)c1,0
648657,CCOc1ccccc1NC(=O)NC1(C(=O)N2CCOCC2)CCCCC1,0
657988,CSC1=C(C#N)C(CC(C)C)C(C(C)=O)=C(C)N1,0
3245451,CC(C)CN(CC(C)C)S(=O)(=O)N1CCC(C(=O)NC2CCCCCCC2)CC1,0
3242025,O=C(c1c[nH]c(=O)n(-c2ccccc2)c1=O)N1CCc2ccccc21,0
883333,COc1ccc(Cn2c(C)ccc2C)cc1,0
662905,COc1ccc(-c2nn3c(-c4ccncc4)nnc3s2)cc1OC,0
3237020,CC(=O)Nc1ccc(S(=O)(=O)NCc2ccc(C(=O)NCc3ccc4c(c3)OCO4)cc2)cc1,0
1633306,Cc1cc(=O)oc2cc(OCC#N)ccc12,0
653856,COc1ccc(OCC(=O)Nc2ccc(C)cc2)cc1,0
3237897,Cc1cc(=O)n2nc(N3CCCC(C(=O)N4CCc5ccccc54)C3)sc2n1,0
118365261,COc1n[nH]c2cc(NC(=O)NCc3c(F)cccc3Cl)ncc12,1
323071,COc1cccc(CSCC(=O)O)c1,0
652227,CCC(C)(C)NC(=O)C(c1ccccc1F)N(Cc1ccco1)C(=O)c1csnn1,0
647570,CN(C(=O)c1cc2sccc2n1C)C1CCCCC1,0
2931168,CCOc1ccccc1C(=O)NCCCn1ccnc1,0
2948607,COc1cccc(C2CC(c3cccc(C)c3)n3ncnc3N2)c1,0
648126,O=C(Nc1ccc(NC(=O)c2ccco2)nc1)c1cccnc1,0
6858457,CCN(CC)c1ccc(/C=N/n2c(=S)[nH]nc(C)c2=O)cc1,0
1263476,COc1cccc(N2C(=O)c3ccncc3C2=O)c1,0
7440,Cc1ccc([N+](=O)[O-])cc1C,0
3246713,Nc1ncnc2c1ncn2C[C@@H](O)C(=O)O,0
2979988,COC(=O)c1cc(NC(=O)CC2C(=O)NCCN2C(=O)c2ccccc2)cc(C(=O)OC)c1,0
2063929,Cc1ccc(-c2csc(N)n2)s1,0
647993,CCC(c1nnnn1C1CCCC1)N1CCN(c2ccccc2)CC1,0
6604735,COC(=O)/C=C\c1cc(O)ccc1O,0
655754,Cc1ccc(C(C(=O)NCc2ccco2)N(CCc2ccccc2)C(=O)Cn2nnc3ccccc32)o1,0
1245179,COc1cccc2cc(C(=O)N3CCN(c4ncccn4)CC3)c(=O)oc12,0
3240785,CCN(CC)S(=O)(=O)N1CCC(C(=O)NCc2ccc(F)cc2)CC1,0
91851,CCOC(=O)c1nc2nc(C)cc(=O)n2[nH]1,0
3750936,CCC(=Nc1ccc2c(c1)CCC2)c1c(O)n(C2CCCCC2)c(=O)[nH]c1=O,0
2631946,O=C(COc1ccccc1Cl)NC(=O)NC1CCCC1,0
974925,Cc1cccc(-c2nnc(-c3ccc(N)cc3)o2)c1,0
5308171,CCCc1cc(C(=O)Nc2ccc(C(C)=O)cc2)no1,0
3240207,Cc1cccc(C)c1NC(=O)C1(NC(=O)C2CCCN2C(=O)OC(C)(C)C)CCCCC1,0
3243007,COc1cc(C2c3sc(=O)[nH]c3SC3C4CCC(C4)C23)ccc1O,0
2361764,CCOC(=O)Cc1csc(NC(=O)COc2ccc(N(C)S(=O)(=O)c3cccs3)cc2)n1,0
651806,Cc1ccccc1-c1ccc(Nc2ccc(C(=O)N3CCOCC3)cc2)nn1,0
851257,O=C(CSc1nnc(-c2ccncc2)o1)Nc1ccccc1Cl,0
644906,O=C(CN(Cc1ccccc1F)C(=O)Cn1nnc(-c2cccs2)n1)NCC1CCCO1,0
3244897,CN(C)C(=O)N1CCCC(C(=O)NCc2ccccc2)C1,0
2997709,CCC(CO)NC(=O)c1cccc(S(=O)(=O)N2c3ccccc3CC2C)c1,0
3926,Cc1cccc(C)c1NC(=O)CN1CCN(CCCC(c2ccc(F)cc2)c2ccc(F)cc2)CC1,0
1521281,COc1ccc(-c2nc(-c3ccc(Br)o3)no2)cc1OC,0
649531,CCOc1ccccc1Nc1ncccc1C(=O)N1CCCC1,0
5771523,CC1(C)[C@@H]2CC[C@]1(CC(=O)O)[C@H](Cl)C2,0
135449199,CCCC(=NCC(=O)O)C1=C(O)C(C(=O)OC)C(C)(C)CC1=O,0
665661,CSCC[C@H](NC(=O)OC(C)(C)C)c1nnc(SCC(=O)Nc2c(C)cccc2C)o1,0
118369770,Cc1cccc(CCNc2ncc3c(n2)CN(C(=O)N[C@H](CO)c2ccc(F)c(Cl)c2)CC3)n1,1
5291572,COCCCN1C(=O)C(=O)/C(=C(/O)c2ccccc2)C1c1ccc(N(C)C)cc1,0
2812750,Cc1noc(C)c1S(=O)(=O)NC1CCCc2ccccc21,0
5308797,COC(=O)c1ccccc1NC(=O)Cn1cc2c(n1)CCC(C)C2,0
653894,COc1ccc(-c2csc(N3CCOCC3)n2)cc1OC,0
2791329,CCOC(=O)c1sc2ncn(C(C)C(=O)OC)c(=O)c2c1C,0
76070657,COc1n[nH]c2cc(NC(=O)N[C@H]3CN(C)C[C@@H]3c3ccccc3)ncc12,1
12018,OCC(Cl)CCl,0
663702,O=C1c2oc3ccccc3c(=O)c2C(c2cccc(Br)c2)N1Cc1ccco1,0
16758611,CC(C)=CCC/C(C)=C/CO/N=C1/C[C@@H](O)[C@@H](O)[C@@H]2[C@H]3C(=O)N(c4ccc(F)cc4F)C(=O)[C@@H]3CC[C@@H]12,0
3232689,COc1ccc(NC(=O)N2CC[C@@]3(CCCN(C(=O)c4cccn4C)C3)C2)cc1,0
2917197,CCOC(=O)C1CCCN(S(=O)(=O)c2cccc3cccnc23)C1,0
657674,CCOC(=O)N(Cc1ccccc1)C(C(=O)O)C(C(=O)O)N(Cc1ccccc1)C(=O)OCC,0
2124686,CC(=O)c1c(C)[nH]c(C(=O)OCC(=O)NCCc2ccc(F)cc2)c1C,0
977157,Cc1cc(OC(=O)N2CCOCC2)cc(C)c1Cl,0
649234,Cn1c(=O)c2c(nc(CN3CCOCC3)n2Cc2ccccc2)n(C)c1=O,0
741325,COc1ccc(CSc2n[nH]c(C)n2)cc1Br,0
3712,OCc1c[nH]c2ccccc12,0
973585,Cc1ccc(O)c(NC(=O)CCCC(=O)O)c1,0
666099,Cc1ccc(N2CCN(c3cc(C)nc4c5c(C)cc(C)nc5nn34)CC2)cc1,0
684657,COC(=O)c1c(C)[nH]c(C)c1-c1ccccc1,0
663774,CCn1c(NCc2ccco2)nc2c1c(=O)n(C)c(=O)n2C,0
3235951,COc1ccc(C2CC(=O)Nc3ccccc3S2(=O)=O)cc1OC,0
5389849,COCCN1C(=O)C(=O)/C(=C(/O)c2ccc(OCC(C)C)cc2)C1c1cccnc1,0
3246211,Clc1ccc(CSc2ncnc3c2ncn3[C@@H]2CCCCO2)cc1,0
3243168,O=C(CNC(=O)c1ccco1)OCN1C(=O)c2ccccc2C1=O,0
3000187,Cc1cccc(-n2c(N)c(C(=O)N3CCN(C)CC3)sc2=S)c1,0
664611,COc1ccc(-c2nc(C#N)c(NCCc3ccccc3)o2)cc1OC,1
715137,Cn1c(NCc2ccccc2O)nc2ccccc21,0
2541537,CCn1c(=O)c(=O)[nH]c2cc(C(=O)Nc3ccc(S(=O)(=O)N4CCCC4)cc3)ccc21,0
649110,O=C(Cn1c(-c2ccccc2)noc1=O)Nc1ccc(S(=O)(=O)N2CCOCC2)cc1,0
2215139,COc1ccc(-c2noc(CN3CCN(c4ccccc4)CC3)n2)cc1,0
135449183,CC/C(=N\O)c1ccc(O)c(OC)c1,0
654769,CCC(c1nnnn1C1CCCC1)N(Cc1cccs1)Cc1cc2cc(C)ccc2[nH]c1=O,0
9641225,CC(C)Oc1ccccc1/C=N/Nc1ccccc1[N+](=O)[O-],1
664831,CCCn1nc(-c2ccccc2)c2nc3ccccc3nc21,0
5541,CC(=O)OCC(COC(C)=O)OC(C)=O,0
121416659,O=C(NCCc1ccccc1F)Nc1cc2cnn(-c3ccncc3)c2cn1,1
2055789,CCCOC(=O)COc1cc(C)cc2oc(=O)c3c(c12)CCC3,0
644451,O=C(NCC(=O)N(c1cccnc1)C(C(=O)NC1CCCCC1)c1cccnc1)c1ccco1,0
2932603,Cc1ccc(S(=O)(=O)NCC(C)NS(=O)(=O)c2ccc(C)cc2)cc1,0
2021501,N#C/C(C(=O)N1CCOCC1)=c1\s/c(=C/c2ccncc2)c(=O)n1-c1ccccc1,0
2953635,CC(Oc1ccc(Cl)cc1Cl)C(=O)Nc1ccc(N2CCN(C)CC2)cc1,0
768370,Cc1cccc(CN(C)CCc2ccccn2)c1,0
1246540,Cc1cc(C(=O)Nc2sc(C)c(C)c2C#N)c(C)o1,0
121416600,Cc1cc(-n2ncc3cc(NC(=O)NCc4ccc(N5CCCC5=O)cc4)ncc32)ccn1,1
655621,CCn1c(SCC(=O)OC2CCCCC2)nc2ccccc2c1=O,0
666594,C#CCN1C(=O)C(O)(CC(=O)c2cccc(OC)c2)c2ccccc21,0
6890216,C=CCn1cnc2c(c1=O)c1nc3ccccc3nc1n2/N=C/c1cccc(OC)c1OC,0
2346297,Cc1ccc(OCCC(=O)OCC(=O)C(C)(C)C)cc1,0
3242319,Cc1ccc(Cl)cc1N1CCN(C(=O)C2CCN(S(=O)(=O)c3cnc[nH]3)CC2)CC1,0
3241083,Cc1cc(C)c(S(=O)(=O)NCc2cn3c(C)csc3n2)c(C)c1,0
3235014,CS(=O)(=O)N1CCC[C@@]2(CCN(c3ncccn3)C2)C1,0
4311692,O=[N+]([O-])c1cccc2c[n-]nc12,0
3241534,Cc1noc(C)c1S(=O)(=O)NCCc1ccc(S(N)(=O)=O)cc1,0
3000216,O=C(CSc1nnc(-c2ccco2)o1)NC1CCCCCC1,0
4353,CC(=O)NBr,0
2892134,CCOC(=O)c1c(C)n(C)c2ccc(OC(C)C(=O)OC)cc12,0
5365543,C/C=C1\CC2C=CC1C2,0
6398916,CCOC(=O)CN(C(=O)CSc1nnc2c(n1)[nH]c1ccccc12)c1ccccc1,0
4620191,O=C(CSc1nnc(Cc2cc(=O)[nH]c(=O)[nH]2)n1-c1ccccc1)N1CCCCC1,0
121416722,C[C@@H](NC(=O)Nc1cc2cnn(CC3CC3)c2c(CO)n1)c1ccccc1,1
1255215,CCn1c(SCC(=O)c2c[nH]c3ccccc23)nnc1-c1cccs1,0
3244171,Cc1c(C(=O)N2CCN(c3ncccn3)CC2)sc2nc3n(c(=O)c12)CCCC3,0
5742479,COc1ccc(-c2nnc(SCC(=O)/C(C#N)=C(\C)N)o2)cc1,0
663094,CCn1c(SCC(=O)Nc2ccc(C(=O)OC)cc2)nnc1-c1cccs1,0
3239030,COc1ccccc1C(=O)Nc1c2c(nn1-c1cccc(C)c1C)CS(=O)(=O)C2,0
1530057,COC(=O)Nc1ncc(CN2CCc3ccccc3C2)s1,0
2879910,C=C(C)c1cccc(C(C)(C)NC(=O)N2CCN(C)CC2)c1,0
1203939,COc1ccc(N(CC(=O)O)S(C)(=O)=O)cc1OC,0
2928665,O=C(C1COc2ccccc2O1)N1CCN(Cc2ccc3c(c2)OCO3)CC1,0
3237807,CCOc1ccc(-c2nnc3ccc(SCc4ccc(C(=O)OC)o4)nn23)cc1,0
5967872,COC1=CC(=O)C(O)=C/C1=C\C=C\c1ccccc1,0
652298,CC1CCCN(C(=O)CSc2nnc(-c3c[nH]c4ccccc34)o2)C1,0
3246655,S[C@@H]1CCCN(Cc2ccccc2)C1,0
668899,COc1ccc(NC(=O)c2cccnc2)c(OC)c1,0
3242178,C=CCOC(=O)C1=C(C)OC(N)=C(C(=O)OCC)C12C(=O)N(CC(N)=O)c1ccccc12,0
1249508,COc1ccc(-c2nc3ccccc3c(=O)n2CCN2CCOCC2)cc1,0
6604226,C[C@H]1CC[C@@]2(NC1)O[C@@H]1C[C@H]3[C@@H]4CC=C5C[C@@H](O)CC[C@]5(C)[C@@H]4CC[C@]3(C)[C@@H]1[C@@H]2C,0
3154354,CCN(CC)C(=O)C1=C(C)NC(=O)NC1c1ccccc1F,0
3237560,N#Cc1c(Nc2ccccc2)c(C=NCCN2CCOCC2)c[nH]c1=O,0
3233785,O=C(Nc1ccccc1)N1CCC2(CC1)CCN(C(=O)c1ccco1)CC2,0
3242946,Cc1ccc(Cn2cnc3c(nnn3Cc3ccc(Cl)cc3)c2=O)cc1,0
138374366,O=C1NC2CC3NNC(c4ccnnc4)C3CC2CN1Cc1cccc(Cl)c1,1
54705185,C=C1c2cccc(O)c2C(O)=C2C(=O)[C@@]3(O)C(O)=C(C(N)=O)C(=O)[C@@H](N(C)C)[C@@H]3[C@@H](O)[C@H]12,0
891602,Cc1ccc(F)cc1NC(=O)c1ccc2c(c1)OCO2,0
3245741,CCCC(=O)CN1C(=O)C2(OCCO2)c2ccccc21,0
779240,OCCN1CCN(Cc2cccc(Oc3ccc(Cl)cc3)c2)CC1,0
3244124,Cc1ccccc1CS(=O)(=O)CCC(=O)N1CCN(c2ccc(N3CCOCC3)nn2)CC1,0
648056,CC(C(=O)Nc1ccc(S(=O)(=O)N2CCOCC2)cc1)N(c1ccccc1)S(C)(=O)=O,0
5771833,CCC[C@@H]1C[C@@]1(CCC)C(NC(=O)c1ccccc1)c1cccc(Cl)c1,0
16758760,CCN1C(=O)[C@H]2[C@H]3[C@H](O)[C@H](O)C/C(=N/O[C@@H]4O[C@@H](COC(C)=O)[C@@H](OC(C)=O)[C@@H](OC(C)=O)[C@H]4OC(C)=O)[C@@H]3CC[C@@H]2C1=O,0
3234580,CN1CCN(c2ccnc(-c3cccnc3)n2)CC1,0
894128,C=CCn1c(CCC(=O)O)ccc1-c1ccccc1,0
3238409,COc1ccc(Cn2c(=O)[nH]c3cc(C(=O)NCCCN4CCCC4)ccc3c2=O)cc1,0
2365802,O=C(COC(=O)c1cn(-c2ccccc2)nc1-c1cccs1)NC1CC1,0
2128817,Cc1cc(C(=O)COC(=O)CCC(=O)c2ccc3c(c2)OCCO3)c(C)n1Cc1ccco1,0
895860,CCc1nc(-c2ccccc2O)n(-c2ccccc2)n1,0
3233459,COCCn1c(=O)c(-c2ccc(OC)cc2)nc2cnc(OCc3ccccc3)nc21,0
16758599,CC(=O)OC[C@@H]1O[C@@H](O/N=C2/C[C@@H](O)[C@@H](O)[C@@H]3[C@H]4C(=O)N(c5ccc(F)cc5F)C(=O)[C@@H]4CC[C@H]23)[C@H](OC(C)=O)[C@H](OC(C)=O)[C@@H]1OC(C)=O,0
2830491,C=CCC1CCCCC12NC(=O)NC2=O,0
655889,CCOc1ccccc1C(=O)NC1CC2CCCC(C1)N2Cc1nnnn1Cc1ccco1,0
5307737,COc1ccc(-c2c(C)oc3c(CN4CCCCC4C)c(O)ccc3c2=O)cc1OC,0
2999718,CC1CN(C(=O)CSc2nnc(-c3ccncc3)n2-c2ccccc2)CC(C)O1,0
2245802,CC1(C)Oc2ccc3ccc(=O)oc3c2/C(=C/N)C1=O,0
650895,COc1ccccc1N1CCN(CC(=O)Nc2cc(F)ccc2C)CC1,0
649061,Cc1cccc(OCc2nnc(SCC(=O)N3CCN(C(=O)c4ccco4)CC3)n2C)c1C,0
16758473,Cc1cc2c(nc1C)CCCCN2C[C@H](C)O/N=C1/[C@H]2O[C@@H]2[C@@H](O)[C@H]2[C@H]1CCn1c(=O)n(-c3ccccc3)c(=O)n12,0
5309913,CCn1c(C(=O)N2CCC(C(=O)N3CCN(c4ccccn4)CC3)CC2)cc2sccc21,0
3237350,COC(=O)NCc1ccc(CNC(=O)OC)cc1,0
2946727,O=C(CC12CC3CC(CC(C3)C1)C2)NCC(=O)N1CCCC1,0
979227,CC(C)Oc1cccc(C(=O)Nc2ccc(CN3CCOCC3)cc2)c1,0
645997,O=C(Nc1ccccc1N1CCCCC1)c1ncoc1-c1ccc(F)cc1,0
666691,CCOc1ccc(CN2CCN(c3cc(C)nc4c5c(C)cc(C)nc5nn34)CC2)cc1,0
2092972,Cc1cc(C)n2nc(C(=O)OCC(=O)Nc3ccc4c(c3)OCO4)nc2n1,0
650873,CC(C)CCNC(=O)CN(Cc1ccc2c(c1)OCO2)C(=O)Cn1nnc(-c2cccs2)n1,0
749150,CCn1c(NCc2cccs2)nc2ccccc21,0
3245204,COc1ccc2cc(C(=O)NCc3ccco3)c(=Nc3ccc(C(=O)O)cc3)oc2c1,0
649407,COc1ccc(OC)c(CC(NC(C)=O)C(=O)NC2CCN(c3nc(C)cc(C)c3C#N)CC2)c1,0
3791451,Cc1ccc(C2CC(c3ccc(Cl)cc3)n3nc(N)nc3N2)cc1,0
2243436,Cc1ccccc1N1CCN(C(=O)C2CCCCC2)CC1,0
16758758,CCN1C(=O)[C@H]2[C@H]3[C@H](O)[C@H](O)C/C(=N/NC(=O)OCc4ccc(OC)cc4)[C@@H]3CC[C@@H]2C1=O,0
870631,CSC1=NC2(CCCCC2)C2=C(CCCC2)N1,0
558610,O=S(=O)(c1ccc(Br)s1)N1CCCCC1,0
5308573,CCOC(=O)N1CCN(c2c(N3CCOCC3)c(=O)c2=O)CC1,0
736185,CC(=O)c1ccc(OCc2ccccc2)c(C)c1O,0
3245657,O=C(Nc1ccc2c(c1)OCO2)C(c1ccc(Cl)cc1)N1CCN(C(=O)c2ccco2)CC1,0
149784,CCCCCC[C@@H]([C@@H](C)O)n1cnc2c(N)ncnc21,0
649923,N#Cc1ccc2ccn(CC(=O)NC3CCCCCC3)c2c1,0
717125,CC(=O)N1CCN(C(C)=O)C1c1ccccc1,0
3238547,CCc1nnc(SCC(=O)NC2CCCCC2)nc1CC,0
10541888,COC(=O)NC(c1ccccc1)C(C(=O)OC)C(=O)OC,0
654866,O=C(CN1CCOCC1)n1c2ccccc2c2ccccc21,0
135449268,CCC/C(O)=C1\C(=O)CC(C)(C)CC1=Nc1ccccc1OC,0
662859,CCCCCn1c(CN(C)Cc2ccccc2)nc2c1c(=O)n(C)c(=O)n2C,0
5383,CNC(=O)N(C)c1nnc(C(C)(C)C)s1,0
3839220,Clc1ccccc1OCCCCn1ccnc1,0
3242783,CC(C)c1ccc(NC(=O)C2C3C=CC4(CN(CCCN5CCOCC5)C(=O)C24)O3)cc1,0
2997553,CCOC(=O)C1=C(CC)Nc2ccccc2N=C1NC(=O)Cn1cnc2ccccc2c1=O,0
5309893,O=C(Nc1ncc(Br)s1)C1CCCN1S(=O)(=O)c1cccc2cccnc12,0
2349772,O=C(COC(=O)C1c2ccccc2Oc2ccccc21)Nc1ccc2c(c1)OCO2,0
3235283,CN(C)C(=O)c1ccc(-c2cc(N(C)Cc3ccco3)ncn2)cc1,0
3237990,O=C(NCCc1ccccc1)C1CCN(S(=O)(=O)c2cccc3nsnc23)CC1,0
651075,COc1ccccc1NC(=O)c1cc(Cl)ccc1NC(=O)c1ccco1,0
3239856,CC(=O)c1c(C)[nH]c(C(=O)N2CCC3(CC2)OCCO3)c1C,0
643764,COc1cc(/C=C\C(=O)N2CCC=CC2=O)cc(OC)c1OC,0
1005077,Cc1onc(-c2ccccc2Cl)c1C(=O)N1CCCc2ccccc21,0
3245248,Cc1n[nH]c(C)c1S(=O)(=O)N1CCCC(C(=O)NCC2COc3ccccc3O2)C1,0
16758604,O=C1[C@H]2[C@H]3[C@H](O)[C@H](O)C/C(=N/OC[C@@H](O)COCc4ccco4)[C@@H]3CC[C@@H]2C(=O)N1Cc1ccccc1,0
664495,O=C(O)C1CCN(c2nc(-c3ccccc3)nc3c2oc2ccccc23)CC1,0
977088,N#Cc1cn(-c2ccccc2)nc1-c1ccc2c(c1)OCCO2,0
701191,O=C(NC(=O)N1CCN(c2cccc(Cl)c2)CC1)c1ccccc1,0
4243406,Nc1cccc(N=Cc2c(O)n(Cc3ccc(F)cc3)c(=O)[nH]c2=O)c1,0
3236143,CCNC(=O)CC1C(=O)N(c2ccc(F)cc2)C(=O)N1Cc1ccc(OC)cc1,0
92044577,O=C(NCc1ccc(F)cc1)Nc1cc2n[nH]c(C3CCC3)c2cn1,1
645161,O=C(Nc1ccc(N2CCN(C(=O)c3ccco3)CC2)cc1)c1cccs1,0
16758711,C#CCCCO/N=C1/C[C@@H](O)[C@@H](O)[C@@H]2[C@@H]3C(=O)N(CCC(=O)OCC)C(=O)[C@H]3CC[C@@H]12,0
2622821,Cc1cc(-n2c(C)cc(C(=O)CN3C(=O)NC4(CCCC4)C3=O)c2C)no1,0
3247130,COC(=O)[C@@]1(Cc2ccc(F)cc2)[C@H]2c3cc(C(=O)N(C)C)n(Cc4ccc(C)c(F)c4F)c3C[C@H]2CN1C(=O)c1ccccc1,0
2385273,O=c1[nH]c(Cn2nnc(-c3ccccc3)n2)nc2scc(-c3ccccc3)c12,0
16758492,CCc1cc2c(nc1CC)CCN(CC/C(C)=N/O[C@@H](C)CN1CCCCc3nc(C)c(C)cc31)C2,0
2967098,COC(=O)C1=C(C)N(C2CCCC2)C(=O)C1(NC(C)=O)C(F)(F)F,0
751479,Cc1ccc(C)c(NC(=O)CS(=O)(=O)c2c[nH]c3ccccc23)c1,0
732301,CCN(CC)c1ccc(NC(=O)C(C)C)cc1,0
2957109,CC1(C)C(=O)C2(CCCCC2)C(=O)OC1c1ccc(O)cc1,0
135485471,NC(=O)C1(N2CCCCC2)CCN(C(=O)CSc2nc(C(F)(F)F)cc(=O)[nH]2)CC1,0
684683,Cc1cc(NC(=O)CSc2nc3ccccc3[nH]2)no1,0
653392,CCn1nnc(NC(=O)c2ccc(C(C)(C)C)cc2)n1,0
12443,O=C1OC(=O)c2c(Br)c(Br)c(Br)c(Br)c21,0
868798,Cc1ccc(NC(=O)c2cc(-c3ccc(C)o3)nc3ccccc23)nc1,0
663657,COc1cc(OC)cc(C(=O)OCc2cc3ccccc3[nH]c2=O)c1,0
665931,COc1ccc(OC)c(C(=O)CSc2nc3ncccc3[nH]2)c1,0
16758346,CO[C@@H]1COC(=O)CCC[C@@H](C)[C@H](OC)COC(=O)[C@H](Cc2ccccc2)NC(=O)C/C=C\[C@H]1C,0
767410,Clc1ccc(-n2nnnc2-c2ccccc2)cc1,0
2084345,Cc1cc(C(=O)CSc2nnc(-c3ccccc3)n2C)c(C)n1C,0
2905439,CCCOC(=O)c1ccc(NC(=O)CCC(=O)OCC)cc1,0
3236337,Cc1cc2ccccc2c(=O)n1CC(=O)NCC(=O)N1CCCC1,0
2159436,COC(=O)CSc1nnc(CNC(=O)c2cccc(C)c2)n1-c1ccccc1OC,0
649921,COc1ccc(Cn2c(=O)sc3ccccc32)cc1,0
16759104,CC(=O)c1ccc(OC2C=CC(c3ccc(Cl)cc3)OC2CO)cc1,0
3240182,Cc1ccccc1Cc1c(C)nc2c(C(=O)N3CCN(Cc4ccc5c(c4)OCO5)CC3)cnn2c1C,0
3247350,C[C@@H](C(=O)Nc1ccc2ccccc2c1)[C@H]1C[C@]1(C)[C@H](NC(=O)c1ccccc1)c1ccccc1,0
49830549,Fc1ccc(Nc2ncnc(Nc3ccc4cn[nH]c4c3)n2)cc1,1
653779,CCOC(=O)c1cnc(SCC(=O)NCc2ccco2)nc1N,1
3253200,COc1ccc(C2C(C(=O)Nc3cccnc3)=C(C)Nc3nc(-c4cccs4)nn32)cc1OC,0
2981691,CCNC(=O)CC1C(=O)N(c2cccc(OC)c2)C(=O)N1CCOC,0
1257715,CCCC(=O)Nc1nc2ccc(NC(=O)c3ccc(Br)o3)cc2s1,1
2615717,CCOC(=O)c1oc2ccccc2c1CSc1nnnn1-c1ccc(C)cc1,0
9568641,C(=N/c1nc2ccccc2n1CCN1CCCCC1)\c1cccs1,0
6001,Cc1c2ccccc2c(C)c2c1ccc1ccccc12,0
5676604,O=C(c1ccco1)N1CCN(/C(=N/S(=O)(=O)c2cccs2)c2ccccc2Cl)CC1,0
662591,Cc1cc(NC(=O)C23CCC(C)(C(=O)O2)C3(C)C)no1,0
5309672,COc1ccccc1S(=O)Cc1ccc(C(=O)NC2CCCC2)o1,0
2068297,COc1ccc(S(=O)(=O)Nc2ccc(S(=O)(=O)Nc3nc(C)cc(C)n3)cc2)cc1OC,0
135448142,CCSc1nc2c(c(=O)[nH]1)C(c1cccnc1)C(C(=O)OC(C)C)=C(C)N2,0
664487,Cc1cc2oc3c(c(=O)c2cc1C)C(c1cccc(Br)c1)N(Cc1ccco1)C3=O,0
3237246,COc1ccc(NC(=O)c2cc(C(C)C)on2)cc1OC,0
73506066,COC[C@@H](NC(=O)Nc1cc2[nH]nc(N[C@@H]3CCOC3)c2cn1)c1ccccc1,1
5199976,O=C(c1ccccc1F)N1CCN=C1SCc1cccnc1,0
2357239,O=C(Cc1nc2ccccc2[nH]1)NCc1ccco1,0
647220,O=C(CCCSc1nc(-c2ccco2)cc(C(F)(F)F)n1)Nc1ccc2c(c1)OCO2,0
653039,CC(C)N(C(=O)Cn1c(SCC(=O)N2CCN(c3ccccc3)CC2)nc2ccccc21)C(C)C,0
132252,CCOC(OCC)P(=O)(O)CCCNCc1ccc(Cl)c(Cl)c1,0
649208,CC(CN1CCOCC1)OC(=O)COc1ccc(F)cc1,0
654169,COc1ccc(C)cc1S(=O)(=O)N1CCN(Cc2ccccc2)CC1,0
787198,Cc1cccc(CN2CCN(C(=O)c3ccccc3F)CC2)c1,0
2999689,COc1cc(C2C(C#N)=C(C)NC3=C2C(=O)CC(C)(C)C3)ccc1O,0
3241032,O=C(Nc1ccc(F)cc1)c1oc2ccccc2c1NC(=O)C1CCCC1,0
3239585,O=C(C1CCN(S(=O)(=O)c2cnc[nH]2)CC1)N1CCN(c2ncccn2)CC1,0
653917,COc1ccc(C)cc1NC(=O)COCC(=O)O,0
894678,CCOc1cccc(Oc2ccc(C(F)(F)F)cn2)c1,0
654489,O=C(N1CCOCC1)N1CCCC(c2nc(-c3cccs3)no2)C1,0
3242616,CCOC(=O)CSc1nc2cc(C(=O)NCC3CCCO3)ccc2c(=O)n1Cc1ccco1,0
1300454,Cc1cccc(-c2noc(CN(C)S(=O)(=O)c3cc(Cl)ccc3Cl)n2)c1,0
6605108,COCCN(CCOC)c1nc(C)nc2c1nc(-c1ccccc1)n2CCN(C)C,0
118365114,COc1n[nH]c2cc(NC(=O)N[C@@H](c3ccccc3)C3(O)CCCC3)nc(CO)c12,1
562108,O=C(CSc1nnnn1Cc1ccccc1)NCC(=O)c1ccccc1,0
5308744,CC(C)Oc1cc(O)c2c(=O)c(-c3ccc(O)cc3)coc2c1,0
92044807,Cc1cc(-c2n[nH]c3cc(NC(=O)NCc4csc5ccccc45)ncc23)ccn1,1
1720,Nc1ccc2c3c(cccc13)C(=O)NC2=O,0
245396,O=C(CC1(O)CCCCC1)OC1CCCC1,0
3232881,CN(C)Cc1ccccc1-c1cncnc1Nc1ccccc1,0
16758195,CC1CCC2(C(=O)O)CCC3(C)C(=CCC4C3(C)CCC3[C@@]4(C)CC(O)C(O)[C@@]3(C)CO)C2C1C,0
725782,CC(=O)Oc1cc2oc(=O)c3c(c2cc1Cl)CCC3,0
60198781,CC(C)Nc1ncc2c(n1)CN(C(=O)NC1(c3ccc(Cl)c(Cl)c3)CCNCC1)CC2,1
3237915,CCOC(=O)C1CCCN(C(=O)CN2C(=O)C(CC)Oc3ccc(C)cc32)C1,0
1973768,COc1ccc(-n2c(SCC#N)nc3ccccc3c2=O)cc1,0
1942295,Cc1nc2nc(-c3ccco3)[nH]n2c(=O)c1Cc1ccccc1,0
2997954,C=CCC(=O)OCC(=O)Nc1ccc(Oc2ccccc2)cc1,0
3245764,Cc1noc(C)c1S(=O)(=O)N1CCC(C(=O)NCCC2=CCCCC2)CC1,0
651190,Cc1sc2nc(C(C)C)nc(SCC(=O)N3CCN(C(=O)c4ccco4)CC3)c2c1C,0
2998819,CCOC(=O)c1cc(-c2cccnc2)nn1-c1ccccn1,0
647942,Cc1c(C(=O)Nc2cccc3cccnc23)oc2ccccc12,0
71554733,Cc1cc(-c2n[nH]c3cc(NC(=O)N[C@H](C)c4ccc(F)c(Cl)c4)ncc23)ccn1,1
653761,COc1ccc(CCNC(=O)CCSc2nc(-c3ccco3)cc(C(F)(F)F)n2)cc1,0
1177287,O=C(NC(=O)c1ccc(Cl)cc1)Nc1cc(N2CCCCC2)ncn1,0
654954,Cc1ccc2nc(SCC(=O)NCc3ccco3)c(C#N)cc2c1,0
89536072,O=C(NCC1CCC1)Nc1cc2[nH]nc(-c3ccnc(F)c3)c2cn1,1
667119,Cc1ccnc(SCC(=O)N2CCC(C(N)=O)CC2)n1,0
2997617,CC(C#N)Sc1ncnc2sc3c(c12)CCC3,0
2997536,O=C(CC(Sc1ccccc1)c1cccs1)c1ccco1,0
117889803,Cc1ccnc(Oc2ccc(-c3cc4c(cc3F)ncc3nc(C)n(C5CCN(S(C)(=O)=O)CC5)c34)c(Cl)c2)n1,1
645453,Cc1ccc(C)c(N(CC(=O)NCCSCc2ccco2)S(C)(=O)=O)c1,0
5309338,CC(=O)c1ccc(NC(=O)CSc2nnc(Cc3cccn3C)n2-c2ccc(F)cc2)cc1,0
3237688,CCOC(=O)C(NC(=O)CC)(Nc1sc2c(c1C(=O)OC)CCN(C)C2)C(F)(F)F,0
833803,Nc1cc(=O)[nH]c(=O)n1Cc1ccco1,0
71771,O=C(O)COC(=O)Cc1ccccc1Nc1c(Cl)cccc1Cl,0
2155849,COc1ccc(OC)c(-c2nnc(SCC(=O)N3CCOCC3)o2)c1,0
4248069,Cn1nc(CC(=O)NC2CCCCCC2)c2ccccc2c1=O,0
653202,Cn1c(=O)c2c(nc(SCCN3CCOCC3)n2Cc2ccc(F)cc2)n(C)c1=O,0
2915702,COc1ccc(C(C)(C)C)cc1NC(=O)C1CC=CCC1C(=O)O,0
2155741,CCOc1ccc(-c2nnc(SCC(=O)N3CCN(c4ccccc4)CC3)o2)cc1,0
2931707,CC1CCCN(C(=O)c2ccncc2)C1,0
3232831,O=C(c1csnn1)N1CCC2(CCCN(c3ccccc3)C2)CC1,0
971706,O=C(CN1C(=O)CSc2ccccc21)N1CCc2ccccc21,0
2828360,CCOP(C)(=S)SCC(=O)NC(C)C(=O)O,0
781057,O=[n+]1c2c(n([O-])c3c1CCCC3)CCCC2,0
2916358,CCOC(=O)C1CCCc2c1[nH]c1c(C(=O)O)cccc21,0
2408930,COc1ccc(S(=O)(=O)N(C)c2ccc(OCC(=O)Nc3cc(C)on3)cc2)cc1,0
673366,CCc1ccccc1NC(=O)c1cnccn1,0
16758364,CO/N=C(/C)CCC(=O)OC[C@@H]1O[C@H](c2ccccc2)C=C[C@@H]1Oc1ccc(OC)cc1,0
3130975,COc1ccc2[nH]cc(CCN=C3SCC(=O)N3C)c2c1,0
664397,COc1cccc(C(=O)N(Cc2cc3cc(C)ccc3[nH]c2=O)C(C)C)c1,0
654046,COc1ccc(N2CC(C(=O)OCC(=O)c3cccc(OC)c3)CC2=O)cc1,0
3236655,CCc1c(C(=O)Nc2cc(C)ccc2OC)[nH]c(C)c1C(C)=O,0
1231056,COc1ccc(NC(=O)CCc2ccccc2)cc1NC(=O)c1ccco1,0
652327,Cc1ccc2c(c1)c(C)c(C)n2CC(O)Cn1nc(C)cc1C,0
118395342,CC(C)OC(=O)Nc1n[nH]c2cc(NC(=O)N[C@@H](c3ccc(F)cc3)C(C)(C)O)ncc12,1
650242,Cc1ccccc1OCC(=O)Nc1ccc2c(c1)COC2=O,0
9568786,CC/C(=N\O)C(C)(C)/[N+]([O-])=C/c1ccc(Br)cc1,0
747932,COC(=O)CSc1nnc(-c2ccccc2OC)o1,0
664443,CSc1nnnn1-c1ccc(C(=O)OCC(=O)N2CCOCC2)cc1,0
3244669,CCOCCCN1C(=O)CN(C2CCCCC2)C(=O)C1c1ccc(OCC)c(OC)c1,0
3244263,COc1ccc(N2CCN(CCNC(=O)CCCn3c(=O)[nH]c4cc(Cl)ccc4c3=O)CC2)cc1,0
747107,COC(=O)c1cccc(NC(=O)c2cccc(OC)c2)c1,0
2524758,O=C1CN(C(=O)c2cnccn2)c2ccccc2N1,0
16757861,CC(=O)OC1CC2C(C)(C)C(=O)C=C[C@]2(C)C2CC[C@@]3(C)C(c4ccoc4)OC(=O)C4O[C@@]43[C@]12C,0
3245186,O=S(=O)(c1cccc2nsnc12)N1CCCC1,0
975834,Cc1cccc(C)c1N1CCN(S(=O)(=O)c2ccc(F)cc2)CC1,0
5307422,COc1ccccc1S(=O)(=O)Cc1ccc(C(=O)N2CCN(c3ccc(C)cc3)C(C)C2)o1,1
755720,CN1C(=O)N(C)C2CC1N(C)C(=O)N2C,0
2961839,COc1ccc(C(N)=O)cc1NC(=O)CC(O)(C(F)(F)F)C(F)(F)F,0
2999246,Cc1cc(C(=O)CSc2nnc(-c3ccco3)o2)c(C)n1CC1COc2ccccc2O1,0
2966480,O=C(O)C1C2C=CC3(O2)C1C(=O)N1c2ccccc2COC13,0
3235070,O=C(c1cnccn1)N1CCC2(CC1)CN(Cc1ccccc1)C2,0
2155121,COc1ccc(NC(=O)CSc2nc3c(c(=O)n2-c2ccccc2)SCC3)c(OC)c1,0
2124377,O=C(Cn1c(=O)oc2ccccc21)NC(=O)NCc1ccco1,0
645007,O=C(NC1CCN(C(=O)N2CCOCC2)CC1)c1ccccc1,0
3242417,O=C(CN1CCN(CCC(=O)Nc2ccccc2F)CC1)Nc1ccc(F)cc1,0
233815,O=C1NC(=O)C2(CCc3ccccc32)N1,0
3238737,O=C(NCCN1CCOCC1)C1CCC(=O)N1Cc1ccccc1Cl,0
3241030,Cc1ccc(-c2ccc(=O)n(CC(=O)NCCCN3CCCCC3)n2)cc1,0
156600506,Cn1cnc(-c2ccc(C3=CCN(C(=O)CN4CC[C@]5(CCN(C6CCC7NNC(c8cnc(C#N)c(C(F)(F)F)c8)C7C6)C5=O)C4)CC3)cc2)n1,1
135472938,CCCc1cc(=O)[nH]c(/N=C(/NC(=O)C(C)N2C(=O)c3ccccc3C2=O)Nc2ccccc2)n1,0
808077,COc1ccc(NC(=O)c2c(-c3ccccc3)noc2C)c(OC)c1,0
665028,O=c1c2c3nc4ccccc4nc3n(-c3cccc(F)c3)c2ncn1Cc1ccc2c(c1)OCO2,0
3239650,CCOCCCNC(=O)C(c1ccc(OC)cc1)N(Cc1ccc2c(c1)OCO2)C(=O)CNC(C)=O,0
3244116,O=C1CC(c2ccc(F)c(Br)c2)C2=C(CCCC2=O)N1,0
5309238,O=C(c1cc2c(s1)-c1ccccc1OC2)N1CCCC1,0
5771803,CCCC[C@@H]1C[C@H]1C(NC(=O)Cc1ccccc1)c1ccc(-c2ccccc2)cc1,0
2128632,COc1cc(CCC(=O)OCc2nnc(-c3ccccc3)o2)cc(OC)c1OC,0
657995,CCOC(=O)[C@H]1CCC[C@@H](NS(=O)(=O)c2ccc(NC(C)=O)cc2)C1,0
648440,CCN(CC)C(=O)CSc1nnc(-n2nc(C)cc2C)c2ccccc12,0
644506,COc1ccc(CNC(=O)C(c2cccs2)N(C(=O)c2csnn2)C2CC2)cc1,0
650486,Cn1c(CNC(=O)Nc2ccccc2)nnc1SCc1ccccc1,0
2432214,Cn1nnnc1Sc1ncnc2scc(-c3ccccc3)c12,0
644404,CC1Cn2c(nc3c2c(=O)[nH]c(=O)n3C)O1,0
2998870,Cc1cc(=O)oc2cc(OCC(O)CN3CCc4ccccc4C3)ccc12,0
2093645,CCCCNC(=O)Nc1ccon1,0
3235965,CN(C)C(=O)N1CCC(C(=O)NCc2ccccc2Cl)CC1,0
2997806,O=C(C1CCCN1C(=O)c1cccs1)N1CCc2ccccc21,0
646785,COc1ccc(NC(=O)CSc2nnc(-c3ccccc3)n2N)cc1,0
2999270,Cc1ccc(Cn2c(=O)c3ccccc3n3c(SCC(=O)N4CCCCC4C)nnc23)cc1,0
1321523,CCOC(=O)c1ccccc1NC(=O)CN(c1ccccc1OC)S(C)(=O)=O,0
2969119,CCC(O)c1cc2c(cc1NC(=O)c1cccs1)OCCO2,0
648202,O=C(CSc1nnc(-c2ccco2)n1Cc1ccco1)NCc1cccs1,0
974624,Cc1n[nH]c(C)c1SCC(=O)Nc1ccc(F)cc1,0
145995677,Cn1nccc1Nc1nccc(-c2cc3n4c(nnc4c2)[C@@H](Cc2cccc(Cl)c2)CO3)n1,1
866866,O=C(CSc1nnc(-c2ccc(Cl)s2)o1)N1CCOCC1,0
2095722,COC(=O)CCN1CCC(C(N)=O)CC1,0
972301,O=C(Cn1c(C(F)(F)F)nc2ccccc21)NCCN1CCCC1,0
2999499,Cn1cccc1C(=S)N=P(C1CCCCC1)(N1CCOCC1)N1CCOCC1,0
656277,Cc1nc(Nc2nc(=O)c3ccccc3n2C)nc2c(C)cccc12,0
662294,CCOP(=O)(c1ccc(N(C)C)cc1)C(O)c1c(Cl)cccc1Cl,0
1566546,CCCCOC(=O)Cn1cnc2ccc(Br)cc2c1=O,0
2355657,CC(=O)Nc1ccc(S(=O)(=O)Nc2ccc(N3CCOCC3)cc2)cc1,0
2545865,CCOC(=O)c1c(C)[nH]c(C(=O)COC(=O)c2ccccc2NC(=O)c2ccco2)c1C,0
1508996,O=C(Cc1ccccc1)NCc1nc2ccccc2[nH]1,0
655663,Cc1cc(NC(=O)C2CC2)ncc1NC(=O)C12CC3CC(CC(C3)C1)C2,0
651537,CCOc1ccccc1N(C(=O)c1ccco1)C(C(=O)NC1CCCC1)c1cccnc1,0
653999,O=C(NC1CCCCC1)C(c1ccco1)N(Cc1cccs1)C(=O)Cn1nnc2ccccc21,0
303892,O=C(O)CP(=O)(c1ccccc1)c1ccccc1,0
2999761,Cc1cc(-n2c(C)cc(C(=O)CN3C(=O)NC4(CCCCC4C)C3=O)c2C)no1,0
2051211,CCN(Cc1ccccc1)S(=O)(=O)c1ccc(C(=O)Nc2nnc(C3CC3)o2)cc1,0
674174,COC(=O)C1=CNC=C(C(=O)OC)C1c1cccc(OC)c1,0
710950,c1ccc(N2CCN(c3nnnn3-c3ccccc3)CC2)cc1,0
653264,O=C(CSc1nnc(-c2ccccc2)n1Cc1ccccc1)N1CCOCC1,0
653306,CC1(C)CC(=O)C2=C(C1)NCN(Cc1ccccc1)C2,0
608335,Cc1nn(Cc2ccccc2Cl)c(C)c1N,0
645790,Cc1ccn2cc(-c3nonc3C)cc2c1,0
