PUBCHEM_CID,MolWt,LogP,NumHDonors,NumHAcceptors,TPSA,NumRotatableBonds,NumAromaticRings,NumAromaticCarbocycles,NumAromaticHeterocycles,NumSaturatedRings,NumHeteroatoms,RingCount,HeavyAtomCount,NumAliphaticRings,NumAliphaticCarbocycles,NumAliphaticHeterocycles,NumValenceElectrons,NumSpiroAtoms,NumHeterocycles,NumAmideBonds,Label
118045470,414.4690000000001,2.589700000000001,3.0,7.0,118.95,6.0,4.0,2.0,2.0,0.0,8.0,4.0,31.0,0.0,0.0,0.0,156.0,0.0,2.0,1.0,1
664813,343.324,2.877740000000001,0.0,4.0,30.29,3.0,2.0,1.0,1.0,1.0,8.0,3.0,24.0,1.0,0.0,1.0,130.0,0.0,2.0,0.0,0
644451,461.52200000000033,3.022800000000001,2.0,6.0,117.43,8.0,3.0,0.0,3.0,1.0,9.0,4.0,34.0,1.0,1.0,0.0,176.0,0.0,3.0,3.0,0
666057,356.382,3.579500000000002,0.0,7.0,61.540000000000006,5.0,4.0,2.0,2.0,0.0,8.0,4.0,25.0,0.0,0.0,0.0,126.0,0.0,2.0,0.0,0
118365417,391.43500000000006,3.116100000000002,3.0,6.0,109.75,7.0,4.0,1.0,3.0,0.0,9.0,4.0,29.0,0.0,0.0,0.0,148.0,0.0,3.0,2.0,1
608956,248.32199999999992,3.371800000000002,1.0,2.0,46.53,5.0,1.0,1.0,0.0,1.0,3.0,2.0,18.0,1.0,1.0,0.0,98.0,0.0,0.0,0.0,0
3233601,396.83800000000025,2.25718,0.0,8.0,96.93,4.0,3.0,1.0,2.0,1.0,9.0,4.0,28.0,1.0,0.0,1.0,142.0,0.0,3.0,0.0,0
1101504,362.36,4.894800000000003,1.0,4.0,64.36,4.0,4.0,3.0,1.0,0.0,6.0,4.0,27.0,0.0,0.0,0.0,134.0,0.0,1.0,1.0,0
898934,332.36300000000006,3.536900000000002,0.0,6.0,69.78,4.0,4.0,2.0,2.0,0.0,6.0,4.0,25.0,0.0,0.0,0.0,124.0,0.0,2.0,0.0,0
2977455,297.38300000000004,4.293320000000004,0.0,5.0,51.81,4.0,3.0,1.0,2.0,0.0,5.0,3.0,21.0,0.0,0.0,0.0,106.0,0.0,2.0,0.0,0
156600506,714.797,3.694080000000003,2.0,10.0,135.31,6.0,3.0,1.0,2.0,4.0,15.0,8.0,52.0,5.0,1.0,4.0,272.0,1.0,6.0,2.0,1
73505440,364.4530000000001,3.611500000000002,3.0,4.0,85.94000000000001,4.0,3.0,1.0,2.0,0.0,7.0,4.0,27.0,1.0,0.0,1.0,140.0,0.0,3.0,2.0,1
6604204,298.42600000000004,3.4925000000000024,1.0,2.0,37.3,0.0,0.0,0.0,0.0,3.0,2.0,4.0,22.0,4.0,4.0,0.0,118.0,0.0,0.0,0.0,0
3815185,293.75,3.1670200000000017,2.0,2.0,66.4,3.0,1.0,1.0,0.0,0.0,5.0,2.0,20.0,1.0,1.0,0.0,106.0,0.0,0.0,1.0,0
414067,228.20800000000003,-1.6953999999999985,2.0,4.0,99.76,5.0,2.0,0.0,2.0,0.0,8.0,2.0,16.0,0.0,0.0,0.0,86.0,0.0,2.0,0.0,0
2999141,491.5920000000002,2.473,2.0,8.0,113.65999999999995,7.0,3.0,2.0,1.0,1.0,9.0,4.0,36.0,1.0,0.0,1.0,190.0,0.0,2.0,0.0,0
715023,312.778,2.6855,1.0,4.0,68.28999999999999,5.0,2.0,1.0,1.0,0.0,7.0,2.0,20.0,0.0,0.0,0.0,106.0,0.0,1.0,0.0,0
3234505,298.73300000000006,2.8418,0.0,5.0,60.67,2.0,3.0,1.0,2.0,1.0,6.0,4.0,21.0,1.0,1.0,0.0,104.0,0.0,2.0,0.0,0
129077876,549.0710000000004,4.495420000000004,3.0,6.0,103.79,8.0,3.0,2.0,1.0,1.0,9.0,5.0,39.0,2.0,0.0,2.0,204.0,0.0,3.0,2.0,1
846730,237.368,2.859320000000001,1.0,2.0,29.1,5.0,1.0,1.0,0.0,0.0,3.0,1.0,16.0,0.0,0.0,0.0,88.0,0.0,0.0,1.0,0
612424,217.319,1.24079,2.0,5.0,60.05,2.0,1.0,0.0,1.0,0.0,6.0,1.0,13.0,0.0,0.0,0.0,72.0,0.0,1.0,1.0,0
834797,226.279,2.0541,1.0,2.0,41.99,4.0,2.0,1.0,1.0,0.0,3.0,2.0,17.0,0.0,0.0,0.0,86.0,0.0,1.0,1.0,0
660812,305.3300000000001,1.8306,0.0,5.0,65.07000000000001,3.0,1.0,1.0,0.0,1.0,6.0,3.0,22.0,2.0,0.0,2.0,118.0,0.0,2.0,1.0,0
5309390,471.5640000000002,2.987800000000002,1.0,10.0,100.27,8.0,4.0,2.0,2.0,0.0,11.0,4.0,32.0,0.0,0.0,0.0,166.0,0.0,2.0,1.0,0
3162449,299.37,3.0844000000000014,1.0,3.0,55.4,3.0,1.0,1.0,0.0,0.0,4.0,3.0,22.0,2.0,1.0,1.0,116.0,0.0,1.0,1.0,0
5771523,216.708,2.894800000000001,1.0,1.0,37.3,2.0,0.0,0.0,0.0,2.0,3.0,2.0,14.0,2.0,2.0,0.0,80.0,0.0,0.0,0.0,0
2200182,444.9220000000001,5.552780000000005,0.0,5.0,75.06,8.0,4.0,2.0,2.0,0.0,7.0,4.0,32.0,0.0,0.0,0.0,160.0,0.0,2.0,1.0,0
889990,295.382,2.851400000000001,0.0,2.0,29.540000000000003,3.0,2.0,2.0,0.0,1.0,3.0,3.0,22.0,1.0,0.0,1.0,114.0,0.0,1.0,1.0,0
2970927,348.4680000000002,2.0903,0.0,4.0,49.85000000000001,2.0,1.0,0.0,1.0,2.0,6.0,4.0,24.0,3.0,1.0,2.0,130.0,0.0,3.0,2.0,0
3000140,309.394,3.5314000000000023,0.0,5.0,47.78,5.0,3.0,2.0,1.0,0.0,5.0,3.0,22.0,0.0,0.0,0.0,110.0,0.0,1.0,0.0,0
135400037,360.4610000000001,2.9957200000000013,1.0,4.0,52.23,4.0,3.0,2.0,1.0,1.0,5.0,4.0,27.0,1.0,0.0,1.0,138.0,0.0,2.0,0.0,0
3243406,434.5140000000003,2.2728200000000003,0.0,7.0,91.1,6.0,2.0,1.0,1.0,2.0,9.0,4.0,30.0,2.0,0.0,2.0,162.0,1.0,3.0,1.0,0
4682093,337.39700000000005,2.4003000000000005,1.0,5.0,85.61,6.0,2.0,1.0,1.0,0.0,7.0,2.0,23.0,0.0,0.0,0.0,124.0,0.0,1.0,1.0,0
2532675,337.3450000000001,3.0063000000000013,0.0,3.0,28.480000000000004,2.0,2.0,1.0,1.0,1.0,7.0,3.0,24.0,1.0,0.0,1.0,128.0,0.0,2.0,1.0,0
6509750,348.4270000000001,2.0265000000000004,0.0,5.0,51.96,2.0,3.0,1.0,2.0,1.0,5.0,4.0,25.0,1.0,1.0,0.0,124.0,0.0,2.0,0.0,0
3244124,473.59900000000033,1.275320000000001,0.0,8.0,95.94,7.0,2.0,1.0,1.0,2.0,10.0,4.0,33.0,2.0,0.0,2.0,178.0,0.0,3.0,1.0,0
3247366,421.518,4.182300000000003,1.0,4.0,72.47,7.0,3.0,3.0,0.0,1.0,6.0,4.0,30.0,1.0,1.0,0.0,154.0,0.0,0.0,0.0,0
91851,222.204,-0.0972800000000002,1.0,6.0,89.35,2.0,2.0,0.0,2.0,0.0,7.0,2.0,16.0,0.0,0.0,0.0,84.0,0.0,2.0,0.0,0
653322,362.4260000000002,2.6830000000000007,2.0,5.0,85.89000000000001,9.0,1.0,1.0,0.0,0.0,7.0,2.0,26.0,1.0,0.0,1.0,142.0,0.0,1.0,2.0,0
16757641,476.58500000000026,3.636800000000002,2.0,6.0,100.90000000000002,6.0,0.0,0.0,0.0,3.0,7.0,4.0,34.0,4.0,4.0,0.0,188.0,0.0,0.0,0.0,0
6898160,241.674,2.7215000000000007,1.0,4.0,51.05,5.0,1.0,1.0,0.0,0.0,5.0,1.0,16.0,0.0,0.0,0.0,86.0,0.0,0.0,0.0,0
2832202,155.197,0.4127999999999998,1.0,2.0,40.54,1.0,0.0,0.0,0.0,3.0,3.0,3.0,11.0,3.0,0.0,3.0,62.0,0.0,3.0,0.0,0
3240042,400.378,2.8998000000000013,3.0,5.0,89.87000000000002,3.0,2.0,1.0,1.0,1.0,10.0,3.0,27.0,1.0,0.0,1.0,144.0,0.0,2.0,2.0,0
3240116,348.4430000000001,1.975,1.0,4.0,67.87,9.0,1.0,1.0,0.0,1.0,6.0,2.0,25.0,1.0,0.0,1.0,138.0,0.0,1.0,2.0,0
135513636,372.38400000000007,3.275100000000001,2.0,6.0,103.93,3.0,4.0,2.0,2.0,0.0,7.0,4.0,28.0,0.0,0.0,0.0,138.0,0.0,2.0,0.0,0
3244778,363.461,4.593120000000004,0.0,4.0,59.23,7.0,3.0,2.0,1.0,0.0,5.0,3.0,27.0,0.0,0.0,0.0,140.0,0.0,1.0,1.0,0
1354533,363.4170000000001,2.0215,0.0,4.0,60.93000000000001,4.0,2.0,2.0,0.0,1.0,6.0,4.0,27.0,2.0,0.0,2.0,138.0,0.0,2.0,3.0,0
654621,436.5550000000002,1.8908999999999991,1.0,5.0,92.78,6.0,2.0,2.0,0.0,1.0,9.0,4.0,29.0,2.0,0.0,2.0,156.0,0.0,2.0,0.0,0
656001,411.45200000000006,5.158000000000005,0.0,4.0,59.23,4.0,3.0,2.0,1.0,1.0,7.0,4.0,30.0,1.0,0.0,1.0,156.0,0.0,2.0,1.0,0
825415,206.201,0.4698999999999991,1.0,4.0,78.23,3.0,2.0,1.0,1.0,0.0,5.0,2.0,15.0,0.0,0.0,0.0,78.0,0.0,1.0,1.0,0
1932841,463.5420000000004,0.9588000000000008,0.0,10.0,90.54,6.0,4.0,1.0,3.0,2.0,10.0,6.0,34.0,2.0,0.0,2.0,178.0,0.0,5.0,0.0,0
73506499,354.4140000000001,2.764700000000001,5.0,5.0,114.96,6.0,3.0,1.0,2.0,0.0,8.0,3.0,26.0,0.0,0.0,0.0,136.0,0.0,2.0,2.0,1
665375,308.38500000000005,2.849740000000001,0.0,5.0,42.66,2.0,3.0,1.0,2.0,1.0,5.0,4.0,23.0,1.0,0.0,1.0,118.0,0.0,3.0,0.0,0
648738,280.32699999999994,3.065700000000001,1.0,2.0,49.41,3.0,2.0,2.0,0.0,1.0,4.0,3.0,21.0,1.0,0.0,1.0,106.0,0.0,1.0,2.0,0
1288870,381.4820000000002,4.521300000000003,0.0,7.0,48.650000000000006,4.0,4.0,2.0,2.0,0.0,7.0,5.0,26.0,1.0,0.0,1.0,130.0,0.0,3.0,0.0,0
667405,471.5170000000002,2.2193,1.0,7.0,104.09,3.0,3.0,1.0,2.0,1.0,9.0,6.0,35.0,3.0,0.0,3.0,178.0,1.0,5.0,4.0,0
664380,450.54200000000014,5.133480000000005,0.0,6.0,65.53,6.0,4.0,3.0,1.0,1.0,6.0,5.0,34.0,1.0,0.0,1.0,170.0,0.0,2.0,0.0,0
5307980,355.39400000000006,1.6238,2.0,4.0,87.74000000000001,5.0,1.0,1.0,0.0,2.0,7.0,4.0,26.0,3.0,2.0,1.0,136.0,0.0,1.0,4.0,0
2249320,218.576,2.4015000000000004,2.0,1.0,57.53,2.0,1.0,1.0,0.0,0.0,5.0,1.0,13.0,0.0,0.0,0.0,70.0,0.0,0.0,0.0,0
3397945,190.22199999999992,1.0326,0.0,2.0,21.47,0.0,1.0,1.0,0.0,0.0,3.0,3.0,14.0,2.0,0.0,2.0,72.0,0.0,2.0,0.0,0
1262889,351.40200000000016,3.9738000000000033,1.0,5.0,62.91,5.0,3.0,2.0,1.0,1.0,5.0,4.0,26.0,1.0,0.0,1.0,134.0,0.0,2.0,0.0,0
16746083,356.81700000000006,3.1249,3.0,7.0,95.85,7.0,3.0,1.0,2.0,0.0,8.0,3.0,25.0,0.0,0.0,0.0,128.0,0.0,2.0,0.0,1
655692,364.371,2.8611000000000004,1.0,4.0,48.470000000000006,4.0,2.0,1.0,1.0,1.0,8.0,3.0,26.0,1.0,0.0,1.0,138.0,0.0,2.0,1.0,0
10246,244.338,1.8199,0.0,3.0,25.24,0.0,1.0,0.0,1.0,2.0,3.0,4.0,18.0,3.0,0.0,3.0,96.0,0.0,4.0,0.0,0
3245999,267.288,1.3589999999999998,2.0,3.0,71.09,3.0,2.0,1.0,1.0,1.0,5.0,3.0,20.0,1.0,0.0,1.0,100.0,0.0,2.0,3.0,0
645020,349.39000000000016,3.8066200000000014,2.0,4.0,84.22999999999999,6.0,3.0,1.0,2.0,0.0,6.0,3.0,26.0,0.0,0.0,0.0,132.0,0.0,2.0,2.0,0
2081,255.745,2.5515000000000008,1.0,3.0,52.32000000000001,4.0,1.0,1.0,0.0,0.0,4.0,1.0,17.0,0.0,0.0,0.0,94.0,0.0,0.0,0.0,0
658407,298.39400000000006,1.82688,0.0,6.0,58.040000000000006,2.0,2.0,0.0,2.0,1.0,6.0,3.0,22.0,1.0,0.0,1.0,116.0,0.0,3.0,0.0,0
3234826,316.44900000000007,2.4508,0.0,4.0,49.33,3.0,1.0,0.0,1.0,2.0,5.0,3.0,23.0,2.0,0.0,2.0,126.0,1.0,3.0,1.0,0
2063178,266.304,3.158520000000001,1.0,5.0,63.84,2.0,3.0,1.0,2.0,0.0,5.0,4.0,20.0,1.0,1.0,0.0,100.0,0.0,2.0,0.0,0
700801,191.25900000000004,2.23831,1.0,3.0,33.61,1.0,2.0,1.0,1.0,0.0,4.0,2.0,13.0,0.0,0.0,0.0,66.0,0.0,1.0,0.0,0
181513,188.274,2.5379200000000006,1.0,1.0,19.03,2.0,2.0,1.0,1.0,0.0,2.0,2.0,14.0,0.0,0.0,0.0,74.0,0.0,1.0,0.0,0
3240349,398.5060000000002,1.9684,1.0,6.0,92.78000000000002,7.0,1.0,1.0,0.0,0.0,9.0,2.0,26.0,1.0,0.0,1.0,142.0,0.0,1.0,1.0,0
279866,233.658,2.3823,1.0,3.0,54.88,2.0,2.0,1.0,1.0,0.0,5.0,2.0,16.0,0.0,0.0,0.0,80.0,0.0,1.0,1.0,0
649592,341.4550000000002,3.7532000000000014,2.0,3.0,66.89,3.0,2.0,1.0,1.0,2.0,5.0,4.0,25.0,2.0,2.0,0.0,134.0,0.0,1.0,1.0,0
934656,225.25500000000005,1.80314,0.0,5.0,55.97,1.0,3.0,0.0,3.0,0.0,5.0,3.0,17.0,0.0,0.0,0.0,84.0,0.0,3.0,0.0,0
119,103.12099999999998,-0.1900999999999997,2.0,2.0,63.32000000000001,3.0,0.0,0.0,0.0,0.0,3.0,0.0,7.0,0.0,0.0,0.0,42.0,0.0,0.0,0.0,0
7724,117.151,1.8667,0.0,1.0,23.79,0.0,1.0,1.0,0.0,0.0,1.0,1.0,9.0,0.0,0.0,0.0,44.0,0.0,0.0,0.0,0
71554944,400.4170000000001,4.518380000000002,3.0,4.0,106.49,4.0,4.0,2.0,2.0,0.0,8.0,4.0,30.0,0.0,0.0,0.0,148.0,0.0,2.0,2.0,1
2999019,321.3840000000002,2.11578,1.0,5.0,81.91,4.0,2.0,1.0,1.0,2.0,6.0,4.0,24.0,2.0,1.0,1.0,122.0,0.0,2.0,1.0,0
771649,229.663,2.2352,2.0,3.0,58.56,5.0,1.0,1.0,0.0,0.0,5.0,1.0,15.0,0.0,0.0,0.0,82.0,0.0,0.0,0.0,0
649533,309.4090000000001,4.092700000000003,0.0,2.0,37.38,1.0,1.0,1.0,0.0,1.0,3.0,4.0,23.0,3.0,2.0,1.0,120.0,0.0,1.0,2.0,0
989240,405.8850000000001,3.802200000000002,0.0,3.0,43.86000000000001,3.0,3.0,3.0,0.0,1.0,6.0,5.0,29.0,2.0,0.0,2.0,146.0,0.0,2.0,2.0,0
644429,342.3760000000002,2.4729,1.0,6.0,69.56,3.0,3.0,2.0,1.0,0.0,7.0,4.0,24.0,1.0,0.0,1.0,122.0,0.0,2.0,1.0,0
2948564,328.36799999999994,2.690200000000001,0.0,5.0,68.73,7.0,2.0,1.0,1.0,0.0,6.0,2.0,24.0,0.0,0.0,0.0,126.0,0.0,1.0,1.0,0
791084,244.20999999999995,1.529,1.0,7.0,90.11,1.0,3.0,0.0,3.0,0.0,7.0,4.0,18.0,1.0,1.0,0.0,90.0,0.0,3.0,0.0,0
5308197,399.47600000000017,2.900000000000001,2.0,8.0,104.29,7.0,3.0,2.0,1.0,0.0,9.0,3.0,28.0,0.0,0.0,0.0,146.0,0.0,1.0,1.0,0
2857335,296.41400000000004,4.125820000000004,0.0,3.0,25.36,4.0,2.0,1.0,1.0,1.0,3.0,3.0,22.0,1.0,0.0,1.0,116.0,0.0,2.0,0.0,0
1185427,409.4890000000002,2.3566000000000003,1.0,7.0,105.67,6.0,2.0,1.0,1.0,1.0,10.0,3.0,27.0,1.0,0.0,1.0,144.0,0.0,2.0,1.0,0
3239856,306.362,1.81324,1.0,4.0,71.63000000000001,2.0,1.0,0.0,1.0,2.0,6.0,3.0,22.0,2.0,0.0,2.0,120.0,1.0,3.0,1.0,0
2997648,279.723,2.945500000000001,2.0,2.0,66.39999999999999,3.0,1.0,1.0,0.0,0.0,5.0,2.0,19.0,1.0,1.0,0.0,100.0,0.0,0.0,1.0,0
657851,334.39700000000005,2.3418,2.0,6.0,87.99,5.0,1.0,1.0,0.0,0.0,7.0,2.0,23.0,1.0,0.0,1.0,122.0,0.0,1.0,0.0,0
649531,311.38500000000016,3.459900000000002,1.0,4.0,54.46,5.0,2.0,1.0,1.0,1.0,5.0,3.0,23.0,1.0,0.0,1.0,120.0,0.0,2.0,1.0,0
653229,291.27000000000004,1.92968,0.0,7.0,85.85000000000001,2.0,3.0,2.0,1.0,0.0,7.0,4.0,22.0,1.0,0.0,1.0,106.0,0.0,2.0,0.0,0
645103,356.45100000000014,3.731160000000002,1.0,6.0,72.95000000000002,5.0,3.0,1.0,2.0,0.0,7.0,3.0,25.0,0.0,0.0,0.0,130.0,0.0,2.0,1.0,0
3148960,249.31,2.2773000000000003,1.0,3.0,57.61000000000001,0.0,0.0,0.0,0.0,1.0,4.0,3.0,18.0,3.0,2.0,1.0,98.0,0.0,1.0,2.0,0
2207151,347.8240000000001,1.4576999999999998,1.0,4.0,78.95,3.0,1.0,1.0,0.0,1.0,9.0,2.0,22.0,1.0,0.0,1.0,122.0,0.0,1.0,2.0,0
2362535,458.5360000000003,1.7576199999999995,0.0,6.0,93.21999999999998,5.0,2.0,2.0,0.0,1.0,9.0,4.0,32.0,2.0,0.0,2.0,170.0,0.0,2.0,1.0,0
3247158,506.5300000000003,2.224899999999999,0.0,6.0,101.06,7.0,2.0,2.0,0.0,1.0,9.0,4.0,37.0,2.0,1.0,1.0,192.0,0.0,1.0,2.0,0
80247,190.028,-0.6582000000000001,4.0,2.0,115.06,3.0,0.0,0.0,0.0,0.0,8.0,0.0,10.0,0.0,0.0,0.0,62.0,0.0,0.0,0.0,0
5309678,304.353,3.403780000000001,3.0,2.0,80.71000000000001,4.0,3.0,2.0,1.0,0.0,5.0,3.0,23.0,0.0,0.0,0.0,114.0,0.0,1.0,2.0,0
828646,309.35,4.136700000000002,2.0,4.0,70.92,3.0,4.0,1.0,3.0,0.0,6.0,4.0,22.0,0.0,0.0,0.0,108.0,0.0,3.0,1.0,0
3237016,380.242,1.3526000000000002,2.0,4.0,74.43,4.0,2.0,1.0,1.0,1.0,7.0,3.0,23.0,1.0,0.0,1.0,122.0,0.0,2.0,1.0,0
656292,322.43,1.8969,1.0,3.0,66.48,3.0,1.0,1.0,0.0,2.0,6.0,3.0,22.0,2.0,0.0,2.0,120.0,0.0,2.0,1.0,0
2998296,457.5810000000002,2.863700000000001,1.0,7.0,95.5,6.0,3.0,2.0,1.0,1.0,10.0,4.0,31.0,1.0,0.0,1.0,162.0,0.0,2.0,1.0,0
3242774,367.4090000000001,2.489140000000001,1.0,7.0,98.48,6.0,3.0,1.0,2.0,0.0,8.0,3.0,27.0,0.0,0.0,0.0,140.0,0.0,2.0,1.0,0
663931,457.89300000000014,4.410300000000003,3.0,6.0,109.14,7.0,3.0,2.0,1.0,0.0,10.0,4.0,32.0,1.0,0.0,1.0,166.0,0.0,2.0,1.0,0
2889665,351.4020000000001,3.222300000000001,1.0,4.0,66.84,6.0,2.0,2.0,0.0,0.0,5.0,3.0,26.0,1.0,0.0,1.0,134.0,0.0,1.0,1.0,0
644907,364.405,2.692120000000001,2.0,5.0,93.09,5.0,3.0,2.0,1.0,0.0,7.0,3.0,27.0,0.0,0.0,0.0,138.0,0.0,1.0,2.0,0
665666,441.4470000000002,2.709100000000001,0.0,8.0,110.98,3.0,4.0,1.0,3.0,0.0,9.0,5.0,33.0,1.0,0.0,1.0,164.0,0.0,4.0,1.0,0
3243386,312.32900000000006,4.229000000000002,1.0,6.0,63.84,3.0,4.0,2.0,2.0,0.0,7.0,4.0,22.0,0.0,0.0,0.0,108.0,0.0,2.0,0.0,0
3235001,202.301,1.8764,1.0,2.0,15.27,1.0,1.0,1.0,0.0,2.0,2.0,3.0,15.0,2.0,0.0,2.0,80.0,1.0,2.0,0.0,0
2999362,353.4290000000002,0.2621,2.0,7.0,117.7,5.0,2.0,0.0,2.0,1.0,10.0,3.0,23.0,1.0,0.0,1.0,122.0,0.0,3.0,1.0,0
876830,251.351,2.093,0.0,3.0,21.700000000000003,3.0,1.0,1.0,0.0,1.0,4.0,2.0,17.0,1.0,0.0,1.0,92.0,0.0,1.0,0.0,0
2269434,292.423,1.94624,0.0,4.0,24.940000000000005,7.0,1.0,1.0,0.0,1.0,4.0,2.0,21.0,1.0,0.0,1.0,118.0,0.0,1.0,0.0,0
794661,245.253,3.2959200000000006,2.0,3.0,52.82000000000001,2.0,2.0,2.0,0.0,0.0,4.0,2.0,18.0,0.0,0.0,0.0,92.0,0.0,0.0,0.0,0
135417994,388.4270000000002,3.405520000000002,2.0,6.0,81.17,4.0,4.0,2.0,2.0,0.0,7.0,5.0,29.0,1.0,0.0,1.0,146.0,0.0,3.0,0.0,0
3458260,445.3240000000002,2.897800000000001,1.0,5.0,110.68,5.0,2.0,1.0,1.0,1.0,10.0,3.0,28.0,1.0,0.0,1.0,150.0,0.0,2.0,2.0,0
645130,286.33900000000006,0.9936,0.0,6.0,76.80000000000001,3.0,2.0,0.0,2.0,1.0,7.0,3.0,21.0,1.0,0.0,1.0,110.0,0.0,3.0,1.0,0
5309852,470.6390000000005,3.112400000000002,0.0,5.0,73.82,4.0,2.0,1.0,1.0,3.0,8.0,5.0,33.0,3.0,1.0,2.0,178.0,0.0,3.0,1.0,0
653854,475.4710000000001,4.107400000000003,1.0,7.0,75.77,4.0,3.0,1.0,2.0,1.0,11.0,5.0,34.0,2.0,0.0,2.0,180.0,0.0,4.0,1.0,0
1225694,248.307,2.8672000000000013,1.0,4.0,55.13,2.0,2.0,0.0,2.0,0.0,5.0,3.0,17.0,1.0,1.0,0.0,88.0,0.0,2.0,1.0,0
665869,361.7890000000001,1.7070199999999998,2.0,7.0,101.38,5.0,3.0,1.0,2.0,0.0,9.0,3.0,25.0,0.0,0.0,0.0,130.0,0.0,2.0,0.0,0
910752,260.249,0.0205999999999999,1.0,6.0,81.30000000000001,2.0,2.0,1.0,1.0,0.0,6.0,2.0,19.0,0.0,0.0,0.0,98.0,0.0,1.0,0.0,0
696845,204.258,1.95584,0.0,5.0,43.08,0.0,3.0,0.0,3.0,0.0,5.0,3.0,14.0,0.0,0.0,0.0,70.0,0.0,3.0,0.0,0
74592,197.237,2.8199000000000014,0.0,1.0,20.31,1.0,2.0,2.0,0.0,0.0,2.0,3.0,15.0,1.0,0.0,1.0,74.0,0.0,1.0,1.0,0
3242564,440.50000000000017,2.008799999999999,2.0,7.0,92.37,8.0,2.0,2.0,0.0,1.0,9.0,4.0,32.0,2.0,0.0,2.0,170.0,0.0,2.0,2.0,0
3246741,277.288,0.8665999999999998,2.0,9.0,120.96,6.0,2.0,0.0,2.0,0.0,9.0,2.0,20.0,0.0,0.0,0.0,106.0,0.0,2.0,0.0,0
663374,337.4120000000001,2.9236000000000004,1.0,7.0,85.17,5.0,4.0,1.0,3.0,0.0,8.0,4.0,24.0,0.0,0.0,0.0,120.0,0.0,3.0,0.0,0
3245786,250.685,3.197140000000002,1.0,3.0,55.13,2.0,2.0,1.0,1.0,0.0,5.0,2.0,17.0,0.0,0.0,0.0,88.0,0.0,1.0,1.0,0
3244913,323.487,3.6675900000000032,2.0,5.0,60.05,6.0,1.0,0.0,1.0,0.0,6.0,2.0,21.0,1.0,1.0,0.0,114.0,0.0,1.0,1.0,0
5678335,238.246,2.04278,1.0,4.0,62.120000000000005,2.0,1.0,1.0,0.0,0.0,4.0,2.0,18.0,1.0,0.0,1.0,88.0,0.0,1.0,0.0,0
135415418,434.5210000000002,3.962200000000003,1.0,7.0,93.6,5.0,3.0,1.0,2.0,1.0,8.0,4.0,31.0,1.0,0.0,1.0,158.0,0.0,3.0,1.0,0
5309338,463.53800000000007,4.2691000000000034,1.0,7.0,81.81,8.0,4.0,2.0,2.0,0.0,9.0,4.0,33.0,0.0,0.0,0.0,168.0,0.0,2.0,1.0,0
6604873,239.274,2.947680000000001,2.0,3.0,64.25,3.0,2.0,2.0,0.0,0.0,3.0,2.0,18.0,0.0,0.0,0.0,90.0,0.0,0.0,0.0,0
6604856,324.488,5.112300000000006,0.0,1.0,9.23,9.0,2.0,2.0,0.0,0.0,2.0,2.0,24.0,0.0,0.0,0.0,128.0,0.0,0.0,0.0,0
649262,419.52500000000026,3.641840000000002,1.0,3.0,65.64,5.0,3.0,2.0,1.0,1.0,6.0,4.0,31.0,1.0,0.0,1.0,162.0,0.0,2.0,2.0,0
649960,293.37100000000004,1.2912999999999994,2.0,6.0,84.71000000000001,6.0,2.0,0.0,2.0,0.0,7.0,2.0,21.0,0.0,0.0,0.0,116.0,0.0,2.0,0.0,0
654307,272.329,2.6800000000000006,0.0,5.0,62.98,3.0,2.0,1.0,1.0,0.0,5.0,2.0,19.0,0.0,0.0,0.0,96.0,0.0,1.0,0.0,0
3240171,315.379,4.059720000000001,1.0,6.0,68.02000000000001,2.0,4.0,1.0,3.0,0.0,7.0,4.0,21.0,0.0,0.0,0.0,104.0,0.0,3.0,1.0,0
16757881,862.064,2.679800000000008,4.0,17.0,226.28,12.0,0.0,0.0,0.0,3.0,17.0,3.0,60.0,3.0,0.0,3.0,348.0,0.0,3.0,0.0,0
135449270,301.34900000000005,4.182700000000002,1.0,4.0,50.41,2.0,4.0,3.0,1.0,0.0,4.0,4.0,23.0,0.0,0.0,0.0,112.0,0.0,1.0,0.0,0
5199976,315.37299999999993,2.9659000000000013,0.0,4.0,45.56,3.0,2.0,1.0,1.0,0.0,6.0,3.0,22.0,1.0,0.0,1.0,112.0,0.0,2.0,1.0,0
664382,490.5390000000004,1.9200699999999995,2.0,8.0,104.72,7.0,4.0,1.0,3.0,1.0,10.0,5.0,36.0,1.0,0.0,1.0,186.0,0.0,4.0,1.0,0
3245768,375.4910000000002,0.7389000000000003,0.0,5.0,87.23,5.0,0.0,0.0,0.0,2.0,9.0,2.0,25.0,2.0,0.0,2.0,144.0,0.0,2.0,2.0,0
655905,279.299,3.7268000000000017,1.0,5.0,74.99000000000001,4.0,3.0,1.0,2.0,0.0,5.0,3.0,21.0,0.0,0.0,0.0,104.0,0.0,2.0,0.0,0
2973708,359.38600000000014,2.6191000000000004,1.0,8.0,107.71,6.0,2.0,1.0,1.0,0.0,9.0,3.0,26.0,1.0,1.0,0.0,138.0,0.0,1.0,0.0,1
658955,352.4590000000002,4.708700000000004,0.0,3.0,40.620000000000005,0.0,2.0,2.0,0.0,1.0,5.0,4.0,25.0,2.0,0.0,2.0,128.0,0.0,2.0,2.0,0
648551,320.37800000000004,1.3822,2.0,7.0,101.8,6.0,2.0,1.0,1.0,0.0,9.0,2.0,22.0,0.0,0.0,0.0,116.0,0.0,1.0,2.0,0
2953635,408.3290000000002,4.151200000000002,1.0,4.0,44.81,5.0,2.0,2.0,0.0,1.0,7.0,3.0,27.0,1.0,0.0,1.0,144.0,0.0,1.0,1.0,0
5595,284.3590000000001,2.9499000000000013,1.0,3.0,45.33,2.0,2.0,1.0,1.0,2.0,4.0,4.0,21.0,2.0,0.0,2.0,110.0,0.0,3.0,0.0,0
653095,485.63100000000014,4.269720000000003,2.0,6.0,91.65,9.0,3.0,0.0,3.0,1.0,9.0,4.0,33.0,1.0,1.0,0.0,174.0,0.0,3.0,3.0,0
1844826,334.40500000000014,0.7774999999999992,1.0,8.0,85.17,5.0,2.0,1.0,1.0,1.0,9.0,3.0,23.0,1.0,0.0,1.0,122.0,0.0,2.0,1.0,0
2224029,405.9070000000001,4.297720000000004,0.0,5.0,76.30000000000001,6.0,3.0,2.0,1.0,0.0,8.0,3.0,27.0,0.0,0.0,0.0,142.0,0.0,1.0,0.0,0
887,32.042,-0.3915,1.0,1.0,20.23,0.0,0.0,0.0,0.0,0.0,1.0,0.0,2.0,0.0,0.0,0.0,14.0,0.0,0.0,0.0,0
655906,462.5570000000003,2.29382,1.0,9.0,123.22,7.0,3.0,1.0,2.0,1.0,12.0,4.0,31.0,1.0,0.0,1.0,164.0,0.0,3.0,1.0,0
2630150,431.5430000000002,3.4629400000000023,1.0,9.0,99.0,7.0,3.0,1.0,2.0,0.0,10.0,3.0,29.0,0.0,0.0,0.0,152.0,0.0,2.0,1.0,0
647315,305.76899999999995,2.7006999999999994,2.0,4.0,73.91,3.0,2.0,1.0,1.0,1.0,7.0,3.0,21.0,1.0,0.0,1.0,110.0,0.0,2.0,1.0,0
2055740,244.342,2.569680000000001,0.0,4.0,35.64,4.0,2.0,0.0,2.0,0.0,4.0,2.0,18.0,0.0,0.0,0.0,96.0,0.0,2.0,0.0,0
16758192,676.6680000000005,0.0678999999999985,8.0,15.0,238.2,9.0,3.0,2.0,1.0,2.0,15.0,5.0,48.0,2.0,0.0,2.0,262.0,0.0,3.0,0.0,0
3247234,589.6640000000004,2.782800000000001,2.0,7.0,112.31,8.0,3.0,2.0,1.0,2.0,10.0,6.0,43.0,3.0,1.0,2.0,226.0,0.0,3.0,2.0,0
655422,277.75500000000005,1.3283999999999998,0.0,4.0,26.790000000000006,2.0,1.0,1.0,0.0,4.0,5.0,5.0,19.0,4.0,0.0,4.0,100.0,0.0,4.0,0.0,0
3242052,376.4340000000001,0.7094,1.0,6.0,84.94,6.0,1.0,0.0,1.0,2.0,8.0,4.0,26.0,3.0,0.0,3.0,138.0,1.0,4.0,2.0,0
3233405,217.316,1.6615,1.0,3.0,28.16,1.0,1.0,0.0,1.0,2.0,3.0,3.0,16.0,2.0,0.0,2.0,86.0,1.0,3.0,0.0,0
3237839,472.9540000000002,3.615990000000002,1.0,6.0,87.63999999999999,3.0,3.0,2.0,1.0,1.0,10.0,4.0,32.0,1.0,0.0,1.0,166.0,0.0,2.0,2.0,0
3244493,309.32500000000005,1.95982,2.0,5.0,101.71,3.0,3.0,1.0,2.0,0.0,6.0,3.0,23.0,0.0,0.0,0.0,116.0,0.0,2.0,1.0,0
16757739,394.4390000000002,0.6204999999999998,4.0,6.0,115.06,2.0,0.0,0.0,0.0,3.0,7.0,4.0,28.0,4.0,4.0,0.0,154.0,0.0,0.0,0.0,0
3243105,362.382,1.9747999999999992,1.0,4.0,83.55000000000001,3.0,2.0,2.0,0.0,0.0,8.0,3.0,25.0,1.0,0.0,1.0,130.0,0.0,1.0,2.0,0
118046732,473.5580000000001,3.4297200000000023,2.0,7.0,127.93,6.0,4.0,2.0,2.0,0.0,9.0,4.0,34.0,0.0,0.0,0.0,172.0,0.0,2.0,1.0,1
3239443,267.329,1.8175,2.0,3.0,78.19,1.0,1.0,0.0,1.0,1.0,6.0,2.0,19.0,1.0,0.0,1.0,106.0,0.0,2.0,1.0,0
889929,245.32199999999992,2.7468000000000017,1.0,2.0,40.540000000000006,3.0,1.0,1.0,0.0,1.0,3.0,2.0,18.0,1.0,0.0,1.0,96.0,0.0,1.0,1.0,0
2165095,314.414,2.9188400000000003,1.0,5.0,63.57,5.0,3.0,1.0,2.0,0.0,6.0,3.0,22.0,0.0,0.0,0.0,114.0,0.0,2.0,0.0,0
3245942,325.36400000000003,3.678200000000002,1.0,4.0,56.790000000000006,4.0,2.0,2.0,0.0,0.0,5.0,4.0,24.0,2.0,0.0,2.0,124.0,0.0,2.0,1.0,0
664139,303.321,4.322200000000002,1.0,5.0,68.02000000000001,3.0,4.0,2.0,2.0,0.0,5.0,4.0,23.0,0.0,0.0,0.0,112.0,0.0,2.0,0.0,0
3242399,381.5420000000001,2.0809,1.0,4.0,69.72,9.0,1.0,1.0,0.0,1.0,7.0,2.0,26.0,1.0,0.0,1.0,146.0,0.0,1.0,1.0,0
3239246,365.4370000000002,2.29322,0.0,6.0,73.02000000000001,3.0,3.0,1.0,2.0,1.0,7.0,4.0,27.0,1.0,0.0,1.0,140.0,0.0,3.0,1.0,0
2998906,349.41200000000003,2.08324,1.0,5.0,92.51,4.0,2.0,1.0,1.0,1.0,8.0,3.0,24.0,1.0,0.0,1.0,128.0,0.0,2.0,1.0,0
16758461,498.5290000000003,-1.2699999999999965,4.0,11.0,167.58,5.0,0.0,0.0,0.0,5.0,12.0,5.0,35.0,5.0,2.0,3.0,196.0,0.0,3.0,2.0,0
4668146,391.4710000000001,4.641520000000003,1.0,4.0,63.69,7.0,3.0,2.0,1.0,0.0,6.0,3.0,29.0,0.0,0.0,0.0,150.0,0.0,1.0,2.0,0
649642,400.8410000000001,4.940600000000003,1.0,4.0,71.26,3.0,3.0,2.0,1.0,1.0,8.0,4.0,28.0,1.0,0.0,1.0,144.0,0.0,2.0,2.0,0
3244039,340.814,4.086400000000002,1.0,5.0,51.97,3.0,3.0,2.0,1.0,0.0,6.0,4.0,24.0,1.0,0.0,1.0,122.0,0.0,2.0,0.0,0
89535990,446.4900000000002,3.0817200000000016,3.0,6.0,111.72,4.0,4.0,0.0,4.0,1.0,10.0,5.0,33.0,1.0,0.0,1.0,168.0,0.0,5.0,2.0,1
3236197,347.4150000000001,2.4412000000000003,1.0,3.0,52.650000000000006,6.0,2.0,1.0,1.0,1.0,7.0,3.0,24.0,1.0,0.0,1.0,126.0,0.0,2.0,3.0,0
2234677,333.85100000000006,2.6776,1.0,8.0,80.66000000000001,4.0,2.0,0.0,2.0,0.0,10.0,2.0,19.0,0.0,0.0,0.0,100.0,0.0,2.0,1.0,0
1518984,266.32199999999995,1.0943999999999998,0.0,6.0,60.66,3.0,1.0,0.0,1.0,2.0,6.0,3.0,18.0,2.0,2.0,0.0,96.0,0.0,1.0,0.0,0
2834471,294.73800000000006,1.3040999999999996,0.0,4.0,49.85,2.0,1.0,1.0,0.0,2.0,6.0,3.0,20.0,2.0,0.0,2.0,106.0,0.0,2.0,2.0,0
801624,244.319,2.8124,1.0,3.0,41.99,4.0,2.0,1.0,1.0,0.0,4.0,2.0,17.0,0.0,0.0,0.0,86.0,0.0,1.0,1.0,0
1247018,280.30500000000006,2.39184,1.0,6.0,81.42999999999999,3.0,2.0,0.0,2.0,0.0,7.0,2.0,19.0,0.0,0.0,0.0,100.0,0.0,2.0,1.0,0
666862,322.3640000000001,3.172500000000002,1.0,4.0,60.33,3.0,3.0,2.0,1.0,0.0,5.0,3.0,24.0,0.0,0.0,0.0,122.0,0.0,1.0,1.0,0
2567826,444.6070000000003,5.593740000000004,0.0,9.0,73.81,5.0,4.0,0.0,4.0,1.0,9.0,5.0,29.0,1.0,1.0,0.0,150.0,0.0,4.0,0.0,0
3245521,455.5360000000002,3.4731400000000026,0.0,6.0,92.95,6.0,3.0,2.0,1.0,0.0,9.0,4.0,32.0,1.0,0.0,1.0,168.0,0.0,2.0,1.0,0
645704,408.54900000000026,2.878400000000001,1.0,7.0,84.42,8.0,2.0,0.0,2.0,1.0,9.0,3.0,27.0,1.0,1.0,0.0,146.0,0.0,2.0,2.0,0
697506,331.85,3.190800000000001,1.0,5.0,71.95,5.0,2.0,1.0,1.0,0.0,8.0,2.0,20.0,0.0,0.0,0.0,108.0,0.0,1.0,0.0,0
3235460,295.342,3.381600000000001,0.0,5.0,51.39,5.0,3.0,1.0,2.0,0.0,5.0,3.0,22.0,0.0,0.0,0.0,112.0,0.0,2.0,0.0,0
2961825,333.39100000000013,3.153340000000002,0.0,4.0,55.2,3.0,3.0,2.0,1.0,1.0,5.0,4.0,25.0,1.0,0.0,1.0,126.0,0.0,2.0,2.0,1
646479,312.41700000000014,3.1751000000000014,0.0,4.0,51.02,2.0,2.0,1.0,1.0,2.0,5.0,4.0,23.0,2.0,1.0,1.0,122.0,0.0,2.0,1.0,0
2576680,339.37700000000007,0.6924999999999999,3.0,7.0,122.02,7.0,2.0,0.0,2.0,0.0,10.0,2.0,23.0,0.0,0.0,0.0,124.0,0.0,2.0,3.0,0
832838,308.33700000000005,3.6040000000000014,1.0,4.0,62.13,5.0,2.0,2.0,0.0,0.0,5.0,3.0,23.0,1.0,0.0,1.0,116.0,0.0,1.0,0.0,0
5389488,454.52700000000016,2.5766400000000003,2.0,7.0,115.83,8.0,2.0,0.0,2.0,1.0,9.0,3.0,33.0,1.0,0.0,1.0,176.0,0.0,3.0,1.0,0
654485,472.5930000000002,3.844700000000003,1.0,6.0,85.05,9.0,4.0,2.0,2.0,0.0,8.0,4.0,35.0,0.0,0.0,0.0,182.0,0.0,2.0,2.0,0
1491025,342.464,5.040320000000005,0.0,4.0,46.38,5.0,2.0,2.0,0.0,1.0,5.0,3.0,24.0,1.0,0.0,1.0,126.0,0.0,1.0,0.0,1
2955378,355.36,2.4332000000000003,3.0,3.0,70.23,3.0,1.0,1.0,0.0,2.0,8.0,3.0,25.0,2.0,1.0,1.0,136.0,0.0,1.0,2.0,0
759769,280.33500000000004,2.0511,0.0,5.0,70.1,3.0,2.0,1.0,1.0,1.0,6.0,3.0,21.0,1.0,0.0,1.0,106.0,0.0,2.0,0.0,0
118365293,325.372,2.891700000000001,3.0,4.0,91.93,5.0,3.0,1.0,2.0,0.0,7.0,3.0,24.0,0.0,0.0,0.0,124.0,0.0,2.0,2.0,1
658391,361.1990000000002,2.9320000000000013,0.0,6.0,59.84,1.0,2.0,1.0,1.0,1.0,7.0,4.0,22.0,2.0,0.0,2.0,112.0,0.0,3.0,0.0,0
654355,434.5650000000002,3.730200000000004,0.0,5.0,58.440000000000005,5.0,3.0,2.0,1.0,1.0,7.0,5.0,31.0,2.0,0.0,2.0,160.0,0.0,3.0,2.0,0
648904,443.58800000000025,2.443199999999999,2.0,4.0,87.74000000000001,5.0,0.0,0.0,0.0,4.0,7.0,5.0,32.0,5.0,2.0,3.0,176.0,1.0,3.0,3.0,0
296474,343.0920000000001,2.7150000000000007,0.0,6.0,69.9,3.0,2.0,0.0,2.0,0.0,11.0,2.0,21.0,0.0,0.0,0.0,114.0,0.0,2.0,0.0,0
649104,312.369,3.2703000000000024,0.0,5.0,45.510000000000005,7.0,3.0,2.0,1.0,0.0,5.0,3.0,23.0,0.0,0.0,0.0,120.0,0.0,1.0,0.0,0
3234324,395.47800000000007,4.376000000000004,1.0,2.0,52.650000000000006,2.0,2.0,2.0,0.0,2.0,6.0,4.0,29.0,2.0,0.0,2.0,152.0,1.0,2.0,3.0,0
2141528,301.371,1.8414,1.0,4.0,66.06,3.0,2.0,1.0,1.0,0.0,6.0,3.0,21.0,1.0,0.0,1.0,108.0,0.0,2.0,1.0,0
967387,323.345,2.194,0.0,4.0,63.68,5.0,2.0,2.0,0.0,0.0,7.0,2.0,22.0,0.0,0.0,0.0,116.0,0.0,0.0,0.0,0
3233859,358.40100000000007,3.104800000000002,0.0,6.0,69.9,5.0,4.0,2.0,2.0,0.0,6.0,4.0,27.0,0.0,0.0,0.0,134.0,0.0,2.0,0.0,0
3246315,220.316,1.1893999999999998,1.0,3.0,26.71,3.0,1.0,1.0,0.0,1.0,3.0,2.0,16.0,1.0,0.0,1.0,88.0,0.0,1.0,0.0,0
5389909,453.49100000000016,3.4238000000000026,2.0,7.0,105.53000000000002,10.0,2.0,2.0,0.0,1.0,8.0,3.0,33.0,1.0,0.0,1.0,174.0,0.0,1.0,1.0,0
972742,334.4010000000001,2.4983000000000004,1.0,6.0,84.42,3.0,2.0,1.0,1.0,1.0,8.0,3.0,23.0,1.0,0.0,1.0,122.0,0.0,2.0,2.0,0
3233519,366.4800000000001,4.344100000000004,0.0,2.0,23.550000000000004,3.0,2.0,2.0,0.0,2.0,4.0,4.0,27.0,2.0,0.0,2.0,142.0,1.0,2.0,1.0,0
3232683,403.4860000000001,3.503580000000002,1.0,4.0,89.33,2.0,2.0,1.0,1.0,2.0,7.0,4.0,30.0,2.0,0.0,2.0,154.0,1.0,3.0,3.0,0
647544,324.37700000000007,0.0370000000000014,0.0,7.0,76.15,6.0,0.0,0.0,0.0,4.0,7.0,4.0,23.0,4.0,0.0,4.0,128.0,0.0,4.0,0.0,0
3234830,232.331,1.4466,1.0,4.0,41.05,1.0,1.0,0.0,1.0,2.0,4.0,3.0,17.0,2.0,0.0,2.0,92.0,1.0,3.0,0.0,0
9555297,256.26900000000006,0.3506999999999989,0.0,7.0,70.0,2.0,3.0,1.0,2.0,0.0,7.0,3.0,19.0,0.0,0.0,0.0,96.0,0.0,2.0,0.0,0
652017,297.31000000000006,3.501520000000003,0.0,5.0,61.44,3.0,3.0,1.0,2.0,0.0,5.0,3.0,22.0,0.0,0.0,0.0,112.0,0.0,2.0,0.0,0
238356,219.328,3.265500000000002,0.0,2.0,29.96,5.0,1.0,0.0,1.0,0.0,2.0,1.0,16.0,0.0,0.0,0.0,88.0,0.0,1.0,0.0,0
608398,274.36400000000003,2.6869200000000006,1.0,3.0,45.33,5.0,2.0,1.0,1.0,0.0,4.0,2.0,20.0,0.0,0.0,0.0,108.0,0.0,1.0,0.0,0
8330,260.891,4.2084,0.0,2.0,43.14,1.0,1.0,1.0,0.0,0.0,7.0,1.0,13.0,0.0,0.0,0.0,70.0,0.0,0.0,0.0,0
76071323,395.46300000000025,3.5245000000000024,4.0,5.0,112.16,6.0,3.0,1.0,2.0,1.0,8.0,4.0,29.0,1.0,1.0,0.0,152.0,0.0,2.0,2.0,1
2999606,387.8960000000001,3.802520000000002,1.0,6.0,72.70000000000002,6.0,3.0,1.0,2.0,0.0,8.0,3.0,26.0,0.0,0.0,0.0,134.0,0.0,2.0,1.0,0
992286,412.8510000000003,2.0845200000000004,2.0,6.0,116.95000000000002,6.0,2.0,2.0,0.0,0.0,10.0,3.0,27.0,1.0,0.0,1.0,144.0,0.0,1.0,1.0,0
2999769,456.4950000000004,1.6765,1.0,7.0,95.56,8.0,2.0,2.0,0.0,1.0,9.0,4.0,33.0,2.0,0.0,2.0,176.0,0.0,2.0,2.0,0
3240375,430.9400000000002,2.199,1.0,7.0,79.16,6.0,3.0,1.0,2.0,1.0,9.0,4.0,30.0,1.0,0.0,1.0,160.0,0.0,3.0,0.0,0
646921,489.5320000000003,3.437800000000002,1.0,8.0,111.72000000000004,7.0,4.0,2.0,2.0,0.0,10.0,5.0,36.0,1.0,0.0,1.0,186.0,0.0,3.0,2.0,0
650157,443.9970000000003,2.349500000000001,1.0,5.0,78.95,6.0,1.0,1.0,0.0,2.0,9.0,3.0,29.0,2.0,0.0,2.0,162.0,0.0,2.0,1.0,0
2110684,441.5530000000002,2.279100000000001,0.0,4.0,78.0,5.0,2.0,2.0,0.0,1.0,8.0,4.0,31.0,2.0,0.0,2.0,164.0,0.0,2.0,2.0,0
4888254,351.35800000000006,2.690200000000001,1.0,5.0,79.98,4.0,3.0,2.0,1.0,0.0,6.0,4.0,26.0,1.0,0.0,1.0,132.0,0.0,2.0,1.0,0
2257914,385.2470000000002,2.5519000000000007,1.0,5.0,71.78,5.0,2.0,1.0,1.0,1.0,8.0,3.0,25.0,1.0,0.0,1.0,134.0,0.0,2.0,1.0,0
2851670,318.4240000000001,3.573240000000002,0.0,4.0,32.260000000000005,2.0,3.0,1.0,2.0,1.0,4.0,4.0,24.0,1.0,0.0,1.0,122.0,0.0,3.0,0.0,0
2088982,365.4870000000001,4.386520000000004,0.0,7.0,56.49,5.0,4.0,2.0,2.0,0.0,7.0,4.0,25.0,0.0,0.0,0.0,124.0,0.0,2.0,0.0,0
3247128,629.7320000000003,6.096900000000007,0.0,5.0,71.85000000000001,7.0,5.0,4.0,1.0,1.0,8.0,7.0,47.0,2.0,1.0,1.0,238.0,0.0,2.0,2.0,0
2092318,322.36800000000005,2.1315,1.0,5.0,76.88,5.0,3.0,1.0,2.0,0.0,6.0,3.0,24.0,0.0,0.0,0.0,122.0,0.0,2.0,1.0,0
5308700,387.5240000000003,2.5037000000000003,1.0,5.0,69.72,5.0,1.0,1.0,0.0,3.0,6.0,4.0,28.0,3.0,1.0,2.0,154.0,0.0,2.0,1.0,0
738531,201.189,1.1950999999999996,2.0,5.0,93.62,1.0,3.0,1.0,2.0,0.0,6.0,3.0,15.0,0.0,0.0,0.0,74.0,0.0,2.0,0.0,0
3239993,413.9050000000002,2.1857999999999995,0.0,4.0,60.93000000000001,4.0,1.0,1.0,0.0,3.0,7.0,5.0,29.0,4.0,2.0,2.0,152.0,0.0,2.0,3.0,0
646069,401.5320000000001,2.32492,2.0,4.0,78.50999999999999,10.0,2.0,2.0,0.0,0.0,7.0,2.0,28.0,0.0,0.0,0.0,150.0,0.0,0.0,2.0,0
664181,356.42200000000025,2.5558000000000005,0.0,5.0,62.99,3.0,2.0,1.0,1.0,1.0,6.0,4.0,26.0,2.0,1.0,1.0,138.0,0.0,2.0,1.0,0
684683,288.332,2.59012,2.0,5.0,83.81,4.0,3.0,1.0,2.0,0.0,7.0,3.0,20.0,0.0,0.0,0.0,102.0,0.0,2.0,1.0,0
24744,300.314,3.784220000000002,2.0,4.0,76.66,3.0,2.0,2.0,0.0,0.0,6.0,2.0,22.0,0.0,0.0,0.0,114.0,0.0,0.0,2.0,1
3243141,394.5180000000001,2.363900000000001,0.0,4.0,74.76,5.0,2.0,2.0,0.0,1.0,8.0,3.0,26.0,1.0,0.0,1.0,140.0,0.0,1.0,0.0,0
2961599,488.6170000000001,4.138240000000003,2.0,8.0,97.86,10.0,4.0,2.0,2.0,0.0,9.0,4.0,35.0,0.0,0.0,0.0,180.0,0.0,2.0,1.0,0
652442,435.4110000000002,4.223200000000002,2.0,5.0,96.8,5.0,4.0,2.0,2.0,0.0,9.0,5.0,32.0,1.0,0.0,1.0,162.0,0.0,3.0,2.0,1
3240643,423.4690000000003,2.2284,1.0,7.0,91.56,6.0,3.0,2.0,1.0,1.0,8.0,4.0,31.0,1.0,1.0,0.0,162.0,0.0,1.0,1.0,0
649336,449.9160000000001,4.2349200000000025,2.0,6.0,110.53000000000002,9.0,3.0,2.0,1.0,0.0,10.0,3.0,30.0,0.0,0.0,0.0,158.0,0.0,1.0,1.0,0
647247,364.5300000000002,3.4131000000000027,0.0,3.0,57.690000000000005,8.0,0.0,0.0,0.0,2.0,5.0,2.0,26.0,2.0,0.0,2.0,148.0,0.0,2.0,2.0,0
5742467,377.42200000000014,0.2414800000000003,1.0,7.0,130.56,5.0,1.0,1.0,0.0,0.0,9.0,2.0,26.0,1.0,0.0,1.0,138.0,0.0,1.0,0.0,0
869457,285.343,3.275100000000002,1.0,3.0,47.56,6.0,2.0,2.0,0.0,0.0,4.0,2.0,21.0,0.0,0.0,0.0,110.0,0.0,0.0,1.0,0
3480292,354.4100000000001,2.4655,3.0,6.0,113.47,5.0,2.0,1.0,1.0,0.0,7.0,3.0,26.0,1.0,1.0,0.0,136.0,0.0,1.0,0.0,0
2999099,306.4100000000001,-0.6633999999999964,0.0,4.0,47.10000000000001,2.0,0.0,0.0,0.0,3.0,6.0,3.0,22.0,3.0,1.0,2.0,122.0,0.0,2.0,2.0,0
2091469,377.469,4.916820000000004,0.0,5.0,58.7,3.0,3.0,2.0,1.0,1.0,6.0,4.0,27.0,1.0,0.0,1.0,136.0,0.0,2.0,1.0,0
719933,310.78100000000006,2.1832000000000003,0.0,3.0,49.85,3.0,1.0,1.0,0.0,1.0,6.0,2.0,21.0,1.0,0.0,1.0,114.0,0.0,1.0,2.0,0
804168,265.338,1.83774,1.0,4.0,63.99,3.0,2.0,1.0,1.0,0.0,6.0,2.0,18.0,0.0,0.0,0.0,96.0,0.0,1.0,0.0,0
1205193,389.8930000000001,3.7851000000000026,0.0,7.0,63.91,3.0,3.0,2.0,1.0,0.0,9.0,4.0,25.0,1.0,0.0,1.0,126.0,0.0,2.0,1.0,0
118045759,439.5120000000001,3.3020000000000023,2.0,5.0,102.15,5.0,3.0,2.0,1.0,1.0,8.0,4.0,31.0,1.0,0.0,1.0,160.0,0.0,2.0,1.0,1
664125,363.44600000000014,3.0681800000000017,1.0,6.0,86.84,2.0,3.0,1.0,2.0,1.0,7.0,5.0,26.0,2.0,2.0,0.0,130.0,1.0,2.0,0.0,0
121416722,365.437,3.216300000000002,3.0,5.0,92.07,6.0,3.0,1.0,2.0,1.0,7.0,4.0,27.0,1.0,1.0,0.0,140.0,0.0,2.0,2.0,1
2972571,436.9000000000002,2.4493,1.0,8.0,111.47000000000004,8.0,2.0,1.0,1.0,1.0,11.0,3.0,30.0,1.0,1.0,0.0,162.0,0.0,1.0,2.0,0
3236090,452.5360000000002,2.778380000000001,1.0,8.0,106.24,10.0,3.0,2.0,1.0,0.0,9.0,3.0,32.0,0.0,0.0,0.0,166.0,0.0,1.0,1.0,0
2997769,253.37099999999995,1.9611,1.0,4.0,46.92,4.0,1.0,0.0,1.0,1.0,5.0,2.0,17.0,1.0,1.0,0.0,94.0,0.0,1.0,1.0,0
2698824,313.788,3.282180000000001,1.0,3.0,56.13,5.0,2.0,2.0,0.0,0.0,5.0,2.0,22.0,0.0,0.0,0.0,112.0,0.0,0.0,1.0,0
974925,251.289,3.294220000000001,1.0,4.0,64.94,2.0,3.0,2.0,1.0,0.0,4.0,3.0,19.0,0.0,0.0,0.0,94.0,0.0,1.0,0.0,0
3241084,423.4690000000001,1.8414,2.0,6.0,98.66,9.0,3.0,2.0,1.0,0.0,8.0,3.0,31.0,0.0,0.0,0.0,162.0,0.0,1.0,2.0,0
5309337,283.375,2.963000000000001,1.0,3.0,46.92,4.0,2.0,1.0,1.0,0.0,4.0,3.0,21.0,1.0,1.0,0.0,110.0,0.0,1.0,1.0,0
409697,204.237,1.0108400000000002,4.0,4.0,124.46,4.0,1.0,1.0,0.0,0.0,6.0,1.0,15.0,0.0,0.0,0.0,78.0,0.0,0.0,0.0,0
664296,296.33000000000004,2.25346,2.0,5.0,83.8,2.0,3.0,1.0,2.0,0.0,6.0,3.0,22.0,0.0,0.0,0.0,112.0,0.0,2.0,0.0,0
646902,297.358,2.6061000000000005,2.0,3.0,71.09,5.0,2.0,1.0,1.0,0.0,5.0,2.0,22.0,0.0,0.0,0.0,114.0,0.0,1.0,2.0,0
2394979,432.5230000000003,3.1321200000000013,0.0,7.0,89.71,6.0,3.0,2.0,1.0,1.0,9.0,4.0,29.0,1.0,0.0,1.0,152.0,0.0,2.0,0.0,0
3243082,202.257,1.22234,1.0,2.0,41.46,1.0,1.0,1.0,0.0,0.0,3.0,2.0,15.0,1.0,0.0,1.0,78.0,0.0,1.0,1.0,0
5390033,443.4250000000001,3.2864000000000013,2.0,4.0,78.51,2.0,2.0,2.0,0.0,2.0,9.0,5.0,32.0,3.0,0.0,3.0,166.0,1.0,3.0,3.0,0
7666,185.064,2.624000000000001,0.0,0.0,0.0,2.0,1.0,1.0,0.0,0.0,1.0,1.0,9.0,0.0,0.0,0.0,48.0,0.0,0.0,0.0,0
651113,462.59700000000026,2.797180000000001,1.0,6.0,120.23,9.0,2.0,1.0,1.0,1.0,10.0,3.0,31.0,1.0,1.0,0.0,166.0,0.0,1.0,0.0,0
666708,399.50100000000015,2.6961400000000006,1.0,8.0,85.57,4.0,4.0,1.0,3.0,0.0,9.0,4.0,27.0,0.0,0.0,0.0,138.0,0.0,3.0,0.0,0
662492,326.4430000000001,2.65554,0.0,7.0,61.19,4.0,2.0,0.0,2.0,0.0,7.0,2.0,21.0,0.0,0.0,0.0,114.0,0.0,2.0,0.0,0
2997806,326.42100000000005,2.942000000000002,0.0,3.0,40.620000000000005,2.0,2.0,1.0,1.0,1.0,5.0,4.0,23.0,2.0,0.0,2.0,118.0,0.0,3.0,2.0,0
3233944,343.36200000000014,2.0708,1.0,7.0,81.93,6.0,3.0,1.0,2.0,0.0,8.0,3.0,25.0,0.0,0.0,0.0,130.0,0.0,2.0,0.0,0
1085418,408.4320000000002,1.6916999999999998,1.0,7.0,103.40000000000002,7.0,2.0,2.0,0.0,0.0,10.0,3.0,28.0,1.0,0.0,1.0,150.0,0.0,1.0,1.0,0
967894,311.79,3.4578200000000017,1.0,3.0,55.400000000000006,4.0,2.0,2.0,0.0,0.0,6.0,2.0,20.0,0.0,0.0,0.0,106.0,0.0,0.0,0.0,0
135449556,300.383,2.700600000000001,1.0,5.0,55.12,3.0,2.0,1.0,1.0,0.0,5.0,3.0,21.0,1.0,0.0,1.0,108.0,0.0,2.0,0.0,0
2386764,333.3650000000001,2.25842,1.0,6.0,73.86000000000001,5.0,2.0,1.0,1.0,0.0,7.0,3.0,23.0,1.0,0.0,1.0,120.0,0.0,2.0,1.0,0
6604934,241.246,1.3191,1.0,3.0,63.24,0.0,1.0,1.0,0.0,0.0,4.0,3.0,18.0,2.0,1.0,1.0,90.0,0.0,1.0,1.0,0
3244581,422.5140000000002,3.5322400000000016,1.0,8.0,90.77,7.0,4.0,1.0,3.0,0.0,9.0,4.0,30.0,0.0,0.0,0.0,154.0,0.0,3.0,1.0,0
833803,207.189,-0.2399000000000006,2.0,5.0,94.02,2.0,2.0,0.0,2.0,0.0,6.0,2.0,15.0,0.0,0.0,0.0,78.0,0.0,2.0,0.0,0
16758436,508.59300000000025,2.5704199999999995,2.0,9.0,136.66,15.0,2.0,1.0,1.0,0.0,11.0,2.0,35.0,0.0,0.0,0.0,192.0,0.0,1.0,0.0,0
118381047,392.4630000000001,3.208200000000001,3.0,5.0,95.17,4.0,3.0,1.0,2.0,2.0,8.0,5.0,29.0,2.0,0.0,2.0,150.0,0.0,4.0,2.0,1
768895,325.4300000000001,2.872600000000002,1.0,4.0,64.63,7.0,1.0,1.0,0.0,0.0,6.0,2.0,22.0,1.0,1.0,0.0,122.0,0.0,0.0,0.0,0
11875,185.566,1.9738,0.0,3.0,60.21,2.0,1.0,1.0,0.0,0.0,5.0,1.0,12.0,0.0,0.0,0.0,62.0,0.0,0.0,0.0,0
16759141,395.23800000000006,4.158100000000003,1.0,5.0,57.150000000000006,4.0,2.0,2.0,0.0,0.0,7.0,4.0,26.0,2.0,0.0,2.0,136.0,0.0,2.0,0.0,0
11949131,422.4780000000003,-1.1433999999999978,4.0,9.0,122.93,4.0,1.0,1.0,0.0,3.0,9.0,4.0,30.0,3.0,1.0,2.0,166.0,0.0,2.0,0.0,0
16758569,208.301,2.773100000000001,1.0,2.0,37.3,5.0,0.0,0.0,0.0,0.0,2.0,1.0,15.0,1.0,1.0,0.0,84.0,0.0,0.0,0.0,0
92044836,406.4210000000001,3.322520000000001,4.0,5.0,115.82,5.0,4.0,1.0,3.0,0.0,9.0,4.0,30.0,0.0,0.0,0.0,152.0,0.0,3.0,2.0,1
655900,331.401,1.7416999999999998,1.0,7.0,85.69,6.0,3.0,1.0,2.0,0.0,8.0,3.0,23.0,0.0,0.0,0.0,120.0,0.0,2.0,0.0,0
11838260,424.48200000000014,0.90092,0.0,9.0,87.71000000000001,2.0,3.0,1.0,2.0,0.0,9.0,5.0,30.0,2.0,0.0,2.0,154.0,0.0,4.0,0.0,0
659422,270.3759999999999,3.5334200000000022,1.0,2.0,36.1,3.0,2.0,1.0,1.0,1.0,3.0,3.0,20.0,1.0,0.0,1.0,106.0,0.0,2.0,0.0,0
650332,320.378,1.2893999999999997,2.0,7.0,101.8,6.0,2.0,1.0,1.0,0.0,9.0,2.0,22.0,0.0,0.0,0.0,116.0,0.0,1.0,2.0,0
654841,383.29700000000014,2.0026,1.0,5.0,67.87,7.0,1.0,1.0,0.0,1.0,9.0,2.0,23.0,1.0,0.0,1.0,130.0,0.0,1.0,0.0,0
5308215,357.4350000000002,2.782800000000001,0.0,6.0,56.59,3.0,3.0,1.0,2.0,1.0,7.0,4.0,25.0,1.0,0.0,1.0,130.0,0.0,3.0,1.0,0
2998335,324.47100000000006,2.8903000000000016,0.0,5.0,32.78,4.0,0.0,0.0,0.0,1.0,6.0,2.0,21.0,2.0,0.0,2.0,114.0,0.0,2.0,0.0,0
3235305,334.35400000000004,4.784340000000003,1.0,5.0,63.84,3.0,4.0,2.0,2.0,0.0,6.0,4.0,25.0,0.0,0.0,0.0,124.0,0.0,2.0,0.0,0
9555997,477.6970000000004,5.866980000000007,0.0,6.0,53.85,7.0,2.0,0.0,2.0,0.0,6.0,4.0,35.0,2.0,0.0,2.0,190.0,0.0,4.0,0.0,0
649626,376.5450000000002,3.6560000000000015,3.0,2.0,73.47,3.0,0.0,0.0,0.0,4.0,6.0,4.0,27.0,4.0,2.0,2.0,152.0,0.0,2.0,4.0,0
1300486,333.44200000000006,2.8217000000000008,1.0,8.0,78.85,5.0,3.0,1.0,2.0,0.0,8.0,3.0,22.0,0.0,0.0,0.0,114.0,0.0,2.0,0.0,0
654022,235.287,0.1436000000000006,1.0,4.0,54.46000000000001,4.0,1.0,0.0,1.0,1.0,5.0,2.0,17.0,1.0,0.0,1.0,92.0,0.0,2.0,1.0,0
660826,242.278,2.0202,1.0,3.0,51.22,4.0,2.0,1.0,1.0,0.0,4.0,2.0,18.0,0.0,0.0,0.0,92.0,0.0,1.0,1.0,0
651429,444.5760000000004,3.700420000000002,2.0,5.0,104.54,8.0,1.0,0.0,1.0,3.0,8.0,4.0,32.0,3.0,3.0,0.0,176.0,0.0,1.0,3.0,0
2192628,223.272,1.8907,2.0,3.0,58.56,4.0,1.0,1.0,0.0,0.0,4.0,1.0,16.0,0.0,0.0,0.0,88.0,0.0,0.0,1.0,0
2739033,289.18699999999995,3.439700000000002,0.0,4.0,25.360000000000003,1.0,2.0,1.0,1.0,1.0,6.0,3.0,17.0,1.0,0.0,1.0,90.0,0.0,2.0,0.0,0
2998971,409.53000000000014,2.7712200000000005,1.0,4.0,61.88,8.0,2.0,2.0,0.0,1.0,6.0,3.0,30.0,1.0,0.0,1.0,160.0,0.0,1.0,2.0,0
92044577,339.3740000000002,3.686200000000002,3.0,3.0,82.7,4.0,3.0,1.0,2.0,1.0,7.0,4.0,25.0,1.0,1.0,0.0,128.0,0.0,2.0,2.0,1
669286,267.394,2.780900000000001,0.0,2.0,37.38,4.0,1.0,1.0,0.0,1.0,4.0,2.0,18.0,1.0,1.0,0.0,100.0,0.0,0.0,0.0,0
652298,356.45100000000014,3.568500000000002,1.0,5.0,75.02000000000001,4.0,3.0,1.0,2.0,1.0,7.0,4.0,25.0,1.0,0.0,1.0,130.0,0.0,3.0,1.0,0
6890216,440.4630000000002,3.379800000000002,0.0,9.0,96.42,6.0,5.0,2.0,3.0,0.0,9.0,5.0,33.0,0.0,0.0,0.0,164.0,0.0,3.0,0.0,0
645441,281.359,2.9618800000000016,1.0,3.0,57.82,3.0,2.0,1.0,1.0,1.0,4.0,3.0,21.0,1.0,1.0,0.0,108.0,0.0,1.0,1.0,0
1089006,382.4450000000001,3.232400000000002,0.0,8.0,70.76,6.0,3.0,2.0,1.0,0.0,8.0,4.0,27.0,1.0,0.0,1.0,138.0,0.0,2.0,0.0,1
5308214,477.5460000000003,3.6647000000000016,1.0,9.0,92.43,8.0,4.0,2.0,2.0,0.0,10.0,5.0,34.0,1.0,0.0,1.0,174.0,0.0,3.0,1.0,0
3240383,483.9330000000001,4.208600000000003,1.0,8.0,103.43,7.0,4.0,2.0,2.0,0.0,10.0,4.0,33.0,0.0,0.0,0.0,168.0,0.0,2.0,1.0,0
653435,304.43800000000005,2.6146400000000005,1.0,4.0,58.120000000000005,4.0,1.0,0.0,1.0,1.0,5.0,2.0,22.0,1.0,0.0,1.0,122.0,0.0,2.0,1.0,0
2103436,385.3910000000001,4.245340000000003,0.0,6.0,70.79,8.0,3.0,2.0,1.0,0.0,7.0,3.0,28.0,0.0,0.0,0.0,146.0,0.0,1.0,0.0,0
3240414,312.32500000000005,3.0161000000000016,2.0,4.0,76.66000000000001,4.0,2.0,2.0,0.0,0.0,6.0,3.0,23.0,1.0,0.0,1.0,118.0,0.0,1.0,2.0,0
16757927,512.5990000000004,4.726600000000005,0.0,8.0,109.11,4.0,1.0,0.0,1.0,3.0,8.0,5.0,37.0,4.0,3.0,1.0,200.0,0.0,2.0,0.0,0
656184,353.4470000000001,4.392660000000003,1.0,5.0,68.02000000000001,5.0,3.0,2.0,1.0,0.0,6.0,3.0,25.0,0.0,0.0,0.0,128.0,0.0,1.0,1.0,0
2977526,434.3560000000001,0.9081000000000006,1.0,5.0,78.95,8.0,1.0,1.0,0.0,1.0,9.0,2.0,25.0,1.0,0.0,1.0,140.0,0.0,1.0,1.0,0
2408930,431.47000000000014,2.834220000000001,1.0,7.0,110.97,8.0,3.0,2.0,1.0,0.0,10.0,3.0,30.0,0.0,0.0,0.0,158.0,0.0,1.0,1.0,0
493410,294.73800000000006,2.5310000000000006,2.0,3.0,67.42999999999999,3.0,1.0,1.0,0.0,0.0,6.0,2.0,20.0,1.0,0.0,1.0,106.0,0.0,1.0,2.0,0
3237291,417.46500000000015,2.9011000000000013,1.0,6.0,86.24,8.0,4.0,2.0,2.0,0.0,7.0,4.0,31.0,0.0,0.0,0.0,158.0,0.0,2.0,1.0,0
135444857,278.37699999999995,2.4479000000000006,1.0,3.0,58.53,1.0,1.0,1.0,0.0,1.0,5.0,3.0,19.0,2.0,1.0,1.0,102.0,0.0,1.0,0.0,0
1247208,271.341,3.732720000000002,1.0,3.0,42.24,3.0,3.0,1.0,2.0,0.0,4.0,3.0,19.0,0.0,0.0,0.0,96.0,0.0,2.0,1.0,0
92044720,451.51200000000017,3.0215200000000006,4.0,6.0,141.76,6.0,4.0,1.0,3.0,0.0,11.0,4.0,32.0,0.0,0.0,0.0,164.0,0.0,3.0,2.0,1
3239396,295.4080000000001,1.7578999999999998,1.0,3.0,52.650000000000006,3.0,1.0,0.0,1.0,1.0,6.0,2.0,20.0,1.0,0.0,1.0,110.0,0.0,2.0,3.0,0
16757979,468.59000000000026,5.573500000000006,0.0,6.0,82.81,2.0,1.0,0.0,1.0,3.0,6.0,5.0,34.0,4.0,3.0,1.0,184.0,0.0,2.0,0.0,0
5389808,383.40000000000015,3.131700000000002,1.0,7.0,81.37,5.0,3.0,2.0,1.0,1.0,7.0,4.0,28.0,1.0,0.0,1.0,146.0,0.0,2.0,0.0,0
644896,391.472,1.5370999999999997,1.0,8.0,102.22,7.0,2.0,0.0,2.0,1.0,9.0,3.0,28.0,1.0,0.0,1.0,154.0,0.0,3.0,0.0,0
16758407,501.6240000000004,3.832240000000003,0.0,9.0,99.55,10.0,1.0,0.0,1.0,0.0,9.0,3.0,36.0,2.0,0.0,2.0,198.0,0.0,3.0,0.0,0
663462,238.331,1.2058999999999995,2.0,2.0,58.2,3.0,0.0,0.0,0.0,2.0,4.0,2.0,17.0,2.0,2.0,0.0,96.0,0.0,0.0,2.0,0
652669,487.60000000000025,4.558700000000004,1.0,5.0,75.02000000000001,8.0,3.0,2.0,1.0,2.0,7.0,5.0,36.0,2.0,1.0,1.0,188.0,0.0,2.0,2.0,0
2571693,398.4630000000001,3.764400000000003,0.0,7.0,61.42,7.0,4.0,2.0,2.0,0.0,8.0,4.0,28.0,0.0,0.0,0.0,144.0,0.0,2.0,0.0,0
877106,223.2570000000001,0.6707999999999998,0.0,5.0,64.85,2.0,2.0,1.0,1.0,0.0,6.0,2.0,15.0,0.0,0.0,0.0,78.0,0.0,1.0,0.0,0
558610,310.2380000000001,2.685200000000001,0.0,3.0,37.38,2.0,1.0,0.0,1.0,1.0,6.0,2.0,15.0,1.0,0.0,1.0,84.0,0.0,2.0,0.0,0
658715,344.3710000000001,1.2787999999999995,2.0,7.0,105.69,4.0,2.0,1.0,1.0,0.0,8.0,2.0,25.0,0.0,0.0,0.0,132.0,0.0,1.0,1.0,0
3236143,399.42200000000014,2.6979000000000006,1.0,4.0,78.95,7.0,2.0,2.0,0.0,1.0,8.0,3.0,29.0,1.0,0.0,1.0,152.0,0.0,1.0,4.0,0
3234421,367.47100000000006,1.9746,1.0,4.0,78.95,3.0,1.0,1.0,0.0,2.0,8.0,3.0,25.0,2.0,0.0,2.0,138.0,1.0,2.0,2.0,0
2432882,482.8980000000002,1.8851,1.0,8.0,120.47,6.0,2.0,2.0,0.0,1.0,12.0,4.0,32.0,2.0,0.0,2.0,170.0,0.0,2.0,1.0,0
1252935,311.3370000000001,2.955620000000001,1.0,4.0,64.63000000000001,3.0,2.0,2.0,0.0,0.0,5.0,3.0,23.0,1.0,0.0,1.0,118.0,0.0,1.0,1.0,0
245617,458.68600000000026,8.108080000000008,2.0,2.0,40.46,4.0,3.0,3.0,0.0,0.0,2.0,3.0,34.0,0.0,0.0,0.0,182.0,0.0,0.0,0.0,0
654180,310.33500000000004,-0.4345000000000001,0.0,9.0,88.12,3.0,2.0,0.0,2.0,0.0,9.0,3.0,21.0,1.0,0.0,1.0,112.0,0.0,3.0,0.0,0
2999224,272.348,2.3957000000000006,2.0,2.0,54.120000000000005,5.0,2.0,1.0,1.0,1.0,4.0,3.0,20.0,1.0,0.0,1.0,106.0,0.0,2.0,1.0,0
571026,466.57700000000017,5.378700000000006,2.0,4.0,58.92,6.0,4.0,4.0,0.0,1.0,4.0,5.0,35.0,1.0,0.0,1.0,178.0,0.0,1.0,0.0,0
3246713,223.192,-1.1460000000000006,3.0,7.0,127.15000000000002,3.0,2.0,0.0,2.0,0.0,8.0,2.0,16.0,0.0,0.0,0.0,84.0,0.0,2.0,0.0,0
663454,419.4370000000001,4.500000000000004,0.0,8.0,88.73000000000002,7.0,4.0,2.0,2.0,0.0,8.0,4.0,31.0,0.0,0.0,0.0,158.0,0.0,2.0,0.0,0
73506068,366.425,3.041400000000001,4.0,5.0,103.96,5.0,3.0,1.0,2.0,1.0,8.0,4.0,27.0,1.0,0.0,1.0,140.0,0.0,3.0,2.0,1
2331358,215.26,1.4614999999999998,0.0,5.0,56.49,1.0,2.0,0.0,2.0,0.0,5.0,3.0,16.0,1.0,0.0,1.0,82.0,0.0,3.0,0.0,0
3247283,509.6500000000002,6.156600000000005,3.0,3.0,83.22000000000001,10.0,4.0,3.0,1.0,1.0,6.0,5.0,38.0,1.0,1.0,0.0,196.0,0.0,1.0,2.0,0
658999,351.4320000000002,1.5432,0.0,7.0,90.21,5.0,2.0,1.0,1.0,1.0,9.0,3.0,24.0,1.0,0.0,1.0,130.0,0.0,2.0,0.0,0
121416454,339.4030000000001,1.80702,2.0,6.0,87.97000000000001,5.0,3.0,0.0,3.0,0.0,8.0,3.0,25.0,0.0,0.0,0.0,130.0,0.0,3.0,2.0,1
393595,403.8290000000001,4.372100000000003,1.0,6.0,85.32000000000001,4.0,5.0,2.0,3.0,0.0,8.0,5.0,29.0,0.0,0.0,0.0,142.0,0.0,3.0,1.0,0
92044788,379.3800000000001,2.6466200000000004,3.0,7.0,130.85000000000002,5.0,4.0,0.0,4.0,0.0,10.0,4.0,28.0,0.0,0.0,0.0,142.0,0.0,4.0,2.0,1
16402,116.208,0.4642,2.0,2.0,52.04,5.0,0.0,0.0,0.0,0.0,2.0,0.0,8.0,0.0,0.0,0.0,50.0,0.0,0.0,0.0,0
3239334,352.4380000000001,3.227800000000002,1.0,5.0,71.26,5.0,3.0,1.0,2.0,1.0,6.0,4.0,26.0,1.0,0.0,1.0,136.0,0.0,3.0,1.0,0
589347,365.393,2.4639200000000008,1.0,7.0,99.0,6.0,3.0,2.0,1.0,0.0,8.0,3.0,27.0,0.0,0.0,0.0,138.0,0.0,1.0,1.0,0
924278,243.354,3.8008000000000015,1.0,3.0,29.85,3.0,2.0,1.0,1.0,1.0,3.0,3.0,18.0,1.0,1.0,0.0,96.0,0.0,1.0,0.0,0
3238310,364.40100000000007,3.951800000000003,0.0,5.0,64.8,4.0,3.0,2.0,1.0,0.0,6.0,4.0,27.0,1.0,0.0,1.0,138.0,0.0,2.0,1.0,0
70452,87.166,0.9564,0.0,1.0,3.24,1.0,0.0,0.0,0.0,0.0,1.0,0.0,6.0,0.0,0.0,0.0,38.0,0.0,0.0,0.0,0
652010,352.8620000000001,3.252120000000001,1.0,4.0,58.64,6.0,1.0,1.0,0.0,1.0,6.0,2.0,24.0,1.0,0.0,1.0,132.0,0.0,1.0,1.0,0
3244047,408.47700000000015,3.712520000000002,1.0,5.0,71.26,6.0,3.0,1.0,2.0,1.0,7.0,4.0,30.0,1.0,0.0,1.0,156.0,0.0,3.0,1.0,0
976532,246.266,2.39062,1.0,4.0,64.36,5.0,2.0,1.0,1.0,0.0,5.0,2.0,18.0,0.0,0.0,0.0,94.0,0.0,1.0,1.0,0
5459744,407.5140000000002,3.3770000000000024,1.0,4.0,61.88,6.0,2.0,2.0,0.0,0.0,6.0,3.0,30.0,1.0,0.0,1.0,158.0,0.0,1.0,2.0,0
2955655,458.52200000000033,3.860300000000003,1.0,9.0,96.62,7.0,4.0,2.0,2.0,1.0,9.0,5.0,34.0,1.0,0.0,1.0,174.0,0.0,3.0,0.0,0
3238654,351.3720000000002,4.3850000000000025,1.0,4.0,47.04,4.0,2.0,1.0,1.0,0.0,7.0,3.0,25.0,1.0,1.0,0.0,134.0,0.0,1.0,0.0,0
647331,319.386,2.255,1.0,6.0,73.34000000000002,5.0,2.0,1.0,1.0,1.0,7.0,3.0,22.0,1.0,0.0,1.0,116.0,0.0,2.0,1.0,0
1246068,320.3450000000001,3.123000000000002,1.0,6.0,82.82000000000001,8.0,2.0,1.0,1.0,0.0,7.0,2.0,23.0,0.0,0.0,0.0,124.0,0.0,1.0,1.0,0
3241231,338.4150000000002,2.7032,2.0,6.0,84.73,4.0,2.0,1.0,1.0,4.0,7.0,6.0,25.0,4.0,4.0,0.0,130.0,0.0,1.0,1.0,0
3239285,402.5140000000003,1.854999999999999,1.0,4.0,55.89000000000001,6.0,1.0,1.0,0.0,3.0,7.0,4.0,29.0,3.0,1.0,2.0,158.0,0.0,2.0,2.0,0
597482,402.49400000000014,3.804040000000003,0.0,4.0,53.760000000000005,4.0,3.0,2.0,1.0,1.0,5.0,4.0,30.0,1.0,0.0,1.0,154.0,0.0,2.0,1.0,0
118365061,319.36500000000007,2.0455999999999994,3.0,5.0,101.16,5.0,2.0,0.0,2.0,1.0,8.0,3.0,23.0,1.0,1.0,0.0,124.0,0.0,2.0,2.0,1
2970366,270.28799999999995,2.3013000000000003,1.0,4.0,60.45,3.0,2.0,1.0,1.0,0.0,5.0,3.0,20.0,1.0,0.0,1.0,102.0,0.0,2.0,1.0,0
649265,447.5720000000002,3.5913200000000023,0.0,10.0,89.92,6.0,5.0,1.0,4.0,0.0,10.0,5.0,32.0,0.0,0.0,0.0,164.0,0.0,4.0,0.0,0
21013,231.893,4.0058,1.0,1.0,20.23,0.0,1.0,1.0,0.0,0.0,5.0,1.0,11.0,0.0,0.0,0.0,60.0,0.0,0.0,0.0,0
3234932,378.5160000000001,4.213600000000004,0.0,3.0,32.78,4.0,2.0,2.0,0.0,2.0,4.0,4.0,28.0,2.0,0.0,2.0,148.0,1.0,2.0,1.0,0
9642080,257.28900000000004,2.9579200000000005,2.0,4.0,62.05,4.0,2.0,2.0,0.0,0.0,4.0,2.0,19.0,0.0,0.0,0.0,98.0,0.0,0.0,0.0,0
666588,414.4170000000001,3.647600000000002,1.0,6.0,92.87,4.0,4.0,2.0,2.0,0.0,7.0,5.0,31.0,1.0,0.0,1.0,154.0,0.0,3.0,1.0,0
92044776,408.3400000000001,2.55372,3.0,6.0,121.89,4.0,3.0,0.0,3.0,0.0,12.0,3.0,29.0,0.0,0.0,0.0,152.0,0.0,3.0,2.0,1
2959894,327.33600000000007,2.9066,1.0,5.0,66.02,3.0,2.0,2.0,0.0,0.0,6.0,4.0,24.0,2.0,0.0,2.0,124.0,0.0,2.0,1.0,0
2943317,327.355,2.8850000000000016,0.0,3.0,46.61,5.0,2.0,2.0,0.0,1.0,5.0,3.0,24.0,1.0,0.0,1.0,124.0,0.0,1.0,1.0,0
709430,267.35,2.3914,0.0,4.0,38.77,1.0,1.0,0.0,1.0,1.0,5.0,3.0,18.0,2.0,0.0,2.0,98.0,0.0,3.0,1.0,0
644769,366.81200000000007,3.08382,2.0,6.0,105.54,2.0,3.0,1.0,2.0,0.0,8.0,4.0,26.0,1.0,0.0,1.0,130.0,0.0,3.0,0.0,0
2947265,325.3680000000001,2.39022,1.0,4.0,71.53,4.0,2.0,1.0,1.0,1.0,6.0,3.0,24.0,1.0,0.0,1.0,124.0,0.0,2.0,2.0,0
3735508,355.434,2.3544,0.0,4.0,55.84,7.0,1.0,1.0,0.0,2.0,5.0,4.0,26.0,3.0,0.0,3.0,138.0,1.0,3.0,1.0,0
648767,271.36,3.2668000000000017,0.0,3.0,21.700000000000003,2.0,1.0,1.0,0.0,3.0,3.0,5.0,20.0,4.0,0.0,4.0,106.0,0.0,4.0,0.0,0
3235070,322.412,2.2147999999999994,0.0,4.0,49.330000000000005,3.0,2.0,1.0,1.0,2.0,5.0,4.0,24.0,2.0,0.0,2.0,124.0,1.0,3.0,1.0,0
135533977,233.2740000000001,3.572720000000001,1.0,2.0,41.57,0.0,4.0,1.0,3.0,0.0,3.0,4.0,18.0,0.0,0.0,0.0,86.0,0.0,3.0,0.0,0
3235252,413.4810000000001,2.932800000000001,0.0,7.0,73.14000000000001,5.0,4.0,2.0,2.0,1.0,7.0,5.0,31.0,1.0,0.0,1.0,156.0,0.0,3.0,0.0,0
755898,303.81800000000004,3.9649800000000033,0.0,4.0,39.92,4.0,2.0,1.0,1.0,0.0,5.0,2.0,20.0,0.0,0.0,0.0,102.0,0.0,1.0,0.0,0
3485,100.117,0.5545,0.0,2.0,34.14,4.0,0.0,0.0,0.0,0.0,2.0,0.0,7.0,0.0,0.0,0.0,40.0,0.0,0.0,0.0,0
647234,258.708,2.979420000000001,0.0,3.0,45.79,1.0,2.0,1.0,1.0,0.0,4.0,2.0,18.0,0.0,0.0,0.0,90.0,0.0,1.0,0.0,0
3245594,496.5640000000003,2.2346999999999992,1.0,8.0,106.1,9.0,3.0,2.0,1.0,1.0,10.0,4.0,36.0,1.0,0.0,1.0,192.0,0.0,2.0,1.0,0
877354,267.335,2.1413,1.0,7.0,70.26,3.0,2.0,1.0,1.0,0.0,7.0,3.0,17.0,1.0,0.0,1.0,88.0,0.0,2.0,0.0,0
3245736,466.4940000000003,1.4279,2.0,8.0,120.78000000000002,8.0,3.0,2.0,1.0,1.0,10.0,4.0,34.0,1.0,0.0,1.0,178.0,0.0,2.0,2.0,0
2958352,454.5270000000003,2.0203,2.0,7.0,92.37,8.0,2.0,2.0,0.0,2.0,9.0,4.0,33.0,2.0,0.0,2.0,176.0,0.0,2.0,2.0,0
6365,98.96,1.81,0.0,0.0,0.0,0.0,0.0,0.0,0.0,0.0,2.0,0.0,4.0,0.0,0.0,0.0,26.0,0.0,0.0,0.0,0
3236267,325.309,4.291800000000003,0.0,3.0,29.020000000000003,2.0,2.0,1.0,1.0,1.0,7.0,3.0,23.0,1.0,0.0,1.0,122.0,0.0,2.0,0.0,0
991851,476.5230000000002,2.0673000000000004,0.0,6.0,93.22,6.0,2.0,2.0,0.0,1.0,12.0,3.0,31.0,1.0,0.0,1.0,170.0,0.0,1.0,0.0,0
2828360,285.327,1.2847,2.0,5.0,75.63,7.0,0.0,0.0,0.0,0.0,8.0,0.0,16.0,0.0,0.0,0.0,94.0,0.0,0.0,1.0,0
655216,316.386,1.7423,2.0,6.0,90.00999999999999,6.0,2.0,1.0,1.0,0.0,7.0,2.0,22.0,0.0,0.0,0.0,114.0,0.0,1.0,1.0,0
651862,237.28000000000003,1.6625,1.0,4.0,55.4,2.0,1.0,1.0,0.0,0.0,5.0,2.0,16.0,1.0,0.0,1.0,84.0,0.0,1.0,1.0,0
660547,374.306,3.6315200000000014,0.0,4.0,51.96,4.0,2.0,1.0,1.0,0.0,11.0,2.0,24.0,0.0,0.0,0.0,134.0,0.0,1.0,0.0,0
3235458,262.272,3.075500000000001,0.0,5.0,56.74,2.0,4.0,1.0,3.0,0.0,5.0,4.0,20.0,0.0,0.0,0.0,96.0,0.0,3.0,0.0,0
255024,311.384,5.214300000000003,1.0,1.0,29.1,2.0,3.0,3.0,0.0,0.0,2.0,4.0,24.0,1.0,1.0,0.0,116.0,0.0,0.0,1.0,0
60198529,487.39100000000025,5.149600000000005,2.0,6.0,92.27,6.0,3.0,1.0,2.0,0.0,10.0,4.0,33.0,1.0,0.0,1.0,172.0,0.0,3.0,2.0,1
2088994,324.434,4.445680000000002,1.0,6.0,61.6,5.0,3.0,2.0,1.0,0.0,6.0,3.0,22.0,0.0,0.0,0.0,108.0,0.0,1.0,0.0,0
5309907,417.9140000000001,4.221900000000003,1.0,4.0,68.54,8.0,3.0,2.0,1.0,0.0,7.0,3.0,28.0,0.0,0.0,0.0,146.0,0.0,1.0,1.0,0
663781,419.4690000000001,2.8317000000000005,1.0,5.0,61.88,6.0,1.0,1.0,0.0,1.0,10.0,2.0,28.0,1.0,0.0,1.0,156.0,0.0,1.0,2.0,0
2998557,469.5920000000002,2.5751800000000005,0.0,7.0,99.3,7.0,3.0,2.0,1.0,1.0,10.0,4.0,32.0,1.0,0.0,1.0,166.0,0.0,2.0,1.0,0
300101,264.332,3.069500000000001,1.0,4.0,50.7,5.0,3.0,2.0,1.0,0.0,4.0,3.0,20.0,0.0,0.0,0.0,100.0,0.0,1.0,0.0,0
665821,322.36400000000003,3.9235000000000015,1.0,5.0,64.47000000000001,5.0,3.0,2.0,1.0,0.0,5.0,3.0,24.0,0.0,0.0,0.0,122.0,0.0,1.0,0.0,0
3234025,429.4270000000004,2.1472999999999995,0.0,8.0,82.37000000000002,4.0,3.0,1.0,2.0,2.0,10.0,5.0,31.0,2.0,0.0,2.0,162.0,0.0,4.0,0.0,0
3234598,331.44100000000003,2.8644000000000016,0.0,5.0,49.580000000000005,3.0,2.0,0.0,2.0,2.0,6.0,4.0,23.0,2.0,0.0,2.0,122.0,1.0,4.0,1.0,0
736185,256.301,3.482220000000003,1.0,3.0,46.53,4.0,2.0,2.0,0.0,0.0,3.0,2.0,19.0,0.0,0.0,0.0,98.0,0.0,0.0,0.0,0
652596,269.256,2.696400000000001,1.0,5.0,56.790000000000006,2.0,2.0,2.0,0.0,0.0,5.0,4.0,20.0,2.0,0.0,2.0,100.0,0.0,2.0,0.0,0
772963,311.223,3.263600000000002,1.0,2.0,32.34,4.0,1.0,1.0,0.0,1.0,4.0,2.0,18.0,1.0,0.0,1.0,98.0,0.0,1.0,1.0,0
2885014,343.3350000000001,1.6498999999999993,1.0,6.0,97.05,6.0,2.0,1.0,1.0,0.0,7.0,3.0,25.0,1.0,0.0,1.0,130.0,0.0,2.0,1.0,0
663014,370.43400000000014,3.4635000000000016,1.0,7.0,82.18,8.0,3.0,1.0,2.0,0.0,8.0,3.0,26.0,0.0,0.0,0.0,134.0,0.0,2.0,1.0,0
653809,405.5500000000004,3.235800000000002,0.0,7.0,62.970000000000006,5.0,3.0,1.0,2.0,2.0,7.0,5.0,30.0,2.0,0.0,2.0,158.0,0.0,4.0,0.0,0
3235821,321.38400000000007,2.7777400000000005,2.0,5.0,85.83,4.0,3.0,2.0,1.0,0.0,6.0,3.0,24.0,0.0,0.0,0.0,122.0,0.0,1.0,1.0,0
2979988,453.4510000000002,1.2291999999999996,2.0,7.0,131.11,6.0,2.0,2.0,0.0,1.0,10.0,3.0,33.0,1.0,0.0,1.0,172.0,0.0,1.0,3.0,0
671720,326.468,3.847800000000002,1.0,6.0,51.22,5.0,2.0,1.0,1.0,0.0,7.0,2.0,20.0,0.0,0.0,0.0,106.0,0.0,1.0,1.0,0
2386361,403.744,3.3430000000000017,1.0,6.0,90.41,6.0,2.0,0.0,2.0,0.0,11.0,2.0,27.0,0.0,0.0,0.0,144.0,0.0,2.0,1.0,0
118365082,371.3970000000001,1.5725999999999996,5.0,6.0,132.39,7.0,3.0,1.0,2.0,0.0,9.0,3.0,27.0,0.0,0.0,0.0,142.0,0.0,2.0,2.0,1
701191,343.8140000000001,3.0120000000000013,1.0,3.0,52.650000000000006,2.0,2.0,2.0,0.0,1.0,6.0,3.0,24.0,1.0,0.0,1.0,124.0,0.0,1.0,3.0,0
71555761,377.3830000000001,3.184120000000001,3.0,5.0,108.48,4.0,4.0,0.0,4.0,0.0,9.0,4.0,28.0,0.0,0.0,0.0,140.0,0.0,4.0,2.0,1
649629,324.4460000000001,2.4201000000000006,1.0,3.0,66.48,4.0,1.0,1.0,0.0,1.0,6.0,2.0,22.0,1.0,0.0,1.0,122.0,0.0,1.0,1.0,0
362726,321.354,1.9751,1.0,4.0,83.91000000000001,6.0,2.0,2.0,0.0,0.0,7.0,2.0,22.0,0.0,0.0,0.0,116.0,0.0,0.0,0.0,0
3234199,331.4440000000001,5.278820000000003,1.0,4.0,37.81,4.0,4.0,2.0,2.0,0.0,4.0,4.0,24.0,0.0,0.0,0.0,118.0,0.0,2.0,0.0,0
1380711,165.239,0.4378999999999999,2.0,3.0,63.32000000000001,3.0,0.0,0.0,0.0,0.0,5.0,0.0,9.0,0.0,0.0,0.0,52.0,0.0,0.0,0.0,0
54683793,271.232,0.0728999999999993,3.0,5.0,107.95,1.0,3.0,1.0,2.0,0.0,7.0,3.0,20.0,0.0,0.0,0.0,100.0,0.0,2.0,0.0,0
1582733,359.75300000000004,2.8920000000000003,2.0,3.0,83.47,7.0,1.0,1.0,0.0,0.0,10.0,1.0,22.0,0.0,0.0,0.0,124.0,0.0,0.0,0.0,0
2998073,381.3810000000002,0.7386999999999995,1.0,9.0,117.23,6.0,0.0,0.0,0.0,1.0,9.0,2.0,27.0,2.0,0.0,2.0,148.0,0.0,2.0,0.0,0
1630803,319.386,2.0222,2.0,4.0,88.16000000000001,6.0,2.0,1.0,1.0,0.0,7.0,2.0,22.0,0.0,0.0,0.0,116.0,0.0,1.0,1.0,0
5308082,331.41600000000017,1.6867199999999996,2.0,4.0,70.67,6.0,1.0,1.0,0.0,1.0,6.0,3.0,24.0,2.0,0.0,2.0,130.0,0.0,2.0,2.0,0
2913082,347.37400000000014,2.4005,1.0,6.0,69.16,2.0,4.0,2.0,2.0,0.0,6.0,4.0,26.0,0.0,0.0,0.0,130.0,0.0,2.0,0.0,0
2064344,458.5690000000002,3.001100000000002,2.0,10.0,125.02,10.0,3.0,1.0,2.0,0.0,11.0,3.0,31.0,0.0,0.0,0.0,162.0,0.0,2.0,1.0,0
657478,355.397,3.428500000000001,0.0,5.0,46.84,1.0,5.0,3.0,2.0,1.0,5.0,6.0,27.0,1.0,0.0,1.0,132.0,0.0,3.0,0.0,0
646496,393.5160000000001,3.6606400000000026,0.0,6.0,63.91,5.0,3.0,1.0,2.0,1.0,7.0,4.0,28.0,1.0,0.0,1.0,144.0,0.0,3.0,1.0,0
3237233,351.45000000000005,3.069700000000001,1.0,3.0,52.650000000000006,7.0,2.0,2.0,0.0,1.0,5.0,3.0,26.0,1.0,0.0,1.0,136.0,0.0,1.0,2.0,0
644409,390.4690000000001,0.5891999999999997,1.0,7.0,110.08,6.0,2.0,1.0,1.0,2.0,10.0,4.0,27.0,2.0,1.0,1.0,144.0,0.0,2.0,1.0,0
1282353,406.5150000000001,2.8966200000000013,0.0,8.0,66.63000000000001,3.0,4.0,1.0,3.0,1.0,8.0,5.0,29.0,1.0,0.0,1.0,148.0,0.0,4.0,0.0,0
16759301,474.5500000000002,0.1149999999999995,6.0,8.0,155.52,3.0,0.0,0.0,0.0,0.0,8.0,4.0,34.0,4.0,4.0,0.0,186.0,0.0,0.0,0.0,0
657667,222.28799999999995,1.83298,0.0,4.0,53.330000000000005,2.0,0.0,0.0,0.0,1.0,4.0,1.0,16.0,1.0,0.0,1.0,88.0,0.0,1.0,0.0,0
3245204,418.40500000000014,3.895000000000002,2.0,6.0,114.27,6.0,4.0,2.0,2.0,0.0,8.0,4.0,31.0,0.0,0.0,0.0,156.0,0.0,2.0,1.0,0
709562,238.29,3.1153000000000013,0.0,3.0,27.05,4.0,3.0,2.0,1.0,0.0,3.0,3.0,18.0,0.0,0.0,0.0,90.0,0.0,1.0,0.0,0
3237085,463.5190000000002,3.1732000000000005,2.0,8.0,111.13000000000002,6.0,4.0,2.0,2.0,0.0,10.0,5.0,33.0,1.0,0.0,1.0,168.0,0.0,3.0,1.0,0
660971,341.4330000000001,1.5542999999999998,2.0,6.0,104.91,5.0,1.0,0.0,1.0,1.0,8.0,2.0,23.0,1.0,1.0,0.0,128.0,0.0,1.0,0.0,0
663830,288.39500000000004,2.24264,1.0,4.0,53.92,1.0,2.0,0.0,2.0,1.0,5.0,3.0,21.0,1.0,0.0,1.0,114.0,0.0,3.0,0.0,0
2125086,413.42600000000016,3.9111600000000033,1.0,7.0,107.83,7.0,3.0,1.0,2.0,0.0,8.0,3.0,30.0,0.0,0.0,0.0,158.0,0.0,2.0,0.0,0
654911,440.52900000000017,1.4218999999999993,1.0,7.0,110.08,7.0,3.0,2.0,1.0,1.0,10.0,4.0,31.0,1.0,0.0,1.0,162.0,0.0,2.0,1.0,0
649942,305.355,2.2123,1.0,6.0,78.62,2.0,1.0,0.0,1.0,0.0,6.0,3.0,21.0,2.0,1.0,1.0,110.0,0.0,2.0,0.0,0
71555463,416.4850000000001,4.689800000000003,3.0,5.0,104.82,6.0,4.0,1.0,3.0,0.0,8.0,4.0,31.0,0.0,0.0,0.0,158.0,0.0,3.0,2.0,1
2191947,440.3220000000002,5.383100000000003,1.0,5.0,68.02,5.0,4.0,3.0,1.0,0.0,7.0,4.0,27.0,0.0,0.0,0.0,134.0,0.0,1.0,1.0,0
2997968,320.4180000000002,2.6405200000000004,0.0,7.0,62.06,5.0,2.0,1.0,1.0,1.0,7.0,3.0,22.0,1.0,0.0,1.0,118.0,0.0,2.0,0.0,0
645168,378.429,1.0115199999999995,2.0,6.0,113.77,10.0,1.0,0.0,1.0,1.0,9.0,2.0,27.0,1.0,0.0,1.0,148.0,0.0,2.0,3.0,0
2912208,284.10900000000004,1.8866,1.0,2.0,57.61,2.0,1.0,1.0,0.0,1.0,5.0,2.0,16.0,1.0,0.0,1.0,84.0,0.0,1.0,1.0,0
117876839,547.0340000000001,5.952420000000007,1.0,8.0,89.19,6.0,5.0,2.0,3.0,1.0,10.0,6.0,39.0,1.0,0.0,1.0,200.0,0.0,4.0,0.0,1
1256404,311.42800000000005,2.852040000000001,1.0,4.0,55.400000000000006,5.0,2.0,1.0,1.0,0.0,6.0,2.0,20.0,0.0,0.0,0.0,108.0,0.0,1.0,0.0,0
664684,363.4350000000002,2.5078000000000005,0.0,5.0,76.82,6.0,2.0,1.0,1.0,1.0,7.0,3.0,25.0,1.0,0.0,1.0,134.0,0.0,2.0,1.0,0
3244345,337.20200000000006,3.465300000000002,0.0,6.0,60.260000000000005,2.0,2.0,1.0,1.0,0.0,7.0,3.0,19.0,1.0,0.0,1.0,96.0,0.0,2.0,0.0,0
3240023,258.277,1.58164,1.0,4.0,72.2,3.0,2.0,0.0,2.0,0.0,5.0,2.0,19.0,0.0,0.0,0.0,98.0,0.0,2.0,1.0,0
3240625,385.5080000000001,2.6384000000000007,1.0,5.0,63.57,8.0,2.0,1.0,1.0,1.0,6.0,3.0,28.0,1.0,0.0,1.0,152.0,0.0,2.0,1.0,0
3243148,392.5020000000002,2.934600000000001,0.0,8.0,70.42,7.0,2.0,1.0,1.0,0.0,8.0,3.0,26.0,1.0,0.0,1.0,138.0,0.0,2.0,0.0,0
773777,223.279,3.0373400000000013,0.0,3.0,30.71,1.0,3.0,1.0,2.0,0.0,3.0,3.0,17.0,0.0,0.0,0.0,84.0,0.0,2.0,0.0,0
612407,261.25199999999995,2.29164,1.0,3.0,59.3,2.0,2.0,1.0,1.0,0.0,5.0,2.0,19.0,0.0,0.0,0.0,98.0,0.0,1.0,0.0,0
1583639,249.291,0.9836,2.0,4.0,66.4,3.0,2.0,1.0,1.0,0.0,5.0,2.0,17.0,0.0,0.0,0.0,88.0,0.0,1.0,1.0,0
5307853,417.4620000000003,1.2328999999999997,1.0,8.0,97.41,8.0,2.0,2.0,0.0,1.0,9.0,3.0,30.0,1.0,0.0,1.0,162.0,0.0,1.0,1.0,0
676034,268.268,3.1742000000000017,1.0,4.0,59.67,2.0,3.0,2.0,1.0,0.0,4.0,3.0,20.0,0.0,0.0,0.0,100.0,0.0,1.0,0.0,0
655626,287.77200000000005,0.8344000000000001,0.0,4.0,43.86000000000001,2.0,1.0,1.0,0.0,2.0,7.0,3.0,18.0,2.0,0.0,2.0,98.0,0.0,2.0,0.0,0
73505618,389.50000000000017,2.2544000000000004,2.0,6.0,88.61000000000001,4.0,1.0,0.0,1.0,2.0,8.0,4.0,28.0,3.0,0.0,3.0,154.0,0.0,4.0,2.0,1
3235944,238.312,1.1002999999999996,1.0,3.0,49.41,3.0,1.0,0.0,1.0,1.0,5.0,2.0,16.0,1.0,0.0,1.0,86.0,0.0,2.0,2.0,0
2089447,401.4440000000001,2.408920000000001,0.0,7.0,102.6,7.0,3.0,2.0,1.0,0.0,9.0,3.0,28.0,0.0,0.0,0.0,146.0,0.0,1.0,0.0,0
651517,386.4960000000001,2.6303,2.0,4.0,91.4,8.0,1.0,0.0,1.0,2.0,7.0,3.0,28.0,2.0,2.0,0.0,152.0,0.0,1.0,3.0,0
60198528,454.3580000000002,2.767500000000001,4.0,6.0,110.61,7.0,2.0,1.0,1.0,0.0,10.0,3.0,30.0,1.0,0.0,1.0,162.0,0.0,2.0,2.0,1
644505,497.5920000000002,3.215800000000001,2.0,6.0,110.11,10.0,2.0,1.0,1.0,2.0,9.0,4.0,36.0,2.0,1.0,1.0,194.0,0.0,2.0,3.0,0
16758563,413.3110000000001,5.286700000000004,0.0,3.0,43.370000000000005,6.0,2.0,2.0,0.0,0.0,4.0,3.0,26.0,1.0,1.0,0.0,134.0,0.0,0.0,0.0,0
738843,342.37600000000015,3.854300000000002,2.0,5.0,80.57000000000001,5.0,3.0,1.0,2.0,0.0,7.0,3.0,24.0,0.0,0.0,0.0,122.0,0.0,2.0,2.0,0
762224,307.35,3.257900000000001,1.0,6.0,64.11,5.0,2.0,1.0,1.0,0.0,7.0,2.0,21.0,0.0,0.0,0.0,110.0,0.0,1.0,0.0,0
1910563,260.29299999999995,1.73212,0.0,5.0,51.13,4.0,1.0,1.0,0.0,0.0,5.0,2.0,19.0,1.0,0.0,1.0,100.0,0.0,1.0,0.0,0
73506066,396.45100000000014,2.6679000000000004,4.0,6.0,113.19,7.0,3.0,1.0,2.0,1.0,9.0,4.0,29.0,1.0,0.0,1.0,152.0,0.0,3.0,2.0,1
2133620,367.43000000000006,2.6637000000000004,1.0,4.0,79.37,5.0,3.0,2.0,1.0,0.0,7.0,4.0,26.0,1.0,0.0,1.0,132.0,0.0,2.0,1.0,0
892382,310.4190000000001,1.8591,1.0,3.0,66.48,4.0,1.0,1.0,0.0,1.0,6.0,2.0,21.0,1.0,0.0,1.0,116.0,0.0,1.0,1.0,0
2408768,266.709,3.6133000000000015,0.0,5.0,48.150000000000006,2.0,3.0,1.0,2.0,0.0,6.0,3.0,17.0,0.0,0.0,0.0,86.0,0.0,2.0,0.0,0
49830389,525.6380000000004,5.449620000000004,3.0,7.0,118.17,6.0,5.0,2.0,3.0,0.0,10.0,5.0,38.0,0.0,0.0,0.0,192.0,0.0,3.0,3.0,1
6036939,245.29,0.5935999999999998,1.0,7.0,85.22,4.0,2.0,1.0,1.0,0.0,7.0,2.0,18.0,0.0,0.0,0.0,94.0,0.0,1.0,0.0,0
2997811,315.373,2.9049000000000014,0.0,5.0,68.46000000000001,4.0,2.0,1.0,1.0,1.0,6.0,3.0,23.0,1.0,0.0,1.0,122.0,0.0,2.0,1.0,0
2977643,379.41200000000015,2.2292,1.0,5.0,83.91,4.0,2.0,2.0,0.0,0.0,6.0,4.0,28.0,2.0,1.0,1.0,144.0,0.0,1.0,1.0,0
5308701,384.4320000000001,3.5207200000000016,2.0,5.0,85.89000000000001,7.0,2.0,2.0,0.0,0.0,7.0,3.0,28.0,1.0,0.0,1.0,148.0,0.0,1.0,2.0,0
6604764,218.25200000000004,1.5718,2.0,3.0,49.69,4.0,2.0,2.0,0.0,0.0,3.0,2.0,16.0,0.0,0.0,0.0,84.0,0.0,0.0,0.0,0
5308484,471.5580000000004,1.6204000000000005,0.0,9.0,89.49000000000001,8.0,2.0,1.0,1.0,2.0,10.0,4.0,34.0,2.0,0.0,2.0,184.0,0.0,3.0,1.0,0
655093,437.5430000000002,0.8865000000000003,1.0,5.0,103.86,6.0,2.0,2.0,0.0,1.0,10.0,3.0,29.0,1.0,0.0,1.0,156.0,0.0,1.0,1.0,0
3242039,481.61800000000034,3.1095200000000016,1.0,6.0,82.86,9.0,3.0,2.0,1.0,1.0,8.0,4.0,34.0,1.0,0.0,1.0,180.0,0.0,2.0,1.0,0
3238903,381.54200000000014,2.0809,1.0,4.0,69.72,9.0,1.0,1.0,0.0,1.0,7.0,2.0,26.0,1.0,0.0,1.0,146.0,0.0,1.0,1.0,0
888293,305.33,2.828900000000001,2.0,4.0,92.7,4.0,1.0,1.0,0.0,1.0,6.0,2.0,22.0,1.0,1.0,0.0,118.0,0.0,0.0,1.0,0
16759163,391.5960000000001,6.237800000000008,3.0,3.0,69.56,17.0,1.0,1.0,0.0,0.0,4.0,1.0,28.0,0.0,0.0,0.0,160.0,0.0,0.0,1.0,0
655084,444.3880000000001,5.128700000000004,0.0,5.0,63.64,2.0,4.0,1.0,3.0,0.0,10.0,5.0,32.0,1.0,0.0,1.0,164.0,0.0,4.0,1.0,0
788269,254.293,3.286660000000001,1.0,5.0,63.84,2.0,3.0,1.0,2.0,0.0,5.0,3.0,19.0,0.0,0.0,0.0,96.0,0.0,2.0,0.0,0
5308006,295.386,2.7413000000000007,0.0,3.0,38.13,2.0,2.0,1.0,1.0,0.0,4.0,4.0,22.0,2.0,1.0,1.0,114.0,0.0,2.0,1.0,0
6636295,257.25300000000004,1.1394999999999995,1.0,5.0,84.0,2.0,3.0,1.0,2.0,0.0,7.0,3.0,19.0,0.0,0.0,0.0,96.0,0.0,2.0,1.0,0
3242646,415.5330000000002,2.6557000000000013,0.0,7.0,98.99,8.0,2.0,0.0,2.0,0.0,9.0,2.0,27.0,0.0,0.0,0.0,150.0,0.0,2.0,0.0,0
3243833,301.353,0.8024999999999993,2.0,8.0,109.48,4.0,1.0,0.0,1.0,0.0,10.0,2.0,19.0,1.0,0.0,1.0,102.0,0.0,2.0,2.0,0
71555535,408.46500000000015,4.803220000000003,3.0,4.0,95.59,4.0,5.0,2.0,3.0,0.0,7.0,5.0,31.0,0.0,0.0,0.0,152.0,0.0,3.0,2.0,1
3240179,283.372,0.6752,1.0,3.0,61.88000000000001,3.0,0.0,0.0,0.0,2.0,6.0,2.0,20.0,2.0,0.0,2.0,114.0,0.0,2.0,3.0,0
16758495,456.5910000000002,2.632000000000001,1.0,9.0,97.89,9.0,2.0,0.0,2.0,1.0,9.0,4.0,33.0,2.0,0.0,2.0,180.0,0.0,4.0,0.0,0
2999772,343.1770000000002,1.2961,1.0,5.0,77.52000000000001,5.0,1.0,0.0,1.0,1.0,7.0,2.0,20.0,1.0,0.0,1.0,108.0,0.0,2.0,1.0,0
5353532,368.5240000000002,5.150000000000005,0.0,2.0,6.48,6.0,3.0,3.0,0.0,1.0,2.0,4.0,28.0,1.0,0.0,1.0,142.0,0.0,1.0,0.0,0
3234271,373.49700000000007,3.800600000000003,0.0,4.0,36.440000000000005,3.0,2.0,1.0,1.0,2.0,6.0,4.0,26.0,2.0,0.0,2.0,138.0,1.0,3.0,1.0,0
2539948,321.3690000000001,2.3665000000000003,0.0,8.0,82.27,3.0,4.0,1.0,3.0,0.0,8.0,4.0,23.0,0.0,0.0,0.0,112.0,0.0,3.0,0.0,0
323071,212.27,2.013,1.0,3.0,46.53,5.0,1.0,1.0,0.0,0.0,4.0,1.0,14.0,0.0,0.0,0.0,76.0,0.0,0.0,0.0,0
3234487,284.319,2.9778400000000014,0.0,6.0,68.19,4.0,3.0,0.0,3.0,0.0,6.0,3.0,21.0,0.0,0.0,0.0,108.0,0.0,3.0,0.0,0
145995647,454.49400000000014,3.3907000000000007,1.0,10.0,104.28,6.0,5.0,1.0,4.0,0.0,10.0,6.0,34.0,1.0,0.0,1.0,170.0,0.0,5.0,0.0,1
652626,336.4170000000001,2.914620000000001,0.0,7.0,85.26,4.0,2.0,0.0,2.0,1.0,8.0,3.0,23.0,1.0,0.0,1.0,124.0,0.0,3.0,1.0,0
712791,241.294,2.6268,1.0,3.0,58.64,1.0,2.0,0.0,2.0,0.0,4.0,3.0,18.0,1.0,1.0,0.0,92.0,0.0,2.0,0.0,0
2401504,345.37600000000003,3.350900000000002,2.0,5.0,88.77,6.0,3.0,2.0,1.0,0.0,7.0,3.0,24.0,0.0,0.0,0.0,124.0,0.0,1.0,1.0,0
2285660,317.4080000000001,3.1526000000000023,0.0,4.0,47.34,6.0,1.0,1.0,0.0,1.0,5.0,2.0,23.0,1.0,0.0,1.0,124.0,0.0,1.0,0.0,0
3245895,402.5610000000003,0.2676000000000027,1.0,5.0,82.19,6.0,0.0,0.0,0.0,3.0,9.0,3.0,27.0,3.0,0.0,3.0,156.0,0.0,3.0,1.0,0
135410570,450.5240000000001,2.325,2.0,8.0,114.79,8.0,4.0,2.0,2.0,0.0,10.0,4.0,32.0,0.0,0.0,0.0,164.0,0.0,2.0,1.0,0
2941965,275.356,1.8431,2.0,6.0,85.95,3.0,1.0,0.0,1.0,4.0,6.0,5.0,20.0,4.0,4.0,0.0,108.0,0.0,1.0,0.0,0
663150,414.34000000000015,1.0498999999999998,3.0,6.0,126.2,3.0,2.0,0.0,2.0,0.0,12.0,3.0,29.0,1.0,0.0,1.0,156.0,0.0,3.0,2.0,0
3232789,404.4740000000001,2.898580000000001,1.0,5.0,102.22,2.0,2.0,1.0,1.0,2.0,8.0,4.0,30.0,2.0,0.0,2.0,154.0,1.0,3.0,3.0,0
5283387,281.4839999999999,5.509200000000005,1.0,1.0,43.09,15.0,0.0,0.0,0.0,0.0,2.0,0.0,20.0,0.0,0.0,0.0,118.0,0.0,0.0,1.0,0
646994,470.5470000000004,2.9776200000000017,1.0,6.0,97.93000000000002,6.0,3.0,2.0,1.0,1.0,9.0,5.0,33.0,2.0,0.0,2.0,174.0,0.0,3.0,0.0,0
2973613,363.4610000000001,3.729320000000003,1.0,4.0,52.650000000000006,4.0,2.0,2.0,0.0,2.0,5.0,4.0,27.0,2.0,0.0,2.0,140.0,0.0,2.0,2.0,0
2883044,359.4220000000001,3.184800000000001,2.0,4.0,92.7,6.0,1.0,1.0,0.0,2.0,6.0,3.0,26.0,2.0,2.0,0.0,140.0,0.0,0.0,1.0,0
667218,396.4900000000001,2.0628,0.0,6.0,85.27000000000001,1.0,1.0,1.0,0.0,2.0,9.0,4.0,26.0,3.0,0.0,3.0,140.0,0.0,3.0,1.0,0
664090,459.60900000000026,2.096800000000001,3.0,6.0,125.04,9.0,0.0,0.0,0.0,1.0,10.0,1.0,31.0,1.0,0.0,1.0,178.0,0.0,1.0,3.0,0
1575439,216.331,1.5913199999999998,1.0,5.0,46.010000000000005,4.0,1.0,0.0,1.0,0.0,5.0,1.0,13.0,0.0,0.0,0.0,72.0,0.0,1.0,0.0,0
652879,237.299,1.2815,2.0,2.0,66.4,4.0,0.0,0.0,0.0,1.0,4.0,2.0,17.0,2.0,2.0,0.0,94.0,0.0,0.0,1.0,0
60198533,486.35000000000014,4.752500000000004,2.0,5.0,79.38000000000001,4.0,2.0,1.0,1.0,1.0,11.0,4.0,32.0,2.0,0.0,2.0,172.0,0.0,3.0,2.0,1
16758962,188.27,2.945220000000001,1.0,1.0,20.23,3.0,1.0,1.0,0.0,0.0,1.0,1.0,14.0,0.0,0.0,0.0,74.0,0.0,0.0,0.0,0
2999718,409.51500000000016,3.0572000000000017,0.0,7.0,73.14,5.0,3.0,1.0,2.0,1.0,8.0,4.0,29.0,1.0,0.0,1.0,150.0,0.0,3.0,1.0,0
649521,367.4560000000001,2.0565,1.0,9.0,99.0,7.0,2.0,0.0,2.0,1.0,10.0,3.0,24.0,1.0,1.0,0.0,128.0,0.0,2.0,1.0,0
3233812,321.3800000000001,3.142000000000001,0.0,5.0,47.48,3.0,3.0,2.0,1.0,1.0,5.0,4.0,24.0,1.0,0.0,1.0,122.0,0.0,2.0,0.0,1
6858702,316.36800000000005,3.1160400000000017,0.0,6.0,60.89,3.0,4.0,1.0,3.0,0.0,6.0,4.0,24.0,0.0,0.0,0.0,118.0,0.0,3.0,0.0,1
1257476,286.36,2.32674,1.0,5.0,63.05,3.0,3.0,1.0,2.0,0.0,6.0,3.0,20.0,0.0,0.0,0.0,102.0,0.0,2.0,0.0,0
3235951,347.3920000000001,2.561000000000001,1.0,5.0,81.7,3.0,2.0,2.0,0.0,0.0,7.0,3.0,24.0,1.0,0.0,1.0,126.0,0.0,1.0,1.0,0
2357239,255.277,2.0148,2.0,3.0,70.92,4.0,3.0,1.0,2.0,0.0,5.0,3.0,19.0,0.0,0.0,0.0,96.0,0.0,2.0,1.0,0
653362,251.238,0.6607000000000001,2.0,4.0,84.86,3.0,1.0,1.0,0.0,0.0,6.0,2.0,18.0,1.0,0.0,1.0,96.0,0.0,1.0,1.0,0
2713344,348.4240000000001,1.8755,1.0,4.0,75.71,6.0,2.0,2.0,0.0,0.0,7.0,2.0,24.0,0.0,0.0,0.0,128.0,0.0,0.0,1.0,0
659478,367.4120000000001,3.5287000000000024,0.0,6.0,65.6,4.0,5.0,2.0,3.0,0.0,6.0,5.0,28.0,0.0,0.0,0.0,136.0,0.0,3.0,0.0,0
664769,361.266,5.131300000000002,1.0,3.0,47.56,4.0,2.0,2.0,0.0,0.0,9.0,2.0,25.0,0.0,0.0,0.0,134.0,0.0,0.0,1.0,0
647993,340.475,3.061500000000001,0.0,6.0,50.080000000000005,5.0,2.0,1.0,1.0,2.0,6.0,4.0,25.0,2.0,1.0,1.0,134.0,0.0,2.0,0.0,0
649661,437.5400000000004,3.893600000000003,1.0,5.0,80.76,5.0,2.0,1.0,1.0,1.0,7.0,4.0,32.0,2.0,1.0,1.0,170.0,0.0,2.0,2.0,0
662295,269.757,3.067420000000001,1.0,4.0,50.8,4.0,2.0,1.0,1.0,0.0,6.0,2.0,17.0,0.0,0.0,0.0,90.0,0.0,1.0,0.0,0
3240105,276.292,1.7264,1.0,5.0,73.59,6.0,2.0,1.0,1.0,0.0,6.0,2.0,20.0,0.0,0.0,0.0,106.0,0.0,1.0,1.0,0
725089,321.33200000000005,4.059520000000003,1.0,4.0,68.53999999999999,4.0,3.0,2.0,1.0,0.0,5.0,3.0,24.0,0.0,0.0,0.0,120.0,0.0,1.0,1.0,0
3241030,368.48100000000017,2.210919999999999,1.0,5.0,67.23,7.0,2.0,1.0,1.0,1.0,6.0,3.0,27.0,1.0,0.0,1.0,144.0,0.0,2.0,1.0,0
3235668,356.4030000000002,3.763790000000002,1.0,6.0,65.63000000000001,4.0,3.0,2.0,1.0,0.0,7.0,4.0,25.0,1.0,0.0,1.0,128.0,0.0,2.0,1.0,0
2852738,264.756,3.7041200000000014,0.0,3.0,27.05,6.0,2.0,1.0,1.0,0.0,4.0,2.0,18.0,0.0,0.0,0.0,96.0,0.0,1.0,0.0,0
894312,301.367,3.8751000000000015,1.0,4.0,55.37,6.0,3.0,0.0,3.0,0.0,5.0,3.0,21.0,0.0,0.0,0.0,108.0,0.0,3.0,0.0,0
135431423,412.4710000000001,2.7671,3.0,7.0,119.32999999999998,7.0,3.0,2.0,1.0,0.0,9.0,3.0,29.0,0.0,0.0,0.0,150.0,0.0,1.0,1.0,0
5308788,450.5360000000002,2.3715200000000003,1.0,6.0,95.75,7.0,2.0,1.0,1.0,1.0,10.0,3.0,31.0,1.0,0.0,1.0,168.0,0.0,2.0,1.0,0
2929660,331.4560000000001,3.6735000000000015,0.0,3.0,38.77,4.0,1.0,1.0,0.0,2.0,4.0,3.0,24.0,2.0,1.0,1.0,132.0,0.0,1.0,1.0,1
5308390,343.1270000000001,3.8450000000000015,1.0,3.0,55.13,3.0,2.0,1.0,1.0,1.0,7.0,3.0,20.0,1.0,1.0,0.0,104.0,0.0,1.0,1.0,0
2933145,476.2700000000001,4.017600000000001,2.0,2.0,58.2,7.0,2.0,2.0,0.0,0.0,14.0,2.0,32.0,0.0,0.0,0.0,174.0,0.0,0.0,2.0,0
6806,556.863,3.157000000000001,2.0,2.0,66.4,2.0,1.0,1.0,0.0,0.0,7.0,1.0,16.0,0.0,0.0,0.0,86.0,0.0,0.0,1.0,0
644977,365.4330000000002,3.647520000000002,1.0,3.0,69.55000000000001,4.0,3.0,1.0,2.0,1.0,6.0,4.0,27.0,1.0,0.0,1.0,140.0,0.0,3.0,2.0,0
6178111,253.73700000000005,1.7897000000000003,3.0,1.0,88.78999999999999,2.0,1.0,1.0,0.0,0.0,6.0,1.0,17.0,0.0,0.0,0.0,92.0,0.0,0.0,0.0,0
3244857,361.199,2.7437000000000005,1.0,6.0,68.52,4.0,3.0,0.0,3.0,0.0,7.0,3.0,22.0,0.0,0.0,0.0,112.0,0.0,3.0,0.0,0
11949004,461.5180000000003,3.4684000000000017,0.0,6.0,96.35,4.0,1.0,1.0,0.0,4.0,8.0,6.0,34.0,5.0,2.0,3.0,176.0,0.0,3.0,4.0,0
652680,383.4270000000001,2.8546000000000005,1.0,6.0,72.28,5.0,3.0,2.0,1.0,1.0,8.0,4.0,28.0,1.0,0.0,1.0,146.0,0.0,2.0,1.0,0
646244,387.43600000000015,3.488400000000002,2.0,6.0,98.78000000000002,9.0,2.0,1.0,1.0,0.0,8.0,2.0,28.0,0.0,0.0,0.0,150.0,0.0,1.0,2.0,0
6603875,303.187,3.220200000000002,1.0,1.0,12.03,4.0,1.0,1.0,0.0,0.0,2.0,1.0,14.0,0.0,0.0,0.0,78.0,0.0,0.0,0.0,0
135415446,280.283,2.9526200000000014,1.0,5.0,75.69,2.0,3.0,1.0,2.0,0.0,5.0,3.0,21.0,0.0,0.0,0.0,104.0,0.0,2.0,0.0,0
5308100,360.36900000000014,4.312920000000002,1.0,5.0,73.59,2.0,4.0,2.0,2.0,0.0,6.0,5.0,27.0,1.0,0.0,1.0,134.0,0.0,3.0,1.0,0
764406,275.37300000000005,3.014400000000002,0.0,2.0,37.38,2.0,2.0,2.0,0.0,1.0,4.0,3.0,19.0,1.0,0.0,1.0,100.0,0.0,1.0,0.0,0
658479,290.30000000000007,0.9066,1.0,4.0,70.08,4.0,0.0,0.0,0.0,2.0,7.0,2.0,19.0,2.0,0.0,2.0,110.0,0.0,2.0,1.0,0
4026888,314.33700000000005,2.8434000000000017,1.0,5.0,64.99000000000001,4.0,2.0,2.0,0.0,0.0,5.0,3.0,23.0,1.0,0.0,1.0,120.0,0.0,1.0,0.0,0
2999725,305.378,1.8827199999999995,1.0,5.0,81.17999999999999,4.0,1.0,0.0,1.0,1.0,6.0,2.0,22.0,1.0,1.0,0.0,120.0,0.0,1.0,1.0,0
118365128,399.45100000000014,2.9191000000000016,4.0,6.0,121.39,8.0,3.0,1.0,2.0,0.0,9.0,3.0,29.0,0.0,0.0,0.0,154.0,0.0,2.0,2.0,1
3246168,260.135,-3.1044000000000005,6.0,7.0,156.91,3.0,0.0,0.0,0.0,1.0,10.0,1.0,16.0,1.0,0.0,1.0,96.0,0.0,1.0,0.0,0
652998,410.41700000000014,3.626020000000003,0.0,3.0,57.690000000000005,2.0,2.0,2.0,0.0,2.0,9.0,4.0,28.0,2.0,0.0,2.0,148.0,0.0,2.0,2.0,0
1082995,350.396,1.5019999999999996,1.0,6.0,94.59,8.0,2.0,1.0,1.0,0.0,8.0,2.0,24.0,0.0,0.0,0.0,128.0,0.0,1.0,0.0,0
665724,371.3890000000003,1.9837,1.0,5.0,97.05,4.0,2.0,1.0,1.0,1.0,7.0,4.0,27.0,2.0,1.0,1.0,142.0,0.0,2.0,1.0,0
3242590,382.50800000000015,2.5994200000000003,1.0,5.0,67.23,7.0,2.0,1.0,1.0,1.0,6.0,3.0,28.0,1.0,0.0,1.0,150.0,0.0,2.0,1.0,0
665509,370.4590000000001,4.125700000000002,1.0,7.0,80.91000000000001,5.0,4.0,1.0,3.0,0.0,8.0,4.0,25.0,0.0,0.0,0.0,126.0,0.0,3.0,1.0,0
16004,230.909,3.5617,0.0,1.0,12.89,0.0,1.0,0.0,1.0,0.0,5.0,1.0,11.0,0.0,0.0,0.0,60.0,0.0,1.0,0.0,0
1512190,285.221,3.048800000000001,0.0,4.0,48.42,2.0,2.0,1.0,1.0,0.0,7.0,2.0,20.0,0.0,0.0,0.0,106.0,0.0,1.0,0.0,0
654040,386.23500000000007,2.6744200000000005,1.0,6.0,82.57000000000001,8.0,2.0,1.0,1.0,0.0,9.0,2.0,25.0,0.0,0.0,0.0,134.0,0.0,1.0,1.0,0
3242322,442.3020000000001,4.086800000000002,1.0,4.0,74.91,5.0,3.0,2.0,1.0,0.0,8.0,4.0,30.0,1.0,0.0,1.0,152.0,0.0,2.0,2.0,0
2927276,285.343,4.196500000000003,1.0,4.0,51.47,2.0,2.0,1.0,1.0,0.0,4.0,3.0,21.0,1.0,0.0,1.0,110.0,0.0,2.0,0.0,0
2997943,387.38800000000015,1.7514999999999992,0.0,7.0,103.12,5.0,2.0,1.0,1.0,1.0,8.0,3.0,28.0,1.0,0.0,1.0,148.0,0.0,2.0,1.0,0
1264529,384.46100000000007,3.3522000000000025,0.0,8.0,79.13000000000001,8.0,3.0,1.0,2.0,0.0,8.0,3.0,27.0,0.0,0.0,0.0,140.0,0.0,2.0,0.0,0
663596,420.50600000000014,2.4864000000000006,0.0,5.0,66.92,7.0,2.0,2.0,0.0,1.0,8.0,3.0,29.0,1.0,0.0,1.0,156.0,0.0,1.0,1.0,0
2079383,357.4790000000001,3.291140000000002,1.0,5.0,59.79,7.0,3.0,1.0,2.0,0.0,6.0,3.0,25.0,0.0,0.0,0.0,132.0,0.0,2.0,0.0,0
11972250,509.6400000000004,-0.5258999999999987,7.0,9.0,154.08,0.0,0.0,0.0,0.0,7.0,9.0,7.0,36.0,7.0,4.0,3.0,204.0,1.0,3.0,0.0,0
3237541,375.4720000000002,2.967140000000001,0.0,4.0,45.55,3.0,3.0,2.0,1.0,1.0,5.0,4.0,28.0,1.0,0.0,1.0,144.0,0.0,2.0,1.0,0
647001,373.7600000000001,2.1631,1.0,10.0,120.33,5.0,4.0,1.0,3.0,0.0,11.0,4.0,26.0,0.0,0.0,0.0,132.0,0.0,3.0,0.0,0
656298,260.314,3.1404000000000023,0.0,4.0,35.53,2.0,2.0,1.0,1.0,0.0,4.0,3.0,18.0,1.0,0.0,1.0,92.0,0.0,2.0,0.0,0
608335,235.718,2.7838400000000005,1.0,3.0,43.84,2.0,2.0,1.0,1.0,0.0,4.0,2.0,16.0,0.0,0.0,0.0,84.0,0.0,1.0,0.0,0
1988,269.772,3.1232200000000017,0.0,2.0,29.54,6.0,1.0,1.0,0.0,0.0,4.0,1.0,18.0,0.0,0.0,0.0,100.0,0.0,0.0,1.0,0
5308209,457.6030000000002,4.131500000000004,0.0,6.0,55.95,8.0,4.0,2.0,2.0,0.0,7.0,5.0,33.0,1.0,0.0,1.0,168.0,0.0,3.0,1.0,1
658428,294.26300000000003,-0.7866999999999993,0.0,8.0,88.76,5.0,2.0,1.0,1.0,0.0,8.0,2.0,21.0,0.0,0.0,0.0,112.0,0.0,1.0,0.0,0
5308520,331.3910000000001,2.974600000000001,0.0,4.0,49.580000000000005,4.0,2.0,1.0,1.0,1.0,6.0,3.0,24.0,1.0,0.0,1.0,128.0,0.0,2.0,1.0,0
654500,434.5140000000002,2.1943,1.0,6.0,94.17000000000002,9.0,2.0,2.0,0.0,1.0,9.0,3.0,30.0,1.0,0.0,1.0,162.0,0.0,1.0,1.0,0
970944,265.769,2.7677200000000006,1.0,3.0,29.85,2.0,2.0,1.0,1.0,0.0,5.0,2.0,17.0,0.0,0.0,0.0,88.0,0.0,1.0,0.0,0
665931,329.381,2.950100000000001,1.0,6.0,77.1,6.0,3.0,1.0,2.0,0.0,7.0,3.0,23.0,0.0,0.0,0.0,118.0,0.0,2.0,0.0,0
54705185,442.42400000000015,-0.5944999999999991,6.0,9.0,181.62,2.0,1.0,1.0,0.0,1.0,10.0,4.0,32.0,3.0,3.0,0.0,168.0,0.0,0.0,1.0,0
5308118,339.39500000000004,1.939,1.0,5.0,65.26,3.0,3.0,1.0,2.0,1.0,6.0,4.0,25.0,1.0,0.0,1.0,130.0,0.0,3.0,1.0,0
273260,197.194,-0.4585000000000006,3.0,3.0,95.08,4.0,1.0,0.0,1.0,0.0,6.0,1.0,14.0,0.0,0.0,0.0,76.0,0.0,1.0,1.0,0
831798,222.3129999999999,2.2673000000000005,1.0,2.0,32.34,1.0,1.0,1.0,0.0,1.0,4.0,2.0,15.0,1.0,0.0,1.0,80.0,0.0,1.0,2.0,0
1324479,383.4730000000001,3.4080200000000023,1.0,6.0,77.25,9.0,3.0,2.0,1.0,0.0,7.0,3.0,27.0,0.0,0.0,0.0,140.0,0.0,1.0,1.0,0
5459579,505.54600000000016,4.641600000000004,2.0,6.0,106.62,10.0,3.0,2.0,1.0,0.0,9.0,3.0,37.0,0.0,0.0,0.0,192.0,0.0,1.0,2.0,0
3237957,430.8880000000003,3.5874000000000024,1.0,6.0,69.26,4.0,2.0,2.0,0.0,2.0,8.0,5.0,30.0,3.0,0.0,3.0,158.0,1.0,3.0,1.0,0
16758492,491.7240000000004,5.590340000000007,0.0,6.0,53.85,9.0,2.0,0.0,2.0,0.0,6.0,4.0,36.0,2.0,0.0,2.0,196.0,0.0,4.0,0.0,0
3239298,374.4480000000001,3.565140000000002,0.0,7.0,68.44,3.0,4.0,1.0,3.0,1.0,7.0,5.0,28.0,1.0,0.0,1.0,142.0,0.0,4.0,0.0,0
648484,486.5750000000003,3.454500000000002,1.0,8.0,122.47,8.0,3.0,2.0,1.0,1.0,11.0,4.0,33.0,1.0,0.0,1.0,172.0,0.0,2.0,1.0,0
118045919,560.4430000000002,4.475500000000003,4.0,6.0,113.16,7.0,3.0,2.0,1.0,1.0,10.0,4.0,36.0,1.0,1.0,0.0,190.0,0.0,1.0,1.0,1
3237448,248.713,3.0886200000000006,1.0,2.0,34.03,3.0,2.0,1.0,1.0,0.0,4.0,2.0,17.0,0.0,0.0,0.0,88.0,0.0,1.0,1.0,0
2947090,459.9780000000004,4.038200000000003,0.0,8.0,72.84,5.0,2.0,1.0,1.0,3.0,9.0,5.0,32.0,3.0,1.0,2.0,172.0,0.0,3.0,0.0,0
3244290,298.34500000000014,1.1705999999999996,0.0,7.0,86.22000000000001,3.0,2.0,1.0,1.0,1.0,8.0,3.0,19.0,1.0,1.0,0.0,100.0,0.0,1.0,0.0,0
3144503,304.39000000000016,3.0881200000000018,1.0,4.0,68.29,5.0,1.0,0.0,1.0,1.0,5.0,2.0,22.0,1.0,1.0,0.0,120.0,0.0,1.0,1.0,0
662330,328.288,0.5466199999999994,1.0,9.0,124.88,4.0,3.0,0.0,3.0,0.0,10.0,3.0,24.0,0.0,0.0,0.0,122.0,0.0,3.0,0.0,0
2310081,443.4560000000002,1.7175,1.0,10.0,135.76,8.0,3.0,1.0,2.0,0.0,10.0,3.0,32.0,0.0,0.0,0.0,170.0,0.0,2.0,0.0,0
333984,188.23,1.72714,2.0,2.0,58.88,0.0,2.0,1.0,1.0,0.0,3.0,2.0,14.0,0.0,0.0,0.0,72.0,0.0,1.0,0.0,0
118194550,499.9660000000002,4.009600000000002,1.0,9.0,106.13,5.0,5.0,1.0,4.0,0.0,11.0,6.0,36.0,1.0,0.0,1.0,180.0,0.0,5.0,1.0,1
3240955,330.42800000000017,2.4926000000000013,1.0,3.0,58.64,5.0,1.0,1.0,0.0,2.0,5.0,3.0,24.0,2.0,1.0,1.0,130.0,0.0,1.0,2.0,0
5309850,250.323,2.6186000000000007,1.0,4.0,55.13,5.0,2.0,0.0,2.0,0.0,5.0,2.0,17.0,0.0,0.0,0.0,90.0,0.0,2.0,1.0,0
3243890,423.4910000000002,2.348040000000001,1.0,7.0,110.97,6.0,2.0,1.0,1.0,1.0,10.0,3.0,29.0,1.0,0.0,1.0,158.0,0.0,2.0,1.0,0
665032,306.394,3.646080000000002,0.0,5.0,54.5,4.0,3.0,2.0,1.0,0.0,5.0,3.0,22.0,0.0,0.0,0.0,108.0,0.0,1.0,0.0,0
1010771,490.5540000000003,3.8896000000000033,0.0,4.0,47.10000000000001,4.0,3.0,3.0,0.0,2.0,8.0,5.0,36.0,2.0,0.0,2.0,186.0,0.0,2.0,2.0,1
3233670,326.4030000000001,4.612320000000003,1.0,4.0,50.7,4.0,4.0,2.0,2.0,0.0,4.0,4.0,25.0,0.0,0.0,0.0,122.0,0.0,2.0,0.0,1
5307111,261.369,2.0204,0.0,3.0,38.13,2.0,1.0,0.0,1.0,1.0,4.0,3.0,19.0,2.0,1.0,1.0,104.0,0.0,2.0,1.0,0
5400100,306.3650000000001,3.519700000000002,1.0,3.0,52.9,1.0,2.0,2.0,0.0,1.0,4.0,4.0,23.0,2.0,1.0,1.0,116.0,0.0,1.0,1.0,0
665900,416.8170000000002,2.658300000000001,0.0,7.0,86.66,5.0,2.0,2.0,0.0,1.0,9.0,4.0,29.0,2.0,0.0,2.0,150.0,0.0,2.0,2.0,0
3244320,316.357,2.2135,1.0,5.0,73.59,5.0,2.0,1.0,1.0,0.0,6.0,3.0,23.0,1.0,1.0,0.0,122.0,0.0,1.0,1.0,0
1566546,339.1890000000001,2.502300000000001,0.0,5.0,61.190000000000005,5.0,2.0,1.0,1.0,0.0,6.0,2.0,20.0,0.0,0.0,0.0,106.0,0.0,1.0,0.0,0
7610,137.18200000000002,1.5858199999999998,1.0,2.0,35.25,1.0,1.0,1.0,0.0,0.0,2.0,1.0,10.0,0.0,0.0,0.0,54.0,0.0,0.0,0.0,0
645688,396.3940000000001,3.977420000000002,1.0,6.0,72.95,6.0,3.0,1.0,2.0,0.0,10.0,3.0,27.0,0.0,0.0,0.0,142.0,0.0,2.0,1.0,0
665587,357.45400000000006,2.943720000000001,1.0,5.0,63.57,4.0,2.0,1.0,1.0,1.0,6.0,3.0,26.0,1.0,0.0,1.0,140.0,0.0,2.0,1.0,0
934951,319.31300000000005,2.7329000000000008,1.0,4.0,76.38,3.0,3.0,2.0,1.0,0.0,7.0,3.0,22.0,0.0,0.0,0.0,112.0,0.0,1.0,0.0,0
2525250,407.2750000000002,1.7145,0.0,5.0,76.15,3.0,1.0,1.0,0.0,1.0,10.0,3.0,25.0,2.0,0.0,2.0,136.0,0.0,2.0,1.0,0
664320,412.51500000000016,3.4177000000000017,0.0,6.0,75.63,7.0,3.0,2.0,1.0,0.0,8.0,4.0,29.0,1.0,0.0,1.0,152.0,0.0,2.0,0.0,0
2057144,310.47300000000007,3.6700000000000017,2.0,7.0,77.82,4.0,2.0,0.0,2.0,2.0,7.0,4.0,19.0,2.0,2.0,0.0,100.0,0.0,2.0,0.0,0
650166,381.45500000000015,2.538500000000001,1.0,6.0,67.07,6.0,3.0,2.0,1.0,1.0,7.0,4.0,28.0,1.0,0.0,1.0,146.0,0.0,2.0,0.0,0
658228,329.40000000000026,2.769000000000001,2.0,4.0,74.42999999999999,4.0,2.0,1.0,1.0,1.0,6.0,3.0,24.0,1.0,0.0,1.0,128.0,0.0,2.0,1.0,0
2998070,452.4630000000004,2.4538,1.0,7.0,107.16,8.0,3.0,2.0,1.0,1.0,9.0,4.0,33.0,1.0,0.0,1.0,172.0,0.0,2.0,1.0,0
645047,388.4200000000001,2.269,1.0,6.0,75.71000000000001,3.0,2.0,1.0,1.0,2.0,8.0,4.0,27.0,2.0,0.0,2.0,140.0,0.0,3.0,2.0,0
1253399,239.238,1.3765999999999996,1.0,5.0,72.18,2.0,3.0,0.0,3.0,0.0,6.0,3.0,18.0,0.0,0.0,0.0,88.0,0.0,3.0,1.0,0
2886961,333.38400000000007,3.089500000000001,2.0,4.0,84.86,5.0,1.0,1.0,0.0,0.0,6.0,2.0,24.0,1.0,1.0,0.0,130.0,0.0,0.0,1.0,0
3245174,392.47700000000015,2.29292,2.0,5.0,97.64,8.0,2.0,1.0,1.0,1.0,8.0,3.0,27.0,1.0,0.0,1.0,146.0,0.0,2.0,1.0,0
3245855,412.53400000000016,1.8885000000000003,2.0,5.0,83.44,9.0,2.0,1.0,1.0,1.0,7.0,3.0,30.0,1.0,0.0,1.0,162.0,0.0,2.0,2.0,0
649744,283.368,1.7919999999999994,1.0,4.0,64.63,5.0,0.0,0.0,0.0,2.0,5.0,2.0,20.0,2.0,1.0,1.0,114.0,0.0,1.0,1.0,0
653202,433.50900000000007,1.0453999999999992,0.0,9.0,74.28999999999999,6.0,3.0,1.0,2.0,1.0,10.0,4.0,30.0,1.0,0.0,1.0,160.0,0.0,3.0,0.0,0
3926,491.6260000000002,5.750040000000006,1.0,3.0,35.580000000000005,9.0,3.0,3.0,0.0,1.0,6.0,4.0,36.0,1.0,0.0,1.0,190.0,0.0,1.0,1.0,0
665263,378.4280000000002,3.2489000000000017,1.0,4.0,71.63,5.0,3.0,2.0,1.0,1.0,6.0,4.0,28.0,1.0,0.0,1.0,144.0,0.0,2.0,1.0,0
5309185,432.48000000000025,2.515600000000001,0.0,7.0,69.06000000000002,4.0,3.0,2.0,1.0,1.0,8.0,6.0,32.0,3.0,0.0,3.0,164.0,0.0,4.0,1.0,0
1262336,374.4620000000003,3.1275200000000014,2.0,4.0,86.71,4.0,2.0,2.0,0.0,1.0,7.0,3.0,26.0,1.0,0.0,1.0,138.0,0.0,1.0,1.0,0
645790,213.24,2.606140000000001,0.0,4.0,43.33,1.0,3.0,0.0,3.0,0.0,4.0,3.0,16.0,0.0,0.0,0.0,80.0,0.0,3.0,0.0,0
2092555,408.84500000000014,4.300220000000003,0.0,7.0,83.04,6.0,4.0,2.0,2.0,0.0,8.0,4.0,29.0,0.0,0.0,0.0,146.0,0.0,2.0,0.0,0
3232816,338.47300000000007,1.9427,0.0,4.0,49.85,4.0,1.0,1.0,0.0,2.0,6.0,3.0,23.0,2.0,0.0,2.0,128.0,1.0,2.0,0.0,0
651605,423.5380000000002,3.7753200000000025,0.0,5.0,66.65,5.0,3.0,1.0,2.0,1.0,7.0,4.0,30.0,1.0,0.0,1.0,156.0,0.0,3.0,2.0,0
2998995,421.4500000000003,1.1352999999999998,3.0,7.0,132.05999999999997,8.0,1.0,1.0,0.0,1.0,10.0,2.0,30.0,1.0,1.0,0.0,164.0,0.0,0.0,4.0,0
3245390,336.43800000000005,1.9578999999999995,0.0,4.0,57.690000000000005,4.0,2.0,1.0,1.0,0.0,7.0,3.0,22.0,1.0,0.0,1.0,116.0,0.0,2.0,1.0,0
2100041,367.4960000000002,4.263020000000003,1.0,8.0,77.25,6.0,2.0,0.0,2.0,1.0,8.0,3.0,24.0,1.0,1.0,0.0,130.0,0.0,2.0,0.0,0
646204,293.33000000000004,2.53144,1.0,5.0,72.7,3.0,3.0,2.0,1.0,0.0,6.0,3.0,22.0,0.0,0.0,0.0,110.0,0.0,1.0,1.0,0
2230326,408.5010000000002,2.0897999999999994,1.0,6.0,84.94000000000001,8.0,2.0,2.0,0.0,0.0,9.0,3.0,27.0,1.0,0.0,1.0,144.0,0.0,1.0,1.0,0
2211464,280.75500000000005,3.5545000000000018,1.0,2.0,41.57000000000001,6.0,1.0,1.0,0.0,0.0,5.0,1.0,19.0,0.0,0.0,0.0,102.0,0.0,0.0,2.0,0
2289132,274.32,2.8942400000000017,0.0,4.0,64.1,1.0,2.0,0.0,2.0,0.0,5.0,3.0,20.0,1.0,1.0,0.0,106.0,0.0,2.0,0.0,0
1266452,344.37100000000004,2.0629,1.0,7.0,90.74,6.0,3.0,1.0,2.0,0.0,8.0,3.0,25.0,0.0,0.0,0.0,132.0,0.0,2.0,0.0,0
1303068,350.216,1.8907,0.0,5.0,47.36000000000001,3.0,2.0,1.0,1.0,1.0,6.0,3.0,21.0,1.0,0.0,1.0,110.0,0.0,2.0,0.0,0
11949149,363.4100000000001,-0.4667999999999996,4.0,7.0,110.46,4.0,1.0,1.0,0.0,2.0,7.0,3.0,26.0,2.0,1.0,1.0,142.0,0.0,1.0,0.0,0
11948948,574.5870000000003,1.6029000000000004,0.0,11.0,161.42,8.0,0.0,0.0,0.0,2.0,14.0,4.0,41.0,4.0,1.0,3.0,222.0,0.0,3.0,4.0,0
1540545,285.303,2.36052,2.0,4.0,80.32,3.0,2.0,1.0,1.0,0.0,6.0,2.0,21.0,0.0,0.0,0.0,108.0,0.0,1.0,3.0,0
666496,382.44500000000016,3.469400000000001,0.0,8.0,70.77000000000001,6.0,4.0,2.0,2.0,0.0,8.0,4.0,27.0,0.0,0.0,0.0,138.0,0.0,2.0,0.0,0
2108763,480.9370000000002,4.006500000000003,0.0,10.0,100.86,8.0,5.0,2.0,3.0,0.0,11.0,5.0,33.0,0.0,0.0,0.0,166.0,0.0,3.0,0.0,0
660019,290.27500000000003,0.1445999999999999,2.0,5.0,101.57,4.0,1.0,1.0,0.0,1.0,7.0,2.0,21.0,1.0,0.0,1.0,110.0,0.0,1.0,4.0,0
650594,343.3460000000001,3.0679800000000013,2.0,6.0,124.65,2.0,3.0,1.0,2.0,0.0,7.0,4.0,26.0,1.0,0.0,1.0,126.0,0.0,3.0,0.0,0
747462,233.223,2.0424,0.0,5.0,57.53,1.0,2.0,1.0,1.0,0.0,5.0,2.0,17.0,0.0,0.0,0.0,88.0,0.0,1.0,0.0,0
1253634,392.47700000000015,2.661520000000001,1.0,5.0,84.94000000000001,8.0,2.0,2.0,0.0,0.0,8.0,2.0,27.0,0.0,0.0,0.0,146.0,0.0,0.0,1.0,0
2123608,234.29899999999992,1.8559,1.0,4.0,42.85,5.0,1.0,1.0,0.0,0.0,4.0,2.0,17.0,1.0,0.0,1.0,92.0,0.0,1.0,0.0,0
3160888,423.56300000000016,4.636580000000004,0.0,6.0,56.57,4.0,2.0,2.0,0.0,1.0,7.0,4.0,29.0,2.0,0.0,2.0,148.0,0.0,2.0,1.0,0
132252,384.24,4.100100000000003,2.0,4.0,67.79,11.0,1.0,1.0,0.0,0.0,8.0,1.0,23.0,0.0,0.0,0.0,132.0,0.0,0.0,0.0,0
3234039,364.4050000000001,2.921380000000001,1.0,4.0,89.58,2.0,2.0,1.0,1.0,2.0,7.0,4.0,27.0,2.0,0.0,2.0,138.0,1.0,3.0,3.0,0
651704,395.53200000000015,3.906640000000003,0.0,6.0,63.91,7.0,3.0,1.0,2.0,0.0,7.0,3.0,28.0,0.0,0.0,0.0,146.0,0.0,2.0,1.0,0
2358649,330.365,3.5760000000000014,1.0,6.0,73.59,6.0,3.0,1.0,2.0,0.0,7.0,3.0,23.0,0.0,0.0,0.0,118.0,0.0,2.0,1.0,0
974881,276.292,2.399220000000001,1.0,5.0,73.59,6.0,2.0,1.0,1.0,0.0,6.0,2.0,20.0,0.0,0.0,0.0,106.0,0.0,1.0,1.0,0
2125848,373.45700000000016,2.985240000000001,0.0,7.0,65.6,7.0,3.0,1.0,2.0,0.0,8.0,3.0,26.0,0.0,0.0,0.0,136.0,0.0,2.0,0.0,0
652088,217.31199999999995,3.304000000000002,1.0,1.0,29.1,3.0,1.0,1.0,0.0,0.0,2.0,2.0,16.0,1.0,1.0,0.0,86.0,0.0,0.0,1.0,0
684657,229.279,3.0851400000000018,1.0,2.0,42.09,2.0,2.0,1.0,1.0,0.0,3.0,2.0,17.0,0.0,0.0,0.0,88.0,0.0,1.0,0.0,0
4849,362.407,2.4247000000000005,2.0,5.0,109.93,5.0,2.0,2.0,0.0,1.0,8.0,3.0,25.0,1.0,0.0,1.0,132.0,0.0,1.0,0.0,0
654169,360.479,2.510120000000001,0.0,4.0,49.85000000000001,5.0,2.0,2.0,0.0,1.0,6.0,3.0,25.0,1.0,0.0,1.0,134.0,0.0,1.0,0.0,0
935063,264.281,0.9378999999999996,2.0,4.0,84.50000000000001,5.0,1.0,1.0,0.0,0.0,6.0,1.0,19.0,0.0,0.0,0.0,102.0,0.0,0.0,2.0,0
894128,255.31700000000004,3.3583000000000016,1.0,2.0,42.23,6.0,2.0,1.0,1.0,0.0,3.0,2.0,19.0,0.0,0.0,0.0,98.0,0.0,1.0,0.0,0
2727852,319.158,2.2265,2.0,3.0,62.22,2.0,2.0,1.0,1.0,0.0,5.0,3.0,19.0,1.0,0.0,1.0,96.0,0.0,2.0,1.0,0
2209143,284.38100000000003,1.1828999999999998,2.0,3.0,89.25999999999999,7.0,1.0,1.0,0.0,0.0,6.0,1.0,19.0,0.0,0.0,0.0,106.0,0.0,0.0,1.0,0
3239265,438.5530000000003,3.1576000000000013,1.0,7.0,86.11,8.0,3.0,1.0,2.0,1.0,8.0,4.0,31.0,1.0,0.0,1.0,162.0,0.0,3.0,1.0,0
652034,321.384,2.2927,0.0,6.0,56.07,5.0,3.0,2.0,1.0,0.0,6.0,4.0,24.0,1.0,0.0,1.0,122.0,0.0,2.0,0.0,0
1582522,197.303,2.2168300000000003,1.0,3.0,25.16,3.0,1.0,0.0,1.0,0.0,3.0,1.0,13.0,0.0,0.0,0.0,72.0,0.0,1.0,0.0,0
3238585,391.49300000000017,3.4007400000000017,2.0,5.0,101.3,5.0,2.0,1.0,1.0,1.0,8.0,3.0,27.0,1.0,1.0,0.0,146.0,0.0,1.0,1.0,0
16757958,484.58900000000034,4.726900000000004,1.0,7.0,95.20000000000002,4.0,1.0,0.0,1.0,2.0,7.0,5.0,35.0,4.0,3.0,1.0,190.0,0.0,2.0,0.0,0
118365218,447.442,3.617700000000002,3.0,6.0,110.39,8.0,3.0,1.0,2.0,1.0,11.0,4.0,32.0,1.0,0.0,1.0,170.0,0.0,3.0,2.0,1
738257,235.243,0.4366199999999998,1.0,5.0,76.46000000000001,3.0,2.0,0.0,2.0,0.0,6.0,2.0,17.0,0.0,0.0,0.0,90.0,0.0,2.0,0.0,0
2999635,294.34700000000004,3.458300000000002,1.0,4.0,50.44,7.0,2.0,1.0,1.0,0.0,5.0,2.0,20.0,0.0,0.0,0.0,106.0,0.0,1.0,0.0,0
5459412,390.6030000000001,5.264100000000005,0.0,3.0,34.89,2.0,3.0,1.0,2.0,0.0,4.0,4.0,28.0,1.0,0.0,1.0,146.0,0.0,3.0,0.0,0
2971665,412.5080000000002,1.4258200000000003,0.0,6.0,93.22,7.0,1.0,1.0,0.0,1.0,9.0,2.0,28.0,1.0,0.0,1.0,156.0,0.0,1.0,1.0,0
661350,457.5520000000004,2.6790400000000005,1.0,8.0,92.2,7.0,2.0,1.0,1.0,1.0,9.0,4.0,32.0,2.0,0.0,2.0,170.0,0.0,3.0,1.0,0
737908,325.3640000000001,3.611220000000002,1.0,4.0,64.63000000000001,4.0,2.0,2.0,0.0,0.0,5.0,3.0,24.0,1.0,0.0,1.0,124.0,0.0,1.0,1.0,0
16758427,724.7600000000003,3.5836200000000016,0.0,14.0,182.63,11.0,2.0,2.0,0.0,2.0,15.0,4.0,52.0,2.0,0.0,2.0,280.0,0.0,2.0,1.0,0
54679660,328.41200000000015,2.963400000000001,2.0,4.0,71.33,6.0,2.0,1.0,1.0,0.0,5.0,3.0,24.0,1.0,0.0,1.0,128.0,0.0,2.0,1.0,0
3458281,405.3030000000001,2.851700000000001,1.0,5.0,79.62,7.0,2.0,1.0,1.0,0.0,9.0,2.0,25.0,0.0,0.0,0.0,136.0,0.0,1.0,1.0,0
3236550,379.5040000000001,2.7203000000000017,1.0,3.0,52.650000000000006,9.0,2.0,2.0,0.0,1.0,5.0,3.0,28.0,1.0,0.0,1.0,148.0,0.0,1.0,2.0,0
9570071,190.268,1.4698,1.0,4.0,50.69,3.0,0.0,0.0,0.0,0.0,5.0,0.0,12.0,0.0,0.0,0.0,70.0,0.0,0.0,1.0,0
2081549,339.35100000000006,3.2411400000000024,1.0,6.0,98.08,5.0,3.0,1.0,2.0,0.0,7.0,3.0,25.0,0.0,0.0,0.0,128.0,0.0,2.0,0.0,1
624478,280.331,2.678700000000001,0.0,5.0,52.31,2.0,3.0,1.0,2.0,0.0,5.0,4.0,21.0,1.0,1.0,0.0,106.0,0.0,2.0,0.0,0
661742,439.4750000000003,4.169900000000003,0.0,8.0,84.06,2.0,5.0,2.0,3.0,1.0,8.0,7.0,33.0,2.0,1.0,1.0,164.0,0.0,4.0,0.0,0
3235491,343.3370000000001,2.5326000000000004,0.0,6.0,63.91,3.0,3.0,1.0,2.0,1.0,8.0,4.0,25.0,1.0,1.0,0.0,128.0,0.0,2.0,0.0,0
2978869,331.4120000000001,3.427800000000002,1.0,4.0,64.63,4.0,1.0,1.0,0.0,2.0,5.0,3.0,24.0,2.0,2.0,0.0,130.0,0.0,0.0,1.0,0
5309361,307.357,1.6916999999999998,0.0,5.0,53.74000000000001,2.0,3.0,0.0,3.0,1.0,6.0,4.0,23.0,1.0,0.0,1.0,116.0,0.0,4.0,1.0,0
2854923,278.402,3.1483000000000008,1.0,4.0,52.89,3.0,1.0,0.0,1.0,0.0,5.0,2.0,18.0,1.0,0.0,1.0,94.0,0.0,2.0,1.0,0
9662513,338.43600000000004,3.423000000000002,0.0,6.0,51.77,4.0,3.0,1.0,2.0,0.0,6.0,3.0,24.0,0.0,0.0,0.0,122.0,0.0,2.0,0.0,1
1402962,350.37800000000004,1.6946999999999997,2.0,6.0,100.34,5.0,3.0,1.0,2.0,0.0,7.0,3.0,26.0,0.0,0.0,0.0,132.0,0.0,2.0,0.0,0
2020399,219.28800000000004,2.4014,2.0,3.0,49.94,6.0,2.0,1.0,1.0,0.0,4.0,2.0,16.0,0.0,0.0,0.0,86.0,0.0,1.0,0.0,0
3234807,382.479,3.962600000000003,0.0,3.0,32.78,4.0,2.0,2.0,0.0,2.0,5.0,4.0,28.0,2.0,0.0,2.0,148.0,1.0,2.0,1.0,0
664795,389.5460000000002,5.248200000000004,1.0,7.0,60.18000000000001,5.0,3.0,0.0,3.0,0.0,7.0,4.0,26.0,1.0,0.0,1.0,138.0,0.0,4.0,0.0,0
647788,442.4970000000004,3.4850200000000013,1.0,9.0,100.64,7.0,3.0,1.0,2.0,1.0,10.0,5.0,31.0,2.0,0.0,2.0,162.0,0.0,4.0,1.0,0
3242545,417.4720000000002,2.4480200000000005,2.0,8.0,127.08,6.0,4.0,2.0,2.0,0.0,11.0,4.0,28.0,0.0,0.0,0.0,144.0,0.0,2.0,1.0,0
3239120,454.5740000000003,4.570700000000004,0.0,5.0,50.48,3.0,4.0,2.0,2.0,2.0,6.0,6.0,34.0,2.0,1.0,1.0,174.0,0.0,3.0,1.0,0
2346465,445.5480000000001,0.8805999999999996,2.0,10.0,136.74,7.0,2.0,1.0,1.0,1.0,13.0,3.0,28.0,1.0,0.0,1.0,152.0,0.0,2.0,1.0,0
3236861,328.39700000000005,3.2079400000000016,1.0,6.0,72.95,5.0,3.0,1.0,2.0,0.0,7.0,3.0,23.0,0.0,0.0,0.0,118.0,0.0,2.0,1.0,0
662110,352.3900000000001,2.9658200000000017,1.0,5.0,69.56,5.0,3.0,2.0,1.0,0.0,6.0,3.0,26.0,0.0,0.0,0.0,134.0,0.0,1.0,1.0,0
2207694,340.37900000000013,3.796300000000002,2.0,4.0,76.66000000000001,6.0,2.0,2.0,0.0,0.0,6.0,3.0,25.0,1.0,0.0,1.0,130.0,0.0,1.0,2.0,0
2859408,303.383,2.889000000000001,1.0,5.0,55.4,2.0,1.0,0.0,1.0,0.0,5.0,3.0,21.0,2.0,1.0,1.0,110.0,0.0,2.0,0.0,0
3237323,386.47100000000006,3.1681000000000017,2.0,4.0,56.84,7.0,2.0,2.0,0.0,1.0,7.0,3.0,28.0,1.0,0.0,1.0,150.0,0.0,1.0,2.0,0
16758433,556.7290000000003,4.252860000000003,1.0,8.0,110.19,12.0,2.0,1.0,1.0,0.0,10.0,3.0,39.0,1.0,0.0,1.0,212.0,0.0,2.0,0.0,0
5419455,324.3440000000001,0.4910999999999992,0.0,8.0,87.07,3.0,3.0,1.0,2.0,1.0,8.0,4.0,24.0,1.0,1.0,0.0,122.0,0.0,2.0,0.0,0
690908,322.3200000000001,3.631020000000002,1.0,5.0,73.59,3.0,3.0,2.0,1.0,0.0,6.0,4.0,24.0,1.0,0.0,1.0,120.0,0.0,2.0,1.0,0
649583,344.4110000000002,3.838420000000003,1.0,5.0,69.68,8.0,2.0,1.0,1.0,0.0,6.0,2.0,25.0,0.0,0.0,0.0,134.0,0.0,1.0,1.0,0
2675259,324.427,1.9284,1.0,4.0,66.48,5.0,2.0,1.0,1.0,0.0,7.0,2.0,21.0,0.0,0.0,0.0,112.0,0.0,1.0,1.0,0
665273,484.96500000000026,4.9878000000000045,1.0,8.0,91.41,9.0,4.0,2.0,2.0,0.0,10.0,4.0,33.0,0.0,0.0,0.0,170.0,0.0,2.0,1.0,0
3246595,164.15699999999998,-2.1938,4.0,5.0,90.15,0.0,0.0,0.0,0.0,1.0,5.0,1.0,11.0,1.0,0.0,1.0,66.0,0.0,1.0,0.0,0
1153594,360.841,3.076200000000002,0.0,4.0,42.010000000000005,5.0,2.0,2.0,0.0,1.0,6.0,3.0,25.0,1.0,0.0,1.0,132.0,0.0,1.0,1.0,1
1142793,378.5160000000001,3.6137000000000032,0.0,3.0,32.78,5.0,2.0,2.0,0.0,2.0,4.0,4.0,28.0,2.0,0.0,2.0,148.0,0.0,2.0,1.0,0
897495,257.311,1.6249,1.0,4.0,72.47,5.0,1.0,1.0,0.0,0.0,6.0,1.0,17.0,0.0,0.0,0.0,94.0,0.0,0.0,0.0,0
850594,320.42100000000005,3.5618000000000025,0.0,5.0,43.08,5.0,4.0,2.0,2.0,0.0,5.0,4.0,23.0,0.0,0.0,0.0,114.0,0.0,2.0,0.0,0
1288545,369.83000000000015,1.38602,2.0,5.0,111.38,7.0,2.0,1.0,1.0,0.0,9.0,2.0,24.0,0.0,0.0,0.0,128.0,0.0,1.0,1.0,0
645550,432.5020000000002,1.8359,0.0,10.0,97.35,8.0,3.0,1.0,2.0,0.0,10.0,3.0,30.0,0.0,0.0,0.0,160.0,0.0,2.0,0.0,0
2882108,402.4500000000001,5.183200000000005,1.0,5.0,75.69,3.0,3.0,1.0,2.0,0.0,6.0,5.0,30.0,2.0,1.0,1.0,152.0,0.0,3.0,1.0,0
16758050,190.33,4.335100000000003,0.0,0.0,0.0,0.0,0.0,0.0,0.0,1.0,0.0,2.0,14.0,2.0,2.0,0.0,78.0,0.0,0.0,0.0,0
1088978,356.429,3.6616000000000017,2.0,3.0,73.61,5.0,4.0,2.0,2.0,0.0,5.0,4.0,27.0,0.0,0.0,0.0,134.0,0.0,2.0,1.0,0
3232831,342.4680000000001,3.060900000000002,0.0,5.0,49.330000000000005,2.0,2.0,1.0,1.0,2.0,6.0,4.0,24.0,2.0,0.0,2.0,126.0,1.0,3.0,1.0,0
790307,229.279,2.3581200000000004,1.0,2.0,49.93,3.0,2.0,1.0,1.0,0.0,3.0,2.0,17.0,0.0,0.0,0.0,88.0,0.0,1.0,0.0,0
3246164,266.388,3.6994000000000025,0.0,2.0,16.130000000000003,5.0,2.0,1.0,1.0,1.0,2.0,3.0,20.0,1.0,0.0,1.0,104.0,0.0,2.0,0.0,0
648281,469.5380000000004,2.2368,2.0,7.0,98.36,8.0,2.0,2.0,0.0,1.0,9.0,4.0,34.0,2.0,0.0,2.0,182.0,0.0,2.0,2.0,0
651286,448.5730000000002,5.410740000000005,0.0,8.0,81.77,8.0,4.0,2.0,2.0,0.0,8.0,4.0,31.0,0.0,0.0,0.0,156.0,0.0,2.0,0.0,0
3242473,404.4660000000002,3.2246000000000024,1.0,5.0,73.99,2.0,3.0,2.0,1.0,0.0,6.0,5.0,30.0,2.0,0.0,2.0,154.0,0.0,3.0,1.0,0
663975,336.392,2.9871000000000008,2.0,5.0,83.98,7.0,2.0,1.0,1.0,0.0,8.0,2.0,23.0,0.0,0.0,0.0,122.0,0.0,1.0,2.0,0
2997763,348.3550000000002,1.1379999999999997,2.0,6.0,102.96,4.0,1.0,1.0,0.0,1.0,8.0,3.0,25.0,2.0,1.0,1.0,134.0,0.0,1.0,3.0,0
3233136,323.46200000000016,1.9941,0.0,5.0,45.67,4.0,1.0,0.0,1.0,2.0,6.0,3.0,22.0,2.0,0.0,2.0,122.0,1.0,3.0,1.0,0
3244960,495.6200000000004,3.277700000000001,2.0,5.0,96.97,7.0,1.0,1.0,0.0,3.0,8.0,5.0,36.0,4.0,1.0,3.0,194.0,1.0,3.0,3.0,0
2208446,350.4650000000001,3.0566000000000013,1.0,4.0,66.48,5.0,2.0,2.0,0.0,0.0,7.0,2.0,23.0,0.0,0.0,0.0,122.0,0.0,0.0,1.0,0
135398943,488.25100000000026,-0.2117999999999997,2.0,12.0,177.71999999999997,5.0,2.0,0.0,2.0,1.0,14.0,3.0,30.0,1.0,0.0,1.0,162.0,0.0,3.0,0.0,0
2999187,365.3810000000001,3.322000000000001,3.0,7.0,92.62,4.0,3.0,2.0,1.0,0.0,8.0,4.0,26.0,1.0,0.0,1.0,132.0,0.0,2.0,0.0,0
3235520,344.4990000000001,3.669400000000003,0.0,3.0,32.78,4.0,1.0,1.0,0.0,2.0,4.0,3.0,25.0,2.0,0.0,2.0,138.0,1.0,2.0,1.0,0
2997962,300.314,1.4808199999999998,2.0,4.0,88.26,4.0,2.0,1.0,1.0,1.0,6.0,3.0,22.0,1.0,0.0,1.0,114.0,0.0,2.0,1.0,0
663010,410.8860000000001,4.609800000000004,0.0,7.0,73.81,7.0,4.0,1.0,3.0,0.0,8.0,4.0,28.0,0.0,0.0,0.0,140.0,0.0,3.0,0.0,0
2432250,352.38700000000006,1.6316,2.0,6.0,102.96,7.0,1.0,1.0,0.0,0.0,8.0,1.0,25.0,0.0,0.0,0.0,138.0,0.0,0.0,3.0,0
1253200,330.391,2.907620000000001,1.0,4.0,63.05,4.0,4.0,2.0,2.0,0.0,5.0,4.0,25.0,0.0,0.0,0.0,124.0,0.0,2.0,0.0,0
3237182,292.335,2.1638,2.0,4.0,76.66,5.0,1.0,1.0,0.0,1.0,6.0,2.0,21.0,1.0,0.0,1.0,114.0,0.0,1.0,2.0,0
16758431,594.6830000000002,2.608220000000001,1.0,11.0,155.89,15.0,1.0,1.0,0.0,0.0,13.0,2.0,41.0,1.0,0.0,1.0,226.0,0.0,1.0,0.0,0
648731,389.47700000000026,2.0265,0.0,5.0,74.07000000000001,4.0,2.0,1.0,1.0,2.0,8.0,4.0,27.0,2.0,0.0,2.0,144.0,0.0,3.0,1.0,0
2999760,325.40500000000014,1.8137999999999992,1.0,5.0,81.70000000000002,8.0,0.0,0.0,0.0,2.0,6.0,2.0,23.0,2.0,2.0,0.0,130.0,0.0,0.0,1.0,0
70556,231.29899999999995,0.7024999999999995,2.0,3.0,44.370000000000005,1.0,1.0,1.0,0.0,2.0,4.0,3.0,17.0,2.0,0.0,2.0,90.0,1.0,2.0,1.0,0
881707,293.208,4.143400000000003,0.0,2.0,17.82,4.0,2.0,1.0,1.0,0.0,3.0,2.0,17.0,0.0,0.0,0.0,90.0,0.0,1.0,0.0,0
3233963,320.39600000000013,3.153220000000001,2.0,4.0,66.91,5.0,3.0,2.0,1.0,0.0,5.0,3.0,24.0,0.0,0.0,0.0,122.0,0.0,1.0,1.0,0
1263476,254.245,1.8908,0.0,4.0,59.5,2.0,2.0,1.0,1.0,0.0,5.0,3.0,19.0,1.0,0.0,1.0,94.0,0.0,2.0,2.0,0
2905439,307.346,2.535200000000001,1.0,5.0,81.7,8.0,1.0,1.0,0.0,0.0,6.0,1.0,22.0,0.0,0.0,0.0,120.0,0.0,0.0,1.0,0
706120,297.35100000000006,2.5946000000000007,1.0,5.0,66.02000000000001,7.0,1.0,1.0,0.0,0.0,6.0,1.0,21.0,0.0,0.0,0.0,118.0,0.0,0.0,1.0,0
3241651,372.42100000000016,2.960240000000001,1.0,6.0,78.79000000000002,6.0,2.0,1.0,1.0,0.0,7.0,3.0,27.0,1.0,0.0,1.0,144.0,0.0,2.0,1.0,0
5307616,427.324,2.5200200000000006,2.0,4.0,95.16,4.0,2.0,1.0,1.0,1.0,9.0,3.0,25.0,1.0,0.0,1.0,134.0,0.0,2.0,1.0,0
118380938,354.414,2.682900000000001,4.0,5.0,103.96,6.0,3.0,1.0,2.0,0.0,8.0,3.0,26.0,0.0,0.0,0.0,136.0,0.0,2.0,2.0,1
72892,340.42600000000004,0.9434,2.0,4.0,92.34,7.0,2.0,2.0,0.0,0.0,8.0,2.0,22.0,0.0,0.0,0.0,118.0,0.0,0.0,0.0,0
3240974,402.45100000000025,2.936100000000001,1.0,9.0,96.73,8.0,2.0,1.0,1.0,0.0,9.0,3.0,29.0,1.0,0.0,1.0,156.0,0.0,2.0,0.0,0
5767764,365.429,3.4532200000000017,1.0,4.0,66.84,6.0,2.0,2.0,0.0,1.0,5.0,3.0,27.0,1.0,0.0,1.0,140.0,0.0,1.0,1.0,0
3244169,314.4290000000001,3.5744200000000026,1.0,2.0,49.41,3.0,1.0,1.0,0.0,2.0,4.0,3.0,23.0,2.0,1.0,1.0,124.0,0.0,1.0,2.0,0
3243286,407.5140000000001,4.333820000000004,1.0,5.0,71.51,7.0,3.0,1.0,2.0,1.0,6.0,4.0,30.0,1.0,0.0,1.0,158.0,0.0,3.0,1.0,0
1568862,329.3520000000001,3.2216000000000014,1.0,5.0,66.02000000000001,7.0,2.0,2.0,0.0,0.0,6.0,3.0,24.0,1.0,0.0,1.0,126.0,0.0,1.0,1.0,0
2999298,367.3730000000001,1.791299999999999,1.0,6.0,98.76999999999998,11.0,1.0,1.0,0.0,0.0,8.0,1.0,26.0,0.0,0.0,0.0,142.0,0.0,0.0,1.0,0
807668,265.356,3.598600000000003,0.0,1.0,20.31,4.0,2.0,2.0,0.0,0.0,2.0,3.0,20.0,1.0,0.0,1.0,102.0,0.0,1.0,1.0,0
9554675,178.23899999999995,1.6923,0.0,4.0,43.07,2.0,1.0,0.0,1.0,1.0,4.0,2.0,13.0,1.0,1.0,0.0,70.0,0.0,1.0,0.0,0
2975834,456.6120000000003,2.867900000000001,1.0,5.0,72.96,6.0,2.0,2.0,0.0,2.0,8.0,4.0,32.0,2.0,0.0,2.0,172.0,0.0,2.0,1.0,0
2541537,442.4970000000002,1.7464999999999993,2.0,6.0,121.34,5.0,3.0,2.0,1.0,1.0,10.0,4.0,31.0,1.0,0.0,1.0,162.0,0.0,2.0,1.0,0
7260,141.601,2.23062,1.0,1.0,26.02,0.0,1.0,1.0,0.0,0.0,2.0,1.0,9.0,0.0,0.0,0.0,48.0,0.0,0.0,0.0,0
3234685,446.61600000000016,5.424900000000005,0.0,3.0,40.620000000000005,4.0,3.0,3.0,0.0,2.0,5.0,5.0,32.0,2.0,0.0,2.0,166.0,1.0,2.0,0.0,0
654639,487.5640000000004,2.9099000000000013,1.0,9.0,101.4,4.0,4.0,2.0,2.0,1.0,10.0,6.0,36.0,2.0,0.0,2.0,186.0,0.0,4.0,0.0,0
92044689,354.3890000000001,2.589600000000001,3.0,4.0,85.94000000000001,3.0,3.0,1.0,2.0,1.0,8.0,4.0,26.0,1.0,0.0,1.0,134.0,0.0,3.0,2.0,1
2399399,428.41300000000007,2.3338,1.0,6.0,102.01,8.0,2.0,2.0,0.0,0.0,11.0,2.0,29.0,0.0,0.0,0.0,156.0,0.0,0.0,1.0,0
711393,344.4360000000002,2.9358000000000013,1.0,4.0,58.64,5.0,2.0,2.0,0.0,1.0,6.0,3.0,24.0,1.0,0.0,1.0,126.0,0.0,1.0,0.0,0
3232928,294.3580000000001,2.6416000000000004,0.0,5.0,45.400000000000006,2.0,3.0,1.0,2.0,1.0,5.0,4.0,22.0,1.0,0.0,1.0,112.0,0.0,3.0,0.0,0
1260066,422.539,3.748820000000003,1.0,8.0,85.59,7.0,4.0,2.0,2.0,0.0,9.0,4.0,29.0,0.0,0.0,0.0,146.0,0.0,2.0,1.0,0
3240676,354.43500000000006,3.176910000000001,2.0,5.0,71.94,5.0,3.0,2.0,1.0,0.0,7.0,3.0,25.0,0.0,0.0,0.0,128.0,0.0,1.0,1.0,0
654769,462.62300000000016,5.153120000000005,1.0,7.0,79.7,8.0,4.0,1.0,3.0,1.0,8.0,5.0,33.0,1.0,1.0,0.0,172.0,0.0,3.0,0.0,0
651537,433.5080000000002,4.520200000000004,1.0,5.0,84.67,8.0,3.0,1.0,2.0,1.0,7.0,4.0,32.0,1.0,1.0,0.0,166.0,0.0,2.0,2.0,0
2956182,334.4160000000001,1.7548000000000004,2.0,4.0,84.5,7.0,1.0,1.0,0.0,0.0,6.0,1.0,24.0,0.0,0.0,0.0,132.0,0.0,0.0,2.0,0
645619,343.4160000000002,1.459,2.0,8.0,105.84,4.0,3.0,1.0,2.0,1.0,9.0,4.0,24.0,1.0,0.0,1.0,124.0,0.0,3.0,0.0,0
647990,322.38000000000005,2.4294,1.0,4.0,58.64,6.0,1.0,1.0,0.0,1.0,6.0,2.0,23.0,1.0,0.0,1.0,126.0,0.0,1.0,1.0,0
3234036,414.4810000000001,3.9808400000000015,1.0,4.0,78.68,2.0,2.0,1.0,1.0,2.0,8.0,4.0,30.0,2.0,0.0,2.0,160.0,1.0,3.0,3.0,0
3242365,237.28400000000005,0.8881999999999999,2.0,3.0,74.85,4.0,2.0,1.0,1.0,0.0,6.0,2.0,16.0,0.0,0.0,0.0,84.0,0.0,1.0,0.0,0
3236772,375.4790000000001,3.1617200000000008,1.0,8.0,81.93,7.0,3.0,1.0,2.0,0.0,9.0,3.0,25.0,0.0,0.0,0.0,130.0,0.0,2.0,1.0,0
3240821,498.5610000000004,2.925790000000001,1.0,8.0,110.01,7.0,3.0,1.0,2.0,1.0,11.0,5.0,35.0,2.0,0.0,2.0,184.0,0.0,4.0,2.0,0
3244120,384.2990000000001,2.4253,1.0,4.0,62.3,6.0,2.0,1.0,1.0,0.0,7.0,2.0,22.0,0.0,0.0,0.0,118.0,0.0,1.0,0.0,0
2595428,385.4420000000001,0.2293200000000012,2.0,8.0,120.19,8.0,1.0,0.0,1.0,1.0,10.0,2.0,26.0,1.0,0.0,1.0,144.0,0.0,2.0,2.0,0
5307584,382.51400000000007,4.194100000000003,0.0,7.0,52.71,6.0,4.0,2.0,2.0,0.0,7.0,4.0,26.0,0.0,0.0,0.0,132.0,0.0,2.0,0.0,0
1309747,391.24600000000015,4.330700000000002,1.0,5.0,64.36,3.0,3.0,1.0,2.0,0.0,7.0,4.0,23.0,1.0,1.0,0.0,116.0,0.0,2.0,1.0,0
3234554,315.38000000000005,3.5485000000000024,0.0,5.0,46.84,3.0,4.0,2.0,2.0,0.0,5.0,4.0,24.0,0.0,0.0,0.0,118.0,0.0,2.0,0.0,0
1301808,266.43499999999995,2.3314000000000004,0.0,3.0,6.48,2.0,1.0,1.0,0.0,1.0,4.0,2.0,17.0,1.0,0.0,1.0,92.0,0.0,1.0,0.0,0
650873,470.5550000000002,2.3214,1.0,9.0,111.47,10.0,3.0,1.0,2.0,0.0,11.0,4.0,33.0,1.0,0.0,1.0,174.0,0.0,3.0,2.0,0
647689,336.391,3.830120000000002,1.0,4.0,54.71000000000001,3.0,3.0,2.0,1.0,1.0,5.0,4.0,25.0,1.0,0.0,1.0,128.0,0.0,2.0,1.0,0
651819,426.52700000000016,4.034860000000002,1.0,9.0,98.73,6.0,4.0,1.0,3.0,0.0,10.0,4.0,29.0,0.0,0.0,0.0,148.0,0.0,3.0,1.0,0
2631946,296.7540000000001,2.4872000000000005,2.0,3.0,67.42999999999999,4.0,1.0,1.0,0.0,1.0,6.0,2.0,20.0,1.0,1.0,0.0,108.0,0.0,0.0,3.0,0
6407399,452.55800000000016,4.641240000000004,0.0,5.0,58.56,5.0,4.0,3.0,1.0,1.0,6.0,5.0,34.0,1.0,0.0,1.0,172.0,0.0,2.0,1.0,1
663466,317.4360000000001,3.045300000000001,0.0,3.0,11.41,2.0,3.0,2.0,1.0,1.0,3.0,4.0,24.0,1.0,0.0,1.0,122.0,0.0,2.0,0.0,0
650073,296.3260000000001,3.4501000000000017,1.0,3.0,54.71000000000001,1.0,3.0,2.0,1.0,1.0,5.0,4.0,22.0,1.0,0.0,1.0,112.0,0.0,2.0,2.0,0
977261,346.4410000000001,2.547300000000001,1.0,8.0,85.59,6.0,3.0,0.0,3.0,0.0,9.0,3.0,23.0,0.0,0.0,0.0,118.0,0.0,3.0,1.0,0
577561,270.28799999999995,2.5277200000000004,3.0,3.0,92.42,3.0,2.0,2.0,0.0,0.0,5.0,2.0,20.0,0.0,0.0,0.0,102.0,0.0,0.0,1.0,0
649108,386.4330000000001,2.663100000000001,0.0,9.0,88.36000000000001,8.0,3.0,2.0,1.0,0.0,9.0,3.0,27.0,0.0,0.0,0.0,140.0,0.0,1.0,0.0,0
648798,373.4780000000001,2.622600000000001,2.0,4.0,88.16,6.0,2.0,1.0,1.0,1.0,7.0,3.0,26.0,1.0,1.0,0.0,138.0,0.0,1.0,1.0,0
899817,235.286,3.4093000000000018,0.0,2.0,22.0,2.0,3.0,2.0,1.0,0.0,2.0,3.0,18.0,0.0,0.0,0.0,88.0,0.0,1.0,0.0,0
13232,174.196,1.0470000000000002,0.0,4.0,44.760000000000005,1.0,0.0,0.0,0.0,1.0,4.0,1.0,12.0,1.0,0.0,1.0,70.0,0.0,1.0,0.0,0
651197,366.4250000000002,1.5465999999999995,0.0,8.0,78.19,6.0,3.0,1.0,2.0,1.0,8.0,4.0,27.0,1.0,0.0,1.0,140.0,0.0,3.0,0.0,0
665286,483.5790000000003,3.2296000000000014,1.0,11.0,111.85,6.0,5.0,0.0,5.0,0.0,12.0,6.0,33.0,1.0,0.0,1.0,170.0,0.0,6.0,1.0,0
2998870,365.429,2.899420000000001,1.0,5.0,62.91,5.0,3.0,2.0,1.0,0.0,5.0,4.0,27.0,1.0,0.0,1.0,140.0,0.0,2.0,0.0,0
648297,310.39700000000005,3.348620000000002,1.0,4.0,47.28,7.0,3.0,2.0,1.0,0.0,4.0,3.0,23.0,0.0,0.0,0.0,120.0,0.0,1.0,0.0,0
3233761,358.42300000000006,2.7445000000000004,1.0,6.0,88.33,6.0,3.0,1.0,2.0,0.0,8.0,3.0,25.0,0.0,0.0,0.0,130.0,0.0,2.0,0.0,0
646361,355.3980000000001,1.3741999999999996,0.0,8.0,74.28999999999999,2.0,3.0,1.0,2.0,0.0,8.0,4.0,26.0,1.0,0.0,1.0,136.0,0.0,3.0,0.0,0
2999657,356.4440000000002,1.0010000000000006,1.0,5.0,84.94,7.0,1.0,1.0,0.0,1.0,8.0,2.0,24.0,1.0,0.0,1.0,134.0,0.0,1.0,1.0,0
3235135,398.51000000000016,4.979100000000004,1.0,5.0,50.28,7.0,4.0,3.0,1.0,0.0,5.0,4.0,30.0,0.0,0.0,0.0,152.0,0.0,1.0,0.0,0
7008172,296.3300000000001,2.5179,1.0,6.0,74.66000000000001,4.0,3.0,2.0,1.0,0.0,6.0,3.0,22.0,0.0,0.0,0.0,112.0,0.0,1.0,0.0,0
651199,466.5920000000001,4.299420000000003,1.0,9.0,94.82000000000002,9.0,4.0,2.0,2.0,0.0,10.0,4.0,32.0,0.0,0.0,0.0,164.0,0.0,2.0,1.0,0
2127533,334.3320000000001,1.8199,2.0,7.0,115.58,7.0,2.0,1.0,1.0,0.0,9.0,2.0,24.0,0.0,0.0,0.0,128.0,0.0,1.0,2.0,0
118045850,474.9450000000002,3.7292000000000014,2.0,6.0,115.04,6.0,3.0,2.0,1.0,1.0,10.0,4.0,32.0,1.0,1.0,0.0,166.0,0.0,1.0,1.0,1
3235283,336.395,3.074800000000001,0.0,5.0,62.470000000000006,5.0,3.0,1.0,2.0,0.0,6.0,3.0,25.0,0.0,0.0,0.0,128.0,0.0,2.0,1.0,0
6604842,810.9889999999998,3.8484000000000034,3.0,12.0,154.10000000000002,7.0,3.0,2.0,1.0,3.0,13.0,9.0,59.0,6.0,1.0,5.0,316.0,1.0,6.0,0.0,0
2125027,414.5310000000004,3.649000000000002,1.0,7.0,78.27000000000001,8.0,2.0,1.0,1.0,1.0,8.0,4.0,29.0,2.0,1.0,1.0,154.0,0.0,2.0,1.0,0
662212,298.3860000000001,2.630840000000001,0.0,3.0,42.31,2.0,2.0,1.0,1.0,1.0,4.0,3.0,22.0,1.0,0.0,1.0,116.0,0.0,2.0,1.0,0
135450656,435.50500000000017,3.3228000000000018,1.0,5.0,92.36,7.0,4.0,3.0,1.0,0.0,8.0,4.0,31.0,0.0,0.0,0.0,158.0,0.0,1.0,0.0,0
656335,324.46800000000013,3.5516000000000023,0.0,2.0,23.550000000000004,2.0,1.0,1.0,0.0,5.0,3.0,6.0,24.0,5.0,4.0,1.0,128.0,0.0,1.0,1.0,0
3232741,267.29200000000003,2.44712,1.0,6.0,76.73,4.0,3.0,0.0,3.0,0.0,6.0,3.0,20.0,0.0,0.0,0.0,100.0,0.0,3.0,0.0,0
16758140,159.18499999999997,-2.1965999999999983,1.0,3.0,60.36,1.0,0.0,0.0,0.0,1.0,4.0,1.0,11.0,1.0,0.0,1.0,64.0,0.0,1.0,0.0,0
2389382,308.721,1.9883999999999995,2.0,5.0,94.56000000000002,5.0,2.0,1.0,1.0,0.0,7.0,2.0,21.0,0.0,0.0,0.0,110.0,0.0,1.0,1.0,0
975178,299.212,3.037820000000001,1.0,2.0,32.34,5.0,1.0,1.0,0.0,0.0,4.0,1.0,17.0,0.0,0.0,0.0,94.0,0.0,0.0,1.0,0
651470,278.3560000000001,0.8456999999999992,1.0,5.0,67.35,6.0,1.0,0.0,1.0,1.0,6.0,2.0,20.0,1.0,0.0,1.0,110.0,0.0,2.0,1.0,0
655667,349.7990000000001,4.103900000000002,1.0,6.0,81.16,6.0,3.0,1.0,2.0,0.0,8.0,3.0,23.0,0.0,0.0,0.0,118.0,0.0,2.0,1.0,0
2193330,270.288,2.49542,2.0,4.0,85.33,5.0,2.0,1.0,1.0,0.0,5.0,2.0,20.0,0.0,0.0,0.0,102.0,0.0,1.0,1.0,0
6860072,359.4330000000001,3.8108400000000016,0.0,6.0,57.23,6.0,4.0,2.0,2.0,0.0,6.0,4.0,27.0,0.0,0.0,0.0,136.0,0.0,2.0,0.0,0
16758054,386.6640000000002,7.676800000000009,0.0,1.0,17.07,5.0,0.0,0.0,0.0,4.0,1.0,4.0,28.0,4.0,4.0,0.0,160.0,0.0,0.0,0.0,0
2157557,372.40200000000016,2.3194,1.0,6.0,86.63000000000001,4.0,3.0,2.0,1.0,0.0,8.0,4.0,26.0,1.0,0.0,1.0,134.0,0.0,2.0,1.0,0
2841235,251.326,2.636400000000001,2.0,3.0,58.56,7.0,1.0,1.0,0.0,0.0,4.0,1.0,18.0,0.0,0.0,0.0,100.0,0.0,0.0,1.0,0
14985,430.7170000000003,8.840260000000002,1.0,2.0,29.46,12.0,1.0,1.0,0.0,0.0,2.0,2.0,31.0,1.0,0.0,1.0,178.0,0.0,1.0,0.0,0
647738,452.5360000000002,3.3081000000000014,1.0,8.0,76.16000000000001,6.0,3.0,2.0,1.0,1.0,9.0,5.0,32.0,2.0,0.0,2.0,166.0,0.0,3.0,1.0,0
2562494,406.53700000000026,3.023980000000001,2.0,10.0,132.84,6.0,2.0,0.0,2.0,1.0,10.0,3.0,27.0,1.0,1.0,0.0,144.0,0.0,2.0,0.0,0
92044858,414.4690000000001,3.6324200000000015,3.0,5.0,104.82,4.0,4.0,1.0,3.0,1.0,8.0,5.0,31.0,1.0,0.0,1.0,156.0,0.0,4.0,2.0,1
6604186,663.4300000000004,-3.647899999999997,7.0,18.0,321.0900000000001,11.0,3.0,0.0,3.0,2.0,23.0,5.0,44.0,2.0,0.0,2.0,240.0,0.0,5.0,1.0,0
2918615,273.28799999999995,2.5418000000000003,1.0,4.0,60.7,3.0,2.0,1.0,1.0,0.0,5.0,3.0,20.0,1.0,0.0,1.0,104.0,0.0,2.0,1.0,0
2839057,313.3970000000001,3.6202200000000015,0.0,4.0,40.46,2.0,2.0,1.0,1.0,1.0,4.0,4.0,23.0,2.0,1.0,1.0,122.0,0.0,2.0,0.0,0
662859,383.4960000000002,2.2559000000000005,0.0,7.0,65.06,8.0,3.0,1.0,2.0,0.0,7.0,3.0,28.0,0.0,0.0,0.0,150.0,0.0,2.0,0.0,0
2927321,488.5400000000003,5.225900000000004,1.0,7.0,90.24,5.0,3.0,2.0,1.0,0.0,8.0,5.0,36.0,2.0,1.0,1.0,186.0,0.0,2.0,1.0,0
688437,300.8330000000001,3.6768000000000014,0.0,2.0,6.48,3.0,2.0,2.0,0.0,1.0,3.0,3.0,21.0,1.0,0.0,1.0,110.0,0.0,1.0,0.0,0
818460,310.44100000000003,3.837800000000003,1.0,3.0,26.71,4.0,2.0,2.0,0.0,1.0,3.0,3.0,23.0,1.0,0.0,1.0,122.0,0.0,1.0,0.0,0
2125096,421.40900000000016,2.1771000000000003,1.0,8.0,116.59,6.0,3.0,2.0,1.0,0.0,9.0,4.0,31.0,1.0,0.0,1.0,158.0,0.0,2.0,1.0,0
118365394,385.42400000000015,2.2267,4.0,6.0,121.39,8.0,3.0,1.0,2.0,0.0,9.0,3.0,28.0,0.0,0.0,0.0,148.0,0.0,2.0,2.0,1
135421771,397.5190000000001,2.6453,1.0,5.0,73.21000000000001,6.0,1.0,1.0,0.0,1.0,6.0,3.0,29.0,2.0,1.0,1.0,156.0,0.0,1.0,1.0,0
240,106.12399999999997,1.4991,0.0,1.0,17.07,1.0,1.0,1.0,0.0,0.0,1.0,1.0,8.0,0.0,0.0,0.0,40.0,0.0,0.0,0.0,0
2298815,390.4680000000002,2.2641400000000003,0.0,7.0,61.3,1.0,5.0,2.0,3.0,0.0,7.0,5.0,28.0,0.0,0.0,0.0,140.0,0.0,3.0,0.0,0
747469,243.31,2.767400000000001,0.0,4.0,47.78,2.0,2.0,1.0,1.0,0.0,4.0,2.0,18.0,0.0,0.0,0.0,94.0,0.0,1.0,0.0,0
667132,383.40000000000015,2.065499999999999,1.0,6.0,93.14,7.0,2.0,2.0,0.0,0.0,7.0,3.0,28.0,1.0,0.0,1.0,146.0,0.0,1.0,1.0,0
2575386,397.5000000000002,2.495820000000001,2.0,6.0,84.22,8.0,3.0,2.0,1.0,0.0,7.0,3.0,28.0,0.0,0.0,0.0,146.0,0.0,1.0,1.0,0
667285,350.3340000000001,2.5607,1.0,7.0,103.13,5.0,4.0,2.0,2.0,0.0,8.0,4.0,26.0,0.0,0.0,0.0,130.0,0.0,2.0,0.0,0
5307680,391.38300000000015,2.0989,1.0,7.0,95.59,4.0,4.0,2.0,2.0,0.0,8.0,5.0,29.0,1.0,0.0,1.0,146.0,0.0,3.0,1.0,0
783893,299.37,3.5102000000000024,2.0,4.0,50.72,5.0,2.0,2.0,0.0,0.0,4.0,3.0,22.0,1.0,1.0,0.0,116.0,0.0,0.0,0.0,0
650602,389.45200000000017,1.8274,1.0,5.0,84.1,7.0,2.0,1.0,1.0,1.0,8.0,3.0,28.0,1.0,0.0,1.0,152.0,0.0,2.0,2.0,0
3245753,296.3260000000001,3.641300000000002,2.0,4.0,66.84,4.0,3.0,2.0,1.0,0.0,5.0,3.0,22.0,0.0,0.0,0.0,112.0,0.0,1.0,0.0,0
3238250,392.39,3.9864000000000015,1.0,6.0,82.17999999999999,6.0,4.0,2.0,2.0,0.0,8.0,4.0,29.0,0.0,0.0,0.0,146.0,0.0,2.0,1.0,0
2560290,292.298,0.74786,0.0,6.0,91.57999999999998,2.0,2.0,1.0,1.0,0.0,6.0,3.0,22.0,1.0,0.0,1.0,108.0,0.0,2.0,0.0,0
9880,416.9450000000003,4.607600000000004,0.0,4.0,60.440000000000005,2.0,0.0,0.0,0.0,3.0,5.0,5.0,29.0,5.0,5.0,0.0,156.0,0.0,0.0,0.0,0
645183,290.348,1.5994,0.0,6.0,68.21000000000001,3.0,2.0,0.0,2.0,1.0,7.0,3.0,20.0,1.0,0.0,1.0,104.0,0.0,3.0,1.0,0
3246269,311.29,-1.3659000000000003,4.0,8.0,120.97,3.0,1.0,1.0,0.0,1.0,8.0,3.0,22.0,2.0,0.0,2.0,120.0,0.0,2.0,0.0,0
594337,306.365,2.771300000000001,0.0,3.0,40.620000000000005,2.0,2.0,2.0,0.0,1.0,4.0,4.0,23.0,2.0,0.0,2.0,116.0,0.0,2.0,2.0,0
2159,369.4870000000002,1.2851000000000006,2.0,6.0,101.73,7.0,1.0,1.0,0.0,1.0,8.0,2.0,25.0,1.0,0.0,1.0,140.0,0.0,1.0,1.0,0
2796,242.702,3.060500000000001,0.0,3.0,35.53,4.0,1.0,1.0,0.0,0.0,4.0,1.0,16.0,0.0,0.0,0.0,88.0,0.0,0.0,0.0,0
6518329,529.6770000000004,7.018800000000008,0.0,6.0,58.510000000000005,13.0,3.0,3.0,0.0,0.0,6.0,4.0,39.0,1.0,0.0,1.0,206.0,0.0,1.0,0.0,0
438981,185.19,1.0882999999999998,2.0,4.0,80.48,0.0,3.0,1.0,2.0,0.0,5.0,3.0,14.0,0.0,0.0,0.0,68.0,0.0,2.0,0.0,0
3245755,406.5080000000002,2.128,0.0,6.0,96.61,3.0,2.0,1.0,1.0,2.0,9.0,4.0,28.0,2.0,0.0,2.0,152.0,0.0,3.0,1.0,0
4618046,349.3390000000001,1.96062,1.0,6.0,97.47,3.0,3.0,1.0,2.0,0.0,8.0,3.0,24.0,0.0,0.0,0.0,124.0,0.0,2.0,0.0,0
3241228,342.23600000000005,1.8981,2.0,4.0,83.47,5.0,1.0,0.0,1.0,0.0,8.0,1.0,17.0,0.0,0.0,0.0,96.0,0.0,1.0,0.0,0
2549628,468.5790000000003,3.6712000000000025,0.0,9.0,96.08,9.0,3.0,1.0,2.0,1.0,9.0,4.0,33.0,1.0,1.0,0.0,174.0,0.0,2.0,0.0,0
6858802,301.353,3.1633000000000013,0.0,5.0,48.0,4.0,4.0,2.0,2.0,0.0,5.0,4.0,23.0,0.0,0.0,0.0,112.0,0.0,2.0,0.0,0
605535,275.348,2.7758000000000003,1.0,3.0,47.56,3.0,1.0,1.0,0.0,0.0,4.0,2.0,20.0,1.0,0.0,1.0,108.0,0.0,1.0,1.0,0
16758336,309.3620000000001,1.2958999999999998,0.0,5.0,72.91000000000001,0.0,0.0,0.0,0.0,1.0,6.0,2.0,22.0,2.0,0.0,2.0,122.0,0.0,2.0,1.0,0
3233243,274.3640000000001,2.6031000000000004,0.0,3.0,32.78,1.0,1.0,1.0,0.0,2.0,4.0,3.0,20.0,2.0,0.0,2.0,108.0,1.0,2.0,1.0,0
656362,193.20600000000005,0.53,1.0,4.0,66.32,2.0,1.0,0.0,1.0,1.0,5.0,2.0,14.0,1.0,0.0,1.0,74.0,0.0,2.0,0.0,0
665380,262.309,1.6289999999999991,1.0,3.0,58.64,4.0,1.0,1.0,0.0,0.0,5.0,2.0,19.0,1.0,0.0,1.0,102.0,0.0,1.0,2.0,0
54676677,415.4710000000002,2.4069000000000003,3.0,6.0,131.48999999999998,6.0,3.0,2.0,1.0,0.0,9.0,3.0,29.0,0.0,0.0,0.0,152.0,0.0,1.0,1.0,0
9568650,289.36000000000007,2.1785000000000005,1.0,5.0,71.83000000000001,3.0,2.0,0.0,2.0,0.0,6.0,3.0,20.0,1.0,0.0,1.0,104.0,0.0,3.0,1.0,0
2942001,403.4830000000001,1.5915,1.0,7.0,84.45999999999998,6.0,2.0,1.0,1.0,1.0,9.0,3.0,28.0,1.0,0.0,1.0,148.0,0.0,2.0,1.0,0
71555762,394.3850000000001,3.928220000000002,3.0,4.0,95.59,4.0,4.0,1.0,3.0,0.0,9.0,4.0,29.0,0.0,0.0,0.0,146.0,0.0,3.0,2.0,1
661064,308.34100000000007,1.4163199999999991,1.0,5.0,76.88,4.0,3.0,1.0,2.0,0.0,6.0,3.0,23.0,0.0,0.0,0.0,116.0,0.0,2.0,1.0,0
657709,286.29100000000005,0.2616999999999989,2.0,6.0,111.24,1.0,2.0,1.0,1.0,0.0,7.0,4.0,21.0,2.0,1.0,1.0,108.0,0.0,2.0,0.0,0
3237527,406.52900000000005,2.527400000000001,1.0,5.0,83.55000000000001,7.0,2.0,1.0,1.0,0.0,8.0,3.0,27.0,1.0,0.0,1.0,144.0,0.0,2.0,2.0,0
2999183,371.47,2.4241,1.0,8.0,90.52,5.0,3.0,1.0,2.0,0.0,9.0,3.0,26.0,0.0,0.0,0.0,136.0,0.0,2.0,1.0,0
850064,315.7780000000001,2.7285200000000014,1.0,4.0,68.54,5.0,2.0,1.0,1.0,0.0,7.0,2.0,20.0,0.0,0.0,0.0,108.0,0.0,1.0,0.0,0
5459498,333.47200000000004,3.569600000000002,1.0,4.0,55.4,7.0,0.0,0.0,0.0,0.0,4.0,2.0,24.0,2.0,1.0,1.0,134.0,0.0,1.0,0.0,0
2093645,183.211,1.5961999999999998,2.0,3.0,67.16,4.0,1.0,0.0,1.0,0.0,5.0,1.0,13.0,0.0,0.0,0.0,72.0,0.0,1.0,2.0,0
3750936,381.47600000000017,3.7669000000000015,2.0,5.0,87.44999999999999,4.0,2.0,1.0,1.0,1.0,6.0,4.0,28.0,2.0,2.0,0.0,148.0,0.0,1.0,0.0,0
255798,270.24,2.314,2.0,3.0,91.67,4.0,2.0,2.0,0.0,0.0,5.0,2.0,20.0,0.0,0.0,0.0,100.0,0.0,0.0,0.0,0
2951199,271.36,2.698200000000001,1.0,2.0,46.17,3.0,1.0,1.0,0.0,2.0,3.0,3.0,20.0,2.0,2.0,0.0,106.0,0.0,0.0,1.0,0
2963966,334.39700000000005,2.0007,2.0,4.0,84.5,6.0,2.0,2.0,0.0,0.0,7.0,2.0,23.0,0.0,0.0,0.0,122.0,0.0,0.0,1.0,0
5309048,462.6160000000002,3.469940000000002,1.0,6.0,93.53,7.0,2.0,1.0,1.0,1.0,9.0,3.0,32.0,1.0,1.0,0.0,176.0,0.0,1.0,1.0,0
649168,273.3760000000001,2.747300000000001,0.0,2.0,29.540000000000003,2.0,1.0,1.0,0.0,2.0,3.0,3.0,20.0,2.0,0.0,2.0,108.0,0.0,2.0,1.0,0
5308171,272.304,3.0820000000000016,1.0,4.0,72.2,5.0,2.0,1.0,1.0,0.0,5.0,2.0,20.0,0.0,0.0,0.0,104.0,0.0,1.0,1.0,0
665692,380.4080000000001,0.9594399999999994,2.0,8.0,110.73000000000002,4.0,4.0,1.0,3.0,0.0,9.0,4.0,28.0,0.0,0.0,0.0,144.0,0.0,3.0,0.0,0
2892134,319.3570000000001,2.603720000000001,0.0,6.0,66.76,5.0,2.0,1.0,1.0,0.0,6.0,2.0,23.0,0.0,0.0,0.0,124.0,0.0,1.0,0.0,0
20415,242.278,3.1402400000000004,2.0,3.0,62.22,3.0,2.0,1.0,1.0,0.0,4.0,2.0,18.0,0.0,0.0,0.0,92.0,0.0,1.0,0.0,0
259755,256.692,4.057000000000003,0.0,3.0,38.92,2.0,3.0,2.0,1.0,0.0,4.0,3.0,18.0,0.0,0.0,0.0,88.0,0.0,1.0,0.0,0
16758524,208.169,-0.05468,1.0,5.0,80.03999999999999,0.0,1.0,0.0,1.0,1.0,5.0,3.0,15.0,2.0,1.0,1.0,78.0,0.0,2.0,0.0,0
2849974,262.18299999999994,1.9113,1.0,4.0,55.76,1.0,1.0,1.0,0.0,0.0,7.0,2.0,18.0,1.0,0.0,1.0,98.0,0.0,1.0,0.0,0
2028588,332.363,3.675500000000002,0.0,6.0,62.06,5.0,4.0,2.0,2.0,0.0,6.0,4.0,25.0,0.0,0.0,0.0,124.0,0.0,2.0,0.0,0
2864695,346.36400000000015,1.8484,0.0,7.0,77.43,2.0,1.0,1.0,0.0,1.0,8.0,4.0,24.0,3.0,0.0,3.0,124.0,0.0,3.0,1.0,0
3244781,411.95500000000015,3.010120000000001,1.0,5.0,75.44,10.0,2.0,1.0,1.0,0.0,8.0,2.0,27.0,0.0,0.0,0.0,148.0,0.0,1.0,1.0,0
3130975,303.387,2.2802000000000007,1.0,4.0,57.69,4.0,2.0,1.0,1.0,1.0,6.0,3.0,21.0,1.0,0.0,1.0,110.0,0.0,2.0,1.0,0
1322784,281.267,2.0971,0.0,4.0,63.68,3.0,2.0,2.0,0.0,0.0,5.0,3.0,21.0,1.0,0.0,1.0,104.0,0.0,1.0,2.0,0
16758711,434.4890000000004,0.4785000000000001,2.0,8.0,125.73000000000002,8.0,0.0,0.0,0.0,3.0,9.0,3.0,31.0,3.0,2.0,1.0,170.0,0.0,1.0,2.0,0
663761,434.4920000000004,3.069100000000001,0.0,6.0,72.22,6.0,3.0,2.0,1.0,1.0,7.0,5.0,32.0,2.0,0.0,2.0,166.0,0.0,3.0,1.0,0
2819082,249.36,3.330480000000001,0.0,4.0,40.86,4.0,1.0,1.0,0.0,0.0,4.0,1.0,16.0,0.0,0.0,0.0,82.0,0.0,0.0,0.0,1
2947859,310.3530000000001,2.0952,1.0,3.0,58.64,4.0,2.0,2.0,0.0,1.0,5.0,4.0,23.0,2.0,0.0,2.0,118.0,0.0,2.0,2.0,0
834458,322.3860000000001,1.9633,2.0,5.0,90.65,6.0,2.0,2.0,0.0,0.0,7.0,2.0,22.0,0.0,0.0,0.0,118.0,0.0,0.0,0.0,0
3233784,306.4529999999999,4.323600000000003,1.0,2.0,15.27,2.0,2.0,2.0,0.0,2.0,2.0,4.0,23.0,2.0,0.0,2.0,120.0,1.0,2.0,0.0,0
3235519,304.35400000000004,-0.4152999999999995,0.0,8.0,76.38000000000001,4.0,2.0,0.0,2.0,1.0,8.0,3.0,22.0,1.0,0.0,1.0,118.0,0.0,3.0,0.0,0
7015,169.227,2.9358000000000013,1.0,1.0,26.02,1.0,2.0,2.0,0.0,0.0,1.0,2.0,13.0,0.0,0.0,0.0,64.0,0.0,0.0,0.0,0
891632,313.42600000000004,2.522500000000001,0.0,4.0,36.440000000000005,4.0,2.0,1.0,1.0,1.0,5.0,3.0,22.0,1.0,0.0,1.0,114.0,0.0,2.0,1.0,0
1830507,356.44700000000006,3.047320000000001,1.0,3.0,70.24000000000001,5.0,3.0,2.0,1.0,0.0,6.0,3.0,25.0,0.0,0.0,0.0,130.0,0.0,1.0,0.0,0
689043,180.159,1.1956,3.0,3.0,77.76,2.0,1.0,1.0,0.0,0.0,4.0,1.0,13.0,0.0,0.0,0.0,68.0,0.0,0.0,0.0,0
742041,232.243,1.0261999999999998,1.0,6.0,83.03,3.0,2.0,0.0,2.0,0.0,6.0,2.0,17.0,0.0,0.0,0.0,88.0,0.0,2.0,0.0,0
1164702,366.3730000000001,3.801400000000002,2.0,5.0,89.80000000000001,6.0,3.0,2.0,1.0,0.0,7.0,3.0,27.0,0.0,0.0,0.0,138.0,0.0,1.0,2.0,0
2999509,409.4330000000001,2.749900000000001,2.0,4.0,87.74000000000001,6.0,1.0,1.0,0.0,2.0,9.0,3.0,29.0,2.0,1.0,1.0,158.0,0.0,1.0,4.0,0
5771639,396.104,6.927600000000003,0.0,2.0,25.78,3.0,3.0,2.0,1.0,0.0,6.0,3.0,24.0,0.0,0.0,0.0,120.0,0.0,1.0,0.0,0
646982,297.31800000000004,2.25594,1.0,7.0,73.57000000000001,2.0,3.0,1.0,2.0,0.0,7.0,4.0,22.0,1.0,0.0,1.0,112.0,0.0,3.0,0.0,0
662336,382.44500000000016,3.3290000000000024,0.0,8.0,70.76,5.0,3.0,2.0,1.0,0.0,8.0,4.0,27.0,1.0,0.0,1.0,138.0,0.0,2.0,0.0,0
658155,301.21399999999994,3.312100000000001,1.0,1.0,29.1,3.0,2.0,2.0,0.0,0.0,7.0,2.0,21.0,0.0,0.0,0.0,110.0,0.0,0.0,1.0,0
135470182,270.336,2.92497,3.0,3.0,76.0,4.0,2.0,1.0,1.0,0.0,5.0,3.0,20.0,1.0,0.0,1.0,104.0,0.0,2.0,0.0,0
655299,377.42600000000016,0.4550999999999996,1.0,9.0,104.06,6.0,3.0,0.0,3.0,0.0,10.0,3.0,26.0,0.0,0.0,0.0,138.0,0.0,3.0,1.0,0
92044802,427.5120000000002,3.6774200000000015,3.0,5.0,98.83,4.0,4.0,1.0,3.0,0.0,8.0,5.0,32.0,1.0,1.0,0.0,162.0,0.0,3.0,2.0,1
3243017,464.63500000000016,3.047500000000001,1.0,6.0,57.580000000000005,9.0,3.0,2.0,1.0,1.0,7.0,4.0,33.0,1.0,0.0,1.0,174.0,0.0,2.0,1.0,0
666316,354.45800000000014,2.3369600000000004,1.0,7.0,67.58,5.0,3.0,0.0,3.0,1.0,7.0,4.0,26.0,1.0,0.0,1.0,138.0,0.0,4.0,0.0,0
2998459,332.42900000000003,1.96302,1.0,6.0,69.03999999999999,6.0,2.0,1.0,1.0,1.0,7.0,3.0,23.0,1.0,0.0,1.0,122.0,0.0,2.0,1.0,0
3243126,381.4320000000001,2.0093,0.0,6.0,65.7,1.0,3.0,1.0,2.0,2.0,7.0,5.0,28.0,2.0,0.0,2.0,146.0,1.0,4.0,1.0,0
2967650,282.295,2.746700000000002,1.0,4.0,63.60000000000001,2.0,2.0,2.0,0.0,0.0,4.0,3.0,21.0,1.0,1.0,0.0,106.0,0.0,0.0,0.0,0
3244492,431.4920000000001,3.2095200000000013,1.0,6.0,86.24000000000001,8.0,4.0,2.0,2.0,0.0,7.0,4.0,32.0,0.0,0.0,0.0,164.0,0.0,2.0,1.0,0
3243277,304.3210000000001,3.1996400000000014,2.0,3.0,71.19,4.0,2.0,1.0,1.0,0.0,6.0,2.0,22.0,0.0,0.0,0.0,116.0,0.0,1.0,1.0,0
5307422,468.5750000000003,3.921420000000003,0.0,6.0,80.06,6.0,3.0,2.0,1.0,1.0,8.0,4.0,33.0,1.0,0.0,1.0,174.0,0.0,2.0,1.0,1
659239,321.4240000000001,3.023500000000001,2.0,3.0,42.5,4.0,3.0,2.0,1.0,1.0,4.0,4.0,24.0,1.0,0.0,1.0,124.0,0.0,2.0,0.0,0
347384,235.286,2.712500000000001,1.0,1.0,43.09,3.0,2.0,2.0,0.0,0.0,2.0,3.0,18.0,1.0,1.0,0.0,88.0,0.0,0.0,1.0,0
645361,394.4270000000001,3.107200000000001,1.0,5.0,84.94,5.0,2.0,2.0,0.0,0.0,7.0,4.0,29.0,2.0,0.0,2.0,150.0,0.0,2.0,3.0,0
3243855,359.4220000000002,2.5923000000000007,0.0,5.0,65.07000000000001,3.0,1.0,1.0,0.0,2.0,6.0,4.0,26.0,3.0,1.0,2.0,140.0,1.0,2.0,1.0,0
2997553,445.4790000000002,2.895600000000001,2.0,8.0,114.68,5.0,3.0,2.0,1.0,0.0,9.0,4.0,33.0,1.0,0.0,1.0,168.0,0.0,2.0,1.0,0
794096,250.323,2.3213,0.0,5.0,44.120000000000005,4.0,2.0,1.0,1.0,0.0,5.0,2.0,17.0,0.0,0.0,0.0,90.0,0.0,1.0,0.0,0
3236308,416.4990000000004,2.1442000000000005,1.0,5.0,84.94000000000001,5.0,2.0,2.0,0.0,2.0,8.0,4.0,29.0,2.0,0.0,2.0,154.0,1.0,2.0,1.0,0
2222244,299.38100000000003,0.3035999999999998,1.0,7.0,89.77000000000001,6.0,2.0,1.0,1.0,0.0,9.0,2.0,19.0,0.0,0.0,0.0,102.0,0.0,1.0,0.0,0
1259711,365.4330000000001,3.2004400000000013,1.0,5.0,65.25999999999999,6.0,3.0,2.0,1.0,0.0,6.0,3.0,27.0,0.0,0.0,0.0,140.0,0.0,1.0,1.0,0
3234895,438.8710000000001,3.954200000000003,0.0,8.0,88.36000000000001,7.0,4.0,2.0,2.0,0.0,9.0,4.0,31.0,0.0,0.0,0.0,158.0,0.0,2.0,0.0,0
5308639,455.94600000000014,4.719900000000004,1.0,6.0,64.74000000000001,7.0,4.0,2.0,2.0,0.0,9.0,4.0,31.0,0.0,0.0,0.0,158.0,0.0,2.0,1.0,0
656074,372.8810000000001,4.268340000000002,1.0,5.0,59.81,5.0,3.0,2.0,1.0,0.0,7.0,3.0,25.0,0.0,0.0,0.0,128.0,0.0,1.0,1.0,0
645733,345.44300000000004,3.775800000000002,0.0,4.0,46.09,4.0,2.0,1.0,1.0,1.0,6.0,3.0,24.0,1.0,0.0,1.0,126.0,0.0,2.0,1.0,0
662478,368.46200000000016,2.3784,0.0,5.0,66.4,3.0,3.0,2.0,1.0,1.0,7.0,4.0,26.0,1.0,0.0,1.0,134.0,0.0,2.0,0.0,0
3246633,343.83900000000006,4.705700000000003,2.0,3.0,46.18,3.0,3.0,2.0,1.0,0.0,6.0,3.0,23.0,0.0,0.0,0.0,116.0,0.0,1.0,0.0,0
250319,474.7860000000002,6.747400000000007,0.0,6.0,6.48,4.0,2.0,2.0,0.0,3.0,6.0,5.0,30.0,3.0,0.0,3.0,160.0,2.0,3.0,0.0,0
881081,285.299,2.866000000000001,0.0,5.0,65.49000000000001,4.0,2.0,1.0,1.0,0.0,5.0,2.0,21.0,0.0,0.0,0.0,108.0,0.0,1.0,0.0,0
16758775,526.9330000000002,1.5175999999999998,1.0,11.0,121.74,5.0,3.0,2.0,1.0,2.0,12.0,7.0,37.0,4.0,1.0,3.0,192.0,0.0,4.0,0.0,0
2957372,389.4590000000001,3.03132,2.0,5.0,108.03,0.0,2.0,1.0,1.0,0.0,7.0,5.0,29.0,3.0,0.0,3.0,148.0,1.0,4.0,1.0,0
732301,234.343,3.1273000000000017,1.0,2.0,32.34,5.0,1.0,1.0,0.0,0.0,3.0,1.0,17.0,0.0,0.0,0.0,94.0,0.0,0.0,1.0,0
2087459,417.537,4.283680000000002,1.0,8.0,92.08,8.0,3.0,1.0,2.0,0.0,9.0,3.0,27.0,0.0,0.0,0.0,138.0,0.0,2.0,1.0,0
16758153,254.333,2.0403,2.0,2.0,39.26,1.0,2.0,1.0,1.0,0.0,3.0,4.0,19.0,2.0,1.0,1.0,98.0,0.0,2.0,0.0,0
655386,323.84900000000016,3.711220000000002,0.0,5.0,39.94,5.0,2.0,1.0,1.0,1.0,6.0,3.0,21.0,1.0,0.0,1.0,112.0,0.0,2.0,0.0,0
5771805,459.6330000000001,8.318000000000005,1.0,1.0,29.1,9.0,4.0,4.0,0.0,1.0,2.0,5.0,35.0,1.0,1.0,0.0,176.0,0.0,0.0,1.0,0
118365261,349.75300000000004,3.080700000000001,3.0,4.0,91.93,4.0,3.0,1.0,2.0,0.0,9.0,3.0,24.0,0.0,0.0,0.0,124.0,0.0,2.0,2.0,1
893472,341.4290000000002,2.2395,1.0,5.0,81.7,6.0,1.0,1.0,0.0,1.0,7.0,2.0,23.0,1.0,1.0,0.0,128.0,0.0,0.0,0.0,0
644454,288.372,3.1624000000000017,0.0,5.0,52.08,5.0,2.0,1.0,1.0,1.0,5.0,3.0,20.0,1.0,1.0,0.0,104.0,0.0,1.0,0.0,0
3239984,281.83,3.260100000000002,1.0,3.0,46.17,7.0,1.0,0.0,1.0,0.0,6.0,1.0,16.0,0.0,0.0,0.0,92.0,0.0,1.0,0.0,0
5307535,418.51800000000014,3.313500000000002,1.0,3.0,66.48,6.0,3.0,3.0,0.0,0.0,6.0,4.0,30.0,1.0,0.0,1.0,152.0,0.0,1.0,2.0,0
3243007,361.4880000000001,3.8029000000000015,2.0,5.0,62.32000000000001,2.0,2.0,1.0,1.0,2.0,6.0,5.0,24.0,3.0,2.0,1.0,126.0,0.0,2.0,0.0,0
701764,297.221,3.9506400000000026,0.0,3.0,17.82,2.0,2.0,1.0,1.0,0.0,4.0,2.0,16.0,0.0,0.0,0.0,84.0,0.0,1.0,0.0,0
645338,481.6220000000002,4.215340000000003,1.0,8.0,89.35,11.0,3.0,2.0,1.0,0.0,9.0,3.0,34.0,0.0,0.0,0.0,180.0,0.0,1.0,1.0,0
8679,219.287,4.583400000000002,1.0,1.0,12.03,2.0,3.0,3.0,0.0,0.0,1.0,3.0,17.0,0.0,0.0,0.0,82.0,0.0,0.0,0.0,0
752969,311.38500000000005,2.4427000000000003,0.0,4.0,45.67,4.0,2.0,1.0,1.0,1.0,5.0,3.0,23.0,1.0,0.0,1.0,120.0,0.0,2.0,1.0,0
693393,297.76300000000003,3.154820000000002,2.0,3.0,66.4,3.0,2.0,2.0,0.0,0.0,6.0,2.0,19.0,0.0,0.0,0.0,100.0,0.0,0.0,0.0,0
3241112,481.56000000000046,2.8858000000000006,0.0,8.0,87.58000000000001,4.0,4.0,1.0,3.0,2.0,9.0,6.0,36.0,2.0,0.0,2.0,182.0,0.0,5.0,1.0,0
2999018,289.261,0.8424199999999997,2.0,6.0,81.89000000000001,2.0,2.0,0.0,2.0,0.0,9.0,2.0,20.0,0.0,0.0,0.0,110.0,0.0,2.0,0.0,0
40146,240.306,2.628440000000001,1.0,2.0,41.99,3.0,2.0,1.0,1.0,0.0,3.0,2.0,18.0,0.0,0.0,0.0,92.0,0.0,1.0,1.0,0
3240152,431.4700000000002,3.361740000000002,2.0,7.0,119.76,7.0,3.0,2.0,1.0,0.0,10.0,3.0,30.0,0.0,0.0,0.0,158.0,0.0,1.0,1.0,0
3239800,327.36500000000007,3.9909000000000026,1.0,6.0,92.06,4.0,3.0,0.0,3.0,0.0,7.0,3.0,23.0,0.0,0.0,0.0,116.0,0.0,3.0,1.0,0
3244530,327.3440000000001,1.40972,0.0,8.0,91.9,4.0,3.0,1.0,2.0,0.0,8.0,3.0,24.0,0.0,0.0,0.0,124.0,0.0,2.0,0.0,0
663024,263.253,0.7610999999999999,3.0,5.0,111.45,4.0,2.0,0.0,2.0,0.0,7.0,2.0,19.0,0.0,0.0,0.0,100.0,0.0,2.0,0.0,0
5308654,401.4700000000002,2.3876,0.0,6.0,63.370000000000005,2.0,4.0,1.0,3.0,1.0,7.0,5.0,30.0,1.0,0.0,1.0,152.0,0.0,4.0,1.0,0
2862968,322.45500000000004,3.1952000000000016,0.0,6.0,44.120000000000005,1.0,2.0,0.0,2.0,0.0,6.0,4.0,21.0,2.0,0.0,2.0,112.0,0.0,4.0,0.0,0
3241190,356.24500000000006,2.84394,2.0,4.0,85.08,3.0,2.0,1.0,1.0,0.0,7.0,2.0,20.0,0.0,0.0,0.0,106.0,0.0,1.0,0.0,0
654940,388.4200000000001,2.269,1.0,6.0,75.71000000000001,3.0,2.0,1.0,1.0,2.0,8.0,4.0,27.0,2.0,0.0,2.0,140.0,0.0,3.0,2.0,0
797479,337.36400000000003,2.0081,0.0,7.0,80.98000000000002,4.0,3.0,2.0,1.0,0.0,8.0,4.0,24.0,1.0,0.0,1.0,118.0,0.0,2.0,2.0,0
664676,445.58900000000017,2.9118200000000005,1.0,7.0,87.66000000000001,9.0,2.0,1.0,1.0,1.0,9.0,3.0,31.0,1.0,0.0,1.0,168.0,0.0,2.0,2.0,0
5459743,346.3830000000001,1.2837999999999996,1.0,5.0,84.94000000000001,5.0,1.0,1.0,0.0,0.0,7.0,2.0,25.0,1.0,0.0,1.0,134.0,0.0,1.0,2.0,0
3236502,304.4120000000001,0.3433000000000006,1.0,4.0,75.71000000000001,5.0,0.0,0.0,0.0,2.0,7.0,2.0,20.0,2.0,0.0,2.0,116.0,0.0,2.0,1.0,0
184196,348.35800000000006,2.0796,1.0,6.0,81.42,1.0,3.0,1.0,2.0,0.0,6.0,5.0,26.0,2.0,0.0,2.0,130.0,0.0,4.0,0.0,0
652589,307.3980000000001,1.6797999999999995,2.0,6.0,84.71000000000001,6.0,2.0,0.0,2.0,0.0,7.0,2.0,22.0,0.0,0.0,0.0,122.0,0.0,2.0,0.0,0
3234329,351.40600000000006,3.781500000000001,1.0,6.0,65.5,7.0,3.0,2.0,1.0,0.0,6.0,3.0,26.0,0.0,0.0,0.0,134.0,0.0,1.0,0.0,0
81770,102.181,-0.0699999999999995,2.0,2.0,52.04,2.0,0.0,0.0,0.0,0.0,2.0,0.0,7.0,0.0,0.0,0.0,44.0,0.0,0.0,0.0,0
723672,232.205,2.3690000000000007,0.0,3.0,33.2,2.0,1.0,0.0,1.0,0.0,6.0,1.0,16.0,0.0,0.0,0.0,88.0,0.0,1.0,0.0,0
2952993,326.39600000000013,2.5292000000000003,1.0,4.0,60.33,6.0,2.0,1.0,1.0,2.0,5.0,4.0,24.0,2.0,1.0,1.0,126.0,0.0,2.0,1.0,0
977088,303.3210000000001,3.1821800000000016,0.0,5.0,60.07000000000001,2.0,3.0,2.0,1.0,0.0,5.0,4.0,23.0,1.0,0.0,1.0,112.0,0.0,2.0,0.0,0
3245514,317.4330000000001,2.1514,1.0,4.0,54.46000000000001,5.0,1.0,0.0,1.0,2.0,5.0,3.0,23.0,2.0,1.0,1.0,126.0,0.0,2.0,1.0,0
666835,267.332,3.1214200000000014,1.0,3.0,50.16,2.0,3.0,1.0,2.0,0.0,4.0,3.0,20.0,0.0,0.0,0.0,102.0,0.0,2.0,0.0,0
73506036,449.477,4.131400000000003,2.0,5.0,79.38000000000001,4.0,2.0,1.0,1.0,1.0,10.0,4.0,32.0,2.0,0.0,2.0,172.0,0.0,3.0,2.0,1
744090,277.27,3.560700000000001,1.0,3.0,38.33,5.0,2.0,2.0,0.0,0.0,5.0,2.0,20.0,0.0,0.0,0.0,104.0,0.0,0.0,0.0,0
952729,343.41200000000015,2.22534,2.0,7.0,106.93,5.0,3.0,0.0,3.0,0.0,8.0,3.0,24.0,0.0,0.0,0.0,124.0,0.0,3.0,1.0,0
2110332,338.367,2.842600000000001,0.0,7.0,79.13000000000001,7.0,3.0,2.0,1.0,0.0,7.0,3.0,25.0,0.0,0.0,0.0,128.0,0.0,1.0,0.0,0
652628,286.356,4.463200000000001,2.0,4.0,50.36,2.0,2.0,2.0,0.0,0.0,5.0,3.0,20.0,1.0,0.0,1.0,102.0,0.0,1.0,1.0,0
652925,445.5600000000002,2.786960000000001,1.0,4.0,69.72,6.0,2.0,2.0,0.0,1.0,8.0,3.0,31.0,1.0,0.0,1.0,166.0,0.0,1.0,2.0,0
666231,289.404,3.4118000000000013,1.0,4.0,46.92,4.0,2.0,1.0,1.0,0.0,5.0,3.0,20.0,1.0,0.0,1.0,106.0,0.0,2.0,1.0,0
6398916,421.4820000000001,3.194500000000001,1.0,7.0,101.07,7.0,4.0,2.0,2.0,0.0,9.0,4.0,30.0,0.0,0.0,0.0,152.0,0.0,2.0,1.0,0
5307471,332.20500000000004,3.5556600000000023,1.0,5.0,55.11,2.0,3.0,1.0,2.0,0.0,6.0,3.0,20.0,0.0,0.0,0.0,102.0,0.0,2.0,0.0,0
3241618,453.53900000000016,2.0626999999999995,1.0,6.0,80.34,7.0,2.0,2.0,0.0,1.0,8.0,4.0,33.0,2.0,0.0,2.0,176.0,0.0,2.0,2.0,0
2218950,366.4100000000001,1.8791999999999995,2.0,8.0,114.27,5.0,4.0,1.0,3.0,0.0,10.0,4.0,26.0,0.0,0.0,0.0,130.0,0.0,3.0,1.0,0
3236946,330.3440000000001,0.8373999999999995,1.0,5.0,95.6,2.0,2.0,1.0,1.0,1.0,8.0,3.0,24.0,1.0,0.0,1.0,126.0,0.0,2.0,2.0,0
662823,454.9800000000001,4.691300000000004,2.0,7.0,106.35,10.0,2.0,1.0,1.0,0.0,10.0,2.0,30.0,0.0,0.0,0.0,164.0,0.0,1.0,2.0,1
667011,326.40000000000003,1.9926,0.0,6.0,52.29,4.0,3.0,1.0,2.0,1.0,6.0,4.0,24.0,1.0,0.0,1.0,126.0,0.0,3.0,0.0,0
2970374,358.4380000000002,3.7687000000000026,1.0,5.0,69.68,9.0,2.0,1.0,1.0,0.0,6.0,2.0,26.0,0.0,0.0,0.0,140.0,0.0,1.0,1.0,0
2911737,364.78900000000016,3.4758000000000013,0.0,7.0,62.06,4.0,3.0,2.0,1.0,0.0,9.0,4.0,24.0,1.0,0.0,1.0,122.0,0.0,2.0,0.0,0
3244934,361.40100000000007,3.947200000000002,1.0,5.0,69.29,6.0,4.0,2.0,2.0,0.0,6.0,4.0,27.0,0.0,0.0,0.0,136.0,0.0,2.0,1.0,0
3242202,397.86200000000014,3.966000000000004,0.0,5.0,58.81,4.0,3.0,2.0,1.0,1.0,7.0,4.0,28.0,1.0,0.0,1.0,144.0,0.0,2.0,1.0,0
776480,216.19600000000003,1.6672999999999998,2.0,3.0,75.21,1.0,2.0,1.0,1.0,0.0,5.0,3.0,16.0,1.0,0.0,1.0,80.0,0.0,2.0,0.0,0
664968,300.318,2.14602,1.0,6.0,93.9,5.0,3.0,1.0,2.0,0.0,7.0,3.0,22.0,0.0,0.0,0.0,114.0,0.0,2.0,0.0,0
2961637,378.19700000000006,3.546700000000002,0.0,3.0,46.61000000000001,3.0,2.0,2.0,0.0,1.0,6.0,3.0,23.0,1.0,0.0,1.0,118.0,0.0,1.0,1.0,0
3245682,396.4430000000002,3.249600000000002,1.0,5.0,77.10000000000001,5.0,2.0,2.0,0.0,1.0,7.0,4.0,29.0,2.0,0.0,2.0,152.0,0.0,2.0,2.0,0
658118,436.2910000000002,2.5094000000000003,1.0,8.0,98.71,5.0,4.0,1.0,3.0,0.0,10.0,4.0,26.0,0.0,0.0,0.0,134.0,0.0,3.0,0.0,1
2961566,262.3089999999999,1.5020999999999998,1.0,3.0,58.64,4.0,1.0,1.0,0.0,1.0,5.0,2.0,19.0,1.0,0.0,1.0,102.0,0.0,1.0,2.0,0
5308349,246.266,2.1870000000000003,2.0,4.0,75.36,4.0,2.0,1.0,1.0,0.0,5.0,2.0,18.0,0.0,0.0,0.0,94.0,0.0,1.0,1.0,0
2998794,400.3310000000001,3.546000000000002,1.0,4.0,52.65,4.0,2.0,2.0,0.0,1.0,8.0,3.0,25.0,1.0,0.0,1.0,134.0,0.0,1.0,0.0,0
3238429,332.278,2.1521,2.0,4.0,68.82000000000001,3.0,1.0,1.0,0.0,1.0,9.0,3.0,23.0,2.0,0.0,2.0,126.0,0.0,2.0,2.0,0
2437467,378.38800000000015,2.9597000000000016,1.0,8.0,101.49,4.0,4.0,2.0,2.0,0.0,8.0,4.0,28.0,0.0,0.0,0.0,142.0,0.0,2.0,0.0,0
647422,216.248,0.7905999999999997,2.0,6.0,75.62,5.0,2.0,0.0,2.0,0.0,6.0,2.0,16.0,0.0,0.0,0.0,82.0,0.0,2.0,0.0,0
135429054,403.4380000000001,3.409800000000001,1.0,5.0,88.42999999999999,7.0,4.0,2.0,2.0,0.0,7.0,4.0,30.0,0.0,0.0,0.0,152.0,0.0,2.0,1.0,0
653711,433.46000000000015,4.204900000000004,2.0,6.0,100.21,8.0,3.0,2.0,1.0,0.0,7.0,4.0,32.0,1.0,0.0,1.0,164.0,0.0,2.0,1.0,0
664797,304.34600000000006,2.1166,1.0,4.0,77.92000000000002,6.0,1.0,1.0,0.0,1.0,6.0,2.0,22.0,1.0,0.0,1.0,118.0,0.0,1.0,3.0,0
664495,373.4120000000002,4.344000000000003,1.0,5.0,79.46,3.0,4.0,2.0,2.0,1.0,6.0,5.0,28.0,1.0,0.0,1.0,140.0,0.0,3.0,0.0,0
974074,329.42900000000014,2.25592,2.0,5.0,89.59,6.0,3.0,1.0,2.0,0.0,7.0,3.0,23.0,0.0,0.0,0.0,120.0,0.0,2.0,1.0,0
2385463,385.203,2.957700000000001,1.0,6.0,86.75,7.0,2.0,1.0,1.0,0.0,9.0,2.0,25.0,0.0,0.0,0.0,132.0,0.0,1.0,1.0,0
3245278,369.1210000000001,4.227600000000002,1.0,4.0,68.27000000000001,3.0,3.0,1.0,2.0,0.0,8.0,3.0,22.0,0.0,0.0,0.0,112.0,0.0,2.0,1.0,0
2975261,328.376,1.6261999999999996,2.0,7.0,107.95,6.0,2.0,1.0,1.0,0.0,8.0,3.0,24.0,1.0,0.0,1.0,126.0,0.0,2.0,1.0,0
99652,319.36400000000003,3.048300000000001,2.0,3.0,65.2,2.0,3.0,2.0,1.0,0.0,5.0,4.0,24.0,1.0,0.0,1.0,120.0,0.0,2.0,2.0,0
1068494,352.184,3.3507000000000016,0.0,5.0,65.49000000000001,4.0,2.0,1.0,1.0,0.0,6.0,2.0,21.0,0.0,0.0,0.0,110.0,0.0,1.0,0.0,0
2086686,295.36400000000003,1.5828000000000004,3.0,4.0,87.30000000000001,5.0,1.0,1.0,0.0,0.0,7.0,1.0,20.0,0.0,0.0,0.0,108.0,0.0,0.0,4.0,0
135433175,417.4210000000001,4.035300000000003,2.0,7.0,106.18,5.0,4.0,2.0,2.0,0.0,8.0,4.0,31.0,0.0,0.0,0.0,156.0,0.0,2.0,1.0,1
6407234,227.285,2.2095,2.0,4.0,69.89,4.0,1.0,0.0,1.0,0.0,5.0,1.0,15.0,0.0,0.0,0.0,82.0,0.0,1.0,0.0,0
3233043,335.354,4.836000000000002,1.0,4.0,37.81,4.0,3.0,1.0,2.0,0.0,7.0,3.0,23.0,0.0,0.0,0.0,118.0,0.0,2.0,0.0,0
2915702,331.4120000000001,3.598200000000001,2.0,3.0,75.63,4.0,1.0,1.0,0.0,0.0,5.0,2.0,24.0,1.0,1.0,0.0,130.0,0.0,0.0,1.0,0
925199,344.436,2.20482,0.0,3.0,57.690000000000005,4.0,2.0,2.0,0.0,0.0,6.0,3.0,24.0,1.0,0.0,1.0,126.0,0.0,1.0,1.0,0
11584,100.117,0.7355,0.0,2.0,26.3,2.0,0.0,0.0,0.0,0.0,2.0,0.0,7.0,0.0,0.0,0.0,40.0,0.0,0.0,0.0,0
3742911,282.472,3.5592000000000024,0.0,2.0,23.550000000000004,10.0,0.0,0.0,0.0,0.0,3.0,0.0,20.0,0.0,0.0,0.0,118.0,0.0,0.0,1.0,0
5971,99.158,1.2752,0.0,2.0,12.36,2.0,0.0,0.0,0.0,0.0,2.0,0.0,6.0,0.0,0.0,0.0,32.0,0.0,0.0,0.0,0
2199714,330.613,3.4715200000000017,0.0,4.0,39.94,5.0,2.0,1.0,1.0,0.0,6.0,2.0,18.0,0.0,0.0,0.0,96.0,0.0,1.0,0.0,0
11949110,374.4810000000002,1.8000999999999994,1.0,6.0,62.24000000000001,4.0,1.0,1.0,0.0,3.0,6.0,4.0,27.0,3.0,1.0,2.0,148.0,0.0,2.0,0.0,0
667317,383.3600000000001,0.8992000000000002,2.0,8.0,140.74,3.0,1.0,1.0,0.0,0.0,9.0,3.0,28.0,2.0,0.0,2.0,144.0,1.0,2.0,1.0,0
945142,307.357,3.291260000000002,1.0,6.0,80.66000000000001,3.0,3.0,1.0,2.0,0.0,6.0,3.0,23.0,0.0,0.0,0.0,116.0,0.0,2.0,0.0,0
2896655,299.326,2.1514,1.0,4.0,56.790000000000006,4.0,2.0,2.0,0.0,0.0,5.0,3.0,22.0,1.0,0.0,1.0,114.0,0.0,1.0,1.0,0
2998606,424.5040000000002,4.7576000000000045,0.0,5.0,58.56,4.0,4.0,3.0,1.0,1.0,6.0,5.0,32.0,1.0,0.0,1.0,160.0,0.0,2.0,1.0,0
2055789,316.3530000000001,2.9221200000000014,0.0,5.0,65.74000000000001,5.0,2.0,1.0,1.0,0.0,5.0,3.0,23.0,1.0,1.0,0.0,122.0,0.0,1.0,0.0,0
281376,294.292,1.1433,3.0,6.0,137.97,3.0,2.0,1.0,1.0,0.0,9.0,2.0,20.0,0.0,0.0,0.0,104.0,0.0,1.0,0.0,0
5309275,479.5620000000002,3.5000800000000023,0.0,7.0,101.54,5.0,4.0,2.0,2.0,0.0,10.0,5.0,34.0,1.0,0.0,1.0,176.0,0.0,3.0,1.0,0
2377604,325.32400000000007,1.5435,0.0,7.0,83.31,5.0,3.0,2.0,1.0,0.0,7.0,3.0,24.0,0.0,0.0,0.0,122.0,0.0,1.0,0.0,0
715538,335.3670000000001,3.0338200000000013,1.0,7.0,91.99,4.0,4.0,2.0,2.0,0.0,7.0,4.0,25.0,0.0,0.0,0.0,126.0,0.0,2.0,0.0,0
118046470,560.4430000000002,4.475500000000003,4.0,6.0,113.16,7.0,3.0,2.0,1.0,1.0,10.0,4.0,36.0,1.0,1.0,0.0,190.0,0.0,1.0,1.0,1
16758685,526.5860000000004,2.0438,3.0,9.0,142.03000000000003,9.0,2.0,1.0,1.0,3.0,10.0,5.0,38.0,3.0,2.0,1.0,204.0,0.0,2.0,2.0,0
3237964,342.4200000000001,3.0229000000000017,1.0,5.0,64.24000000000001,6.0,3.0,1.0,2.0,0.0,6.0,3.0,24.0,0.0,0.0,0.0,124.0,0.0,2.0,1.0,0
655999,396.47200000000015,3.348300000000002,1.0,7.0,78.27000000000001,7.0,3.0,2.0,1.0,0.0,8.0,4.0,28.0,1.0,0.0,1.0,144.0,0.0,2.0,1.0,0
562108,367.43400000000014,1.8126,1.0,7.0,89.77000000000001,8.0,3.0,2.0,1.0,0.0,8.0,3.0,26.0,0.0,0.0,0.0,132.0,0.0,1.0,1.0,0
6604417,370.4890000000002,3.5736000000000026,1.0,4.0,71.44,3.0,0.0,0.0,0.0,2.0,4.0,4.0,27.0,4.0,4.0,0.0,146.0,0.0,0.0,0.0,0
655852,297.409,1.5530999999999997,1.0,7.0,72.7,7.0,2.0,0.0,2.0,0.0,8.0,2.0,19.0,0.0,0.0,0.0,102.0,0.0,2.0,1.0,0
9571901,211.221,1.3657,2.0,6.0,86.77000000000001,0.0,0.0,0.0,0.0,1.0,6.0,2.0,15.0,2.0,1.0,1.0,82.0,1.0,1.0,0.0,0
651556,351.40600000000023,1.8051,1.0,3.0,73.48,2.0,2.0,1.0,1.0,2.0,6.0,5.0,26.0,3.0,1.0,2.0,134.0,0.0,3.0,3.0,0
3243068,309.32500000000005,1.951,1.0,5.0,73.22,4.0,3.0,1.0,2.0,0.0,6.0,3.0,23.0,0.0,0.0,0.0,116.0,0.0,2.0,1.0,0
2927621,368.4990000000001,2.6887000000000008,1.0,4.0,75.71000000000001,6.0,1.0,1.0,0.0,1.0,7.0,2.0,25.0,1.0,1.0,0.0,140.0,0.0,0.0,1.0,0
117876630,560.0330000000004,5.365340000000004,1.0,8.0,112.05,5.0,5.0,2.0,3.0,1.0,11.0,6.0,40.0,1.0,0.0,1.0,204.0,0.0,4.0,1.0,1
651601,474.5350000000004,3.345220000000002,0.0,9.0,100.33,7.0,3.0,2.0,1.0,1.0,10.0,4.0,33.0,1.0,0.0,1.0,176.0,0.0,2.0,0.0,0
666274,434.4700000000002,3.1712000000000016,2.0,7.0,115.95000000000002,8.0,3.0,2.0,1.0,0.0,10.0,3.0,30.0,0.0,0.0,0.0,160.0,0.0,1.0,0.0,0
228569,601.9110000000001,6.318600000000004,3.0,3.0,77.76,5.0,2.0,2.0,0.0,0.0,8.0,2.0,25.0,0.0,0.0,0.0,134.0,0.0,0.0,0.0,0
3245206,318.41700000000003,2.5973000000000006,1.0,3.0,58.64000000000001,8.0,1.0,1.0,0.0,0.0,5.0,2.0,23.0,1.0,0.0,1.0,126.0,0.0,1.0,2.0,0
3243769,419.5220000000002,2.9160000000000013,1.0,6.0,93.63,12.0,2.0,1.0,1.0,0.0,8.0,2.0,30.0,0.0,0.0,0.0,166.0,0.0,1.0,1.0,0
2999386,378.4320000000002,2.469040000000001,2.0,4.0,87.20000000000002,5.0,3.0,1.0,2.0,1.0,7.0,4.0,28.0,1.0,0.0,1.0,144.0,0.0,3.0,3.0,0
3235373,356.8170000000002,1.4534999999999996,1.0,7.0,75.94,2.0,3.0,1.0,2.0,1.0,8.0,4.0,25.0,1.0,0.0,1.0,128.0,0.0,3.0,0.0,0
2999912,494.5950000000004,1.1481999999999997,0.0,8.0,109.35,5.0,2.0,1.0,1.0,2.0,12.0,5.0,33.0,3.0,0.0,3.0,178.0,0.0,4.0,0.0,0
646706,289.33800000000014,3.263560000000002,2.0,4.0,93.83,1.0,2.0,2.0,0.0,0.0,4.0,3.0,22.0,1.0,1.0,0.0,108.0,0.0,0.0,0.0,0
2938131,470.56600000000026,3.175200000000002,1.0,7.0,86.33,5.0,1.0,1.0,0.0,1.0,8.0,4.0,34.0,3.0,1.0,2.0,184.0,0.0,2.0,1.0,0
2866118,281.319,1.97538,2.0,5.0,100.61,3.0,2.0,0.0,2.0,0.0,6.0,3.0,21.0,1.0,0.0,1.0,106.0,0.0,3.0,0.0,0
3240072,419.5910000000004,3.0130000000000017,1.0,3.0,69.72,4.0,1.0,1.0,0.0,2.0,7.0,4.0,29.0,3.0,1.0,2.0,160.0,0.0,2.0,1.0,0
447043,748.9960000000001,1.9007000000000047,5.0,14.0,180.08,7.0,0.0,0.0,0.0,3.0,14.0,3.0,52.0,3.0,0.0,3.0,306.0,0.0,3.0,0.0,0
2997954,311.337,3.536700000000001,1.0,4.0,64.63000000000001,7.0,2.0,2.0,0.0,0.0,5.0,2.0,23.0,0.0,0.0,0.0,118.0,0.0,0.0,1.0,0
649511,413.5030000000003,3.076020000000001,1.0,7.0,93.26,6.0,3.0,1.0,2.0,1.0,9.0,4.0,29.0,1.0,0.0,1.0,152.0,0.0,3.0,2.0,0
73506936,380.4520000000001,2.801700000000001,4.0,5.0,106.17,5.0,3.0,1.0,2.0,1.0,8.0,4.0,28.0,1.0,0.0,1.0,146.0,0.0,3.0,2.0,1
662698,305.37800000000004,1.4890999999999996,1.0,6.0,76.59,4.0,1.0,0.0,1.0,0.0,6.0,2.0,22.0,1.0,1.0,0.0,120.0,0.0,1.0,0.0,0
135403643,294.359,-0.740599999999999,3.0,7.0,99.51,4.0,1.0,0.0,1.0,1.0,8.0,3.0,21.0,2.0,0.0,2.0,116.0,0.0,3.0,0.0,0
137239993,392.3790000000001,2.1107,4.0,8.0,150.22999999999996,5.0,2.0,0.0,2.0,2.0,11.0,5.0,29.0,3.0,2.0,1.0,146.0,0.0,3.0,1.0,1
3245361,359.817,2.6401000000000003,1.0,6.0,81.81,3.0,3.0,1.0,2.0,0.0,8.0,3.0,25.0,0.0,0.0,0.0,130.0,0.0,2.0,1.0,0
655043,253.287,0.2115999999999994,1.0,7.0,85.84,5.0,2.0,0.0,2.0,0.0,8.0,2.0,17.0,0.0,0.0,0.0,90.0,0.0,2.0,1.0,0
1252775,373.4780000000001,2.2651000000000003,1.0,4.0,69.72,5.0,2.0,2.0,0.0,1.0,7.0,3.0,26.0,1.0,0.0,1.0,138.0,0.0,1.0,1.0,0
3236244,452.5360000000002,2.891490000000001,1.0,6.0,87.63999999999999,4.0,3.0,2.0,1.0,1.0,9.0,4.0,32.0,1.0,0.0,1.0,166.0,0.0,2.0,2.0,0
3235026,346.4340000000001,3.765920000000002,1.0,4.0,58.120000000000005,5.0,3.0,2.0,1.0,0.0,5.0,3.0,26.0,0.0,0.0,0.0,132.0,0.0,1.0,1.0,0
653982,394.8620000000002,3.957320000000002,1.0,6.0,93.93,2.0,2.0,1.0,1.0,0.0,7.0,4.0,28.0,2.0,1.0,1.0,142.0,0.0,2.0,0.0,0
2222450,487.6100000000003,5.182680000000003,2.0,8.0,103.83,6.0,4.0,2.0,2.0,0.0,9.0,5.0,34.0,1.0,1.0,0.0,170.0,0.0,2.0,1.0,0
655190,406.50800000000015,2.2913,1.0,7.0,93.65,8.0,2.0,1.0,1.0,0.0,9.0,2.0,28.0,0.0,0.0,0.0,152.0,0.0,1.0,2.0,0
1077596,386.40400000000017,2.5018,0.0,6.0,77.54,2.0,2.0,2.0,0.0,2.0,8.0,4.0,28.0,2.0,0.0,2.0,148.0,0.0,2.0,2.0,0
5351835,311.26800000000003,2.6164000000000014,2.0,3.0,83.47,3.0,2.0,2.0,0.0,0.0,6.0,3.0,23.0,1.0,1.0,0.0,114.0,0.0,0.0,1.0,0
3839220,250.729,3.395700000000001,0.0,3.0,27.05,6.0,2.0,1.0,1.0,0.0,4.0,2.0,17.0,0.0,0.0,0.0,90.0,0.0,1.0,0.0,0
658971,218.212,1.1112,2.0,3.0,83.04999999999998,2.0,2.0,1.0,1.0,0.0,5.0,2.0,16.0,0.0,0.0,0.0,82.0,0.0,1.0,0.0,0
653901,443.5690000000003,2.8785000000000016,1.0,5.0,78.95,6.0,2.0,2.0,0.0,2.0,8.0,4.0,31.0,2.0,1.0,1.0,166.0,0.0,1.0,1.0,0
2827709,274.31999999999994,0.9591199999999998,0.0,4.0,49.85,2.0,1.0,1.0,0.0,2.0,5.0,3.0,20.0,2.0,0.0,2.0,106.0,0.0,2.0,2.0,0
1116265,385.38000000000017,0.2491000000000001,1.0,9.0,117.22,5.0,3.0,1.0,2.0,0.0,10.0,3.0,28.0,0.0,0.0,0.0,146.0,0.0,2.0,1.0,0
885277,288.372,2.379200000000001,0.0,4.0,41.9,1.0,1.0,1.0,0.0,1.0,5.0,3.0,20.0,2.0,0.0,2.0,104.0,0.0,2.0,1.0,0
652350,492.52800000000025,4.472400000000004,1.0,7.0,99.47,8.0,3.0,2.0,1.0,1.0,9.0,5.0,36.0,2.0,1.0,1.0,188.0,0.0,2.0,2.0,0
2761023,198.26899999999995,2.5446,2.0,1.0,27.82,1.0,2.0,1.0,1.0,0.0,2.0,3.0,15.0,1.0,0.0,1.0,76.0,0.0,2.0,0.0,0
149784,277.372,2.3008,2.0,6.0,89.85,7.0,2.0,0.0,2.0,0.0,6.0,2.0,20.0,0.0,0.0,0.0,110.0,0.0,2.0,0.0,0
3245350,294.354,3.368100000000002,1.0,3.0,43.26,4.0,3.0,2.0,1.0,0.0,4.0,3.0,22.0,0.0,0.0,0.0,112.0,0.0,1.0,1.0,0
662363,379.4200000000001,3.4020400000000013,1.0,8.0,99.0,6.0,3.0,1.0,2.0,0.0,8.0,3.0,28.0,0.0,0.0,0.0,144.0,0.0,2.0,0.0,0
646166,342.42,2.7555000000000005,1.0,5.0,60.33,6.0,3.0,1.0,2.0,0.0,6.0,3.0,24.0,0.0,0.0,0.0,124.0,0.0,2.0,1.0,0
3237807,410.45500000000015,3.861900000000003,0.0,9.0,91.75,7.0,4.0,1.0,3.0,0.0,9.0,4.0,29.0,0.0,0.0,0.0,148.0,0.0,3.0,0.0,0
3607474,304.3310000000001,1.4299999999999995,1.0,7.0,86.10999999999999,4.0,2.0,1.0,1.0,0.0,8.0,3.0,21.0,1.0,0.0,1.0,108.0,0.0,2.0,1.0,0
3244866,373.81500000000005,3.8206000000000016,1.0,4.0,68.02,7.0,3.0,2.0,1.0,0.0,7.0,3.0,26.0,0.0,0.0,0.0,134.0,0.0,1.0,1.0,0
2886449,209.264,2.7441000000000004,1.0,1.0,29.1,4.0,1.0,1.0,0.0,0.0,3.0,1.0,15.0,0.0,0.0,0.0,82.0,0.0,0.0,1.0,0
2999726,307.38200000000006,3.207300000000001,0.0,6.0,48.010000000000005,4.0,4.0,1.0,3.0,0.0,6.0,4.0,22.0,0.0,0.0,0.0,108.0,0.0,3.0,0.0,0
655047,469.56300000000016,2.25402,2.0,5.0,108.72,11.0,3.0,2.0,1.0,0.0,9.0,3.0,33.0,0.0,0.0,0.0,174.0,0.0,1.0,2.0,0
600947,233.286,3.510600000000002,1.0,2.0,29.1,2.0,1.0,1.0,0.0,0.0,3.0,2.0,17.0,1.0,1.0,0.0,90.0,0.0,0.0,0.0,0
2945025,402.4010000000002,3.2513000000000014,1.0,6.0,77.75,6.0,3.0,1.0,2.0,1.0,9.0,4.0,29.0,1.0,0.0,1.0,152.0,0.0,3.0,1.0,0
840037,269.30400000000003,2.613020000000001,1.0,4.0,71.95,3.0,2.0,1.0,1.0,0.0,5.0,2.0,20.0,0.0,0.0,0.0,102.0,0.0,1.0,1.0,0
1377910,296.392,1.5304999999999989,2.0,3.0,89.25999999999999,4.0,1.0,1.0,0.0,1.0,6.0,2.0,20.0,1.0,1.0,0.0,110.0,0.0,0.0,1.0,0
643497,341.4330000000001,0.5567000000000012,2.0,5.0,101.73,6.0,1.0,1.0,0.0,1.0,8.0,2.0,23.0,1.0,0.0,1.0,128.0,0.0,1.0,1.0,0
2094371,485.05600000000015,4.202500000000003,0.0,8.0,85.16,9.0,3.0,1.0,2.0,0.0,11.0,3.0,30.0,0.0,0.0,0.0,160.0,0.0,2.0,0.0,0
6575389,129.15900000000002,0.0706,2.0,2.0,49.33,1.0,0.0,0.0,0.0,1.0,3.0,1.0,9.0,1.0,0.0,1.0,52.0,0.0,1.0,0.0,0
664262,342.376,2.0243,0.0,5.0,76.04,3.0,2.0,2.0,0.0,0.0,7.0,4.0,24.0,2.0,0.0,2.0,122.0,0.0,2.0,1.0,0
3234584,347.434,2.871800000000002,1.0,2.0,52.650000000000006,2.0,1.0,1.0,0.0,2.0,6.0,3.0,25.0,2.0,0.0,2.0,136.0,1.0,2.0,3.0,0
389490,255.342,3.8622000000000014,1.0,2.0,29.1,1.0,2.0,2.0,0.0,0.0,3.0,3.0,18.0,1.0,0.0,1.0,90.0,0.0,1.0,1.0,0
5389849,410.4700000000001,3.1845000000000017,1.0,6.0,88.96000000000001,8.0,2.0,1.0,1.0,1.0,7.0,3.0,30.0,1.0,0.0,1.0,158.0,0.0,2.0,1.0,0
2855055,378.4540000000001,2.804800000000001,2.0,6.0,110.28,9.0,2.0,1.0,1.0,0.0,9.0,2.0,26.0,0.0,0.0,0.0,140.0,0.0,1.0,1.0,0
3235742,425.47000000000014,2.8100000000000014,1.0,9.0,103.78,8.0,4.0,1.0,3.0,0.0,10.0,4.0,30.0,0.0,0.0,0.0,154.0,0.0,3.0,1.0,0
665160,353.451,3.00654,2.0,6.0,85.83,5.0,3.0,2.0,1.0,0.0,7.0,3.0,25.0,0.0,0.0,0.0,128.0,0.0,1.0,1.0,0
264088,224.216,-0.4686800000000001,1.0,5.0,73.32,1.0,1.0,0.0,1.0,2.0,6.0,3.0,16.0,2.0,0.0,2.0,86.0,0.0,3.0,0.0,0
3244712,373.4090000000001,0.5486000000000002,0.0,7.0,82.77000000000001,3.0,2.0,1.0,1.0,2.0,8.0,4.0,27.0,2.0,0.0,2.0,144.0,1.0,3.0,1.0,0
755720,212.253,0.0231000000000001,0.0,2.0,47.10000000000001,0.0,0.0,0.0,0.0,2.0,6.0,2.0,15.0,2.0,0.0,2.0,84.0,0.0,2.0,4.0,0
665087,314.38200000000006,1.3127999999999995,1.0,5.0,84.94000000000001,4.0,0.0,0.0,0.0,1.0,7.0,1.0,22.0,1.0,0.0,1.0,126.0,0.0,1.0,2.0,0
663534,385.5140000000002,4.046700000000004,0.0,5.0,63.16,4.0,3.0,1.0,2.0,1.0,7.0,4.0,26.0,1.0,0.0,1.0,134.0,0.0,3.0,0.0,0
2155741,424.5260000000002,3.576200000000002,0.0,7.0,71.70000000000002,7.0,3.0,2.0,1.0,1.0,8.0,4.0,30.0,1.0,0.0,1.0,156.0,0.0,2.0,1.0,0
913284,236.256,-0.0536,0.0,7.0,61.3,0.0,3.0,0.0,3.0,0.0,7.0,3.0,16.0,0.0,0.0,0.0,82.0,0.0,3.0,0.0,0
2304636,332.29200000000003,3.6083000000000025,0.0,5.0,69.67000000000002,6.0,2.0,2.0,0.0,0.0,6.0,2.0,23.0,0.0,0.0,0.0,120.0,0.0,0.0,0.0,0
118365281,378.3920000000001,3.5042000000000018,3.0,6.0,117.96,5.0,4.0,1.0,3.0,0.0,9.0,4.0,28.0,0.0,0.0,0.0,142.0,0.0,3.0,2.0,1
753814,319.338,1.5765,1.0,5.0,81.7,3.0,2.0,2.0,0.0,0.0,7.0,3.0,22.0,1.0,0.0,1.0,114.0,0.0,1.0,1.0,0
258376,167.16400000000002,1.0622,2.0,2.0,70.16,4.0,1.0,0.0,1.0,0.0,4.0,1.0,12.0,0.0,0.0,0.0,64.0,0.0,1.0,0.0,0
3244860,426.51300000000015,3.930100000000003,0.0,5.0,72.22,7.0,2.0,1.0,1.0,2.0,7.0,4.0,31.0,2.0,1.0,1.0,166.0,0.0,2.0,2.0,0
5742574,297.40900000000005,1.7758800000000003,2.0,8.0,104.69,6.0,1.0,0.0,1.0,0.0,8.0,1.0,19.0,0.0,0.0,0.0,102.0,0.0,1.0,0.0,0
649307,426.5020000000001,2.4777000000000005,1.0,7.0,110.08,5.0,3.0,2.0,1.0,1.0,10.0,4.0,30.0,1.0,0.0,1.0,156.0,0.0,2.0,1.0,0
7699,603.7500000000003,2.834600000000004,1.0,12.0,121.40000000000003,32.0,1.0,1.0,0.0,0.0,12.0,1.0,42.0,0.0,0.0,0.0,244.0,0.0,0.0,0.0,0
97807,196.202,0.3109999999999999,2.0,4.0,58.92,3.0,1.0,1.0,0.0,0.0,4.0,2.0,14.0,1.0,0.0,1.0,76.0,0.0,1.0,0.0,0
2968707,384.5490000000002,4.190000000000003,2.0,4.0,47.61,6.0,2.0,2.0,0.0,1.0,6.0,3.0,27.0,1.0,0.0,1.0,144.0,0.0,1.0,2.0,0
118369882,382.42400000000015,1.6783999999999997,3.0,7.0,116.41,5.0,3.0,1.0,2.0,0.0,9.0,4.0,28.0,1.0,0.0,1.0,146.0,0.0,3.0,2.0,1
1261140,404.4880000000002,2.3418400000000004,1.0,5.0,84.94,6.0,2.0,2.0,0.0,1.0,8.0,3.0,28.0,1.0,0.0,1.0,150.0,0.0,1.0,1.0,0
7670,121.18299999999996,2.1184,1.0,1.0,12.03,2.0,1.0,1.0,0.0,0.0,1.0,1.0,9.0,0.0,0.0,0.0,48.0,0.0,0.0,0.0,0
2422615,294.314,2.0835,0.0,6.0,69.9,5.0,3.0,2.0,1.0,0.0,6.0,3.0,22.0,0.0,0.0,0.0,110.0,0.0,1.0,0.0,0
727030,252.36099999999988,4.727700000000003,2.0,2.0,24.06,0.0,2.0,2.0,0.0,1.0,2.0,4.0,19.0,2.0,1.0,1.0,98.0,1.0,1.0,0.0,0
3243521,490.5780000000003,4.009220000000003,1.0,7.0,98.5,8.0,3.0,2.0,1.0,1.0,10.0,4.0,33.0,1.0,0.0,1.0,174.0,0.0,2.0,1.0,0
1007768,350.4940000000001,3.013600000000002,1.0,7.0,59.81,6.0,3.0,0.0,3.0,0.0,8.0,3.0,22.0,0.0,0.0,0.0,114.0,0.0,3.0,1.0,0
3003818,311.41100000000006,0.3397899999999998,3.0,6.0,76.39,4.0,1.0,0.0,1.0,1.0,8.0,3.0,21.0,2.0,0.0,2.0,116.0,0.0,3.0,0.0,0
3896375,358.40100000000007,4.033100000000003,1.0,6.0,72.95,6.0,4.0,2.0,2.0,0.0,6.0,4.0,27.0,0.0,0.0,0.0,134.0,0.0,2.0,0.0,0
652113,446.51100000000025,2.3172999999999995,1.0,8.0,98.15999999999998,7.0,4.0,2.0,2.0,0.0,9.0,5.0,33.0,1.0,0.0,1.0,170.0,0.0,3.0,0.0,0
2163056,281.352,1.7890999999999997,1.0,4.0,56.790000000000006,9.0,1.0,1.0,0.0,0.0,5.0,1.0,20.0,0.0,0.0,0.0,112.0,0.0,0.0,1.0,0
2695338,360.4350000000001,2.0937,1.0,5.0,75.71000000000001,5.0,1.0,1.0,0.0,1.0,7.0,3.0,25.0,2.0,1.0,1.0,132.0,0.0,1.0,2.0,0
2098634,376.93700000000007,4.533900000000002,1.0,6.0,59.06,4.0,3.0,1.0,2.0,0.0,9.0,3.0,21.0,0.0,0.0,0.0,110.0,0.0,2.0,0.0,0
2187895,225.313,1.65902,2.0,3.0,49.33,5.0,1.0,1.0,0.0,0.0,4.0,1.0,15.0,0.0,0.0,0.0,82.0,0.0,0.0,1.0,0
2852386,247.25,1.7793,1.0,3.0,74.68,1.0,1.0,1.0,0.0,0.0,5.0,2.0,18.0,1.0,0.0,1.0,94.0,0.0,1.0,2.0,0
1358233,365.05,3.2243000000000004,1.0,5.0,61.03,3.0,2.0,1.0,1.0,0.0,7.0,2.0,16.0,0.0,0.0,0.0,84.0,0.0,1.0,0.0,0
651531,348.3580000000001,4.584200000000003,0.0,6.0,70.52000000000001,6.0,4.0,2.0,2.0,0.0,6.0,4.0,26.0,0.0,0.0,0.0,130.0,0.0,2.0,0.0,0
135415454,298.39000000000004,3.7051700000000016,3.0,3.0,76.0,6.0,2.0,1.0,1.0,0.0,5.0,3.0,22.0,1.0,0.0,1.0,116.0,0.0,2.0,0.0,0
2120324,302.39900000000006,2.7781200000000013,1.0,4.0,55.56,2.0,2.0,1.0,1.0,1.0,5.0,3.0,21.0,1.0,0.0,1.0,110.0,0.0,2.0,1.0,0
651497,338.4730000000001,1.7492,0.0,3.0,57.690000000000005,6.0,1.0,1.0,0.0,1.0,6.0,2.0,23.0,1.0,0.0,1.0,128.0,0.0,1.0,1.0,0
3238207,413.5320000000001,3.591000000000002,2.0,8.0,101.38000000000002,7.0,4.0,1.0,3.0,0.0,10.0,4.0,28.0,0.0,0.0,0.0,144.0,0.0,3.0,1.0,0
648586,349.3460000000001,1.3481,2.0,5.0,101.03,5.0,3.0,2.0,1.0,0.0,7.0,3.0,26.0,0.0,0.0,0.0,130.0,0.0,1.0,1.0,0
16758256,395.47700000000015,1.96042,1.0,6.0,98.77,3.0,1.0,1.0,0.0,0.0,8.0,2.0,27.0,1.0,0.0,1.0,148.0,0.0,1.0,0.0,0
2882558,404.5320000000002,2.4061000000000003,1.0,4.0,75.71000000000001,4.0,1.0,1.0,0.0,5.0,7.0,6.0,28.0,5.0,4.0,1.0,152.0,0.0,1.0,1.0,0
2225729,414.25900000000007,3.9313800000000025,1.0,5.0,76.28,5.0,3.0,2.0,1.0,0.0,7.0,3.0,26.0,0.0,0.0,0.0,132.0,0.0,1.0,1.0,0
1248883,341.46500000000003,3.636000000000002,1.0,6.0,59.39,5.0,4.0,1.0,3.0,0.0,7.0,4.0,23.0,0.0,0.0,0.0,116.0,0.0,3.0,0.0,0
653894,306.387,2.663900000000001,0.0,6.0,43.82000000000001,4.0,2.0,1.0,1.0,1.0,6.0,3.0,21.0,1.0,0.0,1.0,112.0,0.0,2.0,0.0,0
2981304,371.4620000000001,1.9033999999999995,1.0,6.0,64.09,4.0,2.0,1.0,1.0,2.0,7.0,4.0,26.0,2.0,0.0,2.0,136.0,0.0,3.0,2.0,0
3245952,287.3,1.6045999999999998,0.0,7.0,73.56,2.0,3.0,1.0,2.0,0.0,7.0,3.0,20.0,0.0,0.0,0.0,100.0,0.0,2.0,0.0,0
727779,267.741,3.748920000000002,2.0,3.0,54.02,2.0,2.0,1.0,1.0,0.0,6.0,2.0,17.0,0.0,0.0,0.0,88.0,0.0,1.0,2.0,0
647551,416.4780000000002,2.11436,2.0,6.0,113.77,10.0,2.0,1.0,1.0,0.0,9.0,2.0,30.0,0.0,0.0,0.0,162.0,0.0,1.0,3.0,0
118380939,384.4150000000001,2.814700000000001,3.0,5.0,95.17,5.0,3.0,1.0,2.0,1.0,9.0,4.0,28.0,1.0,0.0,1.0,146.0,0.0,3.0,2.0,1
3232594,375.4360000000002,1.5189799999999998,0.0,8.0,90.94,4.0,3.0,1.0,2.0,1.0,8.0,4.0,28.0,1.0,0.0,1.0,142.0,0.0,3.0,0.0,0
663773,368.4580000000001,3.3514000000000026,0.0,5.0,53.76,5.0,3.0,1.0,2.0,0.0,6.0,4.0,26.0,1.0,0.0,1.0,134.0,0.0,3.0,1.0,0
2052852,457.50800000000027,3.479300000000002,1.0,8.0,82.45,5.0,3.0,2.0,1.0,0.0,10.0,5.0,31.0,2.0,0.0,2.0,158.0,0.0,3.0,1.0,0
705284,301.386,4.437520000000004,1.0,3.0,51.47,6.0,2.0,1.0,1.0,0.0,4.0,2.0,22.0,0.0,0.0,0.0,118.0,0.0,1.0,1.0,0
863161,289.36,2.52442,1.0,5.0,64.11,5.0,2.0,1.0,1.0,0.0,6.0,2.0,20.0,0.0,0.0,0.0,104.0,0.0,1.0,1.0,0
662384,410.49900000000014,4.107600000000003,0.0,8.0,70.76,6.0,3.0,2.0,1.0,0.0,8.0,4.0,29.0,1.0,0.0,1.0,150.0,0.0,2.0,0.0,0
638310,268.224,3.103600000000001,2.0,5.0,83.81,0.0,4.0,2.0,2.0,0.0,5.0,4.0,20.0,0.0,0.0,0.0,98.0,0.0,2.0,0.0,0
657988,264.39399999999995,3.213080000000001,1.0,4.0,52.89,4.0,0.0,0.0,0.0,0.0,4.0,1.0,18.0,1.0,0.0,1.0,98.0,0.0,1.0,0.0,0
135450640,461.50100000000015,3.421920000000002,2.0,6.0,108.8,4.0,4.0,2.0,2.0,1.0,10.0,5.0,34.0,1.0,0.0,1.0,174.0,0.0,3.0,2.0,0
1129747,408.4240000000002,2.748000000000001,0.0,5.0,50.6,4.0,2.0,1.0,1.0,1.0,9.0,4.0,29.0,2.0,1.0,1.0,156.0,0.0,2.0,1.0,0
2133919,365.24500000000006,5.036440000000002,0.0,6.0,56.22,2.0,4.0,1.0,3.0,0.0,8.0,4.0,23.0,0.0,0.0,0.0,116.0,0.0,3.0,0.0,0
16759010,303.35800000000006,2.7205200000000014,1.0,4.0,72.47,4.0,1.0,1.0,0.0,1.0,5.0,2.0,22.0,1.0,1.0,0.0,118.0,0.0,0.0,1.0,0
16759056,415.5740000000002,5.109800000000004,1.0,4.0,70.78,15.0,1.0,1.0,0.0,0.0,5.0,1.0,30.0,0.0,0.0,0.0,166.0,0.0,0.0,1.0,0
1314771,428.4920000000001,4.436100000000003,1.0,6.0,80.37,4.0,4.0,2.0,2.0,1.0,7.0,5.0,32.0,1.0,0.0,1.0,162.0,0.0,3.0,1.0,0
3235249,476.9680000000003,3.3156000000000017,0.0,8.0,76.38000000000001,5.0,4.0,2.0,2.0,1.0,9.0,5.0,34.0,1.0,0.0,1.0,174.0,0.0,3.0,0.0,0
665321,308.3160000000001,3.2367000000000017,1.0,5.0,63.3,2.0,3.0,2.0,1.0,0.0,6.0,4.0,23.0,1.0,0.0,1.0,114.0,0.0,2.0,0.0,0
653976,386.4730000000002,2.940900000000002,0.0,4.0,74.76,7.0,2.0,2.0,0.0,1.0,7.0,3.0,27.0,1.0,0.0,1.0,142.0,0.0,1.0,2.0,0
3241610,383.472,3.2939000000000025,0.0,7.0,84.66,4.0,3.0,1.0,2.0,0.0,9.0,3.0,24.0,0.0,0.0,0.0,126.0,0.0,2.0,1.0,0
2354013,348.43100000000004,4.351140000000003,1.0,5.0,59.81,3.0,4.0,2.0,2.0,0.0,6.0,4.0,25.0,0.0,0.0,0.0,124.0,0.0,2.0,1.0,0
1258305,357.35300000000024,0.1312999999999995,1.0,10.0,120.76,4.0,3.0,1.0,2.0,1.0,11.0,4.0,26.0,1.0,0.0,1.0,134.0,0.0,3.0,0.0,0
5038238,419.59700000000026,4.875300000000004,0.0,7.0,63.16,4.0,2.0,0.0,2.0,0.0,8.0,4.0,27.0,2.0,1.0,1.0,142.0,0.0,3.0,1.0,0
2947611,421.5440000000002,2.822300000000001,1.0,6.0,88.60000000000001,5.0,2.0,1.0,1.0,1.0,9.0,4.0,28.0,2.0,1.0,1.0,150.0,0.0,2.0,1.0,0
3238050,365.4330000000001,1.8063,0.0,4.0,60.93000000000001,5.0,2.0,2.0,0.0,1.0,6.0,3.0,27.0,1.0,0.0,1.0,140.0,0.0,1.0,3.0,0
3241106,319.3639999999999,2.333600000000001,0.0,5.0,47.36,2.0,3.0,2.0,1.0,1.0,5.0,5.0,24.0,2.0,1.0,1.0,120.0,0.0,2.0,0.0,0
3246387,248.282,0.8649999999999993,1.0,4.0,64.79,3.0,1.0,1.0,0.0,1.0,5.0,3.0,18.0,2.0,0.0,2.0,96.0,0.0,2.0,1.0,0
4463525,309.207,3.9262000000000032,1.0,3.0,35.83,1.0,1.0,1.0,0.0,1.0,4.0,3.0,18.0,2.0,1.0,1.0,96.0,0.0,1.0,0.0,0
2124214,314.34100000000007,1.7852,0.0,5.0,62.99000000000001,4.0,2.0,1.0,1.0,1.0,6.0,3.0,23.0,1.0,0.0,1.0,120.0,0.0,2.0,1.0,0
2378460,294.318,1.62375,1.0,7.0,92.51,4.0,3.0,1.0,2.0,0.0,7.0,3.0,22.0,0.0,0.0,0.0,110.0,0.0,2.0,0.0,0
3236382,384.3960000000001,1.4207,3.0,8.0,137.29999999999998,8.0,3.0,1.0,2.0,0.0,10.0,3.0,28.0,0.0,0.0,0.0,146.0,0.0,2.0,2.0,0
2998926,279.40500000000003,3.0017000000000014,1.0,2.0,42.24,4.0,1.0,0.0,1.0,4.0,4.0,5.0,19.0,4.0,4.0,0.0,104.0,0.0,1.0,0.0,0
647242,408.4870000000002,2.305720000000001,1.0,8.0,98.46000000000002,6.0,4.0,1.0,3.0,0.0,9.0,4.0,29.0,0.0,0.0,0.0,148.0,0.0,3.0,0.0,0
2997936,235.32699999999988,2.767900000000001,2.0,3.0,45.400000000000006,1.0,1.0,0.0,1.0,2.0,3.0,3.0,17.0,2.0,1.0,1.0,94.0,1.0,2.0,0.0,0
2976319,370.38300000000015,0.4096999999999997,3.0,5.0,141.07999999999998,8.0,1.0,1.0,0.0,1.0,10.0,2.0,25.0,1.0,0.0,1.0,136.0,0.0,1.0,1.0,0
660188,300.402,2.8959200000000016,2.0,3.0,56.33,5.0,2.0,1.0,1.0,1.0,4.0,3.0,22.0,1.0,0.0,1.0,118.0,0.0,2.0,0.0,0
1234059,333.38000000000005,2.6458000000000013,0.0,8.0,73.79,3.0,5.0,1.0,4.0,0.0,8.0,5.0,24.0,0.0,0.0,0.0,116.0,0.0,4.0,0.0,0
5771544,534.7020000000002,11.263399999999985,0.0,0.0,0.0,5.0,8.0,8.0,0.0,0.0,0.0,8.0,42.0,0.0,0.0,0.0,198.0,0.0,0.0,0.0,0
2527342,281.271,3.114200000000001,1.0,5.0,77.25,4.0,3.0,1.0,2.0,0.0,6.0,3.0,21.0,0.0,0.0,0.0,104.0,0.0,2.0,1.0,0
3238569,443.5920000000003,3.781260000000003,1.0,6.0,89.35,5.0,2.0,0.0,2.0,1.0,8.0,3.0,32.0,1.0,0.0,1.0,176.0,0.0,3.0,2.0,0
2998110,345.3170000000001,2.0863,1.0,4.0,64.63000000000001,6.0,1.0,1.0,0.0,1.0,8.0,2.0,24.0,1.0,0.0,1.0,132.0,0.0,1.0,1.0,0
698916,284.74600000000004,4.411120000000002,2.0,2.0,48.91,2.0,3.0,2.0,1.0,0.0,4.0,3.0,20.0,0.0,0.0,0.0,100.0,0.0,1.0,0.0,0
983998,466.58800000000014,4.152000000000004,0.0,8.0,68.96000000000001,6.0,4.0,2.0,2.0,0.0,9.0,5.0,32.0,1.0,0.0,1.0,164.0,0.0,3.0,1.0,0
3236039,417.5310000000002,3.492340000000002,0.0,6.0,75.88,6.0,2.0,1.0,1.0,1.0,8.0,3.0,29.0,1.0,0.0,1.0,156.0,0.0,2.0,2.0,0
3239603,296.39200000000005,2.2651000000000003,1.0,5.0,68.28999999999999,7.0,1.0,0.0,1.0,0.0,6.0,1.0,20.0,0.0,0.0,0.0,110.0,0.0,1.0,1.0,0
1254488,372.8520000000001,4.353800000000003,1.0,4.0,50.80000000000001,3.0,2.0,2.0,0.0,1.0,6.0,4.0,26.0,2.0,0.0,2.0,136.0,0.0,2.0,1.0,0
666075,396.45000000000016,4.2311200000000015,2.0,4.0,82.11,4.0,4.0,2.0,2.0,0.0,6.0,5.0,30.0,1.0,0.0,1.0,148.0,0.0,3.0,1.0,0
665177,192.30900000000003,1.0334,2.0,4.0,35.5,1.0,0.0,0.0,0.0,1.0,5.0,1.0,11.0,1.0,0.0,1.0,64.0,0.0,1.0,0.0,0
4243406,354.34100000000007,1.7623999999999995,3.0,6.0,113.47,4.0,3.0,2.0,1.0,0.0,8.0,3.0,26.0,0.0,0.0,0.0,132.0,0.0,1.0,0.0,0
2881045,313.353,2.4446000000000003,2.0,4.0,67.79,4.0,2.0,2.0,0.0,0.0,5.0,3.0,23.0,1.0,0.0,1.0,120.0,0.0,1.0,1.0,0
2332522,387.3950000000001,2.990700000000001,0.0,5.0,79.81,5.0,3.0,2.0,1.0,0.0,7.0,4.0,29.0,1.0,0.0,1.0,144.0,0.0,2.0,3.0,0
3234703,400.5220000000001,4.9973000000000045,0.0,3.0,36.690000000000005,4.0,3.0,2.0,1.0,2.0,4.0,5.0,30.0,2.0,0.0,2.0,154.0,1.0,3.0,1.0,0
648375,390.39900000000006,2.3342,0.0,8.0,88.24000000000001,6.0,4.0,2.0,2.0,0.0,8.0,4.0,29.0,0.0,0.0,0.0,146.0,0.0,2.0,0.0,0
671018,235.312,1.6335999999999995,1.0,4.0,60.91,4.0,2.0,1.0,1.0,0.0,5.0,2.0,16.0,0.0,0.0,0.0,84.0,0.0,1.0,1.0,0
316705,266.42800000000005,5.722200000000005,0.0,0.0,0.0,5.0,2.0,2.0,0.0,0.0,0.0,2.0,20.0,0.0,0.0,0.0,106.0,0.0,0.0,0.0,0
2895954,417.4940000000002,4.196300000000004,0.0,7.0,73.14000000000001,2.0,4.0,2.0,2.0,0.0,8.0,5.0,30.0,1.0,0.0,1.0,150.0,0.0,3.0,1.0,0
16758353,256.298,0.4185999999999997,2.0,5.0,75.99000000000001,5.0,0.0,0.0,0.0,0.0,5.0,1.0,18.0,1.0,0.0,1.0,102.0,0.0,1.0,0.0,0
6605136,428.5840000000002,5.6673200000000055,1.0,6.0,58.870000000000005,10.0,4.0,2.0,2.0,0.0,6.0,4.0,32.0,0.0,0.0,0.0,166.0,0.0,2.0,0.0,0
654951,394.9280000000003,3.5885000000000016,1.0,6.0,69.03999999999999,7.0,2.0,1.0,1.0,1.0,8.0,3.0,26.0,1.0,1.0,0.0,140.0,0.0,1.0,1.0,0
16758041,264.409,4.801000000000005,0.0,2.0,26.3,5.0,0.0,0.0,0.0,0.0,2.0,1.0,19.0,1.0,1.0,0.0,108.0,0.0,0.0,0.0,0
606840,307.262,3.8347000000000016,1.0,1.0,29.1,2.0,1.0,1.0,0.0,1.0,7.0,2.0,21.0,1.0,1.0,0.0,116.0,0.0,0.0,1.0,0
666336,321.3810000000001,2.1110999999999995,1.0,8.0,83.32000000000001,9.0,2.0,1.0,1.0,0.0,8.0,2.0,23.0,0.0,0.0,0.0,126.0,0.0,1.0,0.0,0
1241167,470.5290000000002,4.601740000000004,0.0,6.0,92.68,4.0,4.0,2.0,2.0,1.0,8.0,5.0,35.0,1.0,0.0,1.0,178.0,0.0,3.0,2.0,0
118045515,583.3800000000001,4.493600000000003,4.0,6.0,121.36,6.0,3.0,2.0,1.0,1.0,12.0,4.0,37.0,1.0,1.0,0.0,196.0,0.0,1.0,1.0,1
900808,260.087,1.5652,1.0,3.0,61.55,3.0,1.0,1.0,0.0,0.0,5.0,1.0,14.0,0.0,0.0,0.0,76.0,0.0,0.0,1.0,0
3239814,340.37900000000013,2.5497000000000005,1.0,4.0,67.87,6.0,2.0,2.0,0.0,0.0,6.0,3.0,25.0,1.0,0.0,1.0,130.0,0.0,1.0,2.0,0
2160377,415.90200000000016,3.9390000000000014,1.0,5.0,73.22,5.0,3.0,2.0,1.0,0.0,8.0,4.0,28.0,1.0,0.0,1.0,144.0,0.0,2.0,1.0,0
2962165,379.2980000000001,1.2170000000000003,2.0,5.0,104.29,4.0,2.0,0.0,2.0,1.0,11.0,3.0,27.0,1.0,0.0,1.0,140.0,0.0,3.0,4.0,0
5309006,423.5610000000002,2.1777,1.0,6.0,62.51,7.0,3.0,1.0,2.0,1.0,7.0,4.0,31.0,1.0,0.0,1.0,166.0,0.0,3.0,1.0,0
3243257,388.4270000000001,4.155720000000002,1.0,6.0,82.17999999999999,6.0,4.0,2.0,2.0,0.0,7.0,4.0,29.0,0.0,0.0,0.0,146.0,0.0,2.0,1.0,0
3233639,352.50000000000006,2.3328,0.0,4.0,49.85,4.0,1.0,1.0,0.0,2.0,6.0,3.0,24.0,2.0,0.0,2.0,134.0,1.0,2.0,0.0,0
3242920,309.28100000000006,2.7176,1.0,6.0,86.48,3.0,3.0,1.0,2.0,0.0,7.0,4.0,23.0,1.0,0.0,1.0,114.0,0.0,3.0,1.0,0
2729567,370.90200000000016,2.753200000000001,0.0,3.0,57.690000000000005,3.0,1.0,1.0,0.0,2.0,7.0,3.0,24.0,2.0,1.0,1.0,132.0,0.0,1.0,1.0,0
2916358,287.315,2.849100000000001,2.0,3.0,79.39,3.0,2.0,1.0,1.0,0.0,5.0,3.0,21.0,1.0,1.0,0.0,110.0,0.0,1.0,0.0,0
1252116,478.876,3.3972000000000016,1.0,5.0,84.94000000000001,6.0,2.0,2.0,0.0,1.0,12.0,3.0,31.0,1.0,0.0,1.0,168.0,0.0,1.0,1.0,0
877334,251.28500000000005,3.993520000000002,1.0,2.0,42.24,2.0,3.0,2.0,1.0,0.0,3.0,3.0,19.0,0.0,0.0,0.0,94.0,0.0,1.0,1.0,0
3236926,456.4800000000003,0.8266999999999993,0.0,8.0,130.75,7.0,3.0,2.0,1.0,1.0,11.0,4.0,32.0,1.0,0.0,1.0,166.0,0.0,2.0,3.0,0
6604880,409.2360000000002,2.3613800000000005,1.0,7.0,111.64,5.0,1.0,1.0,0.0,0.0,8.0,2.0,25.0,1.0,0.0,1.0,132.0,0.0,1.0,0.0,0
156600499,663.8179999999999,2.7245000000000035,2.0,9.0,101.87,6.0,2.0,1.0,1.0,5.0,13.0,8.0,48.0,6.0,1.0,5.0,258.0,1.0,6.0,2.0,1
123450,215.208,2.5721000000000007,1.0,3.0,59.42,3.0,2.0,1.0,1.0,0.0,4.0,2.0,16.0,0.0,0.0,0.0,80.0,0.0,1.0,0.0,0
2998537,446.96000000000026,4.136500000000003,1.0,5.0,84.3,6.0,3.0,2.0,1.0,1.0,9.0,4.0,30.0,1.0,0.0,1.0,158.0,0.0,2.0,1.0,1
2967872,444.5750000000001,4.036100000000003,1.0,5.0,53.010000000000005,9.0,3.0,3.0,0.0,1.0,5.0,4.0,33.0,1.0,0.0,1.0,172.0,0.0,1.0,0.0,0
172268,228.3359999999999,1.9834,0.0,2.0,46.12,3.0,0.0,0.0,0.0,2.0,4.0,2.0,16.0,2.0,0.0,2.0,94.0,0.0,2.0,0.0,0
3238801,415.4050000000002,3.375300000000001,1.0,7.0,91.68,4.0,4.0,3.0,1.0,0.0,8.0,5.0,31.0,1.0,0.0,1.0,154.0,0.0,2.0,1.0,0
654651,425.5580000000002,3.1683200000000014,0.0,7.0,80.97999999999999,6.0,3.0,2.0,1.0,0.0,8.0,4.0,30.0,1.0,0.0,1.0,158.0,0.0,2.0,0.0,0
2905222,325.4050000000001,2.647400000000001,1.0,5.0,66.02000000000001,10.0,1.0,1.0,0.0,0.0,6.0,1.0,23.0,0.0,0.0,0.0,130.0,0.0,0.0,1.0,0
652378,421.25100000000015,1.2706000000000002,0.0,8.0,88.12,5.0,3.0,1.0,2.0,0.0,9.0,3.0,26.0,0.0,0.0,0.0,136.0,0.0,2.0,0.0,0
3242669,381.4980000000003,1.3639999999999994,1.0,4.0,78.95,6.0,1.0,1.0,0.0,2.0,8.0,3.0,26.0,2.0,0.0,2.0,144.0,0.0,2.0,1.0,0
3238937,493.5640000000002,4.243200000000003,1.0,8.0,91.04,9.0,4.0,2.0,2.0,0.0,10.0,4.0,35.0,0.0,0.0,0.0,180.0,0.0,2.0,1.0,0
881112,271.31600000000003,2.8850000000000016,1.0,3.0,47.56,5.0,2.0,2.0,0.0,0.0,4.0,2.0,20.0,0.0,0.0,0.0,104.0,0.0,0.0,1.0,0
563388,243.27,0.6853999999999996,1.0,6.0,78.32,3.0,2.0,1.0,1.0,0.0,6.0,3.0,18.0,1.0,0.0,1.0,92.0,0.0,2.0,0.0,0
2353836,372.4430000000002,2.0647,1.0,6.0,94.17,7.0,1.0,1.0,0.0,1.0,9.0,2.0,25.0,1.0,0.0,1.0,140.0,0.0,1.0,1.0,0
653993,464.5620000000002,3.677500000000003,0.0,5.0,76.15,6.0,2.0,2.0,0.0,2.0,7.0,4.0,34.0,2.0,0.0,2.0,180.0,0.0,2.0,2.0,0
3235069,370.4380000000001,2.22562,2.0,7.0,109.76,6.0,3.0,1.0,2.0,0.0,9.0,3.0,26.0,0.0,0.0,0.0,134.0,0.0,2.0,0.0,0
664599,326.4400000000002,3.8454000000000015,1.0,2.0,53.17,4.0,2.0,1.0,1.0,1.0,4.0,3.0,24.0,1.0,1.0,0.0,128.0,0.0,1.0,1.0,0
829194,330.409,3.060700000000001,0.0,4.0,58.97,4.0,2.0,2.0,0.0,0.0,6.0,3.0,23.0,1.0,0.0,1.0,120.0,0.0,1.0,0.0,0
2348921,381.2880000000001,3.665000000000002,0.0,5.0,40.85000000000001,2.0,3.0,1.0,2.0,1.0,8.0,4.0,24.0,1.0,0.0,1.0,124.0,0.0,3.0,1.0,0
880537,310.40000000000003,2.9099000000000004,1.0,6.0,68.28999999999999,5.0,2.0,1.0,1.0,0.0,7.0,2.0,20.0,0.0,0.0,0.0,106.0,0.0,1.0,1.0,0
1257886,356.37600000000015,3.5168000000000026,1.0,4.0,59.290000000000006,6.0,3.0,1.0,2.0,1.0,7.0,4.0,26.0,1.0,1.0,0.0,134.0,0.0,2.0,1.0,0
2641994,301.34200000000004,2.412140000000001,1.0,4.0,68.54,6.0,2.0,1.0,1.0,0.0,5.0,2.0,22.0,0.0,0.0,0.0,116.0,0.0,1.0,1.0,0
686152,318.12600000000003,3.9555000000000016,1.0,3.0,63.33,2.0,3.0,1.0,2.0,0.0,5.0,3.0,19.0,0.0,0.0,0.0,94.0,0.0,2.0,0.0,0
54683986,288.34700000000004,3.1426000000000007,3.0,3.0,82.19,6.0,2.0,1.0,1.0,0.0,5.0,2.0,21.0,0.0,0.0,0.0,112.0,0.0,1.0,1.0,0
654887,234.281,-1.2421999999999984,0.0,3.0,64.17,0.0,0.0,0.0,0.0,2.0,8.0,2.0,15.0,2.0,0.0,2.0,86.0,0.0,2.0,2.0,0
651120,444.5170000000003,1.5249199999999998,0.0,9.0,114.43,6.0,3.0,1.0,2.0,1.0,11.0,4.0,31.0,1.0,0.0,1.0,164.0,0.0,3.0,1.0,0
2155109,463.63500000000016,3.575000000000002,1.0,10.0,89.77000000000001,7.0,3.0,1.0,2.0,0.0,11.0,4.0,29.0,1.0,0.0,1.0,150.0,0.0,3.0,1.0,0
9613424,439.52200000000016,3.3438000000000017,1.0,8.0,102.38,6.0,4.0,2.0,2.0,0.0,10.0,5.0,30.0,1.0,1.0,0.0,152.0,0.0,2.0,0.0,0
655625,266.348,2.1667,0.0,4.0,43.16,1.0,2.0,1.0,1.0,1.0,4.0,3.0,20.0,1.0,0.0,1.0,102.0,0.0,2.0,0.0,0
3240633,441.4570000000003,3.433900000000002,0.0,5.0,53.74000000000001,1.0,3.0,1.0,2.0,2.0,9.0,6.0,32.0,3.0,1.0,2.0,166.0,0.0,4.0,1.0,0
645640,285.303,1.8899,3.0,5.0,107.44,3.0,2.0,2.0,0.0,0.0,6.0,2.0,21.0,0.0,0.0,0.0,108.0,0.0,0.0,1.0,0
653779,336.37300000000005,1.237,2.0,8.0,120.34,7.0,2.0,0.0,2.0,0.0,9.0,2.0,23.0,0.0,0.0,0.0,122.0,0.0,2.0,1.0,1
889945,282.368,4.337320000000003,0.0,4.0,38.92,4.0,3.0,2.0,1.0,0.0,4.0,3.0,20.0,0.0,0.0,0.0,100.0,0.0,1.0,0.0,0
135452183,224.329,2.30732,1.0,3.0,45.75,4.0,1.0,0.0,1.0,0.0,4.0,1.0,15.0,0.0,0.0,0.0,82.0,0.0,1.0,0.0,0
1257715,408.2770000000001,4.642700000000002,2.0,5.0,84.23,5.0,3.0,1.0,2.0,0.0,8.0,3.0,24.0,0.0,0.0,0.0,124.0,0.0,2.0,2.0,1
1089297,284.359,2.5665400000000007,0.0,3.0,34.47,2.0,2.0,1.0,1.0,1.0,4.0,3.0,21.0,1.0,0.0,1.0,110.0,0.0,2.0,1.0,0
2947833,356.4470000000001,2.9156400000000016,0.0,3.0,57.690000000000005,2.0,2.0,2.0,0.0,2.0,6.0,4.0,25.0,2.0,0.0,2.0,130.0,0.0,2.0,2.0,0
653999,477.5900000000002,4.304800000000004,1.0,7.0,93.26,8.0,4.0,1.0,3.0,1.0,9.0,5.0,34.0,1.0,1.0,0.0,176.0,0.0,3.0,2.0,0
663980,424.88800000000015,4.210480000000003,0.0,7.0,74.76,5.0,3.0,2.0,1.0,1.0,8.0,4.0,30.0,1.0,0.0,1.0,154.0,0.0,2.0,0.0,0
750459,310.31300000000005,1.32814,1.0,5.0,92.26,3.0,2.0,1.0,1.0,0.0,7.0,3.0,23.0,1.0,0.0,1.0,116.0,0.0,2.0,3.0,0
952615,308.33700000000005,3.260900000000001,1.0,4.0,60.45,5.0,3.0,2.0,1.0,0.0,5.0,3.0,23.0,0.0,0.0,0.0,116.0,0.0,1.0,1.0,0
3247133,518.5660000000004,2.0944000000000003,0.0,7.0,110.29,8.0,2.0,2.0,0.0,1.0,9.0,4.0,38.0,2.0,1.0,1.0,198.0,0.0,1.0,2.0,0
3234413,415.5190000000001,3.0970000000000013,1.0,6.0,87.66000000000001,3.0,2.0,1.0,1.0,2.0,9.0,4.0,29.0,2.0,0.0,2.0,154.0,1.0,3.0,3.0,0
3233416,348.44700000000006,2.3375400000000006,1.0,4.0,78.68,2.0,1.0,0.0,1.0,2.0,7.0,3.0,25.0,2.0,0.0,2.0,138.0,1.0,3.0,3.0,0
2999750,259.309,1.5837,0.0,4.0,46.84,1.0,2.0,0.0,2.0,1.0,5.0,3.0,19.0,1.0,0.0,1.0,100.0,0.0,3.0,1.0,0
93864,247.25,2.6698200000000005,1.0,4.0,68.53999999999999,2.0,2.0,1.0,1.0,0.0,5.0,2.0,18.0,0.0,0.0,0.0,94.0,0.0,1.0,1.0,0
135449558,375.42800000000005,4.027800000000003,2.0,5.0,82.36000000000001,3.0,4.0,2.0,2.0,1.0,6.0,5.0,28.0,1.0,0.0,1.0,142.0,0.0,3.0,0.0,0
2887398,319.357,2.3892000000000007,2.0,4.0,84.86,5.0,1.0,1.0,0.0,2.0,6.0,3.0,23.0,2.0,2.0,0.0,124.0,0.0,0.0,1.0,0
651806,374.4440000000002,3.668020000000002,1.0,5.0,67.35000000000001,4.0,3.0,2.0,1.0,1.0,6.0,4.0,28.0,1.0,0.0,1.0,142.0,0.0,2.0,1.0,0
11949221,423.556,5.591500000000005,0.0,3.0,29.54,4.0,3.0,3.0,0.0,4.0,3.0,7.0,32.0,4.0,3.0,1.0,162.0,1.0,1.0,0.0,0
801055,278.333,1.5098000000000005,0.0,6.0,61.190000000000005,3.0,2.0,0.0,2.0,0.0,6.0,3.0,19.0,1.0,1.0,0.0,100.0,0.0,2.0,0.0,0
3246295,224.24500000000003,0.9635899999999996,2.0,5.0,83.79999999999998,3.0,2.0,0.0,2.0,0.0,7.0,2.0,15.0,0.0,0.0,0.0,78.0,0.0,2.0,0.0,0
2077608,365.89,2.853300000000001,2.0,6.0,85.83,5.0,2.0,1.0,1.0,1.0,8.0,3.0,24.0,1.0,1.0,0.0,128.0,0.0,1.0,1.0,0
645453,396.5340000000001,2.712040000000001,1.0,5.0,79.62,9.0,2.0,1.0,1.0,0.0,8.0,2.0,26.0,0.0,0.0,0.0,142.0,0.0,1.0,1.0,0
1147586,281.271,1.3163000000000002,1.0,4.0,79.37,3.0,2.0,1.0,1.0,0.0,6.0,3.0,21.0,1.0,0.0,1.0,104.0,0.0,2.0,3.0,0
3238664,405.5740000000001,4.183440000000004,1.0,8.0,72.70000000000002,7.0,3.0,1.0,2.0,0.0,9.0,3.0,26.0,0.0,0.0,0.0,136.0,0.0,2.0,1.0,0
5332737,273.723,2.889000000000001,1.0,3.0,54.35,3.0,2.0,1.0,1.0,0.0,5.0,2.0,19.0,0.0,0.0,0.0,96.0,0.0,1.0,1.0,0
118365187,489.52300000000025,4.786400000000003,3.0,6.0,110.39,9.0,3.0,1.0,2.0,1.0,11.0,4.0,35.0,1.0,1.0,0.0,188.0,0.0,2.0,2.0,1
2937099,419.4810000000003,3.705400000000002,2.0,6.0,89.55000000000001,5.0,2.0,1.0,1.0,0.0,7.0,4.0,31.0,2.0,1.0,1.0,160.0,0.0,2.0,1.0,0
3237425,402.44500000000016,2.5497000000000005,2.0,4.0,64.68,7.0,2.0,2.0,0.0,1.0,8.0,3.0,29.0,1.0,0.0,1.0,154.0,0.0,1.0,2.0,0
3243639,320.389,1.7333999999999998,1.0,4.0,67.87,8.0,1.0,1.0,0.0,0.0,6.0,2.0,23.0,1.0,0.0,1.0,126.0,0.0,1.0,2.0,0
650236,344.3860000000001,2.8053000000000017,0.0,4.0,42.010000000000005,4.0,2.0,2.0,0.0,1.0,6.0,3.0,25.0,1.0,0.0,1.0,132.0,0.0,1.0,1.0,0
973869,271.32000000000005,1.7291999999999998,0.0,4.0,49.58,2.0,2.0,1.0,1.0,1.0,5.0,3.0,20.0,1.0,0.0,1.0,104.0,0.0,2.0,1.0,0
3245029,329.8560000000001,4.276300000000004,0.0,4.0,19.37,2.0,3.0,2.0,1.0,1.0,5.0,4.0,22.0,1.0,0.0,1.0,112.0,0.0,2.0,0.0,0
89536074,388.431,3.5288200000000023,3.0,5.0,104.82,6.0,4.0,1.0,3.0,0.0,8.0,4.0,29.0,0.0,0.0,0.0,146.0,0.0,3.0,2.0,1
16758760,626.6120000000002,-0.7850999999999932,2.0,15.0,213.86,8.0,0.0,0.0,0.0,4.0,16.0,4.0,44.0,4.0,2.0,2.0,244.0,0.0,2.0,2.0,0
2859057,264.369,1.5254,0.0,3.0,40.620000000000005,4.0,0.0,0.0,0.0,1.0,4.0,2.0,19.0,2.0,1.0,1.0,106.0,0.0,1.0,2.0,0
2131318,261.328,4.318600000000004,0.0,3.0,30.71,1.0,4.0,2.0,2.0,0.0,3.0,4.0,20.0,0.0,0.0,0.0,98.0,0.0,2.0,0.0,0
401437,356.3260000000001,1.82622,2.0,8.0,102.44,6.0,1.0,0.0,1.0,0.0,12.0,1.0,23.0,0.0,0.0,0.0,130.0,0.0,1.0,1.0,0
747932,280.30500000000006,2.0103,0.0,7.0,74.45,5.0,2.0,1.0,1.0,0.0,7.0,2.0,19.0,0.0,0.0,0.0,100.0,0.0,1.0,0.0,0
16759067,328.4550000000001,5.799100000000005,0.0,1.0,17.07,3.0,2.0,2.0,0.0,1.0,1.0,4.0,25.0,2.0,2.0,0.0,126.0,0.0,0.0,0.0,0
127902,353.4470000000002,3.3472000000000017,0.0,6.0,37.83,3.0,3.0,2.0,1.0,1.0,6.0,5.0,25.0,2.0,0.0,2.0,128.0,0.0,3.0,0.0,0
3298051,384.3910000000001,3.9464000000000015,0.0,5.0,72.64,3.0,4.0,2.0,2.0,0.0,6.0,5.0,29.0,1.0,0.0,1.0,142.0,0.0,3.0,1.0,0
76072403,341.3710000000001,2.13002,4.0,5.0,112.16,5.0,3.0,1.0,2.0,0.0,8.0,3.0,25.0,0.0,0.0,0.0,130.0,0.0,2.0,2.0,1
2249842,331.196,3.3631,1.0,3.0,47.56,2.0,2.0,2.0,0.0,0.0,9.0,3.0,23.0,1.0,0.0,1.0,120.0,0.0,1.0,1.0,0
3236139,417.46500000000015,3.112300000000002,1.0,5.0,80.76,7.0,3.0,2.0,1.0,0.0,7.0,4.0,31.0,1.0,0.0,1.0,158.0,0.0,2.0,2.0,0
1178714,394.4120000000002,1.6945999999999997,0.0,9.0,95.68,4.0,4.0,1.0,3.0,0.0,9.0,4.0,28.0,0.0,0.0,0.0,140.0,0.0,3.0,0.0,0
920276,251.33300000000003,4.360800000000003,1.0,3.0,29.85,3.0,3.0,2.0,1.0,0.0,3.0,3.0,19.0,0.0,0.0,0.0,96.0,0.0,1.0,0.0,0
135456842,310.3090000000001,2.4783,2.0,5.0,98.05,3.0,3.0,2.0,1.0,0.0,6.0,3.0,23.0,0.0,0.0,0.0,116.0,0.0,1.0,1.0,0
271643,224.599,2.1446000000000005,1.0,3.0,67.50999999999999,1.0,2.0,1.0,1.0,0.0,5.0,2.0,15.0,0.0,0.0,0.0,76.0,0.0,1.0,0.0,0
654350,396.48700000000014,3.545620000000002,1.0,5.0,67.87,7.0,2.0,2.0,0.0,1.0,6.0,3.0,29.0,1.0,0.0,1.0,154.0,0.0,1.0,1.0,0
2299642,267.4,3.6376000000000017,0.0,5.0,29.43,3.0,1.0,0.0,1.0,0.0,5.0,2.0,16.0,1.0,0.0,1.0,82.0,0.0,2.0,0.0,0
2857625,361.1950000000001,3.470600000000002,2.0,2.0,69.64,3.0,2.0,2.0,0.0,0.0,6.0,3.0,22.0,1.0,0.0,1.0,112.0,0.0,1.0,2.0,0
650129,446.53000000000026,4.279620000000003,1.0,6.0,79.7,7.0,4.0,2.0,2.0,1.0,8.0,5.0,33.0,1.0,1.0,0.0,170.0,0.0,2.0,0.0,0
3238393,305.29,1.7436999999999996,0.0,7.0,73.56,2.0,3.0,1.0,2.0,0.0,8.0,3.0,21.0,0.0,0.0,0.0,106.0,0.0,2.0,0.0,0
246560,319.401,3.550900000000002,2.0,3.0,75.63,5.0,1.0,1.0,0.0,1.0,5.0,2.0,23.0,1.0,1.0,0.0,126.0,0.0,0.0,1.0,0
655583,351.4720000000001,2.692120000000001,1.0,5.0,73.22,8.0,2.0,1.0,1.0,0.0,7.0,2.0,24.0,0.0,0.0,0.0,132.0,0.0,1.0,0.0,0
3518,198.314,0.5258999999999996,2.0,2.0,67.64,3.0,0.0,0.0,0.0,1.0,4.0,1.0,14.0,1.0,0.0,1.0,82.0,0.0,1.0,0.0,0
16758846,336.387,2.810200000000001,1.0,4.0,47.92,4.0,2.0,2.0,0.0,1.0,4.0,3.0,25.0,1.0,0.0,1.0,128.0,0.0,1.0,0.0,0
16758280,543.6570000000003,3.467500000000003,0.0,8.0,100.6,5.0,1.0,1.0,0.0,1.0,9.0,3.0,39.0,2.0,0.0,2.0,214.0,0.0,2.0,1.0,0
3244262,359.4920000000002,0.5669000000000013,1.0,4.0,86.78999999999999,8.0,0.0,0.0,0.0,2.0,8.0,2.0,24.0,2.0,0.0,2.0,138.0,0.0,2.0,2.0,0
773925,322.36100000000016,1.3746999999999998,0.0,5.0,68.31,5.0,1.0,1.0,0.0,1.0,7.0,2.0,23.0,1.0,0.0,1.0,126.0,0.0,1.0,2.0,0
653393,490.5600000000002,3.5547200000000023,2.0,6.0,113.77,9.0,3.0,1.0,2.0,1.0,9.0,4.0,36.0,1.0,1.0,0.0,188.0,0.0,2.0,3.0,0
3235184,399.4540000000002,3.776100000000002,1.0,7.0,81.93000000000002,5.0,4.0,2.0,2.0,1.0,7.0,5.0,30.0,1.0,0.0,1.0,150.0,0.0,3.0,0.0,0
972324,220.29700000000005,2.4345000000000008,1.0,3.0,41.99,2.0,2.0,1.0,1.0,0.0,4.0,2.0,15.0,0.0,0.0,0.0,78.0,0.0,1.0,1.0,0
2081892,420.49400000000014,3.780440000000002,1.0,7.0,90.02000000000001,6.0,4.0,2.0,2.0,0.0,8.0,4.0,30.0,0.0,0.0,0.0,152.0,0.0,2.0,1.0,0
775747,336.20700000000016,1.4786,0.0,4.0,55.84,3.0,1.0,1.0,0.0,1.0,7.0,2.0,18.0,1.0,0.0,1.0,100.0,0.0,1.0,0.0,0
644789,432.4400000000002,2.5104000000000006,2.0,8.0,124.17,8.0,4.0,2.0,2.0,0.0,10.0,4.0,32.0,0.0,0.0,0.0,162.0,0.0,2.0,2.0,0
3233439,432.5890000000001,5.034800000000005,0.0,3.0,40.620000000000005,4.0,3.0,3.0,0.0,2.0,5.0,5.0,31.0,2.0,0.0,2.0,160.0,1.0,2.0,0.0,0
6604708,311.3340000000001,0.9730999999999996,4.0,4.0,123.93000000000002,7.0,0.0,0.0,0.0,1.0,7.0,1.0,22.0,1.0,0.0,1.0,122.0,0.0,1.0,0.0,0
651521,387.50500000000005,2.721400000000001,1.0,4.0,79.37,7.0,2.0,1.0,1.0,1.0,7.0,3.0,27.0,1.0,1.0,0.0,144.0,0.0,1.0,1.0,0
668899,258.277,2.3511,1.0,4.0,60.45,4.0,2.0,1.0,1.0,0.0,5.0,2.0,19.0,0.0,0.0,0.0,98.0,0.0,1.0,1.0,0
3235308,363.4650000000001,2.906400000000001,2.0,5.0,70.15,7.0,3.0,2.0,1.0,0.0,6.0,3.0,27.0,0.0,0.0,0.0,140.0,0.0,1.0,1.0,0
655743,489.5940000000002,1.605920000000001,2.0,6.0,114.04,11.0,2.0,2.0,0.0,1.0,10.0,3.0,34.0,1.0,0.0,1.0,184.0,0.0,1.0,2.0,0
117876848,530.9910000000001,6.118120000000005,0.0,7.0,86.03,4.0,5.0,2.0,3.0,1.0,10.0,6.0,38.0,1.0,0.0,1.0,192.0,0.0,4.0,1.0,1
3241652,382.41600000000017,2.06672,1.0,5.0,77.10000000000001,5.0,2.0,2.0,0.0,0.0,7.0,4.0,28.0,2.0,0.0,2.0,146.0,0.0,2.0,2.0,0
648134,421.5490000000003,3.1334000000000017,0.0,8.0,72.2,7.0,3.0,1.0,2.0,1.0,8.0,4.0,31.0,1.0,0.0,1.0,164.0,0.0,3.0,0.0,0
2304502,324.3800000000001,3.183500000000002,1.0,3.0,58.64,4.0,2.0,2.0,0.0,1.0,5.0,3.0,24.0,1.0,0.0,1.0,124.0,0.0,1.0,2.0,0
934677,320.80100000000004,3.543540000000003,0.0,4.0,51.96,2.0,3.0,2.0,1.0,0.0,6.0,3.0,21.0,0.0,0.0,0.0,108.0,0.0,1.0,0.0,0
649111,406.4860000000003,3.4606200000000014,2.0,5.0,79.48000000000002,4.0,3.0,2.0,1.0,1.0,7.0,5.0,30.0,2.0,0.0,2.0,156.0,0.0,3.0,1.0,0
2999974,380.3970000000001,0.7438000000000002,2.0,5.0,115.56,8.0,2.0,2.0,0.0,0.0,9.0,2.0,26.0,0.0,0.0,0.0,138.0,0.0,0.0,1.0,0
5309814,349.45200000000006,3.434020000000002,0.0,4.0,67.59,7.0,2.0,1.0,1.0,0.0,6.0,2.0,24.0,0.0,0.0,0.0,130.0,0.0,1.0,1.0,0
3242626,367.4780000000001,3.141900000000001,0.0,6.0,63.39,4.0,3.0,1.0,2.0,1.0,7.0,4.0,26.0,1.0,0.0,1.0,134.0,0.0,3.0,1.0,0
2113901,204.225,2.676740000000001,1.0,2.0,50.44,2.0,2.0,1.0,1.0,0.0,3.0,2.0,15.0,0.0,0.0,0.0,78.0,0.0,1.0,0.0,0
756560,315.3200000000001,3.060500000000001,0.0,5.0,38.25,2.0,2.0,0.0,2.0,1.0,8.0,3.0,21.0,1.0,0.0,1.0,112.0,0.0,3.0,0.0,0
2079294,335.31,2.7336,3.0,3.0,79.46000000000001,5.0,2.0,2.0,0.0,0.0,8.0,2.0,24.0,0.0,0.0,0.0,126.0,0.0,0.0,3.0,0
1257632,490.5410000000002,4.609340000000003,2.0,8.0,123.42,7.0,4.0,2.0,2.0,0.0,10.0,4.0,35.0,0.0,0.0,0.0,178.0,0.0,2.0,2.0,0
118395365,360.4180000000003,3.226500000000001,4.0,5.0,121.03,4.0,2.0,0.0,2.0,1.0,9.0,3.0,26.0,1.0,1.0,0.0,140.0,0.0,2.0,3.0,1
2228185,436.5550000000002,2.539320000000001,1.0,6.0,84.94,9.0,2.0,2.0,0.0,0.0,9.0,3.0,29.0,1.0,0.0,1.0,156.0,0.0,1.0,1.0,0
1509062,402.4150000000001,0.4264999999999992,1.0,10.0,116.28,5.0,4.0,1.0,3.0,0.0,12.0,4.0,28.0,0.0,0.0,0.0,144.0,0.0,3.0,0.0,0
3247350,462.5930000000001,6.611900000000006,2.0,2.0,58.2,7.0,4.0,4.0,0.0,1.0,4.0,5.0,35.0,1.0,1.0,0.0,176.0,0.0,0.0,2.0,0
598162,294.738,3.138300000000002,1.0,4.0,64.24000000000001,1.0,2.0,1.0,1.0,1.0,6.0,3.0,20.0,1.0,1.0,0.0,106.0,0.0,1.0,1.0,0
2240,282.336,2.3949000000000007,0.0,5.0,53.99000000000001,0.0,0.0,0.0,0.0,5.0,5.0,5.0,20.0,5.0,1.0,4.0,112.0,1.0,4.0,0.0,0
647932,429.4730000000001,3.2123000000000017,1.0,6.0,80.23,5.0,2.0,2.0,0.0,1.0,9.0,4.0,30.0,2.0,0.0,2.0,156.0,0.0,2.0,2.0,0
5280965,924.0910000000002,0.7117000000000053,12.0,17.0,319.61,3.0,0.0,0.0,0.0,2.0,18.0,3.0,65.0,3.0,0.0,3.0,368.0,0.0,3.0,0.0,0
581253,242.254,1.7805999999999995,0.0,5.0,43.6,3.0,2.0,1.0,1.0,0.0,7.0,2.0,16.0,0.0,0.0,0.0,84.0,0.0,1.0,0.0,0
782097,280.415,3.2512000000000016,0.0,2.0,6.48,5.0,2.0,2.0,0.0,0.0,2.0,3.0,21.0,1.0,1.0,0.0,110.0,0.0,0.0,0.0,0
774885,280.327,4.233400000000003,1.0,3.0,55.13,4.0,3.0,2.0,1.0,0.0,4.0,3.0,21.0,0.0,0.0,0.0,106.0,0.0,1.0,1.0,0
65859,236.31500000000003,0.1617999999999997,2.0,4.0,46.940000000000005,4.0,1.0,1.0,0.0,1.0,4.0,2.0,17.0,1.0,0.0,1.0,94.0,0.0,1.0,0.0,0
974163,334.32400000000007,1.67714,0.0,7.0,92.04,5.0,2.0,1.0,1.0,0.0,7.0,2.0,24.0,0.0,0.0,0.0,128.0,0.0,1.0,0.0,0
154968027,639.761,3.820770000000001,2.0,10.0,137.32999999999998,7.0,4.0,2.0,2.0,2.0,13.0,7.0,46.0,3.0,0.0,3.0,236.0,1.0,5.0,2.0,1
659705,401.47000000000025,3.162180000000002,1.0,6.0,91.14,6.0,3.0,2.0,1.0,1.0,7.0,4.0,30.0,1.0,0.0,1.0,152.0,0.0,2.0,1.0,0
1344279,382.4890000000003,3.205120000000001,0.0,7.0,58.56,3.0,3.0,1.0,2.0,1.0,7.0,4.0,27.0,1.0,0.0,1.0,140.0,0.0,3.0,0.0,0
653342,344.374,4.259300000000003,0.0,6.0,73.93,5.0,4.0,1.0,3.0,0.0,6.0,4.0,26.0,0.0,0.0,0.0,128.0,0.0,3.0,0.0,0
3106,237.343,2.7623000000000024,2.0,3.0,43.7,7.0,1.0,1.0,0.0,0.0,3.0,1.0,17.0,0.0,0.0,0.0,96.0,0.0,0.0,0.0,0
653853,287.319,1.73222,1.0,5.0,73.34,5.0,2.0,1.0,1.0,0.0,6.0,2.0,21.0,0.0,0.0,0.0,110.0,0.0,1.0,1.0,0
1635705,361.4560000000001,2.658220000000001,2.0,10.0,111.73,6.0,3.0,1.0,2.0,0.0,10.0,3.0,24.0,0.0,0.0,0.0,124.0,0.0,2.0,0.0,0
650004,461.54400000000027,0.9218000000000004,1.0,10.0,109.38000000000002,9.0,3.0,1.0,2.0,0.0,11.0,3.0,32.0,0.0,0.0,0.0,172.0,0.0,2.0,1.0,0
6001,256.348,5.763040000000005,0.0,0.0,0.0,0.0,4.0,4.0,0.0,0.0,0.0,4.0,20.0,0.0,0.0,0.0,96.0,0.0,0.0,0.0,0
8469,192.214,1.6895999999999998,0.0,3.0,38.83,3.0,1.0,1.0,0.0,1.0,3.0,2.0,14.0,1.0,0.0,1.0,74.0,0.0,1.0,0.0,0
745532,251.33,2.678840000000001,1.0,4.0,63.99,5.0,1.0,0.0,1.0,0.0,5.0,1.0,18.0,0.0,0.0,0.0,100.0,0.0,1.0,1.0,0
76070657,366.42500000000007,2.1857999999999995,3.0,5.0,95.17,4.0,3.0,1.0,2.0,1.0,8.0,4.0,27.0,1.0,0.0,1.0,140.0,0.0,3.0,2.0,1
596113,205.236,1.10698,1.0,3.0,39.06,1.0,1.0,1.0,0.0,1.0,4.0,2.0,15.0,1.0,0.0,1.0,78.0,0.0,1.0,0.0,0
650993,372.444,2.855620000000001,1.0,5.0,67.35,6.0,2.0,1.0,1.0,1.0,7.0,3.0,27.0,1.0,0.0,1.0,144.0,0.0,2.0,1.0,0
2950485,315.39800000000014,1.8908,1.0,5.0,62.3,2.0,2.0,1.0,1.0,2.0,6.0,4.0,22.0,2.0,0.0,2.0,114.0,0.0,3.0,2.0,0
3503223,413.2090000000001,4.441360000000004,2.0,7.0,102.29000000000002,1.0,2.0,2.0,0.0,0.0,9.0,3.0,27.0,1.0,0.0,1.0,142.0,0.0,1.0,0.0,0
650954,329.78700000000003,2.498900000000001,0.0,4.0,53.510000000000005,4.0,2.0,1.0,1.0,1.0,6.0,3.0,23.0,1.0,0.0,1.0,118.0,0.0,2.0,2.0,0
3243918,323.3520000000001,1.628699999999999,1.0,5.0,73.22,5.0,3.0,1.0,2.0,0.0,6.0,3.0,24.0,0.0,0.0,0.0,122.0,0.0,2.0,1.0,0
277277,565.5850000000004,3.530400000000001,5.0,9.0,206.95,5.0,4.0,4.0,0.0,0.0,13.0,5.0,39.0,1.0,1.0,0.0,198.0,0.0,0.0,0.0,0
651382,494.47700000000015,5.430460000000004,1.0,7.0,90.25,5.0,5.0,1.0,4.0,0.0,11.0,5.0,36.0,0.0,0.0,0.0,184.0,0.0,4.0,1.0,0
6604016,195.265,3.5604200000000024,0.0,1.0,12.89,2.0,2.0,1.0,1.0,0.0,1.0,2.0,15.0,0.0,0.0,0.0,74.0,0.0,1.0,0.0,0
3234766,403.44200000000006,3.2521000000000013,1.0,8.0,91.16,7.0,4.0,2.0,2.0,0.0,8.0,4.0,30.0,0.0,0.0,0.0,152.0,0.0,2.0,0.0,0
5391149,254.241,2.871200000000001,2.0,4.0,70.67,1.0,3.0,2.0,1.0,0.0,4.0,3.0,19.0,0.0,0.0,0.0,94.0,0.0,1.0,0.0,0
621599,321.398,2.671100000000001,0.0,6.0,55.84,3.0,1.0,0.0,1.0,0.0,6.0,2.0,22.0,1.0,0.0,1.0,118.0,0.0,2.0,0.0,0
628469,312.321,3.689600000000002,0.0,5.0,57.900000000000006,5.0,3.0,2.0,1.0,0.0,5.0,3.0,23.0,0.0,0.0,0.0,118.0,0.0,1.0,0.0,0
3244810,380.4660000000002,1.8611,1.0,4.0,94.99,5.0,1.0,1.0,0.0,1.0,8.0,3.0,26.0,2.0,0.0,2.0,142.0,0.0,2.0,1.0,0
646087,336.4390000000001,2.970620000000001,1.0,4.0,58.120000000000005,5.0,2.0,1.0,1.0,1.0,5.0,3.0,25.0,1.0,0.0,1.0,130.0,0.0,2.0,1.0,0
645251,362.4580000000001,3.9243200000000025,1.0,5.0,63.57,4.0,4.0,2.0,2.0,0.0,6.0,4.0,26.0,0.0,0.0,0.0,130.0,0.0,2.0,0.0,0
2219814,328.29,2.573100000000001,1.0,3.0,66.48,5.0,1.0,1.0,0.0,1.0,8.0,2.0,23.0,1.0,0.0,1.0,124.0,0.0,1.0,3.0,0
1184632,360.255,4.086700000000003,1.0,3.0,45.23,3.0,2.0,1.0,1.0,1.0,5.0,3.0,22.0,1.0,0.0,1.0,114.0,0.0,2.0,1.0,0
665530,265.33500000000004,-0.4330999999999989,0.0,4.0,70.16,3.0,0.0,0.0,0.0,1.0,8.0,1.0,17.0,1.0,0.0,1.0,100.0,0.0,1.0,1.0,0
904,135.16599999999997,1.6449999999999998,1.0,1.0,29.1,1.0,1.0,1.0,0.0,0.0,2.0,1.0,10.0,0.0,0.0,0.0,52.0,0.0,0.0,1.0,0
2919046,443.5280000000001,4.330700000000003,1.0,5.0,86.34,6.0,3.0,2.0,1.0,1.0,7.0,4.0,32.0,1.0,0.0,1.0,160.0,0.0,2.0,2.0,0
16757675,733.9370000000002,1.785600000000004,5.0,14.0,193.91,7.0,0.0,0.0,0.0,3.0,14.0,3.0,51.0,3.0,0.0,3.0,298.0,0.0,3.0,0.0,0
650172,262.33,3.6118000000000015,1.0,3.0,46.53,4.0,2.0,1.0,1.0,0.0,4.0,2.0,18.0,0.0,0.0,0.0,94.0,0.0,1.0,0.0,0
118365248,345.7900000000001,3.502600000000001,3.0,4.0,91.93,4.0,3.0,1.0,2.0,0.0,8.0,3.0,24.0,0.0,0.0,0.0,124.0,0.0,2.0,2.0,1
2997749,331.423,3.7871000000000015,2.0,5.0,68.22999999999999,1.0,3.0,2.0,1.0,1.0,5.0,5.0,25.0,2.0,1.0,1.0,126.0,1.0,2.0,0.0,0
1246540,274.345,3.698760000000002,1.0,4.0,66.03,2.0,2.0,0.0,2.0,0.0,5.0,2.0,19.0,0.0,0.0,0.0,98.0,0.0,2.0,1.0,0
3241330,382.44500000000016,3.1280600000000014,1.0,8.0,122.02,7.0,2.0,1.0,1.0,0.0,8.0,2.0,27.0,0.0,0.0,0.0,138.0,0.0,1.0,0.0,0
118381380,367.4570000000001,2.8141000000000007,4.0,5.0,97.97,7.0,3.0,1.0,2.0,0.0,8.0,3.0,27.0,0.0,0.0,0.0,142.0,0.0,2.0,2.0,1
717930,259.30499999999995,3.0766000000000018,1.0,3.0,47.56,2.0,1.0,1.0,0.0,2.0,4.0,4.0,19.0,3.0,2.0,1.0,100.0,1.0,1.0,1.0,0
1508539,325.3170000000001,2.3638000000000003,1.0,5.0,73.86000000000001,4.0,2.0,2.0,0.0,0.0,8.0,3.0,22.0,1.0,0.0,1.0,116.0,0.0,1.0,0.0,0
2999499,424.55100000000033,3.728900000000002,0.0,4.0,42.23,4.0,1.0,0.0,1.0,3.0,8.0,4.0,28.0,3.0,1.0,2.0,156.0,0.0,3.0,0.0,0
3154354,305.353,2.322,2.0,2.0,61.440000000000005,4.0,1.0,1.0,0.0,0.0,6.0,2.0,22.0,1.0,0.0,1.0,118.0,0.0,1.0,3.0,0
871509,316.4260000000001,2.2897,0.0,3.0,40.620000000000005,3.0,2.0,2.0,0.0,1.0,5.0,3.0,22.0,1.0,0.0,1.0,116.0,0.0,1.0,0.0,0
135447952,390.4210000000001,0.0233999999999998,4.0,9.0,133.49,5.0,3.0,1.0,2.0,1.0,10.0,4.0,27.0,1.0,0.0,1.0,142.0,0.0,3.0,0.0,0
135485430,335.3630000000001,3.5403800000000016,1.0,6.0,80.3,4.0,3.0,2.0,1.0,0.0,6.0,3.0,25.0,0.0,0.0,0.0,126.0,0.0,1.0,0.0,0
97143,298.29400000000004,3.182800000000001,1.0,5.0,68.9,3.0,3.0,2.0,1.0,0.0,5.0,3.0,22.0,0.0,0.0,0.0,112.0,0.0,1.0,0.0,0
2998664,269.373,3.694580000000002,1.0,4.0,48.71,1.0,2.0,1.0,1.0,1.0,4.0,3.0,19.0,1.0,0.0,1.0,96.0,0.0,2.0,0.0,0
900993,223.253,2.0929,0.0,5.0,52.33,3.0,2.0,1.0,1.0,0.0,5.0,2.0,15.0,0.0,0.0,0.0,78.0,0.0,1.0,0.0,0
655890,386.4020000000001,3.583300000000002,0.0,5.0,59.73,3.0,3.0,1.0,2.0,1.0,8.0,4.0,28.0,1.0,0.0,1.0,146.0,0.0,3.0,1.0,0
5308152,339.37200000000007,3.839120000000003,1.0,5.0,72.45,3.0,4.0,1.0,3.0,0.0,6.0,4.0,24.0,0.0,0.0,0.0,120.0,0.0,3.0,1.0,0
9548030,294.307,1.7056,1.0,6.0,90.66,7.0,1.0,0.0,1.0,0.0,7.0,1.0,21.0,0.0,0.0,0.0,114.0,0.0,1.0,1.0,0
3233728,463.9250000000003,4.438100000000003,1.0,8.0,91.16,6.0,4.0,2.0,2.0,1.0,9.0,5.0,33.0,1.0,0.0,1.0,168.0,0.0,3.0,0.0,0
3236268,440.8800000000002,3.216700000000001,2.0,4.0,103.78000000000002,5.0,2.0,2.0,0.0,1.0,10.0,3.0,29.0,1.0,0.0,1.0,154.0,0.0,1.0,1.0,0
624005,277.36400000000003,2.6346000000000007,0.0,3.0,38.77,2.0,1.0,1.0,0.0,0.0,4.0,2.0,20.0,1.0,0.0,1.0,110.0,0.0,1.0,1.0,0
3237560,351.4100000000001,1.7412799999999995,2.0,6.0,93.51,6.0,2.0,1.0,1.0,1.0,7.0,3.0,26.0,1.0,0.0,1.0,134.0,0.0,2.0,0.0,0
3240919,404.5070000000002,3.2196000000000016,1.0,6.0,78.79,10.0,2.0,1.0,1.0,0.0,7.0,2.0,29.0,0.0,0.0,0.0,160.0,0.0,1.0,1.0,0
2122833,371.5160000000001,4.136200000000001,1.0,8.0,69.62,5.0,4.0,1.0,3.0,0.0,8.0,4.0,24.0,0.0,0.0,0.0,120.0,0.0,3.0,0.0,0
2999770,334.3970000000001,2.9648200000000013,1.0,6.0,81.42999999999999,4.0,2.0,0.0,2.0,0.0,7.0,3.0,23.0,1.0,1.0,0.0,122.0,0.0,2.0,1.0,0
3237743,385.4450000000001,3.058800000000001,2.0,6.0,89.43,6.0,3.0,2.0,1.0,0.0,8.0,3.0,27.0,0.0,0.0,0.0,140.0,0.0,1.0,2.0,0
5310898,478.5260000000003,2.570100000000001,0.0,9.0,88.35000000000001,5.0,3.0,2.0,1.0,0.0,9.0,5.0,34.0,2.0,0.0,2.0,174.0,0.0,3.0,0.0,0
3239493,360.4100000000002,1.47602,0.0,5.0,68.31,3.0,1.0,1.0,0.0,2.0,7.0,4.0,26.0,3.0,0.0,3.0,140.0,1.0,3.0,2.0,0
1301813,375.841,3.3866000000000005,1.0,7.0,81.93,6.0,3.0,2.0,1.0,0.0,9.0,3.0,25.0,0.0,0.0,0.0,128.0,0.0,1.0,1.0,0
2999066,378.50100000000015,4.756000000000004,1.0,5.0,59.81,3.0,3.0,1.0,2.0,1.0,6.0,5.0,27.0,2.0,2.0,0.0,138.0,0.0,2.0,1.0,0
16759104,358.8210000000001,3.978600000000004,1.0,4.0,55.760000000000005,5.0,2.0,2.0,0.0,0.0,5.0,3.0,25.0,1.0,0.0,1.0,130.0,0.0,1.0,0.0,0
647597,359.4550000000001,2.1937,1.0,6.0,88.08,5.0,2.0,0.0,2.0,1.0,8.0,3.0,25.0,1.0,1.0,0.0,132.0,0.0,2.0,2.0,0
714665,341.407,3.317800000000002,1.0,4.0,56.790000000000006,4.0,2.0,2.0,0.0,1.0,5.0,3.0,25.0,1.0,0.0,1.0,132.0,0.0,1.0,1.0,0
2998480,260.362,3.5008000000000017,2.0,2.0,41.13,4.0,2.0,1.0,1.0,0.0,4.0,2.0,18.0,0.0,0.0,0.0,94.0,0.0,1.0,2.0,0
3237062,392.4520000000002,2.715740000000001,1.0,4.0,75.71000000000001,4.0,2.0,2.0,0.0,1.0,8.0,3.0,27.0,1.0,0.0,1.0,144.0,0.0,1.0,1.0,0
663677,394.8620000000001,4.201880000000004,0.0,6.0,65.53,4.0,3.0,2.0,1.0,1.0,7.0,4.0,28.0,1.0,0.0,1.0,142.0,0.0,2.0,0.0,0
7105719,331.328,2.921000000000001,2.0,6.0,72.48,3.0,3.0,2.0,1.0,0.0,8.0,4.0,23.0,1.0,0.0,1.0,116.0,0.0,2.0,1.0,1
223042,302.326,2.952000000000001,0.0,5.0,53.99000000000001,6.0,2.0,2.0,0.0,0.0,5.0,2.0,22.0,0.0,0.0,0.0,116.0,0.0,0.0,0.0,0
664148,359.81300000000016,3.808900000000003,0.0,6.0,68.46000000000001,3.0,3.0,1.0,2.0,1.0,7.0,4.0,25.0,1.0,0.0,1.0,130.0,0.0,3.0,0.0,0
971706,324.40500000000003,2.714600000000001,0.0,3.0,40.620000000000005,2.0,2.0,2.0,0.0,0.0,5.0,4.0,23.0,2.0,0.0,2.0,116.0,0.0,2.0,2.0,0
2349772,403.39000000000016,3.834800000000002,1.0,6.0,83.09000000000002,4.0,3.0,3.0,0.0,0.0,7.0,5.0,30.0,2.0,0.0,2.0,150.0,0.0,2.0,1.0,0
3239750,378.4350000000001,1.87882,1.0,9.0,102.65999999999998,5.0,3.0,0.0,3.0,0.0,10.0,3.0,25.0,0.0,0.0,0.0,130.0,0.0,3.0,1.0,0
654404,339.355,2.0785,1.0,7.0,91.16,7.0,3.0,2.0,1.0,0.0,8.0,3.0,25.0,0.0,0.0,0.0,128.0,0.0,1.0,1.0,0
664942,246.291,2.4604,1.0,5.0,59.150000000000006,3.0,3.0,1.0,2.0,0.0,5.0,3.0,17.0,0.0,0.0,0.0,86.0,0.0,2.0,0.0,0
1281344,378.4250000000002,2.0609,0.0,5.0,59.08000000000001,4.0,2.0,2.0,0.0,1.0,8.0,4.0,26.0,2.0,0.0,2.0,138.0,0.0,2.0,0.0,0
659312,197.193,2.3412000000000006,0.0,3.0,43.1,0.0,3.0,1.0,2.0,0.0,3.0,3.0,15.0,0.0,0.0,0.0,72.0,0.0,2.0,0.0,0
79418,142.206,-1.9757999999999976,4.0,4.0,48.12,0.0,0.0,0.0,0.0,2.0,4.0,2.0,10.0,2.0,0.0,2.0,58.0,0.0,2.0,0.0,0
16759051,319.357,2.3265200000000004,1.0,5.0,81.7,7.0,1.0,1.0,0.0,0.0,6.0,1.0,23.0,0.0,0.0,0.0,124.0,0.0,0.0,1.0,0
2576756,426.5850000000002,2.9224400000000017,0.0,6.0,74.76,6.0,2.0,0.0,2.0,1.0,9.0,3.0,27.0,1.0,0.0,1.0,146.0,0.0,3.0,1.0,0
2357650,298.285,3.2041000000000013,0.0,4.0,52.60000000000001,6.0,1.0,1.0,0.0,1.0,6.0,2.0,21.0,1.0,1.0,0.0,114.0,0.0,0.0,0.0,0
663632,460.5300000000004,3.625300000000003,0.0,6.0,72.22,8.0,3.0,2.0,1.0,1.0,7.0,5.0,34.0,2.0,0.0,2.0,176.0,0.0,3.0,1.0,0
6636330,430.4560000000001,3.903200000000002,0.0,6.0,78.90000000000002,4.0,3.0,3.0,0.0,0.0,6.0,4.0,32.0,1.0,0.0,1.0,162.0,0.0,1.0,0.0,0
654919,381.4320000000002,2.3786000000000005,1.0,5.0,71.11000000000001,3.0,2.0,2.0,0.0,1.0,7.0,4.0,28.0,2.0,0.0,2.0,146.0,0.0,2.0,2.0,0
755291,241.29,3.410700000000002,1.0,2.0,42.24,2.0,2.0,1.0,1.0,0.0,3.0,3.0,18.0,1.0,1.0,0.0,92.0,0.0,1.0,1.0,0
3238788,425.4850000000001,2.2362,2.0,6.0,102.42,10.0,3.0,2.0,1.0,0.0,8.0,3.0,31.0,0.0,0.0,0.0,164.0,0.0,1.0,1.0,0
971959,337.42200000000014,2.980500000000001,1.0,5.0,64.63000000000001,4.0,2.0,2.0,0.0,0.0,7.0,3.0,22.0,1.0,0.0,1.0,116.0,0.0,1.0,0.0,0
657457,324.33600000000007,3.2291000000000016,2.0,5.0,76.60000000000001,3.0,3.0,2.0,1.0,0.0,6.0,4.0,24.0,1.0,0.0,1.0,122.0,0.0,2.0,0.0,0
2046,215.16799999999995,1.7309599999999998,1.0,5.0,110.95,2.0,1.0,1.0,0.0,0.0,6.0,1.0,16.0,0.0,0.0,0.0,78.0,0.0,0.0,0.0,0
650569,332.3560000000001,1.255799999999999,1.0,5.0,84.94,4.0,1.0,1.0,0.0,1.0,7.0,3.0,24.0,2.0,1.0,1.0,128.0,0.0,1.0,2.0,0
3244061,334.41600000000017,2.349,2.0,4.0,76.66000000000001,8.0,1.0,1.0,0.0,1.0,6.0,2.0,24.0,1.0,0.0,1.0,132.0,0.0,1.0,2.0,0
2587038,321.45000000000005,2.4786400000000004,0.0,6.0,63.39000000000001,5.0,2.0,0.0,2.0,0.0,7.0,2.0,22.0,0.0,0.0,0.0,120.0,0.0,2.0,1.0,0
2229558,329.40000000000015,3.1267000000000014,1.0,5.0,77.25,6.0,2.0,1.0,1.0,1.0,6.0,3.0,24.0,1.0,1.0,0.0,128.0,0.0,1.0,1.0,0
894880,325.4080000000001,3.354840000000002,0.0,3.0,38.77,4.0,2.0,2.0,0.0,1.0,4.0,3.0,24.0,1.0,0.0,1.0,126.0,0.0,1.0,1.0,0
118380903,342.37800000000004,3.411500000000001,4.0,4.0,94.73,5.0,3.0,1.0,2.0,0.0,8.0,3.0,25.0,0.0,0.0,0.0,130.0,0.0,2.0,2.0,1
645522,454.5520000000002,3.9869400000000015,1.0,8.0,97.56,10.0,3.0,2.0,1.0,0.0,9.0,3.0,32.0,0.0,0.0,0.0,168.0,0.0,1.0,1.0,0
2125826,290.326,3.2254000000000005,3.0,2.0,73.57,3.0,4.0,2.0,2.0,0.0,5.0,4.0,22.0,0.0,0.0,0.0,108.0,0.0,2.0,1.0,0
5771816,510.7030000000004,7.527900000000006,1.0,3.0,59.06,7.0,4.0,3.0,1.0,2.0,5.0,6.0,37.0,2.0,2.0,0.0,190.0,0.0,1.0,0.0,0
225323,248.421,0.5752999999999999,0.0,5.0,12.96,4.0,0.0,0.0,0.0,1.0,6.0,1.0,15.0,1.0,0.0,1.0,88.0,0.0,1.0,0.0,0
3235795,416.26800000000014,4.789900000000003,1.0,6.0,85.84,5.0,4.0,2.0,2.0,0.0,9.0,4.0,28.0,0.0,0.0,0.0,142.0,0.0,2.0,1.0,0
121416612,430.5160000000001,3.333420000000002,2.0,7.0,100.86,7.0,4.0,0.0,4.0,0.0,9.0,4.0,32.0,0.0,0.0,0.0,164.0,0.0,4.0,2.0,1
3246764,316.36100000000005,2.989300000000001,1.0,5.0,59.290000000000006,5.0,3.0,1.0,2.0,0.0,7.0,3.0,22.0,0.0,0.0,0.0,112.0,0.0,2.0,1.0,0
656136,275.682,2.527000000000001,1.0,2.0,38.33,3.0,1.0,1.0,0.0,1.0,6.0,2.0,18.0,1.0,0.0,1.0,98.0,0.0,1.0,1.0,0
1576014,287.153,3.255100000000001,1.0,2.0,46.53,6.0,1.0,1.0,0.0,0.0,4.0,1.0,16.0,0.0,0.0,0.0,88.0,0.0,0.0,0.0,0
118380957,404.37700000000007,3.018300000000001,4.0,5.0,121.03,7.0,3.0,1.0,2.0,0.0,11.0,3.0,29.0,0.0,0.0,0.0,152.0,0.0,2.0,3.0,1
975834,348.4430000000001,2.9534400000000014,0.0,3.0,40.620000000000005,3.0,2.0,2.0,0.0,1.0,6.0,3.0,24.0,1.0,0.0,1.0,128.0,0.0,1.0,0.0,0
5308987,276.292,0.6349999999999998,1.0,4.0,67.87,2.0,1.0,1.0,0.0,1.0,6.0,3.0,20.0,2.0,0.0,2.0,106.0,0.0,2.0,2.0,0
3277741,432.4320000000001,3.5074000000000023,0.0,7.0,89.28999999999999,5.0,3.0,2.0,1.0,2.0,8.0,5.0,32.0,2.0,0.0,2.0,162.0,0.0,3.0,2.0,0
667254,373.46400000000017,2.924360000000001,0.0,7.0,62.45,2.0,4.0,0.0,4.0,1.0,7.0,5.0,28.0,1.0,0.0,1.0,142.0,0.0,5.0,0.0,0
3237628,345.37600000000003,2.9179200000000014,2.0,4.0,96.61,5.0,3.0,2.0,1.0,0.0,7.0,3.0,24.0,0.0,0.0,0.0,124.0,0.0,1.0,0.0,0
645320,452.98600000000016,4.928240000000004,2.0,3.0,68.44,6.0,3.0,2.0,1.0,1.0,7.0,4.0,32.0,1.0,0.0,1.0,168.0,0.0,2.0,2.0,0
649739,497.63300000000015,2.7292000000000005,2.0,5.0,104.81,11.0,1.0,1.0,0.0,2.0,10.0,3.0,34.0,2.0,1.0,1.0,190.0,0.0,1.0,2.0,0
975197,269.098,1.5008999999999997,1.0,2.0,49.41,2.0,1.0,1.0,0.0,1.0,5.0,2.0,15.0,1.0,0.0,1.0,78.0,0.0,1.0,3.0,0
653707,407.4990000000001,3.408540000000001,1.0,7.0,126.92999999999998,1.0,1.0,0.0,1.0,0.0,8.0,3.0,29.0,2.0,1.0,1.0,148.0,0.0,2.0,1.0,0
2999462,401.4590000000002,3.968720000000003,0.0,6.0,86.05,3.0,2.0,1.0,1.0,1.0,7.0,3.0,29.0,1.0,0.0,1.0,156.0,0.0,2.0,1.0,0
20118,241.33400000000003,2.5523000000000007,2.0,2.0,32.26,6.0,2.0,2.0,0.0,0.0,2.0,2.0,18.0,0.0,0.0,0.0,94.0,0.0,0.0,0.0,0
653206,439.4720000000002,1.3871199999999997,2.0,10.0,116.45000000000002,8.0,4.0,1.0,3.0,0.0,10.0,4.0,32.0,0.0,0.0,0.0,168.0,0.0,3.0,0.0,0
645571,286.40000000000003,3.467020000000001,0.0,3.0,24.83,2.0,2.0,1.0,1.0,1.0,4.0,3.0,20.0,1.0,0.0,1.0,104.0,0.0,2.0,0.0,0
3235014,296.3960000000001,0.7284999999999997,0.0,5.0,66.4,2.0,1.0,0.0,1.0,2.0,7.0,3.0,20.0,2.0,0.0,2.0,110.0,1.0,3.0,0.0,0
16758915,459.38000000000005,5.598100000000007,0.0,4.0,44.760000000000005,5.0,2.0,2.0,0.0,2.0,5.0,4.0,29.0,2.0,1.0,1.0,154.0,0.0,1.0,0.0,0
739907,294.826,3.8530200000000026,1.0,2.0,32.34,4.0,1.0,1.0,0.0,1.0,4.0,2.0,20.0,1.0,0.0,1.0,110.0,0.0,1.0,1.0,0
649588,422.52900000000017,3.5908200000000026,2.0,4.0,91.4,8.0,2.0,1.0,1.0,1.0,7.0,3.0,31.0,1.0,1.0,0.0,164.0,0.0,1.0,3.0,0
567932,337.76300000000015,1.4558000000000002,2.0,5.0,97.8,4.0,2.0,1.0,1.0,1.0,8.0,3.0,23.0,1.0,0.0,1.0,122.0,0.0,2.0,2.0,0
1242782,400.8370000000001,4.078700000000003,0.0,5.0,51.66,4.0,3.0,2.0,1.0,1.0,7.0,4.0,28.0,1.0,0.0,1.0,144.0,0.0,2.0,0.0,0
693071,237.255,1.8886,2.0,3.0,75.63,6.0,1.0,1.0,0.0,0.0,5.0,1.0,17.0,0.0,0.0,0.0,92.0,0.0,0.0,1.0,0
3233679,328.44100000000003,2.6708000000000007,0.0,5.0,49.330000000000005,2.0,2.0,1.0,1.0,2.0,6.0,4.0,23.0,2.0,0.0,2.0,120.0,1.0,3.0,1.0,0
3242599,240.27000000000004,1.8797399999999995,1.0,6.0,68.0,2.0,3.0,1.0,2.0,0.0,6.0,3.0,18.0,0.0,0.0,0.0,90.0,0.0,2.0,0.0,0
1586862,357.46000000000004,4.123700000000003,0.0,7.0,48.650000000000006,6.0,4.0,2.0,2.0,0.0,7.0,4.0,24.0,0.0,0.0,0.0,122.0,0.0,2.0,0.0,0
2930827,319.788,2.5216000000000003,2.0,2.0,66.39999999999999,5.0,1.0,1.0,0.0,1.0,5.0,3.0,22.0,2.0,2.0,0.0,116.0,0.0,0.0,1.0,0
2424135,369.357,3.6738200000000014,0.0,5.0,69.4,6.0,3.0,2.0,1.0,0.0,6.0,3.0,26.0,0.0,0.0,0.0,134.0,0.0,1.0,0.0,0
659772,350.422,3.0192000000000005,3.0,3.0,73.47,4.0,2.0,2.0,0.0,0.0,6.0,3.0,26.0,1.0,0.0,1.0,134.0,0.0,1.0,3.0,0
16757773,548.6730000000005,2.2892,3.0,9.0,131.75,5.0,0.0,0.0,0.0,5.0,9.0,6.0,39.0,6.0,4.0,2.0,218.0,0.0,2.0,0.0,0
233815,202.213,0.6675,2.0,2.0,58.2,0.0,1.0,1.0,0.0,1.0,4.0,3.0,15.0,2.0,1.0,1.0,76.0,1.0,1.0,3.0,0
3239511,354.4060000000002,2.742700000000001,2.0,4.0,76.66000000000001,6.0,2.0,2.0,0.0,1.0,6.0,3.0,26.0,1.0,0.0,1.0,136.0,0.0,1.0,2.0,0
2946887,259.371,1.2732,0.0,3.0,54.45,3.0,0.0,0.0,0.0,2.0,5.0,2.0,17.0,2.0,2.0,0.0,98.0,0.0,0.0,0.0,0
5308274,355.32500000000005,2.4582000000000006,1.0,6.0,86.48,5.0,3.0,2.0,1.0,0.0,8.0,4.0,26.0,1.0,0.0,1.0,132.0,0.0,2.0,1.0,0
718902,339.14500000000004,2.285500000000001,2.0,5.0,92.28000000000002,4.0,2.0,1.0,1.0,0.0,7.0,2.0,20.0,0.0,0.0,0.0,104.0,0.0,1.0,0.0,0
3236697,302.33000000000004,3.4722000000000017,1.0,4.0,55.13,4.0,3.0,1.0,2.0,0.0,6.0,3.0,21.0,0.0,0.0,0.0,106.0,0.0,2.0,1.0,0
650376,271.276,1.9056,1.0,5.0,81.17999999999999,4.0,2.0,1.0,1.0,0.0,6.0,2.0,20.0,0.0,0.0,0.0,102.0,0.0,1.0,1.0,0
695461,267.3539999999999,1.04434,0.0,5.0,55.32000000000001,3.0,1.0,0.0,1.0,1.0,6.0,2.0,18.0,1.0,0.0,1.0,98.0,0.0,2.0,1.0,0
2165979,294.439,2.625400000000001,2.0,2.0,58.2,6.0,0.0,0.0,0.0,2.0,4.0,2.0,21.0,2.0,2.0,0.0,120.0,0.0,0.0,2.0,0
2999828,476.5950000000003,2.7949400000000013,0.0,6.0,85.38000000000001,8.0,2.0,2.0,0.0,1.0,9.0,3.0,33.0,1.0,0.0,1.0,180.0,0.0,1.0,1.0,0
781057,220.2719999999999,1.5061000000000002,0.0,3.0,50.96,0.0,1.0,0.0,1.0,0.0,4.0,3.0,16.0,2.0,2.0,0.0,86.0,0.0,1.0,0.0,0
121416589,436.4970000000002,2.849120000000001,2.0,7.0,118.87,5.0,4.0,1.0,3.0,0.0,10.0,4.0,31.0,0.0,0.0,0.0,158.0,0.0,3.0,2.0,1
667185,298.7950000000001,2.20862,2.0,3.0,58.2,3.0,1.0,1.0,0.0,1.0,6.0,2.0,19.0,1.0,0.0,1.0,102.0,0.0,1.0,2.0,0
1214046,379.251,3.715840000000002,2.0,5.0,82.51,2.0,2.0,1.0,1.0,0.0,9.0,3.0,25.0,1.0,0.0,1.0,130.0,0.0,2.0,2.0,0
1249508,365.43300000000016,2.4043,0.0,6.0,56.59,5.0,3.0,2.0,1.0,1.0,6.0,4.0,27.0,1.0,0.0,1.0,140.0,0.0,2.0,0.0,0
651253,310.41900000000004,1.8299199999999995,0.0,3.0,57.690000000000005,3.0,1.0,1.0,0.0,1.0,6.0,2.0,21.0,1.0,0.0,1.0,116.0,0.0,1.0,1.0,0
2123296,227.311,2.4923,2.0,2.0,40.18,3.0,2.0,1.0,1.0,0.0,3.0,3.0,17.0,1.0,0.0,1.0,88.0,0.0,2.0,0.0,0
3241687,395.4310000000001,1.9097999999999995,1.0,4.0,69.72,5.0,2.0,2.0,0.0,1.0,9.0,3.0,27.0,1.0,0.0,1.0,144.0,0.0,1.0,1.0,0
969875,271.272,2.6951,3.0,3.0,86.63000000000001,5.0,2.0,2.0,0.0,0.0,5.0,2.0,20.0,0.0,0.0,0.0,102.0,0.0,0.0,0.0,0
9705,391.3860000000001,5.679200000000005,2.0,2.0,24.06,8.0,2.0,2.0,0.0,1.0,4.0,3.0,26.0,1.0,1.0,0.0,140.0,0.0,0.0,0.0,0
649623,337.37900000000013,2.834900000000001,1.0,5.0,63.16000000000001,3.0,2.0,2.0,0.0,0.0,6.0,4.0,25.0,2.0,0.0,2.0,128.0,0.0,2.0,1.0,0
2120533,490.6510000000005,4.010000000000003,1.0,7.0,105.4,9.0,2.0,1.0,1.0,1.0,10.0,4.0,33.0,2.0,1.0,1.0,178.0,0.0,2.0,1.0,0
665156,189.174,1.1698999999999995,2.0,3.0,78.87,2.0,2.0,0.0,2.0,0.0,5.0,2.0,14.0,0.0,0.0,0.0,70.0,0.0,2.0,0.0,0
656280,260.293,1.8157,2.0,5.0,71.45,5.0,2.0,1.0,1.0,0.0,5.0,2.0,19.0,0.0,0.0,0.0,100.0,0.0,1.0,0.0,0
76072408,373.388,3.004900000000001,3.0,5.0,101.16,7.0,3.0,1.0,2.0,0.0,9.0,3.0,27.0,0.0,0.0,0.0,142.0,0.0,2.0,2.0,1
657680,322.36800000000005,3.582460000000002,0.0,6.0,69.9,4.0,3.0,1.0,2.0,0.0,6.0,3.0,24.0,0.0,0.0,0.0,122.0,0.0,2.0,0.0,0
3243894,268.272,1.8864,0.0,4.0,59.5,3.0,2.0,1.0,1.0,0.0,5.0,3.0,20.0,1.0,0.0,1.0,100.0,0.0,2.0,2.0,0
804479,330.2290000000001,4.416680000000003,0.0,3.0,30.71,1.0,3.0,1.0,2.0,0.0,4.0,3.0,20.0,0.0,0.0,0.0,102.0,0.0,2.0,0.0,0
2999246,451.5040000000003,4.562940000000003,0.0,9.0,92.52,7.0,4.0,1.0,3.0,0.0,9.0,5.0,32.0,1.0,0.0,1.0,164.0,0.0,4.0,0.0,0
2997568,337.40400000000005,2.6046000000000014,2.0,5.0,79.45,2.0,3.0,2.0,1.0,0.0,6.0,4.0,24.0,1.0,0.0,1.0,120.0,0.0,2.0,1.0,0
5383,228.321,1.6111999999999995,1.0,4.0,58.120000000000005,1.0,1.0,0.0,1.0,0.0,6.0,1.0,15.0,0.0,0.0,0.0,84.0,0.0,1.0,2.0,0
2083034,288.307,1.0244599999999997,0.0,7.0,86.97000000000001,5.0,2.0,1.0,1.0,0.0,7.0,2.0,21.0,0.0,0.0,0.0,110.0,0.0,1.0,0.0,0
2953717,269.29999999999995,3.0020000000000016,1.0,3.0,55.400000000000006,4.0,2.0,2.0,0.0,0.0,4.0,2.0,20.0,0.0,0.0,0.0,102.0,0.0,0.0,1.0,0
655745,405.50500000000017,2.883640000000001,0.0,10.0,95.93,8.0,3.0,0.0,3.0,0.0,10.0,3.0,27.0,0.0,0.0,0.0,142.0,0.0,3.0,0.0,0
11948980,654.7200000000003,4.857300000000005,0.0,9.0,135.12,9.0,2.0,2.0,0.0,2.0,12.0,6.0,48.0,4.0,1.0,3.0,250.0,0.0,3.0,4.0,0
649052,382.4890000000001,4.704720000000004,1.0,6.0,80.91000000000001,5.0,3.0,1.0,2.0,1.0,7.0,4.0,27.0,1.0,1.0,0.0,140.0,0.0,2.0,1.0,0
2249234,234.082,1.7155,2.0,2.0,49.33,3.0,1.0,1.0,0.0,0.0,5.0,1.0,14.0,0.0,0.0,0.0,76.0,0.0,0.0,1.0,0
3233014,379.4640000000002,2.2167000000000003,0.0,7.0,73.14,6.0,3.0,1.0,2.0,1.0,7.0,4.0,28.0,1.0,0.0,1.0,146.0,0.0,3.0,0.0,0
118045570,515.9230000000001,5.153720000000004,3.0,6.0,106.06,7.0,4.0,2.0,2.0,0.0,11.0,4.0,36.0,0.0,0.0,0.0,186.0,0.0,2.0,1.0,1
651492,484.5530000000003,2.1358999999999995,2.0,6.0,109.44,8.0,2.0,2.0,0.0,1.0,10.0,3.0,35.0,1.0,0.0,1.0,188.0,0.0,1.0,4.0,0
3235090,309.369,3.3637000000000024,1.0,5.0,56.27,6.0,3.0,2.0,1.0,0.0,5.0,3.0,23.0,0.0,0.0,0.0,118.0,0.0,1.0,0.0,0
2202737,342.3760000000001,1.4204,0.0,4.0,74.76,2.0,2.0,2.0,0.0,0.0,7.0,4.0,24.0,2.0,0.0,2.0,122.0,0.0,2.0,2.0,0
135450652,342.39900000000017,0.7463,1.0,5.0,78.53,3.0,2.0,1.0,1.0,2.0,7.0,4.0,25.0,2.0,0.0,2.0,132.0,0.0,3.0,1.0,0
2226955,404.42600000000016,2.0981999999999994,1.0,7.0,87.25999999999999,4.0,4.0,2.0,2.0,0.0,8.0,4.0,30.0,0.0,0.0,0.0,152.0,0.0,2.0,1.0,0
662857,258.108,2.3185,1.0,4.0,50.94,3.0,2.0,1.0,1.0,0.0,6.0,2.0,16.0,0.0,0.0,0.0,84.0,0.0,1.0,0.0,0
3247131,555.6750000000002,3.9369000000000014,0.0,6.0,81.08,8.0,3.0,2.0,1.0,2.0,8.0,6.0,41.0,3.0,1.0,2.0,214.0,0.0,3.0,2.0,0
3241899,369.852,3.9899200000000015,1.0,4.0,68.02000000000001,7.0,3.0,2.0,1.0,0.0,6.0,3.0,26.0,0.0,0.0,0.0,134.0,0.0,1.0,1.0,0
649224,324.46900000000016,0.9283000000000008,2.0,4.0,64.68,8.0,0.0,0.0,0.0,2.0,6.0,2.0,23.0,2.0,0.0,2.0,132.0,0.0,2.0,2.0,0
364106,284.311,2.5733000000000006,0.0,4.0,52.60000000000001,5.0,1.0,1.0,0.0,0.0,4.0,2.0,21.0,1.0,1.0,0.0,108.0,0.0,0.0,0.0,0
3036864,287.79,3.665400000000002,1.0,2.0,23.47,1.0,2.0,2.0,0.0,0.0,3.0,3.0,20.0,1.0,0.0,1.0,104.0,0.0,1.0,0.0,0
1508996,265.3159999999999,2.4218,2.0,2.0,57.78,4.0,3.0,2.0,1.0,0.0,4.0,3.0,20.0,0.0,0.0,0.0,100.0,0.0,1.0,1.0,0
651969,372.4760000000002,3.841980000000003,0.0,6.0,70.63,3.0,3.0,2.0,1.0,0.0,6.0,4.0,28.0,1.0,0.0,1.0,142.0,0.0,2.0,0.0,0
2997586,226.23900000000003,1.3236,1.0,4.0,63.57,1.0,3.0,1.0,2.0,0.0,5.0,3.0,17.0,0.0,0.0,0.0,84.0,0.0,2.0,0.0,0
3232951,432.5930000000001,4.645900000000005,0.0,5.0,49.330000000000005,4.0,3.0,2.0,1.0,2.0,6.0,5.0,31.0,2.0,0.0,2.0,160.0,1.0,3.0,1.0,0
3155103,282.365,2.2732,1.0,5.0,68.28999999999999,4.0,1.0,0.0,1.0,0.0,6.0,2.0,19.0,1.0,1.0,0.0,104.0,0.0,1.0,1.0,0
2969119,319.3820000000001,3.2150000000000016,2.0,5.0,67.79,4.0,2.0,1.0,1.0,0.0,6.0,3.0,22.0,1.0,0.0,1.0,116.0,0.0,2.0,1.0,0
3241057,480.5460000000002,2.779740000000001,2.0,8.0,115.34,8.0,4.0,1.0,3.0,0.0,10.0,4.0,34.0,0.0,0.0,0.0,176.0,0.0,3.0,2.0,0
3244572,338.3630000000001,3.033400000000001,1.0,4.0,67.87,4.0,2.0,2.0,0.0,0.0,6.0,4.0,25.0,2.0,0.0,2.0,128.0,0.0,2.0,2.0,0
6604878,419.6130000000003,4.838600000000005,0.0,3.0,26.79,8.0,2.0,2.0,0.0,1.0,4.0,3.0,31.0,1.0,0.0,1.0,166.0,0.0,1.0,1.0,0
2851058,219.28799999999995,1.7763,1.0,4.0,68.87,1.0,1.0,0.0,1.0,0.0,4.0,2.0,16.0,1.0,1.0,0.0,86.0,0.0,1.0,0.0,0
663312,431.5400000000001,2.6985,0.0,7.0,65.06,8.0,4.0,2.0,2.0,0.0,7.0,4.0,32.0,0.0,0.0,0.0,166.0,0.0,2.0,0.0,0
3000015,269.709,2.8888000000000007,0.0,5.0,52.33,2.0,2.0,1.0,1.0,1.0,6.0,3.0,17.0,1.0,0.0,1.0,88.0,0.0,2.0,0.0,0
2211338,374.4000000000001,3.8473000000000015,1.0,7.0,82.18,6.0,4.0,2.0,2.0,0.0,7.0,4.0,28.0,0.0,0.0,0.0,140.0,0.0,2.0,0.0,0
3244152,335.4920000000002,2.1598,1.0,3.0,52.650000000000006,6.0,0.0,0.0,0.0,3.0,5.0,3.0,24.0,3.0,1.0,2.0,136.0,0.0,2.0,2.0,0
888108,292.342,2.9654,2.0,3.0,70.67,5.0,3.0,2.0,1.0,0.0,5.0,3.0,22.0,0.0,0.0,0.0,110.0,0.0,1.0,1.0,0
3234223,239.36299999999991,1.5699999999999996,2.0,2.0,44.370000000000005,1.0,0.0,0.0,0.0,2.0,4.0,2.0,17.0,2.0,0.0,2.0,98.0,1.0,2.0,2.0,0
4215541,355.41300000000007,2.6881200000000005,1.0,2.0,52.65,6.0,2.0,2.0,0.0,1.0,6.0,3.0,26.0,1.0,0.0,1.0,136.0,0.0,1.0,3.0,0
1492379,381.819,4.614000000000003,1.0,5.0,69.29,6.0,4.0,2.0,2.0,0.0,7.0,4.0,27.0,0.0,0.0,0.0,136.0,0.0,2.0,1.0,0
606171,394.4230000000002,4.007900000000003,0.0,6.0,63.22000000000001,2.0,2.0,2.0,0.0,0.0,6.0,5.0,29.0,3.0,0.0,3.0,150.0,0.0,3.0,0.0,0
5309045,419.5510000000001,2.603720000000001,2.0,5.0,98.4,7.0,2.0,1.0,1.0,1.0,9.0,3.0,29.0,1.0,0.0,1.0,158.0,0.0,2.0,1.0,0
5309558,443.5290000000002,2.582960000000001,1.0,7.0,106.42,7.0,3.0,1.0,2.0,0.0,10.0,3.0,31.0,0.0,0.0,0.0,164.0,0.0,2.0,1.0,0
666263,326.35900000000004,4.512920000000003,0.0,5.0,56.22,2.0,5.0,2.0,3.0,0.0,5.0,5.0,25.0,0.0,0.0,0.0,120.0,0.0,3.0,0.0,0
667363,331.4190000000001,3.586500000000002,0.0,3.0,38.13,5.0,3.0,2.0,1.0,1.0,4.0,4.0,25.0,1.0,0.0,1.0,126.0,0.0,2.0,1.0,0
2958833,425.3910000000001,3.924000000000003,1.0,4.0,82.86,5.0,3.0,2.0,1.0,1.0,9.0,4.0,31.0,1.0,0.0,1.0,158.0,0.0,2.0,4.0,0
6397,108.644,2.0601,0.0,0.0,0.0,0.0,0.0,0.0,0.0,0.0,2.0,0.0,5.0,0.0,0.0,0.0,32.0,0.0,0.0,0.0,0
3247130,629.6790000000003,5.530320000000006,0.0,5.0,71.85000000000001,7.0,4.0,3.0,1.0,1.0,10.0,6.0,46.0,2.0,1.0,1.0,238.0,0.0,2.0,2.0,0
118045231,478.95900000000006,4.262020000000002,3.0,6.0,111.85,6.0,4.0,2.0,2.0,0.0,9.0,4.0,34.0,0.0,0.0,0.0,174.0,0.0,2.0,1.0,1
658492,303.1160000000001,-0.4318000000000006,2.0,6.0,92.91,3.0,2.0,0.0,2.0,0.0,8.0,2.0,17.0,0.0,0.0,0.0,92.0,0.0,2.0,0.0,0
1946667,278.34,3.607090000000002,1.0,4.0,45.98,1.0,4.0,2.0,2.0,0.0,5.0,4.0,20.0,0.0,0.0,0.0,96.0,0.0,2.0,0.0,0
2998234,398.4400000000001,2.771700000000001,1.0,6.0,84.94,6.0,2.0,2.0,0.0,0.0,8.0,4.0,28.0,2.0,0.0,2.0,144.0,0.0,2.0,3.0,0
6598,107.54,0.9068,0.0,1.0,20.31,0.0,0.0,0.0,0.0,0.0,3.0,0.0,6.0,0.0,0.0,0.0,36.0,0.0,0.0,1.0,0
2102567,347.41800000000006,3.3995000000000024,0.0,4.0,55.2,4.0,3.0,2.0,1.0,0.0,5.0,4.0,26.0,1.0,0.0,1.0,132.0,0.0,2.0,1.0,0
779240,346.8580000000001,3.2422000000000013,1.0,4.0,35.94,6.0,2.0,2.0,0.0,1.0,5.0,3.0,24.0,1.0,0.0,1.0,128.0,0.0,1.0,0.0,0
2998874,476.5070000000004,1.7106,2.0,8.0,129.26,8.0,2.0,2.0,0.0,1.0,11.0,4.0,33.0,2.0,0.0,2.0,176.0,0.0,2.0,1.0,0
3233947,379.5260000000001,2.6713000000000013,1.0,3.0,69.72,3.0,1.0,1.0,0.0,2.0,7.0,3.0,26.0,2.0,0.0,2.0,144.0,1.0,2.0,2.0,0
2999749,330.38000000000017,3.310620000000002,0.0,5.0,65.74000000000001,4.0,2.0,1.0,1.0,0.0,5.0,3.0,24.0,1.0,1.0,0.0,128.0,0.0,1.0,0.0,0
557765,207.19700000000003,0.0760999999999996,1.0,6.0,96.09,3.0,2.0,0.0,2.0,0.0,8.0,2.0,15.0,0.0,0.0,0.0,78.0,0.0,2.0,0.0,0
649250,419.4630000000002,1.9333,3.0,9.0,145.53,8.0,2.0,1.0,1.0,0.0,11.0,2.0,29.0,0.0,0.0,0.0,154.0,0.0,1.0,2.0,0
2999005,456.5930000000004,3.485800000000002,0.0,7.0,79.54,4.0,3.0,0.0,3.0,1.0,9.0,5.0,31.0,2.0,1.0,1.0,162.0,0.0,4.0,2.0,0
1249942,249.318,0.4685000000000001,0.0,6.0,54.260000000000005,2.0,1.0,0.0,1.0,1.0,6.0,3.0,18.0,2.0,0.0,2.0,98.0,0.0,3.0,0.0,0
12468,215.894,4.3002,0.0,0.0,0.0,0.0,1.0,1.0,0.0,0.0,4.0,1.0,10.0,0.0,0.0,0.0,54.0,0.0,0.0,0.0,0
654450,393.35,3.3946000000000014,1.0,7.0,85.32000000000001,4.0,4.0,0.0,4.0,0.0,11.0,4.0,27.0,0.0,0.0,0.0,138.0,0.0,4.0,1.0,0
2291950,408.55600000000015,4.162000000000003,0.0,8.0,61.42,7.0,4.0,2.0,2.0,0.0,8.0,4.0,28.0,0.0,0.0,0.0,142.0,0.0,2.0,0.0,0
2147582,386.882,2.6747000000000005,1.0,5.0,75.71000000000001,4.0,2.0,1.0,1.0,1.0,9.0,3.0,24.0,1.0,0.0,1.0,128.0,0.0,2.0,1.0,0
646999,237.26200000000003,3.107020000000001,0.0,4.0,51.81,2.0,3.0,1.0,2.0,0.0,4.0,3.0,18.0,0.0,0.0,0.0,88.0,0.0,2.0,0.0,0
5767451,375.4570000000001,3.5760000000000023,1.0,5.0,74.77000000000001,3.0,4.0,2.0,2.0,0.0,7.0,5.0,27.0,1.0,0.0,1.0,134.0,0.0,3.0,1.0,0
16759099,246.306,2.8366000000000007,0.0,3.0,35.53,3.0,1.0,1.0,0.0,0.0,3.0,2.0,18.0,1.0,1.0,0.0,96.0,0.0,0.0,0.0,0
662324,344.43700000000007,1.8845,2.0,7.0,120.34,9.0,1.0,0.0,1.0,0.0,9.0,1.0,23.0,0.0,0.0,0.0,130.0,0.0,1.0,2.0,0
3825021,361.783,3.938200000000002,2.0,5.0,68.75999999999999,2.0,3.0,2.0,1.0,0.0,8.0,4.0,25.0,1.0,0.0,1.0,128.0,0.0,2.0,0.0,0
1244581,405.42800000000017,3.3458200000000016,1.0,7.0,104.07,6.0,3.0,2.0,1.0,0.0,9.0,3.0,28.0,0.0,0.0,0.0,148.0,0.0,1.0,0.0,0
4515,350.4180000000001,3.1723000000000017,1.0,4.0,62.13,7.0,2.0,2.0,0.0,0.0,5.0,3.0,26.0,1.0,0.0,1.0,134.0,0.0,1.0,0.0,0
3233928,263.301,0.5731199999999994,1.0,7.0,81.93,5.0,2.0,0.0,2.0,0.0,7.0,2.0,19.0,0.0,0.0,0.0,102.0,0.0,2.0,0.0,0
5307813,267.285,0.8973200000000001,0.0,5.0,75.88,2.0,1.0,0.0,1.0,1.0,7.0,2.0,19.0,1.0,0.0,1.0,104.0,0.0,2.0,2.0,0
3243128,349.3930000000001,1.983,1.0,8.0,104.28,4.0,3.0,1.0,2.0,0.0,9.0,3.0,23.0,0.0,0.0,0.0,118.0,0.0,2.0,0.0,0
2982211,346.45300000000026,-0.2130999999999978,0.0,4.0,73.39999999999999,2.0,0.0,0.0,0.0,3.0,9.0,3.0,23.0,3.0,0.0,3.0,132.0,0.0,3.0,2.0,0
3239240,388.405,1.7325000000000002,2.0,7.0,131.26,7.0,3.0,2.0,1.0,0.0,10.0,3.0,27.0,0.0,0.0,0.0,140.0,0.0,1.0,1.0,0
3234178,514.5100000000001,6.251200000000006,0.0,3.0,32.78,4.0,2.0,2.0,0.0,2.0,10.0,4.0,36.0,2.0,0.0,2.0,196.0,1.0,2.0,1.0,0
3235802,376.4630000000001,2.30682,2.0,6.0,101.05,6.0,3.0,2.0,1.0,0.0,9.0,3.0,25.0,0.0,0.0,0.0,130.0,0.0,1.0,1.0,0
2200863,394.4710000000003,2.845900000000001,1.0,4.0,67.87,4.0,2.0,2.0,0.0,2.0,6.0,4.0,29.0,2.0,0.0,2.0,152.0,0.0,2.0,2.0,0
782526,246.31000000000003,2.1628,1.0,3.0,45.33,5.0,2.0,1.0,1.0,0.0,4.0,2.0,18.0,0.0,0.0,0.0,96.0,0.0,1.0,0.0,0
666826,433.53000000000026,2.967500000000001,1.0,7.0,97.69,7.0,3.0,1.0,2.0,1.0,9.0,4.0,30.0,1.0,0.0,1.0,162.0,0.0,3.0,0.0,0
648953,474.56500000000034,2.9471,1.0,8.0,98.16,10.0,4.0,2.0,2.0,1.0,9.0,5.0,35.0,1.0,0.0,1.0,182.0,0.0,3.0,0.0,0
2012115,370.4560000000001,4.211400000000003,0.0,5.0,45.400000000000006,4.0,4.0,2.0,2.0,1.0,5.0,5.0,28.0,1.0,0.0,1.0,140.0,0.0,3.0,0.0,0
2893787,290.279,-0.3275000000000007,4.0,3.0,110.77,4.0,1.0,1.0,0.0,2.0,8.0,3.0,21.0,2.0,0.0,2.0,110.0,0.0,2.0,4.0,0
1258837,326.3810000000001,2.896100000000001,1.0,6.0,80.9,6.0,3.0,1.0,2.0,0.0,7.0,3.0,23.0,0.0,0.0,0.0,116.0,0.0,2.0,0.0,0
646813,475.6550000000004,3.290820000000001,2.0,4.0,95.58,9.0,1.0,1.0,0.0,2.0,8.0,3.0,33.0,2.0,2.0,0.0,182.0,0.0,0.0,3.0,0
652722,475.4980000000002,3.5813000000000024,0.0,9.0,103.99,10.0,3.0,2.0,1.0,0.0,11.0,3.0,33.0,0.0,0.0,0.0,174.0,0.0,1.0,1.0,0
1177287,359.81700000000023,3.082200000000001,2.0,5.0,87.22000000000001,3.0,2.0,1.0,1.0,1.0,8.0,3.0,25.0,1.0,0.0,1.0,130.0,0.0,2.0,3.0,0
795627,291.148,2.7741000000000016,1.0,2.0,41.99,3.0,2.0,1.0,1.0,0.0,4.0,2.0,17.0,0.0,0.0,0.0,86.0,0.0,1.0,1.0,0
647754,356.44500000000005,2.807840000000001,1.0,4.0,58.120000000000005,5.0,2.0,1.0,1.0,1.0,6.0,3.0,26.0,1.0,0.0,1.0,138.0,0.0,2.0,1.0,0
649921,271.341,3.119900000000001,0.0,4.0,31.23,3.0,3.0,2.0,1.0,0.0,4.0,3.0,19.0,0.0,0.0,0.0,96.0,0.0,1.0,0.0,0
3237216,332.4000000000001,2.2501,2.0,4.0,80.42,7.0,2.0,1.0,1.0,0.0,6.0,2.0,24.0,0.0,0.0,0.0,130.0,0.0,1.0,1.0,0
2999435,346.41500000000013,3.432920000000002,0.0,3.0,40.85000000000001,3.0,2.0,0.0,2.0,2.0,6.0,4.0,24.0,2.0,0.0,2.0,130.0,0.0,4.0,0.0,0
2999560,310.353,2.0452,2.0,4.0,59.59,2.0,2.0,2.0,0.0,0.0,5.0,4.0,23.0,2.0,0.0,2.0,118.0,1.0,2.0,1.0,0
2969440,237.30600000000004,3.2548200000000014,1.0,3.0,29.33,3.0,3.0,1.0,2.0,0.0,3.0,3.0,18.0,0.0,0.0,0.0,90.0,0.0,2.0,0.0,0
649802,428.47,2.693600000000001,2.0,7.0,119.51,9.0,3.0,2.0,1.0,0.0,10.0,3.0,30.0,0.0,0.0,0.0,156.0,0.0,1.0,1.0,0
885967,244.088,2.034,1.0,2.0,38.33,3.0,1.0,1.0,0.0,0.0,4.0,1.0,13.0,0.0,0.0,0.0,70.0,0.0,0.0,1.0,0
5389776,438.52400000000034,3.628720000000002,1.0,7.0,75.38000000000001,6.0,3.0,2.0,1.0,1.0,7.0,4.0,32.0,1.0,0.0,1.0,170.0,0.0,2.0,0.0,0
89536032,373.4200000000001,3.3534400000000018,3.0,5.0,108.48,4.0,4.0,0.0,4.0,0.0,8.0,4.0,28.0,0.0,0.0,0.0,140.0,0.0,4.0,2.0,1
1266812,302.33,2.53222,2.0,4.0,92.42,5.0,2.0,1.0,1.0,0.0,6.0,2.0,22.0,0.0,0.0,0.0,116.0,0.0,1.0,0.0,0
3245847,438.57200000000046,3.599020000000002,1.0,5.0,76.34,5.0,2.0,1.0,1.0,2.0,7.0,4.0,32.0,2.0,2.0,0.0,172.0,0.0,1.0,2.0,0
2390316,361.30000000000007,2.741000000000001,0.0,5.0,72.91,6.0,2.0,2.0,0.0,0.0,8.0,3.0,26.0,1.0,0.0,1.0,134.0,0.0,1.0,2.0,0
5355110,238.286,3.397300000000002,1.0,1.0,37.3,4.0,2.0,2.0,0.0,0.0,2.0,2.0,18.0,0.0,0.0,0.0,90.0,0.0,0.0,0.0,0
135500630,336.372,4.0327800000000025,1.0,6.0,83.21,3.0,3.0,2.0,1.0,0.0,6.0,3.0,24.0,0.0,0.0,0.0,118.0,0.0,1.0,0.0,0
3233936,385.43900000000014,3.969000000000003,1.0,3.0,65.79,2.0,2.0,1.0,1.0,2.0,7.0,4.0,28.0,2.0,0.0,2.0,148.0,1.0,3.0,3.0,0
2377913,298.298,2.4899400000000007,1.0,5.0,85.19,3.0,3.0,1.0,2.0,0.0,6.0,3.0,22.0,0.0,0.0,0.0,112.0,0.0,2.0,0.0,0
3236356,327.7890000000001,3.1580000000000013,1.0,4.0,64.63000000000001,5.0,2.0,2.0,0.0,0.0,7.0,2.0,21.0,0.0,0.0,0.0,112.0,0.0,0.0,0.0,0
661173,275.30800000000005,0.4675199999999997,1.0,5.0,73.22,5.0,2.0,1.0,1.0,0.0,6.0,2.0,20.0,0.0,0.0,0.0,106.0,0.0,1.0,1.0,0
2791873,353.2160000000001,2.9667000000000017,2.0,5.0,71.45,5.0,2.0,1.0,1.0,0.0,6.0,2.0,21.0,0.0,0.0,0.0,112.0,0.0,1.0,0.0,0
3240756,451.52300000000025,2.794200000000001,0.0,7.0,73.24000000000001,6.0,3.0,2.0,1.0,1.0,8.0,4.0,33.0,1.0,0.0,1.0,174.0,0.0,2.0,1.0,0
1942295,306.325,2.576820000000001,1.0,5.0,76.19,3.0,4.0,1.0,3.0,0.0,6.0,4.0,23.0,0.0,0.0,0.0,114.0,0.0,3.0,0.0,0
6815,382.5880000000002,7.241640000000008,2.0,2.0,40.46,4.0,2.0,2.0,0.0,0.0,2.0,2.0,28.0,0.0,0.0,0.0,154.0,0.0,0.0,0.0,0
664745,367.9270000000001,3.183600000000002,0.0,5.0,26.790000000000006,3.0,1.0,1.0,0.0,2.0,7.0,3.0,23.0,2.0,0.0,2.0,122.0,0.0,2.0,1.0,0
648836,436.51600000000025,2.30092,0.0,8.0,89.52,6.0,3.0,1.0,2.0,2.0,9.0,5.0,32.0,2.0,0.0,2.0,168.0,0.0,4.0,1.0,0
9547724,436.3460000000002,1.2728999999999997,1.0,9.0,126.28,4.0,3.0,1.0,2.0,0.0,12.0,3.0,31.0,0.0,0.0,0.0,162.0,0.0,2.0,0.0,0
3244768,310.276,0.6734999999999998,0.0,7.0,66.72999999999999,2.0,0.0,0.0,0.0,0.0,10.0,1.0,21.0,1.0,0.0,1.0,120.0,0.0,1.0,0.0,0
1252104,354.4280000000001,1.4398,0.0,5.0,76.15,4.0,1.0,1.0,0.0,1.0,8.0,3.0,24.0,2.0,0.0,2.0,132.0,0.0,2.0,1.0,0
11948997,560.6510000000003,4.177300000000003,1.0,7.0,117.61,8.0,1.0,1.0,0.0,3.0,10.0,6.0,41.0,5.0,2.0,3.0,216.0,0.0,3.0,4.0,0
5382674,236.27400000000003,2.7723000000000004,0.0,3.0,42.85,4.0,2.0,0.0,2.0,0.0,3.0,2.0,18.0,0.0,0.0,0.0,88.0,0.0,2.0,0.0,1
665265,362.3890000000001,3.092740000000002,1.0,6.0,93.9,5.0,4.0,2.0,2.0,0.0,7.0,4.0,27.0,0.0,0.0,0.0,136.0,0.0,2.0,0.0,0
1298574,393.53400000000016,3.5996000000000024,1.0,5.0,79.36999999999999,4.0,2.0,1.0,1.0,2.0,8.0,4.0,26.0,2.0,1.0,1.0,140.0,0.0,2.0,1.0,0
1284913,431.33300000000014,2.783800000000001,1.0,5.0,75.71000000000001,4.0,2.0,1.0,1.0,1.0,9.0,3.0,24.0,1.0,0.0,1.0,128.0,0.0,2.0,1.0,0
3791451,339.8300000000001,3.968420000000002,2.0,5.0,68.76,2.0,3.0,2.0,1.0,0.0,6.0,4.0,24.0,1.0,0.0,1.0,122.0,0.0,2.0,0.0,0
1332213,393.4400000000001,2.514900000000001,1.0,5.0,78.94999999999999,4.0,2.0,2.0,0.0,1.0,9.0,3.0,27.0,1.0,0.0,1.0,144.0,0.0,1.0,1.0,0
3245392,431.5430000000001,1.626819999999999,1.0,7.0,95.5,5.0,3.0,1.0,2.0,1.0,10.0,4.0,29.0,1.0,0.0,1.0,152.0,0.0,3.0,1.0,0
666604,328.37200000000007,2.06502,1.0,7.0,78.27000000000001,5.0,2.0,1.0,1.0,0.0,7.0,3.0,24.0,1.0,0.0,1.0,126.0,0.0,2.0,0.0,0
135449183,195.218,1.9891,2.0,4.0,62.05000000000001,3.0,1.0,1.0,0.0,0.0,4.0,1.0,14.0,0.0,0.0,0.0,76.0,0.0,0.0,0.0,0
2566942,494.6230000000002,4.449900000000003,1.0,8.0,84.30000000000001,6.0,4.0,1.0,3.0,0.0,10.0,5.0,33.0,1.0,0.0,1.0,166.0,0.0,4.0,2.0,0
303993,392.4070000000001,4.249200000000004,0.0,6.0,67.13000000000001,3.0,3.0,2.0,1.0,0.0,6.0,5.0,29.0,2.0,0.0,2.0,148.0,0.0,3.0,0.0,0
3244627,481.36800000000017,4.662440000000005,0.0,7.0,91.4,4.0,3.0,1.0,2.0,0.0,9.0,3.0,29.0,0.0,0.0,0.0,154.0,0.0,2.0,0.0,0
744426,259.683,3.2443000000000017,0.0,1.0,20.31,1.0,1.0,1.0,0.0,1.0,5.0,2.0,17.0,1.0,0.0,1.0,92.0,0.0,1.0,1.0,0
76071448,373.3880000000001,3.041600000000002,4.0,5.0,112.16,5.0,3.0,1.0,2.0,0.0,9.0,3.0,27.0,0.0,0.0,0.0,142.0,0.0,2.0,2.0,1
5309340,388.2720000000002,3.796300000000003,0.0,4.0,67.58999999999999,4.0,2.0,1.0,1.0,1.0,8.0,3.0,24.0,1.0,0.0,1.0,128.0,0.0,2.0,1.0,0
667169,206.253,0.6435999999999995,1.0,6.0,60.56,4.0,2.0,0.0,2.0,0.0,6.0,2.0,15.0,0.0,0.0,0.0,80.0,0.0,2.0,0.0,0
3233644,352.5000000000001,2.3328000000000007,0.0,4.0,49.85,4.0,1.0,1.0,0.0,2.0,6.0,3.0,24.0,2.0,0.0,2.0,134.0,1.0,2.0,0.0,0
3240539,279.36500000000007,1.7714899999999998,1.0,5.0,50.26,4.0,2.0,1.0,1.0,0.0,6.0,2.0,19.0,0.0,0.0,0.0,102.0,0.0,1.0,0.0,0
661147,357.41600000000005,3.1456000000000017,0.0,8.0,78.11,5.0,3.0,0.0,3.0,0.0,8.0,3.0,24.0,0.0,0.0,0.0,120.0,0.0,3.0,0.0,0
89536043,441.5390000000002,3.856040000000003,3.0,5.0,98.83,4.0,4.0,1.0,3.0,1.0,8.0,5.0,33.0,1.0,0.0,1.0,168.0,0.0,4.0,2.0,1
16653,187.308,2.735500000000001,0.0,2.0,20.31,1.0,0.0,0.0,0.0,1.0,3.0,1.0,12.0,1.0,0.0,1.0,70.0,0.0,1.0,1.0,0
3242765,427.5670000000003,1.3724000000000012,2.0,6.0,96.97,13.0,1.0,1.0,0.0,1.0,9.0,2.0,29.0,1.0,0.0,1.0,164.0,0.0,1.0,1.0,0
2853650,337.4160000000001,2.791500000000001,1.0,5.0,66.02000000000001,9.0,1.0,1.0,0.0,1.0,6.0,2.0,24.0,1.0,0.0,1.0,134.0,0.0,1.0,1.0,0
666596,371.4660000000002,2.769340000000001,1.0,7.0,97.73,4.0,2.0,0.0,2.0,0.0,8.0,3.0,26.0,1.0,1.0,0.0,136.0,0.0,2.0,1.0,0
2123310,282.36500000000007,1.5913,0.0,4.0,49.85,3.0,1.0,0.0,1.0,1.0,6.0,2.0,19.0,1.0,0.0,1.0,104.0,0.0,2.0,2.0,0
656033,403.3980000000001,3.076900000000001,1.0,8.0,112.14,7.0,4.0,2.0,2.0,0.0,9.0,4.0,30.0,0.0,0.0,0.0,150.0,0.0,2.0,1.0,0
282014,274.272,1.8405,4.0,5.0,90.15,1.0,2.0,2.0,0.0,0.0,5.0,3.0,20.0,1.0,0.0,1.0,104.0,0.0,1.0,0.0,0
665116,353.4290000000001,4.330880000000003,0.0,4.0,57.21,4.0,4.0,2.0,2.0,0.0,5.0,4.0,27.0,0.0,0.0,0.0,132.0,0.0,2.0,0.0,0
977934,336.576,4.214500000000002,0.0,4.0,51.81,2.0,3.0,1.0,2.0,0.0,6.0,3.0,19.0,0.0,0.0,0.0,94.0,0.0,2.0,0.0,0
1316259,386.5210000000001,3.035200000000001,0.0,5.0,66.4,4.0,2.0,1.0,1.0,2.0,7.0,4.0,27.0,2.0,1.0,1.0,144.0,0.0,2.0,0.0,0
33528,213.346,3.2703000000000024,0.0,3.0,22.0,7.0,1.0,0.0,1.0,0.0,3.0,1.0,14.0,0.0,0.0,0.0,80.0,0.0,1.0,0.0,0
750688,320.37700000000007,2.0691199999999994,0.0,6.0,60.15,2.0,4.0,1.0,3.0,0.0,6.0,4.0,23.0,0.0,0.0,0.0,112.0,0.0,3.0,0.0,0
3235343,361.4420000000001,2.188,1.0,4.0,71.11,4.0,1.0,1.0,0.0,2.0,7.0,3.0,26.0,2.0,0.0,2.0,142.0,1.0,2.0,3.0,0
664487,464.31500000000017,5.510740000000005,0.0,4.0,63.66,3.0,4.0,2.0,2.0,0.0,6.0,5.0,30.0,1.0,0.0,1.0,150.0,0.0,3.0,1.0,0
3242783,439.5560000000003,2.2528000000000006,1.0,5.0,71.11,7.0,1.0,1.0,0.0,3.0,7.0,5.0,32.0,4.0,0.0,4.0,172.0,1.0,4.0,2.0,0
3244583,359.5360000000003,1.4304000000000008,1.0,4.0,69.72,7.0,0.0,0.0,0.0,2.0,7.0,2.0,24.0,2.0,0.0,2.0,140.0,0.0,2.0,1.0,0
644463,341.396,2.4017,1.0,7.0,81.92999999999999,6.0,3.0,1.0,2.0,0.0,8.0,3.0,24.0,0.0,0.0,0.0,122.0,0.0,2.0,1.0,0
2932710,260.29299999999995,2.7791200000000007,1.0,4.0,64.36,5.0,2.0,1.0,1.0,0.0,5.0,2.0,19.0,0.0,0.0,0.0,100.0,0.0,1.0,1.0,0
650697,234.2989999999999,1.1916999999999998,1.0,4.0,33.730000000000004,2.0,1.0,1.0,0.0,1.0,4.0,3.0,17.0,2.0,0.0,2.0,92.0,0.0,2.0,0.0,0
645120,276.36100000000005,2.807660000000001,1.0,3.0,59.06,3.0,2.0,1.0,1.0,0.0,5.0,2.0,19.0,0.0,0.0,0.0,100.0,0.0,1.0,0.0,0
2792496,321.34000000000003,2.7987,2.0,6.0,84.98,3.0,3.0,1.0,2.0,0.0,7.0,4.0,24.0,1.0,0.0,1.0,120.0,0.0,3.0,1.0,0
659546,296.3260000000001,2.4620000000000006,0.0,5.0,53.35000000000001,4.0,3.0,2.0,1.0,0.0,5.0,3.0,22.0,0.0,0.0,0.0,112.0,0.0,1.0,0.0,0
2751443,325.3640000000001,4.481220000000004,1.0,4.0,72.45,5.0,3.0,1.0,2.0,0.0,5.0,3.0,24.0,0.0,0.0,0.0,124.0,0.0,2.0,1.0,1
655457,312.32500000000005,2.0449,2.0,6.0,94.67,3.0,2.0,1.0,1.0,0.0,6.0,3.0,23.0,1.0,0.0,1.0,118.0,0.0,2.0,0.0,0
2090989,266.29999999999995,3.0662200000000013,1.0,3.0,55.13,3.0,3.0,1.0,2.0,0.0,4.0,3.0,20.0,0.0,0.0,0.0,100.0,0.0,2.0,1.0,0
3048,380.913,4.481400000000002,0.0,1.0,12.53,0.0,0.0,0.0,0.0,4.0,7.0,5.0,19.0,5.0,4.0,1.0,104.0,0.0,1.0,0.0,0
2222160,364.24300000000005,3.0462000000000016,1.0,4.0,48.72,3.0,2.0,1.0,1.0,1.0,6.0,3.0,22.0,1.0,0.0,1.0,116.0,0.0,2.0,1.0,1
664062,377.46200000000016,2.896300000000002,0.0,5.0,76.82,6.0,2.0,1.0,1.0,1.0,7.0,3.0,26.0,1.0,0.0,1.0,140.0,0.0,2.0,1.0,0
137478560,577.0490000000002,2.3242,3.0,11.0,154.29,9.0,4.0,1.0,3.0,0.0,14.0,5.0,41.0,1.0,0.0,1.0,212.0,0.0,4.0,2.0,1
2524758,254.249,1.0755,1.0,4.0,75.19,1.0,2.0,1.0,1.0,0.0,6.0,3.0,19.0,1.0,0.0,1.0,94.0,0.0,2.0,2.0,0
2945968,402.49400000000026,0.0608000000000013,2.0,6.0,118.64,6.0,1.0,1.0,0.0,2.0,10.0,3.0,26.0,2.0,0.0,2.0,144.0,0.0,2.0,1.0,0
1207936,374.4440000000002,4.561060000000003,1.0,5.0,89.14999999999999,4.0,2.0,2.0,0.0,1.0,6.0,3.0,28.0,1.0,0.0,1.0,142.0,0.0,1.0,1.0,0
665203,290.319,1.9202,1.0,4.0,86.36,5.0,2.0,1.0,1.0,0.0,6.0,2.0,21.0,0.0,0.0,0.0,112.0,0.0,1.0,0.0,0
717125,232.28300000000004,1.3958000000000002,0.0,2.0,40.620000000000005,1.0,1.0,1.0,0.0,1.0,4.0,2.0,17.0,1.0,0.0,1.0,90.0,0.0,1.0,2.0,0
3235920,464.5910000000003,3.207600000000001,1.0,6.0,84.3,8.0,3.0,2.0,1.0,1.0,8.0,4.0,33.0,1.0,0.0,1.0,172.0,0.0,2.0,2.0,0
3239453,481.60000000000025,1.8290999999999995,1.0,8.0,121.8,5.0,2.0,1.0,1.0,2.0,12.0,4.0,32.0,2.0,0.0,2.0,174.0,0.0,3.0,2.0,0
893687,311.345,2.645200000000001,1.0,5.0,72.28,3.0,3.0,2.0,1.0,0.0,7.0,3.0,23.0,0.0,0.0,0.0,118.0,0.0,1.0,2.0,0
1549512,174.199,2.3406,1.0,1.0,37.3,3.0,1.0,1.0,0.0,0.0,2.0,1.0,13.0,0.0,0.0,0.0,66.0,0.0,0.0,0.0,0
5307576,465.6040000000003,3.714920000000002,0.0,8.0,73.02,6.0,4.0,2.0,2.0,1.0,9.0,5.0,32.0,1.0,0.0,1.0,164.0,0.0,3.0,1.0,0
19188,152.149,1.15,1.0,2.0,46.53,3.0,1.0,1.0,0.0,0.0,3.0,1.0,11.0,0.0,0.0,0.0,58.0,0.0,0.0,0.0,0
1096077,381.43500000000006,2.2479200000000006,1.0,8.0,111.39,6.0,3.0,1.0,2.0,0.0,10.0,3.0,25.0,0.0,0.0,0.0,132.0,0.0,2.0,0.0,0
3246596,223.272,1.2733,4.0,4.0,72.72,2.0,1.0,1.0,0.0,1.0,4.0,2.0,16.0,1.0,0.0,1.0,88.0,0.0,1.0,0.0,0
3238496,475.59600000000034,2.529140000000001,1.0,8.0,114.26,5.0,3.0,0.0,3.0,1.0,11.0,4.0,32.0,1.0,0.0,1.0,170.0,0.0,4.0,1.0,0
3245490,338.38800000000003,3.9811000000000014,1.0,5.0,64.36,4.0,4.0,1.0,3.0,0.0,6.0,4.0,24.0,0.0,0.0,0.0,120.0,0.0,3.0,1.0,0
656223,378.5010000000002,3.707900000000002,0.0,5.0,51.02,6.0,3.0,2.0,1.0,1.0,6.0,4.0,27.0,1.0,0.0,1.0,138.0,0.0,2.0,1.0,0
2999188,382.50400000000025,3.275900000000002,0.0,4.0,42.010000000000005,3.0,1.0,1.0,0.0,5.0,5.0,7.0,28.0,6.0,4.0,2.0,150.0,0.0,2.0,1.0,0
5459406,334.49500000000006,3.5328000000000017,0.0,3.0,34.89,2.0,3.0,1.0,2.0,0.0,4.0,4.0,24.0,1.0,0.0,1.0,122.0,0.0,3.0,0.0,0
3238066,494.6140000000004,1.6356000000000004,2.0,6.0,125.12,7.0,1.0,1.0,0.0,1.0,11.0,3.0,34.0,2.0,0.0,2.0,188.0,0.0,2.0,3.0,0
2532303,441.6030000000002,5.697930000000004,0.0,8.0,52.96,7.0,4.0,1.0,3.0,0.0,8.0,4.0,29.0,0.0,0.0,0.0,148.0,0.0,3.0,0.0,0
656100,398.4780000000003,4.603600000000005,1.0,3.0,62.55,6.0,2.0,1.0,1.0,2.0,6.0,4.0,29.0,2.0,2.0,0.0,154.0,0.0,1.0,2.0,0
2367657,484.51200000000017,3.2737000000000007,0.0,7.0,97.88,6.0,4.0,2.0,2.0,1.0,9.0,5.0,36.0,1.0,0.0,1.0,182.0,0.0,3.0,2.0,0
2232783,279.37999999999994,2.5765,0.0,4.0,30.930000000000003,8.0,1.0,1.0,0.0,1.0,4.0,2.0,20.0,1.0,0.0,1.0,112.0,0.0,1.0,0.0,0
2920504,334.504,3.197300000000001,2.0,3.0,58.2,2.0,0.0,0.0,0.0,3.0,4.0,3.0,24.0,3.0,2.0,1.0,136.0,0.0,1.0,1.0,0
54687283,348.40200000000004,2.8656000000000006,2.0,4.0,71.33,6.0,3.0,2.0,1.0,0.0,5.0,3.0,26.0,0.0,0.0,0.0,132.0,0.0,1.0,1.0,0
755828,341.4360000000001,3.447320000000002,1.0,5.0,75.00999999999999,6.0,2.0,1.0,1.0,0.0,6.0,2.0,24.0,0.0,0.0,0.0,124.0,0.0,1.0,1.0,0
3239592,442.6100000000002,3.6990000000000025,0.0,7.0,58.440000000000005,7.0,3.0,1.0,2.0,1.0,8.0,4.0,30.0,1.0,0.0,1.0,158.0,0.0,3.0,1.0,0
662905,339.3800000000001,2.9320000000000013,0.0,8.0,74.43,4.0,4.0,1.0,3.0,0.0,8.0,4.0,24.0,0.0,0.0,0.0,120.0,0.0,3.0,0.0,0
666051,376.4090000000001,3.5112400000000017,2.0,4.0,88.25999999999999,4.0,3.0,2.0,1.0,0.0,8.0,3.0,26.0,0.0,0.0,0.0,136.0,0.0,1.0,0.0,0
656018,488.54800000000034,2.8790000000000013,0.0,9.0,98.75,8.0,4.0,2.0,2.0,1.0,10.0,5.0,36.0,1.0,0.0,1.0,186.0,0.0,3.0,1.0,0
2175588,297.804,2.2615000000000007,1.0,3.0,46.17,6.0,1.0,1.0,0.0,0.0,7.0,1.0,17.0,0.0,0.0,0.0,96.0,0.0,0.0,0.0,0
6604413,337.5730000000001,5.559100000000006,2.0,3.0,32.26,12.0,1.0,1.0,0.0,0.0,3.0,1.0,23.0,0.0,0.0,0.0,132.0,0.0,0.0,0.0,0
3238797,414.5060000000003,2.25122,2.0,6.0,92.79,9.0,2.0,1.0,1.0,1.0,8.0,3.0,30.0,1.0,0.0,1.0,162.0,0.0,2.0,2.0,0
2147271,448.5740000000002,1.9128,2.0,10.0,117.18,10.0,3.0,1.0,2.0,0.0,11.0,3.0,30.0,0.0,0.0,0.0,160.0,0.0,2.0,1.0,0
135449271,282.30300000000005,2.490900000000001,1.0,6.0,76.44,2.0,3.0,1.0,2.0,0.0,6.0,4.0,21.0,1.0,1.0,0.0,106.0,0.0,2.0,0.0,0
3239585,405.4840000000002,-0.0507999999999977,1.0,7.0,115.39,4.0,2.0,0.0,2.0,2.0,11.0,4.0,28.0,2.0,0.0,2.0,150.0,0.0,4.0,1.0,0
2999297,431.871,3.692020000000001,2.0,7.0,81.89000000000001,5.0,3.0,1.0,2.0,0.0,11.0,3.0,28.0,0.0,0.0,0.0,150.0,0.0,2.0,0.0,0
850056,303.8110000000001,2.831620000000001,0.0,3.0,46.61000000000001,4.0,1.0,1.0,0.0,1.0,6.0,2.0,19.0,1.0,0.0,1.0,106.0,0.0,1.0,0.0,0
135459237,285.391,3.423120000000001,2.0,3.0,57.78,7.0,2.0,1.0,1.0,0.0,4.0,2.0,21.0,0.0,0.0,0.0,112.0,0.0,1.0,0.0,0
1244259,281.315,3.0851200000000016,1.0,4.0,60.06,4.0,3.0,1.0,2.0,0.0,5.0,3.0,21.0,0.0,0.0,0.0,106.0,0.0,2.0,1.0,0
3243971,468.6270000000004,2.846940000000001,0.0,7.0,72.88,4.0,2.0,1.0,1.0,3.0,9.0,5.0,33.0,3.0,0.0,3.0,176.0,0.0,4.0,2.0,0
665778,338.41100000000006,2.766800000000001,0.0,6.0,62.790000000000006,7.0,3.0,1.0,2.0,0.0,6.0,3.0,25.0,0.0,0.0,0.0,130.0,0.0,2.0,0.0,0
658532,305.293,1.9098,0.0,6.0,74.08000000000001,3.0,3.0,2.0,1.0,0.0,6.0,3.0,23.0,0.0,0.0,0.0,112.0,0.0,1.0,0.0,0
1249967,285.299,2.8728000000000016,1.0,4.0,64.63,4.0,2.0,2.0,0.0,0.0,5.0,2.0,21.0,0.0,0.0,0.0,108.0,0.0,0.0,1.0,0
135429217,354.4350000000001,1.9426,1.0,5.0,69.30000000000001,3.0,3.0,1.0,2.0,1.0,7.0,4.0,25.0,1.0,0.0,1.0,128.0,0.0,3.0,1.0,0
3237859,488.5620000000003,3.0740000000000016,2.0,7.0,116.1,12.0,3.0,2.0,1.0,0.0,10.0,3.0,34.0,0.0,0.0,0.0,182.0,0.0,1.0,1.0,0
3234108,368.4770000000001,3.806600000000003,0.0,4.0,45.92,4.0,2.0,1.0,1.0,2.0,5.0,4.0,27.0,2.0,0.0,2.0,144.0,1.0,3.0,1.0,0
1152638,490.5070000000004,5.112300000000004,1.0,6.0,88.33,6.0,3.0,1.0,2.0,1.0,11.0,4.0,34.0,1.0,0.0,1.0,178.0,0.0,3.0,2.0,0
3235984,350.37400000000014,2.7198200000000003,1.0,5.0,69.56,3.0,3.0,2.0,1.0,0.0,6.0,4.0,26.0,1.0,0.0,1.0,132.0,0.0,2.0,1.0,0
656103,319.405,2.5161,2.0,3.0,74.58000000000001,3.0,1.0,0.0,1.0,2.0,6.0,3.0,23.0,2.0,1.0,1.0,126.0,0.0,2.0,3.0,0
794276,249.295,2.3072,1.0,5.0,64.11,3.0,2.0,1.0,1.0,0.0,6.0,2.0,17.0,0.0,0.0,0.0,88.0,0.0,1.0,1.0,0
1560402,264.12600000000003,2.9902000000000006,1.0,3.0,37.81,3.0,2.0,1.0,1.0,0.0,4.0,2.0,15.0,0.0,0.0,0.0,76.0,0.0,1.0,0.0,0
2969415,285.38699999999994,3.2592000000000025,1.0,2.0,46.17,3.0,1.0,1.0,0.0,2.0,3.0,3.0,21.0,2.0,2.0,0.0,112.0,0.0,0.0,1.0,0
2135890,450.2680000000001,3.0797000000000008,2.0,7.0,104.29,6.0,3.0,2.0,1.0,0.0,10.0,3.0,28.0,0.0,0.0,0.0,146.0,0.0,1.0,1.0,0
5309296,410.5460000000001,3.0028200000000016,2.0,7.0,101.05,6.0,3.0,1.0,2.0,0.0,10.0,3.0,26.0,0.0,0.0,0.0,138.0,0.0,2.0,1.0,0
2227841,436.4930000000001,4.275300000000003,1.0,8.0,91.41,8.0,4.0,2.0,2.0,0.0,9.0,4.0,31.0,0.0,0.0,0.0,158.0,0.0,2.0,1.0,0
655287,296.4140000000001,-0.0445999999999993,2.0,6.0,92.34,6.0,0.0,0.0,0.0,1.0,8.0,1.0,18.0,1.0,0.0,1.0,106.0,0.0,1.0,0.0,0
3235341,368.4620000000001,3.435620000000001,2.0,5.0,83.98,6.0,3.0,2.0,1.0,0.0,7.0,3.0,26.0,0.0,0.0,0.0,134.0,0.0,1.0,0.0,1
647623,308.341,3.146700000000001,3.0,3.0,86.88,3.0,3.0,2.0,1.0,0.0,6.0,3.0,23.0,0.0,0.0,0.0,116.0,0.0,1.0,2.0,0
970083,298.37100000000004,3.308910000000001,1.0,5.0,55.73,3.0,3.0,1.0,2.0,0.0,6.0,3.0,21.0,0.0,0.0,0.0,106.0,0.0,2.0,0.0,0
1006276,414.5460000000003,4.682640000000005,0.0,4.0,66.9,2.0,2.0,0.0,2.0,1.0,6.0,3.0,30.0,1.0,0.0,1.0,164.0,0.0,3.0,2.0,0
648126,308.297,2.5742000000000003,2.0,5.0,97.12,4.0,3.0,0.0,3.0,0.0,7.0,3.0,23.0,0.0,0.0,0.0,114.0,0.0,3.0,2.0,0
663415,381.42800000000017,4.617620000000004,0.0,5.0,68.98,5.0,3.0,2.0,1.0,0.0,6.0,3.0,28.0,0.0,0.0,0.0,146.0,0.0,1.0,1.0,1
1313458,351.45000000000016,3.305920000000002,1.0,3.0,52.650000000000006,4.0,2.0,2.0,0.0,1.0,5.0,3.0,26.0,1.0,0.0,1.0,136.0,0.0,1.0,2.0,0
3238894,330.49400000000014,2.1331,1.0,3.0,66.48,5.0,0.0,0.0,0.0,2.0,6.0,2.0,22.0,2.0,1.0,1.0,128.0,0.0,1.0,1.0,0
649861,326.8240000000001,1.86572,1.0,4.0,50.8,7.0,1.0,1.0,0.0,1.0,6.0,2.0,22.0,1.0,0.0,1.0,122.0,0.0,1.0,1.0,0
3244972,352.43400000000014,3.4663600000000026,1.0,3.0,58.64,5.0,2.0,2.0,0.0,0.0,5.0,3.0,26.0,1.0,0.0,1.0,136.0,0.0,1.0,2.0,0
3244342,353.3780000000001,2.3271,1.0,5.0,98.66,3.0,3.0,1.0,2.0,1.0,7.0,4.0,26.0,1.0,0.0,1.0,134.0,0.0,3.0,2.0,0
6604043,1449.2710000000004,0.1062000000000051,19.0,25.0,530.4900000000002,13.0,5.0,5.0,0.0,2.0,35.0,12.0,101.0,7.0,0.0,7.0,542.0,0.0,7.0,7.0,0
649323,413.5280000000001,3.674920000000003,1.0,8.0,92.82999999999998,7.0,3.0,1.0,2.0,0.0,9.0,3.0,28.0,0.0,0.0,0.0,144.0,0.0,2.0,1.0,0
663429,422.4660000000001,3.4044000000000016,0.0,7.0,88.77000000000001,5.0,4.0,2.0,2.0,0.0,9.0,5.0,30.0,1.0,0.0,1.0,152.0,0.0,3.0,0.0,0
2106091,399.40300000000025,2.726000000000001,2.0,6.0,117.95,4.0,2.0,1.0,1.0,2.0,9.0,4.0,29.0,2.0,1.0,1.0,152.0,1.0,2.0,4.0,0
5927555,288.376,2.9252200000000004,1.0,4.0,57.59,4.0,2.0,1.0,1.0,0.0,6.0,2.0,20.0,0.0,0.0,0.0,104.0,0.0,1.0,1.0,0
656373,340.3390000000001,1.39538,2.0,7.0,123.25,4.0,2.0,1.0,1.0,0.0,8.0,3.0,25.0,1.0,0.0,1.0,128.0,0.0,2.0,0.0,0
643764,317.34100000000007,2.0407,0.0,5.0,65.07000000000001,5.0,1.0,1.0,0.0,0.0,6.0,2.0,23.0,1.0,0.0,1.0,122.0,0.0,1.0,2.0,0
653455,320.39200000000005,4.162980000000003,0.0,4.0,47.18000000000001,6.0,3.0,2.0,1.0,0.0,4.0,3.0,24.0,0.0,0.0,0.0,122.0,0.0,1.0,0.0,0
1142615,359.3850000000001,4.459120000000003,1.0,5.0,77.25,4.0,4.0,2.0,2.0,0.0,6.0,4.0,27.0,0.0,0.0,0.0,134.0,0.0,2.0,1.0,0
1715117,181.235,1.0351,3.0,3.0,52.49,4.0,1.0,1.0,0.0,0.0,3.0,1.0,13.0,0.0,0.0,0.0,72.0,0.0,0.0,0.0,0
135449268,315.413,4.769000000000004,1.0,4.0,58.89,4.0,1.0,1.0,0.0,1.0,4.0,2.0,23.0,1.0,1.0,0.0,124.0,0.0,0.0,0.0,0
3129893,392.4810000000001,2.7083400000000006,2.0,7.0,117.8,10.0,2.0,0.0,2.0,0.0,9.0,2.0,27.0,0.0,0.0,0.0,146.0,0.0,2.0,0.0,0
687952,277.288,0.0379199999999995,0.0,9.0,98.92,4.0,2.0,0.0,2.0,0.0,9.0,2.0,20.0,0.0,0.0,0.0,106.0,0.0,2.0,0.0,0
3241982,400.48200000000014,2.8079,2.0,4.0,70.13,4.0,4.0,2.0,2.0,0.0,6.0,5.0,30.0,1.0,0.0,1.0,152.0,0.0,3.0,1.0,0
5308471,267.336,3.047140000000001,1.0,5.0,55.11,3.0,3.0,1.0,2.0,0.0,5.0,3.0,20.0,0.0,0.0,0.0,102.0,0.0,2.0,0.0,0
652232,309.3210000000001,1.8901,2.0,4.0,75.63,2.0,2.0,2.0,0.0,0.0,5.0,4.0,23.0,2.0,1.0,1.0,116.0,0.0,1.0,1.0,0
644404,222.204,-0.7958000000000001,1.0,6.0,81.91000000000001,0.0,2.0,0.0,2.0,0.0,7.0,3.0,16.0,1.0,0.0,1.0,84.0,0.0,3.0,0.0,0
5309864,492.6450000000003,3.6812200000000033,0.0,5.0,73.82,4.0,3.0,2.0,1.0,2.0,8.0,5.0,35.0,2.0,0.0,2.0,184.0,0.0,3.0,1.0,0
3240735,278.3329999999999,1.8509,2.0,4.0,69.64,2.0,1.0,1.0,0.0,1.0,6.0,3.0,19.0,2.0,0.0,2.0,100.0,0.0,2.0,1.0,0
1138020,440.47700000000015,3.257900000000002,1.0,6.0,94.17,7.0,3.0,3.0,0.0,0.0,9.0,4.0,31.0,1.0,0.0,1.0,160.0,0.0,1.0,1.0,0
2945826,422.4890000000002,3.3226000000000013,1.0,7.0,102.24,6.0,3.0,2.0,1.0,1.0,9.0,4.0,31.0,1.0,1.0,0.0,162.0,0.0,1.0,2.0,0
2727851,240.262,1.4639999999999995,2.0,3.0,62.22,2.0,2.0,1.0,1.0,0.0,4.0,3.0,18.0,1.0,0.0,1.0,90.0,0.0,2.0,1.0,0
3238549,411.5240000000003,1.3725999999999998,1.0,5.0,88.17999999999999,7.0,1.0,1.0,0.0,2.0,9.0,3.0,28.0,2.0,0.0,2.0,156.0,0.0,2.0,1.0,0
7766,118.132,1.1794,0.0,3.0,35.53,2.0,0.0,0.0,0.0,0.0,3.0,0.0,8.0,0.0,0.0,0.0,48.0,0.0,0.0,0.0,0
135435203,363.4390000000001,1.9535,2.0,7.0,93.45,5.0,2.0,1.0,1.0,0.0,8.0,2.0,25.0,0.0,0.0,0.0,134.0,0.0,1.0,1.0,0
3245234,437.5620000000002,2.072,1.0,5.0,96.02,6.0,1.0,1.0,0.0,2.0,9.0,3.0,30.0,2.0,1.0,1.0,166.0,0.0,1.0,2.0,0
3245112,412.55900000000025,4.264880000000003,1.0,6.0,87.78,8.0,2.0,1.0,1.0,1.0,7.0,3.0,29.0,1.0,1.0,0.0,154.0,0.0,1.0,1.0,0
3244368,271.345,2.510120000000001,1.0,5.0,46.92,3.0,3.0,1.0,2.0,0.0,5.0,3.0,19.0,0.0,0.0,0.0,96.0,0.0,2.0,0.0,0
3241151,383.8760000000001,3.441200000000001,1.0,4.0,71.11,6.0,1.0,1.0,0.0,1.0,8.0,2.0,26.0,1.0,0.0,1.0,144.0,0.0,1.0,3.0,0
2199144,233.34000000000003,2.7689200000000014,0.0,4.0,30.71,5.0,2.0,1.0,1.0,0.0,4.0,2.0,16.0,0.0,0.0,0.0,84.0,0.0,1.0,0.0,0
16759077,319.35700000000014,2.30452,1.0,5.0,81.69999999999999,4.0,1.0,1.0,0.0,1.0,6.0,2.0,23.0,1.0,1.0,0.0,124.0,0.0,0.0,1.0,0
2361764,495.60400000000016,3.152800000000002,1.0,9.0,114.9,10.0,3.0,1.0,2.0,0.0,12.0,3.0,32.0,0.0,0.0,0.0,170.0,0.0,2.0,1.0,0
2729771,311.403,1.2733,0.0,4.0,63.68,5.0,1.0,1.0,0.0,1.0,6.0,2.0,21.0,1.0,0.0,1.0,116.0,0.0,1.0,1.0,0
118404595,411.50600000000026,3.036600000000001,2.0,6.0,88.61,5.0,2.0,1.0,1.0,1.0,8.0,4.0,30.0,2.0,0.0,2.0,160.0,0.0,3.0,2.0,1
3240296,436.58500000000026,4.008490000000003,2.0,6.0,77.15,8.0,3.0,1.0,2.0,1.0,8.0,4.0,31.0,1.0,0.0,1.0,162.0,0.0,3.0,1.0,1
3235804,318.329,1.8312,0.0,6.0,74.03,4.0,2.0,1.0,1.0,1.0,7.0,3.0,23.0,1.0,0.0,1.0,122.0,0.0,2.0,1.0,0
250321,318.28800000000007,3.1258000000000017,0.0,6.0,77.32000000000001,2.0,2.0,2.0,0.0,0.0,6.0,4.0,24.0,2.0,0.0,2.0,116.0,0.0,2.0,0.0,0
121416659,376.3950000000001,3.3188000000000013,2.0,5.0,84.73,5.0,4.0,1.0,3.0,0.0,8.0,4.0,28.0,0.0,0.0,0.0,140.0,0.0,3.0,2.0,1
3239350,398.50600000000014,1.7447,1.0,6.0,84.94000000000001,9.0,2.0,1.0,1.0,0.0,9.0,2.0,26.0,0.0,0.0,0.0,142.0,0.0,1.0,1.0,0
2377862,415.5220000000001,5.621160000000005,1.0,6.0,72.53,5.0,5.0,2.0,3.0,0.0,7.0,5.0,30.0,0.0,0.0,0.0,150.0,0.0,3.0,0.0,0
711685,284.319,1.5654999999999997,1.0,5.0,67.35000000000001,3.0,2.0,1.0,1.0,1.0,6.0,3.0,21.0,1.0,0.0,1.0,108.0,0.0,2.0,1.0,0
2117063,364.427,1.8241,3.0,6.0,113.18,8.0,2.0,1.0,1.0,0.0,9.0,2.0,25.0,0.0,0.0,0.0,134.0,0.0,1.0,3.0,0
665661,466.62900000000025,4.736140000000004,2.0,8.0,106.35,9.0,2.0,1.0,1.0,0.0,10.0,2.0,31.0,0.0,0.0,0.0,170.0,0.0,1.0,2.0,0
877172,284.34100000000007,-0.4284999999999999,0.0,8.0,67.79,2.0,1.0,0.0,1.0,2.0,8.0,3.0,19.0,2.0,0.0,2.0,104.0,0.0,3.0,0.0,0
5308134,257.272,2.6238399999999995,1.0,5.0,55.11,2.0,3.0,1.0,2.0,0.0,6.0,3.0,19.0,0.0,0.0,0.0,96.0,0.0,2.0,0.0,0
656269,346.3940000000001,2.4369000000000005,2.0,6.0,103.59,6.0,3.0,1.0,2.0,0.0,7.0,3.0,26.0,0.0,0.0,0.0,130.0,0.0,2.0,1.0,0
1077177,468.5530000000004,1.5207000000000004,0.0,7.0,102.45,6.0,2.0,2.0,0.0,2.0,11.0,4.0,31.0,2.0,0.0,2.0,168.0,0.0,2.0,0.0,0
122238741,560.0080000000003,6.351620000000006,0.0,8.0,92.75,5.0,5.0,2.0,3.0,1.0,11.0,6.0,40.0,1.0,0.0,1.0,202.0,0.0,4.0,0.0,1
3245572,401.4660000000001,3.3164000000000016,1.0,4.0,69.72,4.0,2.0,2.0,0.0,2.0,6.0,5.0,30.0,3.0,2.0,1.0,152.0,0.0,1.0,3.0,0
2812750,306.387,2.6473400000000007,1.0,4.0,72.2,3.0,2.0,1.0,1.0,0.0,6.0,3.0,21.0,1.0,1.0,0.0,112.0,0.0,1.0,0.0,0
647163,325.328,1.6883999999999997,1.0,7.0,91.16,6.0,3.0,2.0,1.0,0.0,8.0,3.0,24.0,0.0,0.0,0.0,122.0,0.0,1.0,1.0,0
719348,232.67,2.987300000000001,1.0,2.0,41.99,2.0,2.0,1.0,1.0,0.0,4.0,2.0,16.0,0.0,0.0,0.0,80.0,0.0,1.0,1.0,0
646831,287.29400000000004,2.739820000000001,2.0,3.0,71.09,3.0,2.0,1.0,1.0,0.0,6.0,2.0,21.0,0.0,0.0,0.0,108.0,0.0,1.0,2.0,0
1589752,395.4730000000001,2.911600000000001,1.0,9.0,98.48,6.0,4.0,2.0,2.0,0.0,10.0,4.0,27.0,0.0,0.0,0.0,134.0,0.0,2.0,1.0,0
2959235,304.34600000000006,1.2764999999999995,1.0,4.0,67.87,3.0,1.0,1.0,0.0,2.0,6.0,3.0,22.0,2.0,0.0,2.0,118.0,0.0,2.0,2.0,0
662462,325.35,0.0232999999999999,2.0,9.0,125.27,7.0,2.0,0.0,2.0,0.0,10.0,2.0,22.0,0.0,0.0,0.0,118.0,0.0,2.0,1.0,0
757043,242.322,2.7918400000000005,0.0,3.0,26.93,4.0,2.0,1.0,1.0,0.0,3.0,2.0,18.0,0.0,0.0,0.0,94.0,0.0,1.0,0.0,0
3235720,430.4820000000002,2.1693,1.0,6.0,102.01000000000002,5.0,2.0,2.0,0.0,0.0,9.0,4.0,30.0,2.0,0.0,2.0,158.0,0.0,2.0,2.0,0
3233789,423.51300000000015,3.864000000000003,1.0,4.0,71.11,4.0,2.0,2.0,0.0,2.0,7.0,4.0,31.0,2.0,0.0,2.0,164.0,1.0,2.0,3.0,0
3233179,409.4490000000002,4.472400000000003,0.0,7.0,74.83,4.0,5.0,2.0,3.0,1.0,7.0,6.0,31.0,1.0,1.0,0.0,152.0,0.0,3.0,0.0,0
118365433,432.48400000000015,4.601400000000002,4.0,6.0,113.19,7.0,4.0,2.0,2.0,0.0,9.0,4.0,32.0,0.0,0.0,0.0,164.0,0.0,2.0,2.0,1
6605056,370.4760000000001,3.7144200000000014,1.0,6.0,58.870000000000005,8.0,3.0,1.0,2.0,0.0,7.0,3.0,27.0,0.0,0.0,0.0,144.0,0.0,2.0,0.0,0
652549,495.57300000000015,2.0455999999999994,2.0,6.0,117.95,11.0,2.0,1.0,1.0,1.0,11.0,3.0,34.0,1.0,0.0,1.0,186.0,0.0,2.0,2.0,0
1107127,483.34000000000026,2.493500000000001,1.0,6.0,94.17,4.0,2.0,2.0,0.0,1.0,10.0,4.0,29.0,2.0,0.0,2.0,154.0,0.0,2.0,1.0,1
653905,367.4130000000001,2.3473999999999995,1.0,9.0,98.06,7.0,3.0,1.0,2.0,0.0,9.0,3.0,27.0,0.0,0.0,0.0,140.0,0.0,2.0,0.0,0
2272916,256.302,0.2234,0.0,6.0,59.08000000000001,5.0,0.0,0.0,0.0,0.0,6.0,0.0,18.0,0.0,0.0,0.0,102.0,0.0,0.0,0.0,0
3239936,381.4360000000002,1.2369199999999996,1.0,6.0,88.71,5.0,3.0,0.0,3.0,1.0,8.0,4.0,28.0,1.0,0.0,1.0,146.0,0.0,4.0,2.0,0
2897870,366.417,2.1032999999999995,2.0,3.0,86.71000000000001,6.0,2.0,2.0,0.0,1.0,6.0,3.0,27.0,1.0,0.0,1.0,140.0,0.0,1.0,2.0,0
3243329,330.438,2.9581700000000017,1.0,6.0,75.05,2.0,2.0,1.0,1.0,1.0,7.0,3.0,22.0,1.0,0.0,1.0,112.0,0.0,2.0,1.0,0
652306,208.261,2.6346000000000007,0.0,3.0,46.38,0.0,0.0,0.0,0.0,1.0,4.0,3.0,15.0,3.0,2.0,1.0,82.0,1.0,1.0,0.0,0
3244637,276.37999999999994,3.1506200000000018,2.0,2.0,61.96,4.0,1.0,0.0,1.0,1.0,4.0,2.0,20.0,1.0,1.0,0.0,110.0,0.0,1.0,1.0,0
6604380,466.97700000000026,4.103100000000003,1.0,5.0,80.67,4.0,0.0,0.0,0.0,3.0,7.0,4.0,32.0,4.0,4.0,0.0,176.0,0.0,0.0,0.0,0
5307579,430.50500000000017,3.7916000000000025,1.0,6.0,76.46000000000001,4.0,3.0,1.0,2.0,1.0,9.0,4.0,30.0,1.0,0.0,1.0,158.0,0.0,3.0,2.0,1
3073763,208.692,2.3429,1.0,2.0,24.92,1.0,1.0,0.0,1.0,2.0,3.0,3.0,14.0,2.0,0.0,2.0,74.0,0.0,3.0,0.0,0
2724385,780.9490000000002,2.218100000000003,6.0,14.0,203.06,7.0,0.0,0.0,0.0,7.0,14.0,8.0,55.0,8.0,4.0,4.0,312.0,0.0,4.0,0.0,0
664553,346.4410000000001,2.15462,2.0,8.0,98.72,5.0,3.0,1.0,2.0,0.0,9.0,3.0,23.0,0.0,0.0,0.0,118.0,0.0,2.0,1.0,0
663692,272.348,2.5326000000000004,1.0,2.0,53.17,4.0,2.0,1.0,1.0,0.0,4.0,2.0,20.0,0.0,0.0,0.0,106.0,0.0,1.0,1.0,0
135406169,232.28300000000004,2.308,2.0,2.0,61.69,3.0,1.0,1.0,0.0,0.0,4.0,2.0,17.0,1.0,0.0,1.0,90.0,0.0,1.0,0.0,0
653772,297.31,2.764200000000001,1.0,4.0,70.75,4.0,2.0,1.0,1.0,0.0,5.0,3.0,22.0,1.0,0.0,1.0,112.0,0.0,2.0,1.0,0
2998521,376.4090000000001,1.4799000000000002,3.0,6.0,117.87000000000002,5.0,1.0,0.0,1.0,4.0,8.0,5.0,27.0,4.0,4.0,0.0,146.0,0.0,1.0,3.0,0
654046,383.40000000000015,2.4828,0.0,6.0,82.13999999999999,7.0,2.0,2.0,0.0,1.0,7.0,3.0,28.0,1.0,0.0,1.0,146.0,0.0,1.0,1.0,0
2114594,348.4310000000001,3.371900000000002,1.0,5.0,59.28,3.0,3.0,2.0,1.0,0.0,6.0,4.0,25.0,1.0,0.0,1.0,124.0,0.0,2.0,1.0,0
661498,328.35300000000007,3.1300000000000017,0.0,8.0,74.68,4.0,4.0,1.0,3.0,0.0,8.0,4.0,23.0,0.0,0.0,0.0,116.0,0.0,3.0,0.0,1
18370,181.147,1.60142,1.0,3.0,80.44,2.0,1.0,1.0,0.0,0.0,5.0,1.0,13.0,0.0,0.0,0.0,68.0,0.0,0.0,0.0,0
783744,254.355,2.0222,0.0,4.0,32.78,3.0,1.0,0.0,1.0,1.0,5.0,2.0,17.0,1.0,0.0,1.0,94.0,0.0,2.0,1.0,0
3244852,451.50400000000025,3.4687400000000013,3.0,5.0,121.27,6.0,4.0,2.0,2.0,0.0,9.0,4.0,32.0,0.0,0.0,0.0,164.0,0.0,2.0,1.0,0
653436,352.5000000000001,2.5660000000000007,1.0,3.0,66.48,7.0,1.0,1.0,0.0,1.0,6.0,2.0,24.0,1.0,0.0,1.0,134.0,0.0,1.0,1.0,0
78268,248.289,2.7878000000000007,1.0,4.0,64.69,2.0,3.0,2.0,1.0,0.0,4.0,3.0,19.0,0.0,0.0,0.0,92.0,0.0,1.0,0.0,0
650841,350.3740000000001,3.197520000000001,1.0,5.0,81.42999999999999,6.0,3.0,1.0,2.0,0.0,6.0,3.0,26.0,0.0,0.0,0.0,132.0,0.0,2.0,1.0,0
1632895,448.5550000000002,3.998040000000002,3.0,10.0,136.03,6.0,4.0,1.0,3.0,0.0,12.0,4.0,29.0,0.0,0.0,0.0,150.0,0.0,3.0,0.0,0
5781195,284.26700000000005,2.8852199999999995,3.0,5.0,90.9,1.0,3.0,2.0,1.0,0.0,5.0,3.0,21.0,0.0,0.0,0.0,106.0,0.0,1.0,0.0,0
2087132,323.352,3.133300000000002,0.0,6.0,74.08000000000001,6.0,3.0,2.0,1.0,0.0,6.0,3.0,24.0,0.0,0.0,0.0,122.0,0.0,1.0,0.0,0
2112813,465.33700000000033,2.3147,3.0,5.0,99.77,7.0,2.0,2.0,0.0,1.0,10.0,3.0,31.0,1.0,0.0,1.0,164.0,0.0,1.0,3.0,0
655899,479.51200000000017,3.004520000000001,1.0,7.0,102.49,10.0,4.0,2.0,2.0,0.0,10.0,4.0,35.0,0.0,0.0,0.0,182.0,0.0,2.0,2.0,0
3237236,253.777,1.7291199999999998,1.0,3.0,32.5,3.0,1.0,1.0,0.0,1.0,4.0,2.0,17.0,1.0,0.0,1.0,94.0,0.0,1.0,0.0,0
1547871,376.4590000000002,4.149700000000003,1.0,7.0,69.68,6.0,3.0,1.0,2.0,0.0,8.0,3.0,25.0,0.0,0.0,0.0,130.0,0.0,2.0,1.0,1
121418065,344.37800000000004,3.137200000000001,2.0,5.0,84.73,4.0,4.0,1.0,3.0,0.0,7.0,4.0,26.0,0.0,0.0,0.0,128.0,0.0,3.0,2.0,1
663425,412.44600000000014,1.6996999999999995,0.0,8.0,104.26,7.0,3.0,0.0,3.0,0.0,9.0,3.0,30.0,0.0,0.0,0.0,158.0,0.0,3.0,1.0,0
650413,408.5270000000002,3.242300000000002,1.0,5.0,67.23,6.0,3.0,2.0,1.0,0.0,7.0,4.0,29.0,1.0,0.0,1.0,150.0,0.0,2.0,2.0,0
647942,302.333,4.541720000000002,1.0,3.0,55.13,2.0,4.0,2.0,2.0,0.0,4.0,4.0,23.0,0.0,0.0,0.0,112.0,0.0,2.0,1.0,0
135449219,340.408,3.263400000000002,1.0,7.0,72.53,5.0,3.0,2.0,1.0,0.0,7.0,3.0,24.0,0.0,0.0,0.0,122.0,0.0,1.0,0.0,0
2382804,426.5020000000002,1.94884,0.0,8.0,97.36,5.0,3.0,1.0,2.0,1.0,10.0,4.0,30.0,1.0,0.0,1.0,156.0,0.0,3.0,2.0,0
5389811,455.5070000000002,3.646200000000003,2.0,7.0,105.53000000000002,9.0,2.0,2.0,0.0,1.0,8.0,3.0,33.0,1.0,0.0,1.0,176.0,0.0,1.0,1.0,0
2998408,417.4900000000002,5.185920000000004,0.0,7.0,78.11,6.0,4.0,2.0,2.0,0.0,7.0,4.0,30.0,0.0,0.0,0.0,150.0,0.0,2.0,0.0,0
2736354,208.301,3.067600000000001,1.0,1.0,37.3,2.0,0.0,0.0,0.0,4.0,2.0,4.0,15.0,4.0,4.0,0.0,84.0,0.0,0.0,0.0,0
2883916,351.4060000000002,2.2672000000000008,1.0,5.0,61.88000000000001,4.0,2.0,2.0,0.0,2.0,6.0,4.0,26.0,2.0,0.0,2.0,134.0,0.0,2.0,2.0,0
3241041,379.2470000000001,4.403760000000003,1.0,5.0,72.95,4.0,3.0,1.0,2.0,0.0,8.0,3.0,25.0,0.0,0.0,0.0,130.0,0.0,2.0,1.0,0
2408857,388.50000000000006,4.072720000000003,0.0,7.0,61.42,5.0,4.0,2.0,2.0,0.0,7.0,5.0,28.0,1.0,0.0,1.0,140.0,0.0,3.0,0.0,0
3244171,410.5030000000003,1.8551200000000003,0.0,8.0,84.22,2.0,3.0,0.0,3.0,1.0,9.0,5.0,29.0,2.0,0.0,2.0,150.0,0.0,5.0,1.0,0
5459674,185.179,0.4679000000000001,1.0,3.0,66.84,1.0,0.0,0.0,0.0,0.0,5.0,1.0,13.0,1.0,0.0,1.0,72.0,0.0,1.0,1.0,0
16758124,436.4130000000001,-0.2024000000000002,7.0,10.0,177.14,7.0,2.0,2.0,0.0,1.0,10.0,3.0,31.0,1.0,0.0,1.0,168.0,0.0,1.0,0.0,0
1067713,372.3840000000001,3.969900000000002,2.0,5.0,89.16000000000001,5.0,4.0,2.0,2.0,0.0,7.0,4.0,28.0,0.0,0.0,0.0,138.0,0.0,2.0,2.0,0
647123,300.40900000000005,1.5032999999999996,2.0,6.0,83.98,6.0,1.0,0.0,1.0,1.0,8.0,2.0,19.0,1.0,1.0,0.0,104.0,0.0,1.0,2.0,0
3238441,231.255,0.8165999999999991,2.0,3.0,68.96,1.0,2.0,1.0,1.0,1.0,5.0,3.0,17.0,1.0,0.0,1.0,88.0,0.0,2.0,0.0,0
906176,226.26100000000005,-0.2017999999999997,3.0,6.0,94.92000000000002,4.0,2.0,0.0,2.0,0.0,7.0,2.0,15.0,0.0,0.0,0.0,80.0,0.0,2.0,0.0,0
653315,402.47600000000017,1.3315999999999997,0.0,9.0,88.12,7.0,3.0,1.0,2.0,0.0,9.0,3.0,28.0,0.0,0.0,0.0,148.0,0.0,2.0,0.0,0
3235619,356.46600000000007,3.683240000000003,1.0,4.0,62.55,9.0,2.0,1.0,1.0,0.0,5.0,2.0,26.0,0.0,0.0,0.0,140.0,0.0,1.0,1.0,0
92044614,340.3870000000001,2.4847200000000003,3.0,5.0,104.82,5.0,3.0,0.0,3.0,0.0,8.0,3.0,25.0,0.0,0.0,0.0,130.0,0.0,3.0,2.0,1
2998353,300.3110000000001,0.2896999999999998,2.0,6.0,102.96,6.0,0.0,0.0,0.0,0.0,8.0,1.0,21.0,1.0,0.0,1.0,118.0,0.0,1.0,3.0,0
2165934,410.4110000000002,4.0660000000000025,0.0,3.0,32.78,7.0,2.0,2.0,0.0,1.0,8.0,3.0,29.0,1.0,0.0,1.0,156.0,0.0,1.0,1.0,0
1247949,348.36600000000004,1.77942,1.0,7.0,86.22000000000003,3.0,4.0,1.0,3.0,0.0,8.0,4.0,26.0,0.0,0.0,0.0,130.0,0.0,3.0,1.0,0
646770,412.4420000000001,3.014600000000001,1.0,6.0,94.17,6.0,2.0,2.0,0.0,0.0,8.0,3.0,30.0,1.0,0.0,1.0,158.0,0.0,1.0,2.0,0
5307644,405.52000000000027,2.0308,2.0,4.0,95.58,4.0,1.0,1.0,0.0,2.0,8.0,4.0,28.0,3.0,1.0,2.0,152.0,0.0,2.0,2.0,0
135415516,271.202,1.3604999999999998,1.0,5.0,87.35999999999999,2.0,2.0,0.0,2.0,0.0,9.0,2.0,19.0,0.0,0.0,0.0,100.0,0.0,2.0,0.0,0
6408752,239.234,2.2957,1.0,4.0,71.78,3.0,3.0,1.0,2.0,0.0,5.0,3.0,18.0,0.0,0.0,0.0,88.0,0.0,2.0,0.0,0
866702,344.46500000000003,3.676440000000002,1.0,6.0,59.81,5.0,3.0,1.0,2.0,0.0,7.0,3.0,23.0,0.0,0.0,0.0,118.0,0.0,2.0,1.0,0
135485466,377.47300000000007,3.417600000000001,1.0,6.0,76.46000000000001,6.0,4.0,2.0,2.0,0.0,7.0,4.0,27.0,0.0,0.0,0.0,136.0,0.0,2.0,0.0,0
1107140,386.4730000000001,2.3004999999999995,0.0,4.0,66.92,3.0,2.0,2.0,0.0,1.0,7.0,4.0,27.0,2.0,0.0,2.0,142.0,0.0,2.0,1.0,0
657848,254.315,0.4607999999999999,1.0,6.0,72.68,2.0,2.0,0.0,2.0,0.0,7.0,2.0,17.0,0.0,0.0,0.0,92.0,0.0,2.0,0.0,0
651739,282.39000000000004,2.914500000000001,2.0,5.0,62.22,6.0,2.0,1.0,1.0,0.0,6.0,2.0,18.0,0.0,0.0,0.0,96.0,0.0,1.0,0.0,0
2209150,314.439,3.6765000000000017,0.0,6.0,43.6,5.0,3.0,2.0,1.0,0.0,6.0,3.0,21.0,0.0,0.0,0.0,106.0,0.0,1.0,0.0,0
976195,239.731,2.7238000000000007,0.0,4.0,30.71,4.0,2.0,1.0,1.0,0.0,5.0,2.0,15.0,0.0,0.0,0.0,78.0,0.0,1.0,0.0,0
6974,151.16500000000002,2.21164,0.0,2.0,43.14,1.0,1.0,1.0,0.0,0.0,3.0,1.0,11.0,0.0,0.0,0.0,58.0,0.0,0.0,0.0,0
6604735,194.186,1.2839999999999998,2.0,4.0,66.76,2.0,1.0,1.0,0.0,0.0,4.0,1.0,14.0,0.0,0.0,0.0,74.0,0.0,0.0,0.0,0
663701,369.8960000000001,4.525000000000004,0.0,4.0,46.09,2.0,2.0,1.0,1.0,1.0,5.0,4.0,26.0,2.0,1.0,1.0,136.0,0.0,2.0,0.0,0
666065,334.4010000000002,3.048900000000001,0.0,8.0,70.77000000000001,7.0,3.0,1.0,2.0,0.0,8.0,3.0,23.0,0.0,0.0,0.0,122.0,0.0,2.0,0.0,0
667119,294.38000000000005,0.6010199999999998,1.0,5.0,89.17999999999999,4.0,1.0,0.0,1.0,1.0,7.0,2.0,20.0,1.0,0.0,1.0,108.0,0.0,2.0,2.0,0
3242539,285.391,3.071200000000002,1.0,3.0,46.92,7.0,2.0,1.0,1.0,0.0,4.0,2.0,21.0,0.0,0.0,0.0,112.0,0.0,1.0,1.0,0
2160308,395.48400000000015,3.132820000000001,1.0,5.0,73.22,5.0,3.0,2.0,1.0,0.0,7.0,4.0,28.0,1.0,0.0,1.0,144.0,0.0,2.0,1.0,0
647395,401.8900000000001,4.487500000000005,1.0,5.0,66.84,3.0,1.0,1.0,0.0,0.0,6.0,4.0,28.0,3.0,2.0,1.0,148.0,0.0,1.0,0.0,0
1246132,299.77700000000004,3.086500000000001,2.0,2.0,44.370000000000005,4.0,1.0,1.0,0.0,1.0,6.0,2.0,20.0,1.0,0.0,1.0,110.0,0.0,1.0,2.0,0
135424138,307.43800000000005,1.9437999999999995,2.0,5.0,64.93,5.0,0.0,0.0,0.0,1.0,5.0,2.0,22.0,2.0,1.0,1.0,124.0,0.0,1.0,0.0,0
3247291,456.5860000000002,5.632800000000005,2.0,3.0,67.43,9.0,3.0,3.0,0.0,1.0,5.0,4.0,34.0,1.0,1.0,0.0,176.0,0.0,0.0,2.0,0
646662,410.47000000000014,3.1975200000000017,2.0,6.0,97.48999999999998,5.0,2.0,1.0,1.0,0.0,7.0,3.0,30.0,1.0,0.0,1.0,158.0,0.0,2.0,0.0,0
753142,254.211,3.0440200000000006,1.0,2.0,41.99,1.0,2.0,1.0,1.0,0.0,6.0,2.0,18.0,0.0,0.0,0.0,94.0,0.0,1.0,1.0,0
82717,310.2660000000001,-0.7001999999999995,0.0,6.0,115.38,0.0,0.0,0.0,0.0,2.0,10.0,2.0,22.0,2.0,0.0,2.0,118.0,0.0,2.0,8.0,0
119057322,488.9950000000002,3.909300000000002,2.0,5.0,90.46,5.0,2.0,1.0,1.0,1.0,10.0,4.0,34.0,2.0,0.0,2.0,182.0,0.0,3.0,3.0,1
5307243,362.3850000000001,3.8175000000000026,1.0,5.0,63.940000000000005,4.0,3.0,2.0,1.0,0.0,6.0,5.0,27.0,2.0,0.0,2.0,136.0,0.0,3.0,1.0,1
5771347,252.273,3.407700000000001,1.0,3.0,54.6,2.0,2.0,1.0,1.0,0.0,4.0,3.0,19.0,1.0,0.0,1.0,94.0,0.0,2.0,1.0,0
117876589,528.5880000000003,4.784800000000005,1.0,9.0,98.42000000000002,7.0,5.0,2.0,3.0,1.0,10.0,6.0,39.0,1.0,0.0,1.0,200.0,0.0,4.0,0.0,1
2998471,261.306,2.7493800000000013,0.0,6.0,71.94,4.0,2.0,1.0,1.0,0.0,6.0,2.0,18.0,0.0,0.0,0.0,92.0,0.0,1.0,0.0,0
2937636,455.4070000000001,1.1813999999999998,1.0,8.0,125.07,9.0,1.0,1.0,0.0,0.0,13.0,1.0,30.0,0.0,0.0,0.0,168.0,0.0,0.0,0.0,0
146816004,619.7300000000001,3.301800000000002,1.0,9.0,125.37000000000002,6.0,4.0,1.0,3.0,2.0,12.0,8.0,46.0,4.0,0.0,4.0,236.0,1.0,7.0,2.0,1
665417,362.389,3.092740000000001,1.0,6.0,93.9,5.0,4.0,2.0,2.0,0.0,7.0,4.0,27.0,0.0,0.0,0.0,136.0,0.0,2.0,0.0,0
177,44.053,0.2052,0.0,1.0,17.07,0.0,0.0,0.0,0.0,0.0,1.0,0.0,3.0,0.0,0.0,0.0,18.0,0.0,0.0,0.0,0
235538,458.4730000000001,4.412100000000002,2.0,6.0,147.17,4.0,4.0,4.0,0.0,0.0,11.0,4.0,31.0,0.0,0.0,0.0,158.0,0.0,0.0,0.0,0
1326052,355.2760000000002,2.12446,1.0,3.0,43.78,3.0,1.0,1.0,0.0,1.0,5.0,2.0,21.0,1.0,0.0,1.0,116.0,0.0,1.0,1.0,0
3238811,450.9040000000001,1.1976999999999998,2.0,7.0,119.27,6.0,3.0,2.0,1.0,0.0,11.0,3.0,30.0,0.0,0.0,0.0,158.0,0.0,1.0,1.0,0
2051211,426.49800000000016,3.4101000000000017,1.0,6.0,105.4,8.0,3.0,2.0,1.0,1.0,9.0,4.0,30.0,1.0,1.0,0.0,156.0,0.0,1.0,1.0,0
2239590,429.5270000000002,3.120000000000002,1.0,9.0,99.0,6.0,3.0,1.0,2.0,0.0,10.0,4.0,29.0,1.0,1.0,0.0,150.0,0.0,2.0,1.0,0
3245591,354.3400000000001,1.3000399999999996,1.0,7.0,119.17000000000002,5.0,2.0,1.0,1.0,0.0,10.0,3.0,24.0,1.0,0.0,1.0,128.0,0.0,2.0,0.0,0
4777443,252.295,1.7793,1.0,5.0,64.36,5.0,2.0,0.0,2.0,0.0,6.0,2.0,17.0,0.0,0.0,0.0,90.0,0.0,2.0,1.0,0
1267758,440.51100000000014,4.033320000000003,0.0,9.0,92.93,6.0,4.0,2.0,2.0,1.0,9.0,5.0,33.0,1.0,0.0,1.0,166.0,0.0,3.0,0.0,0
3243051,402.4320000000001,2.722100000000001,2.0,8.0,119.49,9.0,3.0,1.0,2.0,0.0,10.0,3.0,28.0,0.0,0.0,0.0,146.0,0.0,2.0,2.0,0
3244833,479.5330000000002,4.200200000000003,1.0,7.0,94.2,10.0,4.0,2.0,2.0,0.0,9.0,4.0,34.0,0.0,0.0,0.0,174.0,0.0,2.0,1.0,0
652733,340.42,2.036,1.0,3.0,66.48,3.0,1.0,1.0,0.0,2.0,7.0,3.0,23.0,2.0,0.0,2.0,126.0,0.0,2.0,1.0,0
652202,379.5040000000002,3.860340000000003,1.0,3.0,52.650000000000006,4.0,2.0,2.0,0.0,1.0,5.0,3.0,28.0,1.0,0.0,1.0,148.0,0.0,1.0,2.0,0
710950,306.3730000000001,1.9889,0.0,6.0,50.080000000000005,3.0,3.0,2.0,1.0,1.0,6.0,4.0,23.0,1.0,0.0,1.0,116.0,0.0,2.0,0.0,0
3241441,366.45800000000014,2.5288000000000004,2.0,5.0,85.89000000000001,12.0,1.0,1.0,0.0,0.0,7.0,1.0,26.0,0.0,0.0,0.0,146.0,0.0,0.0,2.0,0
5742479,330.3690000000001,2.16268,1.0,8.0,115.03,6.0,2.0,1.0,1.0,0.0,8.0,2.0,23.0,0.0,0.0,0.0,118.0,0.0,1.0,0.0,0
2228581,346.3420000000001,4.530400000000003,2.0,4.0,84.48,4.0,4.0,2.0,2.0,0.0,6.0,4.0,26.0,0.0,0.0,0.0,128.0,0.0,2.0,2.0,0
2088593,382.489,3.1862000000000013,2.0,5.0,75.58,8.0,4.0,2.0,2.0,0.0,7.0,4.0,27.0,0.0,0.0,0.0,140.0,0.0,2.0,0.0,1
3238036,401.44800000000015,1.96562,1.0,7.0,118.29,4.0,3.0,1.0,2.0,1.0,10.0,4.0,28.0,1.0,0.0,1.0,146.0,0.0,3.0,1.0,0
3235957,465.5970000000004,2.4938,1.0,8.0,98.99,8.0,2.0,1.0,1.0,1.0,10.0,3.0,31.0,1.0,1.0,0.0,168.0,0.0,1.0,2.0,0
717126,336.391,3.746000000000002,1.0,4.0,64.36,7.0,3.0,1.0,2.0,0.0,5.0,3.0,25.0,0.0,0.0,0.0,128.0,0.0,2.0,1.0,0
3233407,244.382,2.652200000000001,1.0,2.0,15.27,2.0,1.0,1.0,0.0,2.0,2.0,3.0,18.0,2.0,0.0,2.0,98.0,1.0,2.0,0.0,0
1618256,339.4610000000001,1.8969,1.0,4.0,69.72,6.0,1.0,1.0,0.0,1.0,7.0,2.0,23.0,1.0,0.0,1.0,128.0,0.0,1.0,1.0,0
745957,244.27499999999995,2.5976799999999995,1.0,5.0,68.27,1.0,2.0,1.0,1.0,0.0,5.0,3.0,17.0,1.0,0.0,1.0,84.0,0.0,2.0,0.0,0
652905,414.52700000000016,2.9663000000000004,2.0,4.0,84.5,8.0,2.0,2.0,0.0,0.0,7.0,3.0,29.0,1.0,1.0,0.0,154.0,0.0,0.0,2.0,0
76071567,336.3550000000001,2.72088,3.0,5.0,115.72,4.0,3.0,1.0,2.0,0.0,8.0,3.0,25.0,0.0,0.0,0.0,126.0,0.0,2.0,2.0,1
209395,220.297,2.1718200000000003,1.0,3.0,45.75,0.0,2.0,0.0,2.0,0.0,4.0,3.0,15.0,1.0,1.0,0.0,78.0,0.0,2.0,0.0,0
3237505,345.4490000000001,3.244190000000001,2.0,5.0,66.37,2.0,3.0,1.0,2.0,1.0,7.0,4.0,23.0,1.0,1.0,0.0,118.0,0.0,2.0,1.0,0
2215525,368.4180000000002,2.7693000000000003,1.0,7.0,78.27000000000001,5.0,3.0,2.0,1.0,0.0,8.0,4.0,26.0,1.0,0.0,1.0,132.0,0.0,2.0,1.0,0
241475,627.0090000000001,7.482700000000005,2.0,3.0,43.7,5.0,2.0,2.0,0.0,1.0,7.0,3.0,27.0,1.0,1.0,0.0,146.0,0.0,0.0,0.0,0
665028,465.4440000000002,4.199700000000002,0.0,8.0,84.06,3.0,6.0,3.0,3.0,0.0,9.0,7.0,35.0,1.0,0.0,1.0,170.0,0.0,4.0,0.0,0
658983,313.41100000000006,3.268800000000001,0.0,7.0,48.010000000000005,4.0,4.0,1.0,3.0,0.0,7.0,4.0,21.0,0.0,0.0,0.0,104.0,0.0,3.0,0.0,0
1352587,351.3620000000001,3.2914200000000022,0.0,7.0,79.38000000000001,5.0,4.0,2.0,2.0,0.0,7.0,4.0,26.0,0.0,0.0,0.0,132.0,0.0,2.0,0.0,0
16758891,516.6420000000003,4.653600000000004,2.0,4.0,98.82,4.0,2.0,2.0,0.0,3.0,8.0,5.0,38.0,3.0,0.0,3.0,200.0,0.0,3.0,4.0,0
2328338,357.43200000000013,2.3885000000000005,2.0,5.0,104.81,7.0,1.0,1.0,0.0,0.0,9.0,1.0,24.0,0.0,0.0,0.0,134.0,0.0,0.0,4.0,0
3457755,377.4700000000001,3.578100000000002,2.0,7.0,88.61,5.0,2.0,1.0,1.0,1.0,9.0,3.0,26.0,1.0,0.0,1.0,140.0,0.0,2.0,2.0,0
658215,286.331,3.3291200000000014,1.0,4.0,72.31,6.0,2.0,1.0,1.0,0.0,5.0,2.0,21.0,0.0,0.0,0.0,110.0,0.0,1.0,0.0,0
3236387,434.5400000000001,2.5406000000000013,2.0,5.0,83.44,11.0,3.0,2.0,1.0,0.0,7.0,3.0,32.0,0.0,0.0,0.0,168.0,0.0,1.0,2.0,0
135509367,233.296,1.7656199999999995,1.0,4.0,58.64,3.0,2.0,1.0,1.0,0.0,5.0,2.0,16.0,0.0,0.0,0.0,82.0,0.0,1.0,0.0,0
761227,249.273,2.882100000000001,1.0,3.0,54.88,2.0,3.0,1.0,2.0,0.0,4.0,3.0,19.0,0.0,0.0,0.0,92.0,0.0,2.0,1.0,0
3233837,396.3530000000001,3.4696000000000016,0.0,7.0,79.13000000000001,4.0,4.0,2.0,2.0,0.0,9.0,4.0,29.0,0.0,0.0,0.0,146.0,0.0,2.0,0.0,0
719792,221.285,2.3331900000000005,2.0,4.0,53.84,2.0,2.0,1.0,1.0,0.0,5.0,2.0,15.0,0.0,0.0,0.0,78.0,0.0,1.0,0.0,0
3232881,304.397,3.948800000000003,1.0,4.0,41.05,5.0,3.0,2.0,1.0,0.0,4.0,3.0,23.0,0.0,0.0,0.0,116.0,0.0,1.0,0.0,0
662520,305.309,0.9378999999999996,1.0,6.0,76.59,3.0,2.0,1.0,1.0,0.0,7.0,2.0,22.0,0.0,0.0,0.0,116.0,0.0,1.0,0.0,0
666509,282.347,2.1553000000000004,1.0,4.0,63.05,5.0,3.0,1.0,2.0,0.0,5.0,3.0,21.0,0.0,0.0,0.0,108.0,0.0,2.0,0.0,0
3237832,393.4870000000002,1.7526000000000002,1.0,4.0,69.72,6.0,1.0,1.0,0.0,2.0,6.0,5.0,29.0,4.0,2.0,2.0,152.0,0.0,2.0,3.0,0
664143,312.764,3.069100000000001,0.0,6.0,60.900000000000006,3.0,4.0,1.0,3.0,0.0,7.0,4.0,22.0,0.0,0.0,0.0,110.0,0.0,3.0,0.0,0
858959,307.3780000000001,4.510200000000002,1.0,4.0,54.71,4.0,4.0,2.0,2.0,0.0,5.0,4.0,22.0,0.0,0.0,0.0,108.0,0.0,2.0,0.0,0
3241845,366.414,1.8190999999999995,2.0,4.0,84.5,8.0,2.0,2.0,0.0,0.0,8.0,2.0,25.0,0.0,0.0,0.0,134.0,0.0,0.0,1.0,0
135511641,358.4230000000002,2.2813,2.0,7.0,96.97,4.0,2.0,0.0,2.0,0.0,8.0,3.0,25.0,1.0,0.0,1.0,130.0,0.0,3.0,0.0,0
646664,403.4200000000001,0.9205999999999996,1.0,9.0,117.46000000000002,7.0,3.0,2.0,1.0,0.0,11.0,4.0,28.0,1.0,0.0,1.0,146.0,0.0,2.0,0.0,0
717502,324.42700000000013,2.5186,1.0,6.0,72.05,4.0,2.0,0.0,2.0,0.0,7.0,3.0,21.0,1.0,1.0,0.0,112.0,0.0,2.0,0.0,0
659761,281.10900000000004,2.1529,0.0,3.0,50.96,0.0,2.0,1.0,1.0,0.0,5.0,3.0,16.0,1.0,1.0,0.0,82.0,0.0,1.0,0.0,0
3245248,434.5180000000002,1.3834400000000004,2.0,6.0,113.62,5.0,2.0,1.0,1.0,1.0,10.0,4.0,30.0,2.0,0.0,2.0,162.0,0.0,3.0,1.0,0
1231056,364.40100000000007,4.111800000000002,2.0,4.0,80.57000000000001,7.0,3.0,2.0,1.0,0.0,6.0,3.0,27.0,0.0,0.0,0.0,138.0,0.0,1.0,2.0,0
5771786,321.464,5.223100000000005,1.0,1.0,29.1,9.0,2.0,2.0,0.0,0.0,2.0,2.0,24.0,0.0,0.0,0.0,126.0,0.0,0.0,1.0,0
657995,368.45500000000015,2.0452,2.0,5.0,101.57,6.0,1.0,1.0,0.0,1.0,8.0,2.0,25.0,1.0,1.0,0.0,138.0,0.0,0.0,1.0,0
3233528,360.41700000000014,4.522340000000003,1.0,6.0,73.07,5.0,4.0,2.0,2.0,0.0,6.0,4.0,27.0,0.0,0.0,0.0,136.0,0.0,2.0,0.0,0
2999385,293.35200000000003,1.3379999999999996,1.0,7.0,81.93,5.0,2.0,1.0,1.0,0.0,8.0,2.0,20.0,0.0,0.0,0.0,106.0,0.0,1.0,1.0,0
3243320,359.38200000000006,2.22692,0.0,6.0,85.11,6.0,2.0,1.0,1.0,1.0,8.0,3.0,26.0,1.0,0.0,1.0,138.0,0.0,2.0,2.0,0
2128632,398.4150000000002,3.4384000000000023,0.0,8.0,92.91,9.0,3.0,2.0,1.0,0.0,8.0,3.0,29.0,0.0,0.0,0.0,152.0,0.0,1.0,0.0,0
834331,326.44000000000005,4.306200000000003,1.0,4.0,33.730000000000004,6.0,2.0,2.0,0.0,1.0,4.0,3.0,24.0,1.0,0.0,1.0,128.0,0.0,1.0,0.0,1
652429,477.56100000000026,4.151700000000004,1.0,6.0,88.16000000000001,8.0,3.0,1.0,2.0,2.0,8.0,5.0,35.0,2.0,1.0,1.0,184.0,0.0,3.0,2.0,0
238490,213.2839999999999,2.5384200000000003,0.0,3.0,29.020000000000003,1.0,2.0,1.0,1.0,1.0,3.0,3.0,16.0,1.0,0.0,1.0,82.0,0.0,2.0,0.0,0
8141,128.259,3.7569000000000026,0.0,0.0,0.0,6.0,0.0,0.0,0.0,0.0,0.0,0.0,9.0,0.0,0.0,0.0,56.0,0.0,0.0,0.0,0
3234312,524.4650000000001,5.756080000000004,1.0,3.0,76.44,2.0,2.0,2.0,0.0,2.0,12.0,4.0,37.0,2.0,0.0,2.0,196.0,1.0,2.0,3.0,0
3620079,304.389,5.153020000000004,0.0,2.0,18.46,6.0,3.0,3.0,0.0,0.0,2.0,3.0,23.0,0.0,0.0,0.0,116.0,0.0,0.0,0.0,0
306052,630.3170000000001,8.526360000000004,0.0,5.0,83.10999999999999,5.0,3.0,3.0,0.0,0.0,8.0,3.0,36.0,0.0,0.0,0.0,186.0,0.0,0.0,0.0,0
625521,287.34400000000005,3.2228200000000014,2.0,5.0,71.03,3.0,3.0,1.0,2.0,0.0,6.0,3.0,20.0,0.0,0.0,0.0,102.0,0.0,2.0,0.0,0
1300454,412.29800000000006,4.172520000000003,0.0,5.0,76.30000000000001,5.0,3.0,2.0,1.0,0.0,9.0,3.0,26.0,0.0,0.0,0.0,136.0,0.0,1.0,0.0,0
16758549,700.8700000000002,6.278800000000008,1.0,11.0,144.65000000000003,12.0,1.0,0.0,1.0,3.0,12.0,4.0,50.0,3.0,0.0,3.0,278.0,0.0,4.0,1.0,0
658481,357.21000000000004,3.2388200000000005,2.0,5.0,80.3,4.0,2.0,0.0,2.0,0.0,12.0,2.0,24.0,0.0,0.0,0.0,132.0,0.0,2.0,1.0,0
76072289,353.382,2.6182000000000007,3.0,5.0,101.16,5.0,3.0,1.0,2.0,1.0,8.0,4.0,26.0,1.0,0.0,1.0,134.0,0.0,3.0,2.0,1
648459,298.317,2.2474,1.0,3.0,49.41,4.0,2.0,2.0,0.0,1.0,5.0,3.0,22.0,1.0,0.0,1.0,112.0,0.0,1.0,2.0,0
5771794,377.406,6.281500000000006,1.0,2.0,38.33,7.0,2.0,2.0,0.0,0.0,6.0,2.0,27.0,0.0,0.0,0.0,144.0,0.0,0.0,1.0,0
701150,247.247,0.4970199999999997,2.0,3.0,83.47,4.0,1.0,1.0,0.0,0.0,7.0,1.0,16.0,0.0,0.0,0.0,88.0,0.0,0.0,0.0,0
3243341,437.3230000000003,4.529000000000004,0.0,5.0,51.24000000000001,5.0,2.0,2.0,0.0,2.0,8.0,4.0,29.0,2.0,0.0,2.0,154.0,0.0,2.0,1.0,0
6603924,310.461,5.069800000000005,0.0,1.0,9.23,8.0,2.0,2.0,0.0,0.0,2.0,2.0,23.0,0.0,0.0,0.0,122.0,0.0,0.0,0.0,0
16759103,350.3670000000002,3.397500000000002,0.0,7.0,80.29,6.0,1.0,1.0,0.0,0.0,7.0,2.0,25.0,1.0,0.0,1.0,136.0,0.0,1.0,0.0,0
2224948,497.8860000000001,4.816700000000002,2.0,8.0,108.2,6.0,4.0,2.0,2.0,0.0,13.0,4.0,33.0,0.0,0.0,0.0,172.0,0.0,2.0,1.0,0
653944,410.9090000000003,2.774300000000001,1.0,6.0,75.94,6.0,3.0,2.0,1.0,1.0,8.0,4.0,29.0,1.0,0.0,1.0,150.0,0.0,2.0,1.0,0
645791,349.7700000000001,3.1357000000000017,1.0,5.0,66.02000000000001,4.0,2.0,2.0,0.0,0.0,7.0,3.0,24.0,1.0,0.0,1.0,126.0,0.0,1.0,1.0,0
1292507,439.5620000000002,4.373960000000003,1.0,7.0,77.13,6.0,4.0,1.0,3.0,0.0,8.0,4.0,30.0,0.0,0.0,0.0,154.0,0.0,3.0,1.0,0
2668331,353.3740000000002,4.098240000000003,0.0,6.0,70.79,6.0,3.0,2.0,1.0,0.0,6.0,3.0,26.0,0.0,0.0,0.0,134.0,0.0,1.0,0.0,0
2832686,326.607,2.8713000000000006,1.0,3.0,69.39,4.0,0.0,0.0,0.0,0.0,7.0,1.0,19.0,1.0,1.0,0.0,106.0,0.0,0.0,1.0,0
2999219,486.94000000000045,2.2216000000000005,1.0,6.0,79.31000000000002,8.0,1.0,1.0,0.0,2.0,12.0,3.0,31.0,2.0,0.0,2.0,176.0,0.0,2.0,0.0,0
2957109,302.37,3.5359000000000025,1.0,4.0,63.60000000000001,1.0,1.0,1.0,0.0,2.0,4.0,3.0,22.0,2.0,1.0,1.0,118.0,1.0,1.0,0.0,0
655769,350.494,4.002000000000002,1.0,7.0,67.77000000000001,5.0,3.0,1.0,2.0,0.0,8.0,3.0,22.0,0.0,0.0,0.0,114.0,0.0,2.0,1.0,0
664902,407.4300000000002,2.4081,2.0,7.0,107.37,6.0,3.0,2.0,1.0,0.0,9.0,4.0,30.0,1.0,0.0,1.0,154.0,0.0,2.0,2.0,0
3246623,373.369,-0.3044000000000004,4.0,10.0,148.77000000000004,4.0,3.0,1.0,2.0,1.0,10.0,4.0,27.0,1.0,0.0,1.0,142.0,0.0,3.0,0.0,0
666401,496.5640000000004,2.123,1.0,10.0,121.2,8.0,2.0,1.0,1.0,1.0,10.0,4.0,36.0,2.0,0.0,2.0,192.0,0.0,3.0,0.0,0
135415433,408.4140000000001,3.334220000000001,3.0,7.0,141.09,6.0,3.0,1.0,2.0,0.0,9.0,3.0,30.0,0.0,0.0,0.0,154.0,0.0,2.0,0.0,0
2078615,303.33899999999994,1.9101,0.0,4.0,63.68000000000001,4.0,2.0,2.0,0.0,0.0,6.0,3.0,21.0,1.0,0.0,1.0,108.0,0.0,1.0,1.0,0
3149665,468.5790000000002,2.899120000000001,1.0,7.0,93.65,6.0,3.0,2.0,1.0,2.0,9.0,5.0,33.0,2.0,0.0,2.0,174.0,0.0,3.0,0.0,0
65889,455.9710000000002,3.433020000000002,0.0,7.0,72.61,4.0,3.0,1.0,2.0,1.0,9.0,5.0,31.0,2.0,0.0,2.0,160.0,0.0,4.0,1.0,0
663323,322.3930000000001,3.697400000000002,1.0,6.0,69.87,4.0,4.0,2.0,2.0,0.0,6.0,4.0,23.0,0.0,0.0,0.0,114.0,0.0,2.0,0.0,0
92044732,409.45300000000015,4.198220000000002,3.0,5.0,108.48,4.0,5.0,1.0,4.0,0.0,8.0,5.0,31.0,0.0,0.0,0.0,152.0,0.0,4.0,2.0,1
2081422,474.6080000000003,3.8700000000000014,0.0,8.0,86.55000000000001,9.0,3.0,2.0,1.0,0.0,10.0,3.0,32.0,0.0,0.0,0.0,170.0,0.0,1.0,0.0,0
2195172,270.35,2.868900000000002,1.0,4.0,63.6,9.0,1.0,0.0,1.0,0.0,5.0,1.0,18.0,0.0,0.0,0.0,100.0,0.0,1.0,0.0,0
2838347,307.3900000000001,2.4789000000000003,0.0,5.0,48.0,6.0,1.0,1.0,0.0,1.0,5.0,2.0,22.0,1.0,0.0,1.0,122.0,0.0,1.0,0.0,0
657447,186.255,1.4297,2.0,4.0,46.94,0.0,0.0,0.0,0.0,2.0,4.0,2.0,13.0,2.0,1.0,1.0,76.0,0.0,1.0,0.0,0
666972,391.5190000000002,4.491700000000003,2.0,4.0,62.190000000000005,5.0,3.0,2.0,1.0,1.0,6.0,4.0,29.0,1.0,0.0,1.0,152.0,0.0,2.0,2.0,0
660567,472.5050000000002,3.016900000000001,2.0,7.0,120.65999999999998,4.0,4.0,2.0,2.0,1.0,10.0,5.0,35.0,1.0,0.0,1.0,178.0,0.0,3.0,2.0,0
2103374,288.372,2.2144000000000004,1.0,3.0,59.06,6.0,2.0,1.0,1.0,0.0,5.0,2.0,20.0,0.0,0.0,0.0,104.0,0.0,1.0,0.0,0
2121339,327.3650000000001,2.3125,0.0,7.0,66.24000000000001,3.0,3.0,2.0,1.0,0.0,7.0,4.0,23.0,1.0,0.0,1.0,116.0,0.0,2.0,0.0,0
3244016,414.3650000000001,1.3705,2.0,5.0,108.47,5.0,2.0,1.0,1.0,1.0,12.0,3.0,28.0,1.0,0.0,1.0,148.0,0.0,2.0,3.0,0
135421537,245.278,2.0589,1.0,4.0,58.89000000000001,4.0,1.0,1.0,0.0,0.0,4.0,2.0,18.0,1.0,0.0,1.0,94.0,0.0,1.0,0.0,0
2523454,275.37699999999995,2.58582,1.0,3.0,48.99,3.0,2.0,1.0,1.0,1.0,5.0,3.0,19.0,1.0,0.0,1.0,100.0,0.0,2.0,1.0,0
654103,412.4250000000001,1.8841999999999992,2.0,7.0,111.03,9.0,3.0,2.0,1.0,0.0,10.0,3.0,30.0,0.0,0.0,0.0,156.0,0.0,1.0,2.0,0
2550870,380.4950000000001,0.7137999999999993,2.0,7.0,93.09,8.0,2.0,1.0,1.0,0.0,9.0,2.0,25.0,0.0,0.0,0.0,134.0,0.0,1.0,2.0,0
3245600,364.402,1.8532,1.0,6.0,88.33,6.0,2.0,1.0,1.0,1.0,9.0,3.0,25.0,1.0,0.0,1.0,132.0,0.0,2.0,2.0,0
3237881,414.5310000000002,2.2817,0.0,5.0,73.82000000000001,4.0,2.0,1.0,1.0,1.0,8.0,4.0,29.0,2.0,0.0,2.0,154.0,0.0,3.0,1.0,0
335083,521.4960000000002,6.793000000000006,0.0,6.0,58.040000000000006,5.0,4.0,2.0,2.0,2.0,8.0,6.0,36.0,2.0,0.0,2.0,186.0,0.0,4.0,0.0,0
644433,459.5280000000003,1.7511999999999996,1.0,10.0,117.22,8.0,3.0,1.0,2.0,0.0,11.0,3.0,32.0,0.0,0.0,0.0,170.0,0.0,2.0,1.0,0
647139,415.4930000000003,3.8145200000000026,1.0,5.0,96.42000000000002,0.0,1.0,1.0,0.0,0.0,6.0,5.0,31.0,4.0,1.0,3.0,158.0,1.0,3.0,1.0,0
673766,333.4090000000002,4.039000000000002,1.0,5.0,68.53999999999999,4.0,2.0,0.0,2.0,0.0,6.0,3.0,23.0,1.0,1.0,0.0,122.0,0.0,2.0,1.0,0
695449,258.27700000000004,2.4282000000000004,2.0,3.0,79.28999999999999,5.0,2.0,1.0,1.0,0.0,5.0,2.0,19.0,0.0,0.0,0.0,98.0,0.0,1.0,1.0,0
3241847,395.434,3.4521200000000025,0.0,5.0,56.59000000000001,2.0,3.0,2.0,1.0,2.0,7.0,5.0,29.0,2.0,0.0,2.0,150.0,1.0,3.0,1.0,0
3235220,204.233,1.7901399999999998,1.0,5.0,63.84,2.0,2.0,0.0,2.0,0.0,5.0,2.0,15.0,0.0,0.0,0.0,78.0,0.0,2.0,0.0,0
409301,251.078,1.2708,0.0,0.0,0.0,0.0,0.0,0.0,0.0,0.0,2.0,0.0,3.0,0.0,0.0,0.0,16.0,0.0,0.0,0.0,0
5307737,423.5090000000001,4.865620000000005,1.0,6.0,72.14,5.0,3.0,2.0,1.0,1.0,6.0,4.0,31.0,1.0,0.0,1.0,164.0,0.0,2.0,0.0,0
647109,419.4810000000002,4.130100000000003,1.0,5.0,84.67,7.0,3.0,1.0,2.0,1.0,7.0,4.0,31.0,1.0,1.0,0.0,160.0,0.0,2.0,2.0,0
2999427,290.706,2.530500000000001,1.0,4.0,68.29,4.0,2.0,1.0,1.0,0.0,6.0,2.0,20.0,0.0,0.0,0.0,102.0,0.0,1.0,1.0,0
2537,152.237,2.401700000000001,0.0,1.0,17.07,0.0,0.0,0.0,0.0,2.0,1.0,2.0,11.0,2.0,2.0,0.0,62.0,0.0,0.0,0.0,0
2206159,378.45000000000016,2.644400000000001,2.0,5.0,93.73000000000002,8.0,2.0,2.0,0.0,0.0,8.0,2.0,26.0,0.0,0.0,0.0,140.0,0.0,0.0,1.0,0
3239439,299.326,3.2577000000000016,0.0,5.0,65.49000000000001,6.0,2.0,1.0,1.0,0.0,5.0,2.0,22.0,0.0,0.0,0.0,114.0,0.0,1.0,0.0,0
89536088,390.4220000000001,4.350120000000001,3.0,4.0,95.59,4.0,4.0,1.0,3.0,0.0,8.0,4.0,29.0,0.0,0.0,0.0,146.0,0.0,3.0,2.0,1
2997760,290.36300000000006,2.642400000000001,1.0,5.0,56.510000000000005,5.0,2.0,1.0,1.0,0.0,5.0,2.0,21.0,0.0,0.0,0.0,114.0,0.0,1.0,0.0,0
655804,401.4440000000002,3.3531400000000016,2.0,6.0,110.53,6.0,3.0,2.0,1.0,0.0,9.0,3.0,28.0,0.0,0.0,0.0,146.0,0.0,1.0,1.0,0
3716125,324.38700000000006,1.5582,2.0,7.0,117.26,6.0,2.0,1.0,1.0,0.0,9.0,2.0,21.0,0.0,0.0,0.0,110.0,0.0,1.0,1.0,0
224709,211.217,1.50644,2.0,3.0,79.39,3.0,1.0,0.0,1.0,0.0,5.0,1.0,15.0,0.0,0.0,0.0,82.0,0.0,1.0,0.0,0
653666,246.69700000000003,3.295720000000001,1.0,2.0,41.99,2.0,2.0,1.0,1.0,0.0,4.0,2.0,17.0,0.0,0.0,0.0,86.0,0.0,1.0,1.0,0
646860,294.322,0.5802399999999995,1.0,8.0,131.33999999999995,4.0,2.0,0.0,2.0,0.0,8.0,2.0,22.0,0.0,0.0,0.0,110.0,0.0,2.0,0.0,0
134426056,424.4680000000002,3.382100000000001,1.0,9.0,95.05,5.0,5.0,1.0,4.0,0.0,9.0,6.0,32.0,1.0,0.0,1.0,158.0,0.0,5.0,0.0,1
735026,256.32699999999994,1.51722,1.0,5.0,72.63,3.0,1.0,0.0,1.0,0.0,6.0,1.0,17.0,0.0,0.0,0.0,94.0,0.0,1.0,1.0,0
8462,225.553,3.2670000000000003,0.0,2.0,43.14,1.0,1.0,1.0,0.0,0.0,7.0,1.0,14.0,0.0,0.0,0.0,76.0,0.0,0.0,0.0,0
3240411,260.293,1.4903999999999995,1.0,4.0,59.92,5.0,1.0,1.0,0.0,0.0,5.0,2.0,19.0,1.0,0.0,1.0,100.0,0.0,1.0,1.0,0
3237014,456.5240000000002,3.364440000000002,2.0,8.0,115.58,9.0,3.0,2.0,1.0,0.0,10.0,3.0,32.0,0.0,0.0,0.0,168.0,0.0,1.0,2.0,0
2908475,343.40400000000005,1.8345,1.0,4.0,80.31,4.0,2.0,2.0,0.0,1.0,6.0,3.0,24.0,1.0,0.0,1.0,124.0,0.0,1.0,1.0,0
6603703,329.44,3.2553000000000027,3.0,4.0,75.71000000000001,2.0,1.0,1.0,0.0,4.0,4.0,6.0,24.0,5.0,4.0,1.0,130.0,0.0,1.0,0.0,0
5307423,314.3850000000001,2.5200000000000005,1.0,4.0,68.28999999999999,3.0,1.0,0.0,1.0,1.0,5.0,3.0,23.0,2.0,1.0,1.0,122.0,1.0,2.0,1.0,0
11949121,387.5240000000002,1.7152999999999998,1.0,6.0,56.25000000000001,4.0,1.0,1.0,0.0,3.0,6.0,4.0,28.0,3.0,1.0,2.0,154.0,0.0,2.0,0.0,0
5307946,482.6060000000003,3.4523800000000024,0.0,6.0,86.96000000000001,6.0,3.0,2.0,1.0,1.0,9.0,4.0,34.0,1.0,0.0,1.0,180.0,0.0,2.0,1.0,0
654163,457.5960000000003,3.724900000000003,1.0,5.0,78.95,7.0,2.0,2.0,0.0,2.0,8.0,4.0,32.0,2.0,0.0,2.0,172.0,0.0,2.0,1.0,0
2501418,355.35000000000014,2.0133,0.0,8.0,92.54,6.0,3.0,2.0,1.0,0.0,8.0,3.0,26.0,0.0,0.0,0.0,134.0,0.0,1.0,0.0,0
713952,349.3940000000001,2.2147999999999994,2.0,5.0,88.91,6.0,3.0,2.0,1.0,0.0,7.0,3.0,26.0,0.0,0.0,0.0,132.0,0.0,1.0,2.0,0
135449504,424.4860000000001,2.9060000000000006,1.0,9.0,107.81,7.0,4.0,1.0,3.0,0.0,10.0,4.0,30.0,0.0,0.0,0.0,154.0,0.0,3.0,0.0,0
644785,353.338,1.6943999999999997,1.0,8.0,100.39,4.0,3.0,2.0,1.0,0.0,9.0,4.0,26.0,1.0,0.0,1.0,132.0,0.0,2.0,1.0,0
2155773,416.91200000000015,2.8443000000000014,0.0,8.0,88.77,5.0,2.0,0.0,2.0,1.0,11.0,3.0,26.0,1.0,0.0,1.0,140.0,0.0,3.0,2.0,0
665004,468.9660000000001,5.369300000000004,1.0,7.0,82.17999999999999,9.0,4.0,2.0,2.0,0.0,9.0,4.0,32.0,0.0,0.0,0.0,164.0,0.0,2.0,1.0,0
135448142,386.4770000000002,3.0599000000000007,2.0,7.0,96.97,5.0,2.0,0.0,2.0,0.0,8.0,3.0,27.0,1.0,0.0,1.0,142.0,0.0,3.0,0.0,0
340848,326.4080000000002,0.0738000000000014,2.0,8.0,110.08,1.0,2.0,0.0,2.0,0.0,8.0,4.0,24.0,2.0,0.0,2.0,126.0,0.0,4.0,0.0,0
658705,377.4880000000001,3.5002200000000023,0.0,5.0,37.71,5.0,3.0,2.0,1.0,1.0,5.0,4.0,28.0,1.0,0.0,1.0,146.0,0.0,2.0,0.0,0
3235678,375.40200000000016,3.4002000000000017,2.0,6.0,105.84,5.0,2.0,0.0,2.0,0.0,8.0,3.0,26.0,1.0,1.0,0.0,136.0,0.0,2.0,1.0,0
2277124,388.795,1.8874,1.0,4.0,75.71000000000001,7.0,1.0,1.0,0.0,0.0,11.0,1.0,24.0,0.0,0.0,0.0,136.0,0.0,0.0,1.0,0
16758745,406.5230000000004,2.100599999999999,2.0,6.0,99.43,4.0,0.0,0.0,0.0,4.0,7.0,4.0,29.0,4.0,3.0,1.0,162.0,0.0,1.0,2.0,0
3240905,370.4050000000001,2.135699999999999,1.0,5.0,77.10000000000001,7.0,2.0,2.0,0.0,0.0,7.0,3.0,27.0,1.0,0.0,1.0,142.0,0.0,1.0,2.0,0
16758666,438.5240000000002,2.2865,2.0,6.0,99.43,6.0,1.0,1.0,0.0,3.0,7.0,4.0,32.0,3.0,2.0,1.0,170.0,0.0,1.0,2.0,0
3234168,353.44400000000013,1.5844999999999998,1.0,4.0,78.95,3.0,1.0,1.0,0.0,2.0,8.0,3.0,24.0,2.0,0.0,2.0,132.0,1.0,2.0,2.0,0
3237877,176.17099999999996,2.341,1.0,3.0,50.44,1.0,2.0,1.0,1.0,0.0,3.0,2.0,13.0,0.0,0.0,0.0,66.0,0.0,1.0,0.0,0
3242786,321.40200000000004,1.8552,1.0,6.0,67.60000000000001,6.0,2.0,0.0,2.0,1.0,7.0,3.0,22.0,1.0,0.0,1.0,118.0,0.0,3.0,1.0,0
3243908,232.279,3.0603000000000016,1.0,3.0,46.53,0.0,1.0,1.0,0.0,1.0,3.0,3.0,17.0,2.0,1.0,1.0,90.0,1.0,1.0,0.0,0
665649,458.58000000000027,2.8684000000000003,2.0,5.0,95.94,6.0,2.0,2.0,0.0,2.0,8.0,4.0,32.0,2.0,1.0,1.0,172.0,0.0,1.0,1.0,0
2114383,251.38000000000005,3.782200000000002,1.0,5.0,37.81,4.0,2.0,1.0,1.0,0.0,5.0,2.0,16.0,0.0,0.0,0.0,84.0,0.0,1.0,0.0,0
763967,314.3600000000001,2.8766000000000016,0.0,4.0,24.94,3.0,2.0,2.0,0.0,1.0,5.0,4.0,23.0,2.0,0.0,2.0,120.0,0.0,2.0,0.0,0
3234635,306.75600000000003,4.135900000000002,0.0,4.0,43.6,2.0,4.0,2.0,2.0,0.0,5.0,4.0,22.0,0.0,0.0,0.0,106.0,0.0,2.0,0.0,0
6604661,337.463,4.236000000000003,1.0,3.0,40.540000000000006,6.0,2.0,2.0,0.0,1.0,3.0,3.0,25.0,1.0,0.0,1.0,132.0,0.0,1.0,0.0,0
650936,370.4340000000001,2.9019000000000013,0.0,7.0,77.44,7.0,3.0,1.0,2.0,0.0,8.0,3.0,26.0,0.0,0.0,0.0,134.0,0.0,2.0,1.0,0
802092,307.37499999999994,2.819490000000001,1.0,6.0,61.3,6.0,2.0,1.0,1.0,0.0,7.0,2.0,21.0,0.0,0.0,0.0,112.0,0.0,1.0,0.0,0
3240771,422.4780000000002,1.9384999999999992,2.0,7.0,120.03,11.0,1.0,1.0,0.0,0.0,9.0,1.0,30.0,0.0,0.0,0.0,166.0,0.0,0.0,2.0,0
2981194,409.87300000000016,3.992700000000003,0.0,5.0,66.65,3.0,3.0,2.0,1.0,2.0,7.0,5.0,29.0,2.0,0.0,2.0,148.0,0.0,3.0,2.0,0
2999793,207.258,1.7338999999999998,1.0,4.0,46.92,2.0,2.0,0.0,2.0,0.0,5.0,2.0,14.0,0.0,0.0,0.0,72.0,0.0,2.0,1.0,0
531389,239.296,1.5257,0.0,4.0,46.61,2.0,1.0,0.0,1.0,1.0,5.0,2.0,16.0,1.0,0.0,1.0,86.0,0.0,2.0,1.0,0
4167161,425.8760000000001,3.3899000000000017,2.0,7.0,104.29,5.0,3.0,2.0,1.0,0.0,9.0,4.0,30.0,1.0,0.0,1.0,154.0,0.0,2.0,1.0,0
654620,303.3250000000001,1.52154,1.0,6.0,119.51,1.0,1.0,0.0,1.0,0.0,6.0,3.0,23.0,2.0,1.0,1.0,112.0,0.0,2.0,0.0,0
667215,238.678,2.0586,1.0,5.0,68.18,1.0,2.0,1.0,1.0,1.0,6.0,3.0,16.0,1.0,0.0,1.0,84.0,0.0,2.0,0.0,0
3237688,451.4670000000002,2.2824,2.0,8.0,96.97,7.0,1.0,0.0,1.0,0.0,12.0,2.0,30.0,1.0,0.0,1.0,168.0,0.0,2.0,1.0,0
649153,455.5150000000002,1.84422,1.0,8.0,111.72,10.0,3.0,1.0,2.0,1.0,10.0,4.0,33.0,1.0,0.0,1.0,176.0,0.0,3.0,2.0,0
2998933,417.4500000000001,3.314820000000002,0.0,9.0,91.9,4.0,5.0,2.0,3.0,0.0,9.0,5.0,30.0,0.0,0.0,0.0,148.0,0.0,3.0,0.0,0
3243230,464.59100000000046,3.838320000000003,1.0,6.0,84.3,8.0,3.0,2.0,1.0,1.0,8.0,4.0,33.0,1.0,0.0,1.0,172.0,0.0,2.0,2.0,0
3247101,686.8090000000001,5.728700000000007,2.0,7.0,117.1,9.0,5.0,3.0,2.0,2.0,10.0,8.0,51.0,3.0,1.0,2.0,262.0,0.0,4.0,2.0,0
2116329,368.4360000000001,1.3615,1.0,7.0,84.94,6.0,1.0,1.0,0.0,1.0,9.0,3.0,24.0,2.0,0.0,2.0,128.0,0.0,2.0,3.0,0
3798162,361.3970000000001,3.329500000000001,1.0,4.0,70.75,6.0,3.0,2.0,1.0,0.0,5.0,4.0,27.0,1.0,0.0,1.0,136.0,0.0,2.0,1.0,0
3766486,364.4900000000002,2.2883,2.0,6.0,90.69,8.0,1.0,0.0,1.0,1.0,7.0,2.0,26.0,1.0,1.0,0.0,146.0,0.0,1.0,0.0,0
848256,320.1859999999999,4.173200000000002,1.0,2.0,42.24,2.0,2.0,1.0,1.0,0.0,4.0,3.0,19.0,1.0,1.0,0.0,98.0,0.0,1.0,1.0,0
3233578,293.33,2.0311,0.0,5.0,63.91,3.0,3.0,1.0,2.0,0.0,6.0,3.0,22.0,0.0,0.0,0.0,110.0,0.0,2.0,1.0,0
664985,327.409,3.101600000000001,1.0,4.0,62.3,4.0,3.0,2.0,1.0,0.0,6.0,3.0,23.0,0.0,0.0,0.0,118.0,0.0,1.0,0.0,0
650290,356.51800000000014,3.315400000000002,0.0,6.0,50.080000000000005,4.0,2.0,1.0,1.0,1.0,6.0,3.0,26.0,1.0,0.0,1.0,142.0,0.0,2.0,0.0,0
92044625,387.44700000000006,3.996120000000002,3.0,5.0,108.48,5.0,4.0,0.0,4.0,0.0,8.0,4.0,29.0,0.0,0.0,0.0,146.0,0.0,4.0,2.0,1
6603874,357.23300000000006,4.392100000000004,1.0,3.0,63.6,4.0,1.0,1.0,0.0,1.0,6.0,3.0,23.0,2.0,2.0,0.0,124.0,0.0,0.0,0.0,0
16758358,333.4500000000001,0.9869999999999994,2.0,6.0,84.86,11.0,0.0,0.0,0.0,0.0,7.0,0.0,22.0,0.0,0.0,0.0,128.0,0.0,0.0,1.0,0
652184,396.4680000000002,3.3511000000000024,1.0,4.0,79.61999999999999,5.0,3.0,2.0,1.0,0.0,7.0,4.0,28.0,1.0,0.0,1.0,144.0,0.0,2.0,1.0,0
118380980,421.5490000000002,4.125300000000003,4.0,5.0,97.97,6.0,3.0,1.0,2.0,1.0,8.0,4.0,31.0,1.0,1.0,0.0,164.0,0.0,2.0,2.0,1
118365132,377.35100000000006,3.068500000000001,3.0,5.0,101.16,7.0,3.0,1.0,2.0,0.0,10.0,3.0,27.0,0.0,0.0,0.0,142.0,0.0,2.0,2.0,1
3236338,293.39200000000005,2.45458,1.0,4.0,63.99,3.0,2.0,1.0,1.0,0.0,6.0,2.0,20.0,0.0,0.0,0.0,108.0,0.0,1.0,0.0,0
782395,233.31099999999992,2.0406,0.0,3.0,21.700000000000003,4.0,1.0,1.0,0.0,1.0,3.0,2.0,17.0,1.0,0.0,1.0,92.0,0.0,1.0,0.0,0
654638,412.4750000000001,3.364300000000001,2.0,8.0,114.94,7.0,3.0,1.0,2.0,1.0,10.0,4.0,29.0,1.0,1.0,0.0,150.0,0.0,2.0,2.0,0
3137831,402.6820000000001,6.744760000000003,0.0,8.0,47.58,6.0,0.0,0.0,0.0,0.0,8.0,2.0,22.0,2.0,0.0,2.0,116.0,0.0,2.0,0.0,0
3240303,366.52700000000016,2.29052,1.0,4.0,66.48,8.0,1.0,1.0,0.0,1.0,6.0,2.0,25.0,1.0,0.0,1.0,140.0,0.0,1.0,1.0,0
667126,226.261,0.2858999999999999,1.0,6.0,72.28,3.0,2.0,0.0,2.0,0.0,7.0,2.0,15.0,0.0,0.0,0.0,80.0,0.0,2.0,0.0,0
2408679,349.3900000000001,2.5589000000000004,0.0,5.0,64.43,4.0,3.0,2.0,1.0,0.0,6.0,4.0,26.0,1.0,0.0,1.0,132.0,0.0,2.0,1.0,0
664003,428.3720000000001,1.7065999999999997,2.0,8.0,119.85,5.0,3.0,2.0,1.0,0.0,10.0,4.0,31.0,1.0,0.0,1.0,160.0,0.0,2.0,0.0,0
3235282,284.363,2.3161000000000005,2.0,5.0,59.07,4.0,2.0,1.0,1.0,1.0,5.0,3.0,21.0,1.0,0.0,1.0,110.0,0.0,2.0,0.0,0
3234961,300.293,1.69092,0.0,6.0,69.9,3.0,3.0,1.0,2.0,0.0,7.0,3.0,22.0,0.0,0.0,0.0,112.0,0.0,2.0,0.0,0
2999434,374.51000000000016,3.552800000000002,2.0,5.0,76.02000000000001,6.0,2.0,1.0,1.0,1.0,7.0,3.0,26.0,1.0,1.0,0.0,140.0,0.0,1.0,3.0,0
3237985,244.338,2.903020000000001,1.0,2.0,34.03,4.0,2.0,1.0,1.0,0.0,3.0,2.0,18.0,0.0,0.0,0.0,96.0,0.0,1.0,1.0,0
3234259,367.4090000000002,1.3364999999999998,0.0,8.0,82.37,5.0,3.0,1.0,2.0,1.0,8.0,4.0,27.0,1.0,0.0,1.0,140.0,0.0,3.0,0.0,0
5307122,376.4820000000001,1.4777199999999997,2.0,4.0,95.16,6.0,2.0,1.0,1.0,1.0,8.0,3.0,26.0,1.0,0.0,1.0,140.0,0.0,2.0,1.0,0
5307913,410.5400000000004,1.92852,0.0,6.0,86.96,5.0,1.0,0.0,1.0,2.0,9.0,3.0,28.0,2.0,0.0,2.0,156.0,0.0,3.0,1.0,0
646128,357.4980000000002,3.099600000000001,2.0,2.0,61.440000000000005,5.0,1.0,1.0,0.0,2.0,5.0,3.0,26.0,2.0,1.0,1.0,142.0,0.0,1.0,3.0,0
3242005,373.39,2.2279,1.0,7.0,119.23,6.0,3.0,2.0,1.0,0.0,9.0,3.0,26.0,0.0,0.0,0.0,134.0,0.0,1.0,1.0,0
2931168,273.336,2.1019,1.0,4.0,56.15,7.0,2.0,1.0,1.0,0.0,5.0,2.0,20.0,0.0,0.0,0.0,106.0,0.0,1.0,1.0,0
3233675,366.4250000000002,0.9095000000000002,1.0,8.0,85.17,5.0,3.0,1.0,2.0,1.0,8.0,4.0,27.0,1.0,0.0,1.0,140.0,0.0,3.0,0.0,0
37542,244.207,-3.0114999999999994,4.0,8.0,143.72000000000003,3.0,1.0,0.0,1.0,1.0,9.0,2.0,17.0,1.0,0.0,1.0,94.0,0.0,2.0,1.0,0
3233247,335.3630000000001,3.493000000000001,1.0,6.0,65.5,5.0,3.0,2.0,1.0,0.0,6.0,4.0,25.0,1.0,0.0,1.0,126.0,0.0,2.0,0.0,0
3237154,385.44500000000016,2.6571000000000007,1.0,5.0,82.71000000000001,2.0,3.0,1.0,2.0,1.0,8.0,4.0,27.0,1.0,0.0,1.0,140.0,0.0,3.0,2.0,0
655435,476.5810000000002,4.774900000000004,1.0,8.0,102.07,9.0,4.0,1.0,3.0,1.0,9.0,5.0,35.0,1.0,1.0,0.0,184.0,0.0,3.0,0.0,0
54679877,288.307,1.34696,2.0,7.0,97.11,3.0,2.0,0.0,2.0,0.0,7.0,2.0,21.0,0.0,0.0,0.0,110.0,0.0,2.0,0.0,0
73504794,388.45300000000015,2.6022000000000007,4.0,5.0,128.87,6.0,3.0,1.0,2.0,0.0,10.0,3.0,27.0,0.0,0.0,0.0,142.0,0.0,2.0,2.0,1
135447974,330.413,1.7335999999999994,2.0,5.0,92.07999999999998,4.0,2.0,1.0,1.0,1.0,7.0,3.0,23.0,1.0,0.0,1.0,120.0,0.0,2.0,1.0,0
657775,251.23800000000003,1.5782,3.0,3.0,103.7,6.0,1.0,1.0,0.0,0.0,6.0,1.0,18.0,0.0,0.0,0.0,96.0,0.0,0.0,1.0,0
649014,367.405,2.7280000000000006,2.0,4.0,79.9,4.0,2.0,2.0,0.0,1.0,7.0,4.0,27.0,2.0,0.0,2.0,140.0,0.0,2.0,3.0,0
3243178,424.4570000000001,1.7481999999999995,2.0,7.0,123.15,9.0,3.0,1.0,2.0,0.0,9.0,3.0,31.0,0.0,0.0,0.0,162.0,0.0,2.0,1.0,0
2997782,301.305,2.792180000000001,1.0,5.0,78.91,1.0,3.0,2.0,1.0,0.0,5.0,4.0,23.0,1.0,0.0,1.0,110.0,0.0,2.0,0.0,0
2784339,287.315,2.0424,0.0,4.0,59.75,1.0,2.0,1.0,1.0,1.0,5.0,3.0,21.0,1.0,0.0,1.0,110.0,0.0,2.0,1.0,0
2193549,364.3570000000001,3.790820000000002,3.0,4.0,108.64,5.0,3.0,2.0,1.0,0.0,7.0,3.0,27.0,0.0,0.0,0.0,136.0,0.0,1.0,2.0,0
3245423,413.3730000000001,3.795300000000003,1.0,5.0,89.52,6.0,3.0,1.0,2.0,0.0,10.0,3.0,28.0,0.0,0.0,0.0,148.0,0.0,2.0,1.0,0
2941837,489.5760000000003,2.8710000000000013,1.0,7.0,96.77,5.0,3.0,2.0,1.0,2.0,9.0,5.0,36.0,2.0,0.0,2.0,188.0,0.0,3.0,2.0,0
5308915,328.41599999999994,1.6328199999999993,1.0,5.0,59.39000000000001,6.0,2.0,1.0,1.0,1.0,6.0,3.0,24.0,1.0,0.0,1.0,128.0,0.0,2.0,1.0,0
6604321,458.5210000000002,-1.218899999999995,2.0,7.0,136.51,7.0,2.0,0.0,2.0,1.0,11.0,4.0,31.0,2.0,0.0,2.0,160.0,0.0,4.0,3.0,0
2998530,475.52300000000025,3.859040000000003,1.0,10.0,125.77000000000002,10.0,3.0,1.0,2.0,0.0,11.0,3.0,33.0,0.0,0.0,0.0,176.0,0.0,2.0,0.0,0
5461337,377.424,3.874800000000003,2.0,2.0,49.33,7.0,3.0,3.0,0.0,1.0,4.0,4.0,27.0,1.0,1.0,0.0,138.0,0.0,0.0,0.0,0
3245160,304.34600000000006,1.6204000000000005,0.0,5.0,64.68,3.0,2.0,1.0,1.0,1.0,6.0,3.0,22.0,1.0,0.0,1.0,118.0,0.0,2.0,1.0,0
71554728,429.4590000000001,4.533400000000002,3.0,5.0,100.52,4.0,5.0,2.0,3.0,0.0,9.0,5.0,32.0,0.0,0.0,0.0,160.0,0.0,3.0,2.0,1
2999581,304.353,3.3427000000000007,1.0,5.0,51.97,3.0,3.0,2.0,1.0,0.0,5.0,4.0,23.0,1.0,0.0,1.0,114.0,0.0,2.0,0.0,0
21184,237.255,1.7776,2.0,3.0,75.63000000000001,6.0,1.0,1.0,0.0,0.0,5.0,1.0,17.0,0.0,0.0,0.0,92.0,0.0,0.0,1.0,0
897121,312.3690000000001,2.7841000000000014,1.0,4.0,50.8,4.0,2.0,2.0,0.0,1.0,5.0,3.0,23.0,1.0,0.0,1.0,120.0,0.0,1.0,1.0,0
3235903,470.5730000000003,0.8663200000000004,1.0,9.0,127.67,7.0,2.0,0.0,2.0,1.0,12.0,3.0,31.0,1.0,0.0,1.0,170.0,0.0,3.0,1.0,0
3251903,323.437,2.8217000000000008,2.0,5.0,87.44999999999999,10.0,1.0,0.0,1.0,0.0,6.0,1.0,23.0,0.0,0.0,0.0,130.0,0.0,1.0,0.0,0
2179738,290.27500000000003,0.6243999999999998,0.0,5.0,76.15,2.0,1.0,1.0,0.0,1.0,7.0,3.0,21.0,2.0,0.0,2.0,110.0,0.0,2.0,4.0,0
654469,301.34200000000004,2.8398200000000013,1.0,4.0,68.53999999999999,6.0,2.0,1.0,1.0,0.0,5.0,2.0,22.0,0.0,0.0,0.0,116.0,0.0,1.0,1.0,0
655137,480.61300000000034,3.755600000000003,0.0,9.0,77.77,9.0,3.0,2.0,1.0,1.0,9.0,4.0,35.0,1.0,0.0,1.0,188.0,0.0,2.0,0.0,0
647253,259.4,3.1689000000000016,1.0,5.0,54.88,7.0,1.0,0.0,1.0,0.0,6.0,1.0,16.0,0.0,0.0,0.0,90.0,0.0,1.0,1.0,0
655191,387.436,3.424400000000002,1.0,5.0,71.0,4.0,2.0,2.0,0.0,1.0,8.0,3.0,27.0,1.0,0.0,1.0,140.0,0.0,1.0,2.0,0
649970,470.5990000000005,2.5648,1.0,9.0,94.16,7.0,3.0,1.0,2.0,1.0,10.0,4.0,33.0,1.0,0.0,1.0,176.0,0.0,3.0,1.0,0
650605,453.5470000000004,2.115299999999999,1.0,9.0,101.4,6.0,3.0,1.0,2.0,1.0,10.0,5.0,33.0,2.0,0.0,2.0,176.0,0.0,4.0,0.0,0
3237901,297.40200000000004,3.4472000000000014,2.0,2.0,44.370000000000005,5.0,2.0,2.0,0.0,1.0,4.0,3.0,22.0,1.0,0.0,1.0,116.0,0.0,1.0,2.0,0
649708,283.30600000000004,2.7075000000000005,1.0,3.0,50.16,1.0,3.0,1.0,2.0,0.0,5.0,4.0,21.0,1.0,1.0,0.0,106.0,0.0,2.0,0.0,0
646890,310.40000000000015,2.25488,2.0,5.0,90.19,5.0,1.0,0.0,1.0,0.0,7.0,2.0,20.0,1.0,1.0,0.0,106.0,0.0,1.0,1.0,0
11949190,611.1850000000001,8.877300000000002,0.0,4.0,42.43,7.0,5.0,4.0,1.0,4.0,5.0,9.0,45.0,4.0,3.0,1.0,224.0,1.0,2.0,0.0,0
666554,443.5250000000002,3.852000000000003,1.0,7.0,111.39,7.0,3.0,2.0,1.0,0.0,9.0,3.0,31.0,0.0,0.0,0.0,164.0,0.0,1.0,1.0,0
2952397,297.3760000000001,0.8965999999999998,1.0,4.0,72.47,6.0,1.0,1.0,0.0,1.0,6.0,2.0,20.0,1.0,0.0,1.0,110.0,0.0,1.0,1.0,0
862103,291.31,3.521200000000001,1.0,4.0,64.11,4.0,3.0,2.0,1.0,0.0,5.0,3.0,22.0,0.0,0.0,0.0,108.0,0.0,1.0,1.0,0
3233537,357.3850000000001,3.1888000000000014,1.0,3.0,65.79,2.0,2.0,1.0,1.0,2.0,7.0,4.0,26.0,2.0,0.0,2.0,136.0,1.0,3.0,3.0,0
665036,365.7690000000001,1.7281999999999995,1.0,5.0,85.30000000000001,4.0,1.0,1.0,0.0,2.0,8.0,4.0,25.0,3.0,0.0,3.0,132.0,1.0,3.0,1.0,0
649779,346.4750000000002,2.7049200000000004,1.0,5.0,67.35,4.0,1.0,0.0,1.0,2.0,6.0,3.0,25.0,2.0,1.0,1.0,138.0,0.0,2.0,1.0,0
2998430,402.472,2.0715000000000003,0.0,5.0,83.99,5.0,2.0,2.0,0.0,0.0,8.0,3.0,28.0,1.0,0.0,1.0,148.0,0.0,1.0,1.0,0
662003,455.47400000000033,3.2338000000000022,0.0,9.0,93.29,3.0,5.0,2.0,3.0,1.0,9.0,7.0,34.0,2.0,0.0,2.0,170.0,0.0,5.0,0.0,0
2135659,378.4360000000001,2.045839999999999,3.0,6.0,114.93,6.0,3.0,2.0,1.0,0.0,8.0,3.0,28.0,0.0,0.0,0.0,144.0,0.0,1.0,2.0,0
5309142,466.6070000000002,3.278200000000002,1.0,5.0,82.61,8.0,3.0,2.0,1.0,1.0,8.0,4.0,33.0,1.0,0.0,1.0,174.0,0.0,2.0,1.0,0
3236546,387.5240000000003,2.426,1.0,4.0,61.88,8.0,1.0,1.0,0.0,2.0,6.0,3.0,28.0,2.0,0.0,2.0,154.0,0.0,2.0,2.0,0
748484,297.31,2.812820000000001,0.0,4.0,55.84,3.0,2.0,2.0,0.0,0.0,5.0,3.0,22.0,1.0,0.0,1.0,112.0,0.0,1.0,2.0,0
2237121,339.39900000000006,3.046100000000001,3.0,6.0,84.09,8.0,3.0,2.0,1.0,0.0,7.0,3.0,25.0,0.0,0.0,0.0,130.0,0.0,1.0,0.0,0
3233734,288.3950000000001,1.6706,0.0,4.0,49.33,3.0,1.0,0.0,1.0,2.0,5.0,3.0,21.0,2.0,0.0,2.0,114.0,1.0,3.0,1.0,0
5308163,381.4610000000001,2.681620000000001,1.0,7.0,81.28999999999999,5.0,4.0,0.0,4.0,0.0,8.0,4.0,27.0,0.0,0.0,0.0,138.0,0.0,4.0,1.0,0
5771803,397.56200000000007,6.579900000000007,1.0,1.0,29.1,9.0,3.0,3.0,0.0,1.0,2.0,4.0,30.0,1.0,1.0,0.0,154.0,0.0,0.0,1.0,0
3246272,305.374,1.9435,1.0,4.0,69.59,4.0,1.0,1.0,0.0,2.0,5.0,3.0,22.0,2.0,0.0,2.0,120.0,0.0,2.0,0.0,0
662294,388.2310000000001,4.690400000000005,1.0,4.0,49.77,6.0,2.0,2.0,0.0,0.0,7.0,2.0,24.0,0.0,0.0,0.0,130.0,0.0,0.0,0.0,0
2098560,363.8010000000002,2.138100000000001,2.0,5.0,83.81,5.0,2.0,1.0,1.0,1.0,8.0,3.0,25.0,1.0,0.0,1.0,132.0,0.0,2.0,2.0,0
2729247,242.278,1.8439,0.0,2.0,49.74,1.0,1.0,1.0,0.0,0.0,4.0,3.0,18.0,2.0,0.0,2.0,92.0,0.0,2.0,2.0,0
655120,345.38000000000017,2.227219999999999,0.0,8.0,74.95,3.0,3.0,1.0,2.0,0.0,8.0,4.0,24.0,1.0,0.0,1.0,124.0,0.0,3.0,0.0,0
12018,128.986,0.8249,1.0,1.0,20.23,2.0,0.0,0.0,0.0,0.0,3.0,0.0,6.0,0.0,0.0,0.0,38.0,0.0,0.0,0.0,0
1090945,357.4350000000002,3.298540000000002,1.0,5.0,73.22,5.0,3.0,2.0,1.0,0.0,7.0,3.0,25.0,0.0,0.0,0.0,130.0,0.0,1.0,0.0,0
773130,205.213,1.5116,1.0,2.0,57.61,2.0,1.0,1.0,0.0,1.0,4.0,2.0,15.0,1.0,0.0,1.0,78.0,0.0,1.0,1.0,0
2160609,354.28400000000005,3.504200000000001,2.0,4.0,68.82000000000001,3.0,2.0,2.0,0.0,0.0,9.0,3.0,25.0,1.0,0.0,1.0,132.0,0.0,1.0,2.0,0
5309411,411.4870000000001,2.9705000000000013,1.0,8.0,89.35,5.0,3.0,1.0,2.0,1.0,9.0,4.0,29.0,1.0,0.0,1.0,150.0,0.0,3.0,1.0,0
2021501,418.47800000000007,0.6558799999999996,0.0,7.0,88.22,3.0,3.0,1.0,2.0,1.0,8.0,4.0,30.0,1.0,0.0,1.0,150.0,0.0,3.0,1.0,0
76072175,367.409,3.008300000000001,3.0,5.0,101.16,6.0,3.0,1.0,2.0,1.0,8.0,4.0,27.0,1.0,0.0,1.0,140.0,0.0,3.0,2.0,1
3080554,181.147,0.4069,2.0,3.0,87.49,3.0,1.0,0.0,1.0,0.0,5.0,1.0,13.0,0.0,0.0,0.0,68.0,0.0,1.0,0.0,0
574780,273.20700000000005,2.783300000000001,0.0,2.0,6.48,3.0,1.0,1.0,0.0,1.0,4.0,2.0,17.0,1.0,0.0,1.0,94.0,0.0,1.0,0.0,0
648037,468.6080000000002,3.9860000000000015,0.0,10.0,79.88,11.0,4.0,2.0,2.0,0.0,10.0,4.0,32.0,0.0,0.0,0.0,166.0,0.0,2.0,0.0,0
61410,198.30599999999995,3.4662000000000024,0.0,2.0,26.3,9.0,0.0,0.0,0.0,0.0,2.0,0.0,14.0,0.0,0.0,0.0,82.0,0.0,0.0,0.0,0
3234563,392.46300000000014,1.9488,0.0,8.0,76.38000000000001,4.0,3.0,1.0,2.0,2.0,8.0,5.0,29.0,2.0,1.0,1.0,150.0,0.0,3.0,0.0,0
2998867,450.5130000000002,0.8876,0.0,7.0,118.13,8.0,1.0,1.0,0.0,1.0,10.0,3.0,31.0,2.0,0.0,2.0,168.0,0.0,2.0,3.0,0
2169094,234.26200000000003,2.7557600000000013,2.0,4.0,85.63,2.0,2.0,2.0,0.0,0.0,4.0,2.0,18.0,0.0,0.0,0.0,86.0,0.0,0.0,0.0,0
5310864,269.344,2.9354000000000013,1.0,2.0,46.17,2.0,1.0,1.0,0.0,2.0,3.0,3.0,20.0,2.0,2.0,0.0,104.0,0.0,0.0,1.0,0
1192842,356.403,2.891400000000001,1.0,4.0,79.62,5.0,3.0,2.0,1.0,0.0,7.0,4.0,25.0,1.0,0.0,1.0,128.0,0.0,2.0,1.0,0
3000223,443.9160000000001,2.4960000000000004,2.0,6.0,108.05,6.0,2.0,1.0,1.0,2.0,10.0,5.0,30.0,3.0,2.0,1.0,154.0,0.0,2.0,3.0,0
73677,386.3120000000002,2.3163400000000007,2.0,9.0,128.59000000000003,2.0,2.0,2.0,0.0,0.0,9.0,4.0,28.0,2.0,0.0,2.0,144.0,0.0,2.0,0.0,0
2851017,275.3560000000001,2.1348000000000003,2.0,4.0,83.56,3.0,1.0,0.0,1.0,4.0,6.0,5.0,20.0,4.0,4.0,0.0,108.0,0.0,1.0,1.0,0
645639,382.4160000000001,2.5264,2.0,5.0,89.65,7.0,3.0,2.0,1.0,0.0,7.0,3.0,28.0,0.0,0.0,0.0,146.0,0.0,1.0,1.0,0
4303263,156.13699999999997,0.8119999999999996,3.0,4.0,69.92,1.0,1.0,1.0,0.0,0.0,4.0,1.0,11.0,0.0,0.0,0.0,60.0,0.0,0.0,0.0,0
5308508,405.4540000000002,4.097200000000004,0.0,6.0,81.47999999999999,5.0,4.0,1.0,3.0,1.0,7.0,5.0,30.0,1.0,1.0,0.0,154.0,0.0,3.0,1.0,0
662452,448.5890000000004,4.654740000000004,2.0,7.0,106.35,10.0,2.0,1.0,1.0,0.0,9.0,2.0,31.0,0.0,0.0,0.0,170.0,0.0,1.0,2.0,0
3238591,349.43700000000007,3.9901200000000014,1.0,8.0,73.34,5.0,3.0,1.0,2.0,0.0,8.0,3.0,23.0,0.0,0.0,0.0,120.0,0.0,2.0,0.0,0
3234755,372.4680000000001,4.689200000000004,0.0,3.0,36.690000000000005,3.0,3.0,2.0,1.0,2.0,4.0,5.0,28.0,2.0,0.0,2.0,142.0,1.0,3.0,1.0,0
783701,347.2560000000001,3.476900000000001,1.0,3.0,26.71,3.0,2.0,2.0,0.0,1.0,4.0,3.0,21.0,1.0,0.0,1.0,110.0,0.0,1.0,0.0,0
6400926,318.38000000000005,3.7211000000000016,2.0,5.0,61.28,4.0,3.0,2.0,1.0,0.0,5.0,4.0,24.0,1.0,0.0,1.0,120.0,0.0,2.0,0.0,0
666671,367.503,3.720600000000002,1.0,7.0,69.1,6.0,4.0,2.0,2.0,0.0,7.0,4.0,25.0,0.0,0.0,0.0,126.0,0.0,2.0,0.0,0
2228164,352.415,3.462200000000001,1.0,4.0,68.28999999999999,4.0,3.0,2.0,1.0,0.0,6.0,4.0,25.0,1.0,1.0,0.0,126.0,0.0,1.0,0.0,0
667152,392.84200000000016,5.187100000000004,1.0,4.0,64.24000000000001,4.0,4.0,2.0,2.0,0.0,6.0,4.0,28.0,0.0,0.0,0.0,140.0,0.0,2.0,1.0,0
3241307,302.39899999999994,2.253,0.0,4.0,42.31,3.0,2.0,1.0,1.0,1.0,5.0,3.0,21.0,1.0,0.0,1.0,110.0,0.0,2.0,1.0,0
654237,347.44,2.4294200000000004,1.0,4.0,79.37,7.0,2.0,1.0,1.0,0.0,7.0,2.0,24.0,0.0,0.0,0.0,128.0,0.0,1.0,1.0,0
6603971,390.5680000000001,3.6777000000000015,2.0,4.0,61.80000000000001,13.0,1.0,1.0,0.0,1.0,5.0,2.0,28.0,1.0,0.0,1.0,158.0,0.0,1.0,1.0,0
5198,247.726,2.496900000000001,1.0,3.0,61.77,4.0,0.0,0.0,0.0,1.0,6.0,1.0,16.0,1.0,1.0,0.0,92.0,0.0,0.0,2.0,0
973016,269.329,3.654300000000002,2.0,5.0,58.04,3.0,3.0,1.0,2.0,0.0,5.0,3.0,19.0,0.0,0.0,0.0,94.0,0.0,2.0,0.0,0
92044560,394.4350000000001,2.095299999999999,5.0,5.0,132.03,6.0,3.0,1.0,2.0,1.0,9.0,4.0,29.0,1.0,1.0,0.0,150.0,0.0,2.0,3.0,1
3240542,378.4760000000003,4.365860000000003,1.0,5.0,72.95,4.0,3.0,1.0,2.0,0.0,6.0,4.0,28.0,1.0,1.0,0.0,146.0,0.0,2.0,1.0,0
649847,330.823,3.381000000000002,1.0,6.0,68.52000000000001,6.0,3.0,1.0,2.0,0.0,7.0,3.0,23.0,0.0,0.0,0.0,120.0,0.0,2.0,0.0,0
99625,331.799,3.3320000000000016,1.0,3.0,55.400000000000006,7.0,2.0,2.0,0.0,0.0,5.0,2.0,23.0,0.0,0.0,0.0,120.0,0.0,0.0,1.0,0
2999700,355.39700000000005,4.598180000000003,1.0,5.0,71.07000000000001,4.0,4.0,3.0,1.0,0.0,5.0,4.0,27.0,0.0,0.0,0.0,132.0,0.0,1.0,0.0,0
2998822,384.436,3.1820000000000013,0.0,6.0,67.57,3.0,3.0,1.0,2.0,1.0,8.0,4.0,27.0,1.0,0.0,1.0,138.0,0.0,3.0,2.0,0
836483,273.357,3.669400000000002,1.0,3.0,38.33,4.0,2.0,2.0,0.0,0.0,4.0,2.0,19.0,0.0,0.0,0.0,98.0,0.0,0.0,1.0,0
1318,180.21,2.7830000000000004,0.0,2.0,25.78,0.0,3.0,1.0,2.0,0.0,2.0,3.0,14.0,0.0,0.0,0.0,66.0,0.0,2.0,0.0,0
619926,252.273,3.032120000000001,1.0,3.0,55.12,2.0,3.0,2.0,1.0,0.0,4.0,3.0,19.0,0.0,0.0,0.0,94.0,0.0,1.0,0.0,0
2979816,356.4700000000001,1.1245000000000005,2.0,4.0,64.68,3.0,1.0,1.0,0.0,3.0,6.0,4.0,26.0,3.0,1.0,2.0,140.0,0.0,2.0,2.0,0
2310760,356.37400000000014,4.243640000000004,0.0,6.0,78.88000000000001,4.0,3.0,1.0,2.0,0.0,6.0,3.0,26.0,0.0,0.0,0.0,136.0,0.0,2.0,0.0,0
121416620,415.45700000000016,2.73272,3.0,6.0,113.83,5.0,4.0,1.0,3.0,0.0,9.0,4.0,31.0,0.0,0.0,0.0,156.0,0.0,3.0,3.0,1
2375568,369.20400000000006,3.1214000000000013,1.0,5.0,77.52,6.0,2.0,1.0,1.0,0.0,8.0,2.0,24.0,0.0,0.0,0.0,126.0,0.0,1.0,1.0,0
934901,292.36,2.589520000000001,1.0,4.0,68.29,5.0,2.0,1.0,1.0,0.0,6.0,2.0,20.0,0.0,0.0,0.0,106.0,0.0,1.0,0.0,0
667412,308.34100000000007,1.7897999999999998,1.0,6.0,93.93,2.0,2.0,0.0,2.0,0.0,6.0,3.0,23.0,1.0,0.0,1.0,116.0,0.0,3.0,0.0,0
5293405,282.35100000000006,1.63898,1.0,6.0,91.72,3.0,1.0,0.0,1.0,1.0,6.0,3.0,21.0,2.0,2.0,0.0,108.0,0.0,1.0,0.0,0
1246046,286.33500000000004,1.64884,0.0,5.0,62.470000000000006,2.0,2.0,0.0,2.0,1.0,6.0,3.0,21.0,1.0,0.0,1.0,110.0,0.0,3.0,1.0,0
3237494,498.64900000000046,4.288700000000004,1.0,7.0,93.53,8.0,2.0,1.0,1.0,1.0,9.0,4.0,35.0,2.0,1.0,1.0,188.0,0.0,2.0,2.0,0
4311692,162.12799999999996,1.1001999999999998,0.0,3.0,70.13,1.0,2.0,1.0,1.0,0.0,5.0,2.0,12.0,0.0,0.0,0.0,60.0,0.0,1.0,0.0,0
664771,273.33200000000005,2.7371000000000008,1.0,3.0,55.400000000000006,3.0,1.0,1.0,0.0,1.0,4.0,3.0,20.0,2.0,1.0,1.0,106.0,0.0,1.0,1.0,0
647235,408.52500000000015,3.7478000000000034,0.0,6.0,50.080000000000005,6.0,3.0,2.0,1.0,1.0,7.0,4.0,30.0,1.0,0.0,1.0,158.0,0.0,2.0,0.0,0
3000041,323.443,3.446200000000002,1.0,6.0,64.11,7.0,2.0,1.0,1.0,0.0,7.0,2.0,21.0,0.0,0.0,0.0,112.0,0.0,1.0,1.0,0
3247152,621.7340000000004,4.821800000000005,0.0,7.0,90.31,9.0,4.0,3.0,1.0,1.0,9.0,6.0,46.0,2.0,1.0,1.0,238.0,0.0,2.0,2.0,0
3244657,411.45800000000014,2.717,2.0,5.0,110.96,6.0,2.0,2.0,0.0,0.0,8.0,3.0,30.0,1.0,0.0,1.0,158.0,0.0,1.0,3.0,0
16590,146.28,2.7398000000000016,0.0,2.0,0.0,5.0,0.0,0.0,0.0,0.0,2.0,0.0,8.0,0.0,0.0,0.0,46.0,0.0,0.0,0.0,0
912,125.17499999999998,0.1715999999999998,2.0,2.0,40.71,3.0,1.0,0.0,1.0,0.0,3.0,1.0,9.0,0.0,0.0,0.0,50.0,0.0,1.0,0.0,0
664997,442.5200000000003,0.8054000000000008,0.0,10.0,86.76000000000002,7.0,3.0,1.0,2.0,1.0,10.0,4.0,32.0,1.0,0.0,1.0,172.0,0.0,3.0,0.0,0
2630233,369.47200000000015,2.04992,1.0,9.0,99.0,7.0,2.0,0.0,2.0,0.0,10.0,2.0,24.0,0.0,0.0,0.0,130.0,0.0,2.0,1.0,0
979502,383.2380000000002,4.284320000000003,0.0,5.0,65.74000000000001,4.0,2.0,1.0,1.0,0.0,6.0,2.0,23.0,0.0,0.0,0.0,124.0,0.0,1.0,0.0,0
1615233,487.6110000000005,2.579200000000001,1.0,12.0,105.6,7.0,3.0,1.0,2.0,2.0,12.0,5.0,33.0,2.0,0.0,2.0,174.0,0.0,4.0,0.0,0
5315334,328.3640000000001,3.384500000000002,0.0,5.0,65.74000000000001,2.0,2.0,1.0,1.0,0.0,5.0,3.0,24.0,1.0,0.0,1.0,126.0,0.0,2.0,0.0,0
3244116,338.17600000000016,3.1988000000000003,1.0,2.0,46.17,1.0,1.0,1.0,0.0,0.0,5.0,3.0,20.0,2.0,1.0,1.0,104.0,0.0,1.0,1.0,0
749150,257.362,3.729800000000002,1.0,4.0,29.85,4.0,3.0,1.0,2.0,0.0,4.0,3.0,18.0,0.0,0.0,0.0,92.0,0.0,2.0,0.0,0
5328775,336.391,3.143880000000001,3.0,4.0,93.35,7.0,2.0,2.0,0.0,0.0,5.0,2.0,25.0,0.0,0.0,0.0,128.0,0.0,0.0,1.0,1
645853,278.333,2.19942,1.0,4.0,68.29,4.0,2.0,1.0,1.0,0.0,6.0,2.0,19.0,0.0,0.0,0.0,100.0,0.0,1.0,0.0,0
135462710,265.357,1.64762,1.0,4.0,58.220000000000006,5.0,1.0,0.0,1.0,1.0,5.0,2.0,19.0,1.0,0.0,1.0,106.0,0.0,2.0,0.0,0
3238260,344.52100000000013,2.3791,1.0,3.0,66.48,5.0,0.0,0.0,0.0,2.0,6.0,2.0,23.0,2.0,1.0,1.0,134.0,0.0,1.0,1.0,0
2998181,456.48700000000025,2.16728,0.0,9.0,85.92,4.0,1.0,1.0,0.0,3.0,10.0,5.0,32.0,4.0,0.0,4.0,170.0,0.0,4.0,0.0,0
645041,302.337,2.8798200000000014,0.0,5.0,52.71,2.0,4.0,2.0,2.0,0.0,5.0,4.0,23.0,0.0,0.0,0.0,112.0,0.0,2.0,0.0,0
652327,311.4290000000001,3.4410000000000016,1.0,4.0,42.98,4.0,3.0,1.0,2.0,0.0,4.0,3.0,23.0,0.0,0.0,0.0,122.0,0.0,2.0,0.0,0
663762,368.437,3.3026000000000018,1.0,7.0,92.26,6.0,3.0,1.0,2.0,1.0,7.0,4.0,27.0,1.0,0.0,1.0,142.0,0.0,3.0,0.0,0
3236461,322.33900000000006,4.185400000000003,1.0,3.0,45.48,3.0,3.0,2.0,1.0,0.0,5.0,4.0,24.0,1.0,0.0,1.0,120.0,0.0,2.0,1.0,0
3246001,370.4080000000001,4.840100000000004,3.0,4.0,82.45,5.0,4.0,3.0,1.0,0.0,5.0,4.0,28.0,0.0,0.0,0.0,138.0,0.0,1.0,0.0,0
9548050,230.304,1.6239999999999997,0.0,4.0,48.06,6.0,0.0,0.0,0.0,1.0,4.0,1.0,16.0,1.0,0.0,1.0,94.0,0.0,1.0,0.0,0
704624,254.31800000000004,3.343700000000001,1.0,5.0,50.7,3.0,3.0,0.0,3.0,0.0,5.0,3.0,18.0,0.0,0.0,0.0,88.0,0.0,3.0,0.0,0
651236,458.56600000000026,3.8160000000000025,1.0,7.0,88.92999999999999,6.0,4.0,2.0,2.0,0.0,8.0,5.0,34.0,1.0,0.0,1.0,176.0,0.0,3.0,0.0,0
3234328,301.375,2.0365199999999994,1.0,7.0,72.7,4.0,3.0,0.0,3.0,0.0,7.0,3.0,21.0,0.0,0.0,0.0,108.0,0.0,3.0,0.0,1
1518983,378.5000000000001,2.968600000000002,0.0,8.0,60.66,5.0,3.0,0.0,3.0,0.0,8.0,3.0,24.0,0.0,0.0,0.0,124.0,0.0,3.0,0.0,0
644516,292.36000000000007,4.2295000000000025,0.0,5.0,38.92,4.0,3.0,1.0,2.0,0.0,6.0,3.0,19.0,0.0,0.0,0.0,96.0,0.0,2.0,0.0,0
667083,332.36000000000007,0.9427999999999994,2.0,6.0,114.18,9.0,2.0,1.0,1.0,0.0,8.0,2.0,24.0,0.0,0.0,0.0,128.0,0.0,1.0,1.0,0
2338736,392.77000000000015,3.508720000000001,1.0,6.0,94.57,6.0,3.0,1.0,2.0,0.0,9.0,3.0,27.0,0.0,0.0,0.0,140.0,0.0,2.0,1.0,0
665573,352.41900000000004,3.748820000000002,0.0,7.0,61.540000000000006,5.0,4.0,2.0,2.0,0.0,7.0,4.0,25.0,0.0,0.0,0.0,126.0,0.0,2.0,0.0,0
2485525,443.33000000000015,4.383940000000003,0.0,8.0,82.52,5.0,4.0,2.0,2.0,0.0,9.0,4.0,27.0,0.0,0.0,0.0,136.0,0.0,2.0,0.0,0
1517919,379.4530000000001,1.941,1.0,10.0,111.53000000000002,5.0,4.0,2.0,2.0,0.0,10.0,4.0,27.0,0.0,0.0,0.0,136.0,0.0,2.0,0.0,0
2891087,286.3310000000001,1.5411,0.0,3.0,57.690000000000005,2.0,1.0,1.0,0.0,1.0,5.0,3.0,21.0,2.0,0.0,2.0,110.0,0.0,2.0,3.0,0
5308770,326.3710000000001,3.344100000000002,0.0,3.0,32.78,3.0,2.0,2.0,0.0,2.0,5.0,4.0,24.0,2.0,0.0,2.0,124.0,0.0,2.0,1.0,0
650436,345.39900000000006,3.2277000000000013,1.0,5.0,60.06,6.0,3.0,1.0,2.0,0.0,7.0,3.0,24.0,0.0,0.0,0.0,124.0,0.0,2.0,1.0,0
659043,204.118,0.9061999999999996,3.0,3.0,86.99000000000001,3.0,1.0,1.0,0.0,0.0,6.0,1.0,13.0,0.0,0.0,0.0,72.0,0.0,0.0,0.0,0
5713206,288.34700000000004,3.7212400000000025,0.0,4.0,42.85,4.0,2.0,1.0,1.0,0.0,5.0,2.0,20.0,0.0,0.0,0.0,102.0,0.0,1.0,0.0,1
648056,467.5690000000001,1.5006999999999997,1.0,6.0,113.09,7.0,2.0,2.0,0.0,1.0,11.0,3.0,31.0,1.0,0.0,1.0,168.0,0.0,1.0,1.0,0
651522,497.63300000000015,2.5851000000000006,2.0,5.0,104.81,10.0,1.0,1.0,0.0,2.0,10.0,3.0,34.0,2.0,1.0,1.0,190.0,0.0,1.0,2.0,0
3234375,272.3920000000001,2.915500000000001,0.0,2.0,23.550000000000004,1.0,1.0,1.0,0.0,2.0,3.0,3.0,20.0,2.0,0.0,2.0,108.0,1.0,2.0,1.0,0
652135,389.4810000000001,3.3051000000000013,2.0,6.0,96.45,5.0,2.0,1.0,1.0,1.0,9.0,3.0,27.0,1.0,0.0,1.0,144.0,0.0,2.0,3.0,0
118404589,399.47,3.1671000000000014,2.0,5.0,79.38000000000001,4.0,2.0,1.0,1.0,1.0,8.0,4.0,29.0,2.0,0.0,2.0,154.0,0.0,3.0,2.0,1
3245808,311.2230000000001,4.247100000000003,1.0,1.0,32.34,1.0,1.0,1.0,0.0,1.0,4.0,2.0,18.0,1.0,0.0,1.0,98.0,0.0,1.0,2.0,0
16758272,517.6190000000003,2.981200000000002,1.0,8.0,109.39,5.0,1.0,1.0,0.0,0.0,9.0,2.0,37.0,1.0,0.0,1.0,204.0,0.0,1.0,1.0,0
647069,313.4190000000001,2.6586000000000007,0.0,4.0,55.84,6.0,1.0,1.0,0.0,1.0,6.0,2.0,21.0,1.0,0.0,1.0,118.0,0.0,1.0,0.0,0
717856,273.2099999999999,3.377600000000002,0.0,4.0,44.49,3.0,2.0,1.0,1.0,0.0,7.0,2.0,19.0,0.0,0.0,0.0,102.0,0.0,1.0,0.0,0
1231048,304.302,1.4959,2.0,4.0,103.78,6.0,1.0,1.0,0.0,0.0,7.0,2.0,22.0,1.0,0.0,1.0,116.0,0.0,1.0,3.0,0
2310790,242.326,2.616600000000001,1.0,4.0,42.74,3.0,2.0,1.0,1.0,0.0,4.0,3.0,18.0,1.0,0.0,1.0,94.0,0.0,2.0,0.0,0
5307491,368.5030000000002,1.87614,2.0,4.0,95.16,4.0,1.0,0.0,1.0,2.0,8.0,3.0,25.0,2.0,1.0,1.0,140.0,0.0,2.0,1.0,0
653761,451.4700000000001,4.605100000000004,1.0,6.0,77.25,9.0,3.0,1.0,2.0,0.0,10.0,3.0,31.0,0.0,0.0,0.0,164.0,0.0,2.0,1.0,0
2999171,248.326,1.9977,1.0,4.0,47.28,7.0,2.0,1.0,1.0,0.0,4.0,2.0,18.0,0.0,0.0,0.0,98.0,0.0,1.0,0.0,0
650486,353.4510000000001,3.429100000000002,2.0,5.0,71.84,6.0,3.0,2.0,1.0,0.0,7.0,3.0,25.0,0.0,0.0,0.0,128.0,0.0,1.0,2.0,0
650284,377.51000000000016,3.3369000000000018,0.0,6.0,64.42999999999999,8.0,2.0,1.0,1.0,0.0,7.0,2.0,26.0,0.0,0.0,0.0,142.0,0.0,1.0,1.0,0
3242204,397.45000000000016,1.6714999999999998,0.0,4.0,60.93000000000001,4.0,1.0,1.0,0.0,3.0,7.0,5.0,29.0,4.0,2.0,2.0,152.0,0.0,2.0,3.0,0
3247156,532.5680000000004,2.759100000000001,0.0,6.0,101.06,7.0,2.0,2.0,0.0,2.0,9.0,5.0,39.0,3.0,1.0,2.0,202.0,0.0,2.0,2.0,0
9555254,270.72,2.6747000000000005,0.0,5.0,43.07,3.0,2.0,1.0,1.0,0.0,7.0,2.0,17.0,0.0,0.0,0.0,88.0,0.0,1.0,0.0,0
3244387,271.364,3.1455800000000016,1.0,3.0,46.92,4.0,2.0,1.0,1.0,0.0,4.0,2.0,20.0,0.0,0.0,0.0,106.0,0.0,1.0,1.0,0
649287,276.36499999999995,1.56412,2.0,4.0,70.67,6.0,2.0,1.0,1.0,0.0,6.0,2.0,19.0,0.0,0.0,0.0,100.0,0.0,1.0,1.0,0
2948607,320.396,3.7414200000000015,1.0,5.0,51.97,3.0,3.0,2.0,1.0,0.0,5.0,4.0,24.0,1.0,0.0,1.0,122.0,0.0,2.0,0.0,0
12124,151.165,1.3505999999999998,2.0,2.0,49.33,1.0,1.0,1.0,0.0,0.0,3.0,1.0,11.0,0.0,0.0,0.0,58.0,0.0,0.0,1.0,0
2384408,289.38100000000003,3.2702000000000018,0.0,4.0,47.03,3.0,3.0,2.0,1.0,0.0,5.0,3.0,19.0,0.0,0.0,0.0,96.0,0.0,1.0,0.0,0
663080,166.611,2.2267,0.0,2.0,17.82,0.0,2.0,1.0,1.0,0.0,3.0,2.0,11.0,0.0,0.0,0.0,56.0,0.0,1.0,0.0,0
666246,257.315,1.5531999999999997,1.0,6.0,81.18,5.0,1.0,0.0,1.0,0.0,7.0,1.0,17.0,0.0,0.0,0.0,94.0,0.0,1.0,1.0,0
651109,336.391,2.3313,2.0,3.0,67.42999999999999,3.0,2.0,2.0,0.0,1.0,5.0,4.0,25.0,2.0,0.0,2.0,128.0,0.0,2.0,2.0,0
2942845,388.3120000000001,2.4165,0.0,5.0,53.510000000000005,3.0,2.0,0.0,2.0,1.0,8.0,3.0,21.0,1.0,0.0,1.0,112.0,0.0,3.0,0.0,0
673386,281.2799999999999,2.898220000000001,0.0,4.0,47.03,1.0,2.0,1.0,1.0,0.0,8.0,2.0,17.0,0.0,0.0,0.0,92.0,0.0,1.0,0.0,0
3235010,377.448,2.666880000000001,1.0,4.0,81.37,2.0,2.0,1.0,1.0,2.0,7.0,4.0,28.0,2.0,0.0,2.0,144.0,1.0,3.0,3.0,0
665581,371.3930000000001,2.938580000000001,1.0,5.0,86.34,4.0,2.0,1.0,1.0,1.0,8.0,3.0,26.0,1.0,0.0,1.0,132.0,0.0,2.0,2.0,0
3243709,300.31400000000014,2.5923000000000007,1.0,5.0,81.42999999999999,3.0,2.0,1.0,1.0,0.0,6.0,3.0,22.0,1.0,1.0,0.0,114.0,0.0,1.0,1.0,0
2938401,342.3950000000001,2.4119,2.0,6.0,60.98,7.0,2.0,2.0,0.0,0.0,6.0,4.0,25.0,2.0,0.0,2.0,132.0,0.0,2.0,0.0,0
2877498,308.38200000000006,-1.0162999999999975,0.0,5.0,64.17000000000002,3.0,0.0,0.0,0.0,3.0,7.0,3.0,22.0,3.0,0.0,3.0,122.0,0.0,3.0,3.0,0
1247020,273.382,3.892800000000002,1.0,3.0,29.1,3.0,3.0,1.0,2.0,0.0,4.0,3.0,18.0,0.0,0.0,0.0,90.0,0.0,2.0,1.0,0
661544,231.259,0.4988999999999999,0.0,6.0,56.07000000000001,2.0,2.0,0.0,2.0,1.0,6.0,3.0,17.0,1.0,0.0,1.0,88.0,0.0,3.0,0.0,0
654118,374.41800000000006,1.8609,3.0,5.0,112.57,6.0,2.0,2.0,0.0,0.0,8.0,3.0,26.0,1.0,0.0,1.0,136.0,0.0,1.0,1.0,0
2208027,489.35100000000017,4.058700000000003,2.0,8.0,98.5,7.0,3.0,2.0,1.0,0.0,10.0,4.0,30.0,1.0,0.0,1.0,154.0,0.0,2.0,1.0,0
647335,279.29999999999995,-0.9760999999999996,2.0,8.0,94.08,5.0,2.0,0.0,2.0,0.0,8.0,2.0,20.0,0.0,0.0,0.0,108.0,0.0,2.0,0.0,0
2155707,335.38500000000016,1.6960999999999995,0.0,7.0,77.69000000000001,5.0,2.0,1.0,1.0,1.0,8.0,3.0,23.0,1.0,0.0,1.0,122.0,0.0,2.0,1.0,0
598099,169.575,0.5885,2.0,4.0,80.47999999999999,0.0,2.0,0.0,2.0,0.0,6.0,2.0,11.0,0.0,0.0,0.0,56.0,0.0,2.0,0.0,0
3242133,328.412,2.8028000000000013,0.0,4.0,51.54,4.0,2.0,1.0,1.0,1.0,5.0,3.0,24.0,1.0,0.0,1.0,128.0,0.0,2.0,1.0,0
651741,389.42900000000014,3.345220000000002,1.0,6.0,94.84,7.0,3.0,2.0,1.0,0.0,8.0,3.0,27.0,0.0,0.0,0.0,142.0,0.0,1.0,0.0,0
99601,280.46200000000005,3.5374000000000025,0.0,3.0,6.48,5.0,1.0,1.0,0.0,1.0,4.0,2.0,18.0,1.0,0.0,1.0,98.0,0.0,1.0,0.0,0
714386,251.673,0.8578,0.0,5.0,48.93,1.0,2.0,1.0,1.0,0.0,6.0,3.0,17.0,1.0,0.0,1.0,88.0,0.0,2.0,0.0,0
1131710,376.4780000000002,2.7319000000000013,0.0,6.0,51.24000000000001,6.0,2.0,1.0,1.0,1.0,7.0,3.0,26.0,1.0,0.0,1.0,140.0,0.0,2.0,1.0,0
3234539,352.45300000000003,3.9540000000000033,0.0,2.0,23.550000000000004,3.0,2.0,2.0,0.0,2.0,4.0,4.0,26.0,2.0,0.0,2.0,136.0,1.0,2.0,1.0,0
6603896,508.4470000000003,5.675700000000005,1.0,2.0,15.27,6.0,3.0,3.0,0.0,3.0,3.0,6.0,30.0,3.0,0.0,3.0,154.0,0.0,3.0,0.0,0
3242744,400.4560000000001,2.9503200000000014,1.0,5.0,91.05999999999996,4.0,3.0,2.0,1.0,1.0,8.0,4.0,28.0,1.0,0.0,1.0,146.0,0.0,2.0,0.0,0
2998671,365.41800000000006,2.3447,1.0,6.0,80.12,4.0,3.0,2.0,1.0,0.0,8.0,4.0,26.0,1.0,0.0,1.0,130.0,0.0,2.0,2.0,0
683700,257.314,3.2116200000000017,0.0,4.0,39.19,2.0,2.0,1.0,1.0,0.0,4.0,3.0,18.0,1.0,0.0,1.0,90.0,0.0,2.0,0.0,0
16758602,494.6320000000003,4.004800000000003,2.0,6.0,99.43,8.0,1.0,1.0,0.0,3.0,7.0,4.0,36.0,3.0,2.0,1.0,194.0,0.0,1.0,2.0,0
5461359,483.6360000000004,7.583700000000008,1.0,1.0,29.1,12.0,3.0,3.0,0.0,2.0,3.0,5.0,35.0,2.0,2.0,0.0,182.0,0.0,0.0,0.0,0
2871998,274.271,2.9999,1.0,5.0,42.74,1.0,2.0,0.0,2.0,0.0,8.0,3.0,18.0,1.0,0.0,1.0,96.0,0.0,3.0,0.0,0
71555538,322.372,2.859820000000001,3.0,4.0,95.59,4.0,3.0,0.0,3.0,1.0,7.0,4.0,24.0,1.0,1.0,0.0,122.0,0.0,3.0,2.0,1
3240212,424.4970000000002,3.412700000000002,1.0,6.0,77.10000000000001,6.0,2.0,2.0,0.0,1.0,7.0,4.0,31.0,2.0,0.0,2.0,164.0,0.0,2.0,1.0,0
5459529,334.423,3.070720000000001,1.0,4.0,59.81,6.0,3.0,2.0,1.0,0.0,5.0,3.0,25.0,0.0,0.0,0.0,128.0,0.0,1.0,1.0,0
836449,260.293,2.617360000000001,1.0,4.0,64.36,4.0,2.0,1.0,1.0,0.0,5.0,2.0,19.0,0.0,0.0,0.0,100.0,0.0,1.0,1.0,0
3238227,251.31100000000004,1.49059,1.0,5.0,59.91,4.0,2.0,0.0,2.0,0.0,6.0,2.0,17.0,0.0,0.0,0.0,90.0,0.0,2.0,0.0,0
1272600,395.45800000000025,1.8087,0.0,7.0,89.98,6.0,2.0,1.0,1.0,1.0,9.0,3.0,26.0,1.0,0.0,1.0,138.0,0.0,2.0,0.0,0
3243222,256.28,2.524220000000001,0.0,3.0,45.79,2.0,2.0,1.0,1.0,0.0,4.0,2.0,19.0,0.0,0.0,0.0,96.0,0.0,1.0,0.0,0
655417,450.5830000000003,4.207660000000002,2.0,4.0,91.4,8.0,2.0,1.0,1.0,1.0,7.0,3.0,33.0,1.0,1.0,0.0,176.0,0.0,1.0,3.0,0
3238751,417.3690000000001,2.4610000000000003,1.0,4.0,66.48,7.0,1.0,1.0,0.0,1.0,7.0,2.0,24.0,1.0,0.0,1.0,134.0,0.0,1.0,1.0,0
584277,261.321,2.1697,1.0,3.0,55.4,5.0,1.0,1.0,0.0,1.0,4.0,2.0,19.0,1.0,0.0,1.0,102.0,0.0,1.0,2.0,0
3239887,223.272,1.7865399999999998,1.0,3.0,59.31,4.0,1.0,0.0,1.0,0.0,4.0,1.0,16.0,0.0,0.0,0.0,88.0,0.0,1.0,1.0,0
117876558,515.5240000000002,5.001700000000004,1.0,7.0,112.04999999999998,4.0,5.0,2.0,3.0,1.0,11.0,6.0,38.0,1.0,0.0,1.0,192.0,0.0,4.0,2.0,1
2879028,397.43100000000015,2.979000000000001,3.0,5.0,97.92000000000002,6.0,2.0,2.0,0.0,0.0,8.0,3.0,29.0,1.0,0.0,1.0,152.0,0.0,1.0,3.0,0
2932603,382.5070000000001,1.94874,2.0,4.0,92.34,7.0,2.0,2.0,0.0,0.0,8.0,2.0,25.0,0.0,0.0,0.0,136.0,0.0,0.0,0.0,0
3241798,427.32400000000007,2.5200200000000006,2.0,4.0,95.16,4.0,2.0,1.0,1.0,1.0,9.0,3.0,25.0,1.0,0.0,1.0,134.0,0.0,2.0,1.0,0
706057,314.41400000000004,2.911340000000001,0.0,6.0,50.50000000000001,1.0,3.0,0.0,3.0,1.0,6.0,4.0,22.0,1.0,0.0,1.0,114.0,0.0,4.0,0.0,0
664490,382.416,4.458420000000003,2.0,6.0,93.67000000000002,7.0,3.0,2.0,1.0,0.0,7.0,3.0,28.0,0.0,0.0,0.0,146.0,0.0,1.0,0.0,0
6605187,350.46700000000004,0.9417399999999996,3.0,8.0,99.33,11.0,2.0,0.0,2.0,0.0,8.0,2.0,25.0,0.0,0.0,0.0,140.0,0.0,2.0,0.0,0
662863,355.3500000000001,1.8422,2.0,7.0,109.82,5.0,3.0,1.0,2.0,0.0,8.0,3.0,26.0,0.0,0.0,0.0,134.0,0.0,2.0,0.0,0
5310699,341.36300000000006,3.361100000000002,1.0,6.0,72.14000000000001,5.0,3.0,2.0,1.0,0.0,6.0,3.0,25.0,0.0,0.0,0.0,130.0,0.0,1.0,0.0,0
3236800,336.43200000000013,1.6756000000000002,0.0,4.0,59.08000000000001,2.0,0.0,0.0,0.0,4.0,6.0,4.0,24.0,4.0,1.0,3.0,134.0,1.0,3.0,2.0,0
646084,237.284,2.5367000000000006,1.0,5.0,68.02000000000001,4.0,2.0,0.0,2.0,0.0,6.0,2.0,16.0,0.0,0.0,0.0,84.0,0.0,2.0,1.0,0
659307,374.4040000000001,2.3709000000000007,0.0,7.0,80.29000000000002,3.0,4.0,1.0,3.0,1.0,8.0,5.0,28.0,1.0,0.0,1.0,140.0,0.0,4.0,1.0,0
2480848,457.4150000000001,3.3664000000000023,0.0,4.0,57.690000000000005,6.0,2.0,1.0,1.0,1.0,8.0,3.0,26.0,1.0,0.0,1.0,140.0,0.0,2.0,1.0,0
3004756,322.41800000000006,3.5210800000000013,1.0,5.0,61.6,3.0,3.0,1.0,2.0,0.0,6.0,3.0,22.0,0.0,0.0,0.0,106.0,0.0,2.0,0.0,0
663476,366.39200000000005,3.0389000000000017,0.0,4.0,53.76,4.0,3.0,2.0,1.0,0.0,6.0,4.0,27.0,1.0,0.0,1.0,138.0,0.0,2.0,1.0,0
846571,349.4080000000001,2.591940000000001,1.0,4.0,83.91,6.0,2.0,2.0,0.0,0.0,7.0,2.0,24.0,0.0,0.0,0.0,128.0,0.0,0.0,0.0,0
229459,356.38100000000003,4.492700000000002,2.0,3.0,78.76,3.0,3.0,3.0,0.0,0.0,5.0,4.0,27.0,1.0,1.0,0.0,132.0,0.0,0.0,1.0,0
640401,354.4500000000001,2.6471000000000013,2.0,4.0,65.56,1.0,2.0,1.0,1.0,2.0,5.0,5.0,26.0,3.0,1.0,2.0,138.0,0.0,3.0,0.0,0
3242583,459.59700000000026,2.1404999999999994,2.0,7.0,104.29,8.0,3.0,2.0,1.0,1.0,10.0,4.0,31.0,1.0,0.0,1.0,164.0,0.0,2.0,1.0,0
1818542,450.4980000000002,2.0954,2.0,8.0,136.57999999999998,8.0,3.0,2.0,1.0,0.0,12.0,3.0,30.0,0.0,0.0,0.0,158.0,0.0,1.0,0.0,0
16414,334.872,4.600000000000004,1.0,4.0,26.71,4.0,2.0,2.0,0.0,0.0,5.0,3.0,22.0,1.0,0.0,1.0,116.0,0.0,1.0,0.0,0
893490,287.34800000000007,2.9822200000000008,2.0,5.0,71.84,2.0,3.0,1.0,2.0,0.0,7.0,3.0,20.0,0.0,0.0,0.0,102.0,0.0,2.0,2.0,0
3244386,380.3790000000001,4.187640000000003,1.0,6.0,86.09,5.0,4.0,1.0,3.0,0.0,8.0,4.0,28.0,0.0,0.0,0.0,142.0,0.0,3.0,1.0,0
1520503,406.4390000000001,1.276299999999999,0.0,9.0,88.12,6.0,3.0,1.0,2.0,0.0,10.0,3.0,28.0,0.0,0.0,0.0,148.0,0.0,2.0,0.0,0
2998922,424.4610000000001,2.5966200000000006,3.0,9.0,145.26,8.0,3.0,1.0,2.0,0.0,10.0,3.0,31.0,0.0,0.0,0.0,162.0,0.0,2.0,1.0,0
2467,307.39,2.771100000000001,0.0,5.0,48.0,8.0,1.0,1.0,0.0,1.0,5.0,2.0,22.0,1.0,0.0,1.0,122.0,0.0,1.0,0.0,0
3246268,361.5700000000001,5.085000000000004,2.0,2.0,63.31999999999999,3.0,0.0,0.0,0.0,5.0,3.0,5.0,26.0,5.0,5.0,0.0,148.0,1.0,0.0,0.0,0
176077,163.173,-2.9667999999999988,5.0,5.0,92.95,1.0,0.0,0.0,0.0,1.0,5.0,1.0,11.0,1.0,0.0,1.0,66.0,0.0,1.0,0.0,0
3543275,320.80100000000004,3.678200000000003,0.0,4.0,45.81,3.0,2.0,1.0,1.0,0.0,6.0,3.0,21.0,1.0,0.0,1.0,108.0,0.0,2.0,1.0,0
664619,410.4300000000003,1.944,2.0,6.0,107.87999999999998,5.0,3.0,1.0,2.0,1.0,9.0,4.0,30.0,1.0,0.0,1.0,156.0,0.0,3.0,2.0,0
898263,284.315,2.6625000000000005,2.0,3.0,67.42999999999999,5.0,2.0,2.0,0.0,0.0,5.0,2.0,21.0,0.0,0.0,0.0,108.0,0.0,0.0,2.0,0
977792,278.38100000000003,2.2453,1.0,6.0,65.96000000000001,6.0,2.0,1.0,1.0,0.0,6.0,2.0,19.0,0.0,0.0,0.0,102.0,0.0,1.0,0.0,0
3244939,373.4090000000002,2.714780000000001,1.0,6.0,100.89,5.0,1.0,1.0,0.0,1.0,8.0,2.0,27.0,1.0,0.0,1.0,144.0,0.0,1.0,2.0,0
805087,299.71700000000004,3.6423000000000014,1.0,4.0,68.02000000000001,3.0,3.0,2.0,1.0,0.0,6.0,3.0,21.0,0.0,0.0,0.0,104.0,0.0,1.0,1.0,0
238855,382.4090000000001,2.2497,1.0,10.0,130.57999999999998,5.0,4.0,1.0,3.0,0.0,11.0,4.0,27.0,0.0,0.0,0.0,136.0,0.0,3.0,0.0,0
2058969,258.36499999999995,3.7366600000000014,1.0,2.0,37.91,6.0,2.0,1.0,1.0,0.0,3.0,2.0,19.0,0.0,0.0,0.0,102.0,0.0,1.0,0.0,0
2869174,257.3769999999999,4.249600000000004,0.0,1.0,20.31,0.0,1.0,1.0,0.0,1.0,2.0,3.0,19.0,2.0,1.0,1.0,102.0,1.0,1.0,1.0,0
2063929,196.3,2.76222,1.0,4.0,38.91,1.0,2.0,0.0,2.0,0.0,4.0,2.0,12.0,0.0,0.0,0.0,62.0,0.0,2.0,0.0,0
3233591,314.73200000000014,2.9671000000000003,0.0,6.0,69.9,3.0,3.0,1.0,2.0,1.0,7.0,4.0,22.0,1.0,1.0,0.0,110.0,0.0,2.0,0.0,0
5307281,433.5740000000003,2.6669,2.0,4.0,95.58,4.0,1.0,1.0,0.0,2.0,8.0,4.0,30.0,3.0,1.0,2.0,164.0,0.0,2.0,2.0,0
246676,317.348,4.0264000000000015,3.0,3.0,78.00999999999999,4.0,4.0,3.0,1.0,0.0,5.0,4.0,24.0,0.0,0.0,0.0,118.0,0.0,1.0,0.0,0
2549560,446.56100000000015,4.307840000000003,0.0,9.0,77.97,5.0,5.0,1.0,4.0,0.0,9.0,5.0,31.0,0.0,0.0,0.0,154.0,0.0,4.0,0.0,0
3162345,355.39000000000016,3.3392000000000017,1.0,5.0,66.02000000000001,4.0,2.0,2.0,0.0,0.0,6.0,4.0,26.0,2.0,0.0,2.0,136.0,0.0,2.0,1.0,0
653917,253.254,1.0433199999999998,2.0,4.0,84.86,6.0,1.0,1.0,0.0,0.0,6.0,1.0,18.0,0.0,0.0,0.0,98.0,0.0,0.0,1.0,0
647436,456.51800000000026,2.5718200000000007,2.0,5.0,100.63,10.0,2.0,1.0,1.0,1.0,9.0,3.0,33.0,1.0,0.0,1.0,176.0,0.0,2.0,3.0,0
1287334,351.35800000000006,3.897500000000002,1.0,5.0,77.77,6.0,3.0,2.0,1.0,0.0,6.0,3.0,26.0,0.0,0.0,0.0,132.0,0.0,1.0,1.0,0
662108,323.3520000000001,2.37392,1.0,5.0,73.22,4.0,3.0,2.0,1.0,0.0,6.0,3.0,24.0,0.0,0.0,0.0,122.0,0.0,1.0,1.0,0
3245501,482.35600000000034,2.0978000000000003,0.0,5.0,91.14,3.0,2.0,1.0,1.0,1.0,10.0,4.0,29.0,2.0,0.0,2.0,154.0,0.0,3.0,2.0,0
5307212,402.8780000000002,3.875600000000002,0.0,5.0,51.24000000000001,5.0,2.0,2.0,0.0,2.0,7.0,4.0,28.0,2.0,0.0,2.0,148.0,0.0,2.0,1.0,0
259176,451.1580000000002,5.408000000000005,2.0,3.0,43.7,4.0,3.0,3.0,0.0,0.0,5.0,3.0,24.0,0.0,0.0,0.0,124.0,0.0,0.0,0.0,0
665854,357.44200000000006,4.038580000000002,0.0,6.0,67.39,5.0,4.0,2.0,2.0,0.0,6.0,4.0,26.0,0.0,0.0,0.0,126.0,0.0,2.0,0.0,0
893386,332.42500000000007,2.3208200000000003,1.0,3.0,66.48,5.0,2.0,2.0,0.0,0.0,6.0,2.0,23.0,0.0,0.0,0.0,122.0,0.0,0.0,1.0,0
118369770,484.96300000000025,3.428420000000002,3.0,6.0,103.27,7.0,3.0,1.0,2.0,0.0,10.0,4.0,34.0,1.0,0.0,1.0,178.0,0.0,3.0,2.0,1
2227183,359.4510000000001,1.875,1.0,4.0,69.72,4.0,2.0,2.0,0.0,1.0,7.0,3.0,25.0,1.0,0.0,1.0,132.0,0.0,1.0,1.0,0
5477212,631.0860000000002,14.756899999999964,1.0,1.0,20.23,25.0,0.0,0.0,0.0,0.0,1.0,0.0,46.0,0.0,0.0,0.0,260.0,0.0,0.0,0.0,0
118380947,342.37800000000004,3.045700000000002,3.0,4.0,85.94,4.0,3.0,1.0,2.0,0.0,8.0,3.0,25.0,0.0,0.0,0.0,130.0,0.0,2.0,2.0,1
12443,463.7010000000001,4.0472,0.0,3.0,43.370000000000005,0.0,1.0,1.0,0.0,0.0,7.0,2.0,15.0,1.0,0.0,1.0,78.0,0.0,1.0,0.0,0
6604932,333.30000000000007,-0.8315999999999992,3.0,7.0,144.61999999999998,6.0,2.0,1.0,1.0,0.0,9.0,2.0,24.0,0.0,0.0,0.0,126.0,0.0,1.0,0.0,0
3247092,700.8360000000001,6.031700000000006,1.0,7.0,106.1,10.0,5.0,3.0,2.0,2.0,10.0,8.0,52.0,3.0,1.0,2.0,268.0,0.0,4.0,2.0,0
852903,257.249,2.7086200000000007,0.0,6.0,74.18,3.0,3.0,0.0,3.0,0.0,6.0,3.0,19.0,0.0,0.0,0.0,96.0,0.0,3.0,0.0,0
49830391,453.4770000000002,6.230520000000005,3.0,5.0,106.07,4.0,5.0,2.0,3.0,0.0,8.0,5.0,34.0,0.0,0.0,0.0,168.0,0.0,3.0,2.0,1
654824,415.4900000000002,2.956500000000002,1.0,7.0,91.68,6.0,2.0,1.0,1.0,2.0,8.0,4.0,30.0,2.0,2.0,0.0,162.0,0.0,1.0,1.0,0
281355,371.374,3.306400000000001,3.0,6.0,142.41,4.0,3.0,3.0,0.0,0.0,9.0,3.0,26.0,0.0,0.0,0.0,132.0,0.0,0.0,0.0,0
3240790,379.5510000000002,2.403600000000001,1.0,5.0,52.650000000000006,6.0,2.0,1.0,1.0,1.0,7.0,3.0,25.0,1.0,0.0,1.0,136.0,0.0,2.0,0.0,0
3232585,405.4390000000002,3.6295800000000016,0.0,9.0,102.92,6.0,4.0,1.0,3.0,0.0,9.0,4.0,29.0,0.0,0.0,0.0,144.0,0.0,3.0,0.0,0
5309109,306.45400000000006,1.856,1.0,4.0,50.16,8.0,1.0,0.0,1.0,0.0,5.0,2.0,22.0,1.0,1.0,0.0,124.0,0.0,1.0,1.0,0
665954,398.3670000000002,3.492320000000002,0.0,8.0,93.43,6.0,3.0,2.0,1.0,0.0,8.0,4.0,29.0,1.0,0.0,1.0,150.0,0.0,2.0,0.0,0
3235595,278.377,1.5512,2.0,4.0,54.26,5.0,2.0,1.0,1.0,0.0,5.0,2.0,19.0,0.0,0.0,0.0,102.0,0.0,1.0,1.0,0
652584,393.5160000000001,3.8216000000000014,0.0,6.0,63.91,6.0,3.0,1.0,2.0,0.0,7.0,4.0,28.0,1.0,0.0,1.0,144.0,0.0,3.0,1.0,0
713871,327.2660000000001,1.1867999999999992,2.0,5.0,88.91,4.0,2.0,1.0,1.0,0.0,10.0,2.0,23.0,0.0,0.0,0.0,122.0,0.0,1.0,2.0,0
659903,310.378,2.986200000000002,0.0,3.0,50.27,2.0,3.0,2.0,1.0,0.0,5.0,4.0,22.0,1.0,0.0,1.0,110.0,0.0,2.0,0.0,0
662017,419.4410000000002,2.650900000000001,2.0,8.0,113.52,6.0,4.0,2.0,2.0,0.0,9.0,5.0,31.0,1.0,0.0,1.0,158.0,0.0,3.0,1.0,0
135476421,275.352,2.872020000000001,2.0,4.0,70.92,6.0,2.0,0.0,2.0,0.0,5.0,2.0,20.0,0.0,0.0,0.0,108.0,0.0,2.0,0.0,0
704537,273.317,3.1984900000000014,1.0,5.0,55.98,3.0,3.0,1.0,2.0,0.0,6.0,3.0,19.0,0.0,0.0,0.0,96.0,0.0,2.0,0.0,0
653306,270.37600000000003,2.692500000000001,1.0,3.0,32.34,2.0,1.0,1.0,0.0,0.0,3.0,3.0,20.0,2.0,1.0,1.0,106.0,0.0,1.0,0.0,0
645781,246.266,1.4335999999999998,1.0,4.0,72.19,4.0,2.0,1.0,1.0,0.0,5.0,2.0,18.0,0.0,0.0,0.0,94.0,0.0,1.0,0.0,0
2202721,364.492,2.8088000000000006,1.0,4.0,66.48,7.0,2.0,2.0,0.0,0.0,7.0,2.0,24.0,0.0,0.0,0.0,128.0,0.0,0.0,1.0,0
2110391,435.53000000000026,4.742000000000004,0.0,8.0,66.24000000000001,6.0,4.0,2.0,2.0,0.0,8.0,5.0,30.0,1.0,0.0,1.0,150.0,0.0,3.0,0.0,0
1359190,352.4340000000001,2.28732,0.0,3.0,49.85,5.0,2.0,2.0,0.0,1.0,5.0,3.0,26.0,1.0,0.0,1.0,136.0,0.0,1.0,2.0,0
5389914,423.5130000000001,3.099700000000001,1.0,6.0,82.97,8.0,2.0,1.0,1.0,1.0,7.0,3.0,31.0,1.0,0.0,1.0,164.0,0.0,2.0,1.0,0
2201404,440.54900000000015,2.708420000000001,0.0,9.0,95.21,4.0,4.0,1.0,3.0,0.0,11.0,4.0,27.0,0.0,0.0,0.0,140.0,0.0,3.0,0.0,0
5461299,419.5050000000001,6.001400000000006,1.0,2.0,38.33,10.0,3.0,3.0,0.0,0.0,4.0,3.0,30.0,0.0,0.0,0.0,156.0,0.0,0.0,0.0,0
667332,349.4340000000002,2.7041200000000005,0.0,5.0,47.36,4.0,3.0,2.0,1.0,1.0,5.0,4.0,26.0,1.0,0.0,1.0,134.0,0.0,2.0,0.0,0
118365337,355.39800000000014,2.7316000000000016,4.0,5.0,112.16,6.0,3.0,1.0,2.0,0.0,8.0,3.0,26.0,0.0,0.0,0.0,136.0,0.0,2.0,2.0,1
752764,276.4239999999999,2.653500000000001,0.0,3.0,23.55,2.0,0.0,0.0,0.0,5.0,3.0,5.0,20.0,5.0,1.0,4.0,112.0,1.0,4.0,0.0,0
647421,434.4920000000001,3.220400000000001,0.0,5.0,68.31,6.0,3.0,3.0,0.0,1.0,7.0,4.0,32.0,1.0,0.0,1.0,166.0,0.0,1.0,2.0,0
5389041,300.771,1.2877999999999996,1.0,6.0,72.68,3.0,2.0,0.0,2.0,0.0,8.0,2.0,19.0,0.0,0.0,0.0,102.0,0.0,2.0,0.0,0
118380857,350.426,3.6625000000000014,4.0,4.0,94.73,6.0,3.0,1.0,2.0,1.0,7.0,4.0,26.0,1.0,1.0,0.0,134.0,0.0,2.0,2.0,1
1262714,312.369,3.5481000000000025,1.0,3.0,62.55,3.0,2.0,1.0,1.0,1.0,5.0,3.0,23.0,1.0,0.0,1.0,120.0,0.0,2.0,2.0,0
3244666,193.16600000000005,0.3534199999999998,2.0,5.0,96.7,2.0,2.0,0.0,2.0,0.0,7.0,2.0,14.0,0.0,0.0,0.0,72.0,0.0,2.0,1.0,0
3240292,395.4660000000002,3.654200000000002,0.0,5.0,62.220000000000006,3.0,4.0,1.0,3.0,1.0,6.0,5.0,30.0,1.0,0.0,1.0,148.0,0.0,4.0,1.0,0
755395,265.11,2.4046200000000004,1.0,2.0,55.98,1.0,2.0,1.0,1.0,0.0,4.0,2.0,15.0,0.0,0.0,0.0,76.0,0.0,1.0,1.0,0
665668,261.35,2.7234000000000007,1.0,4.0,54.88,4.0,2.0,1.0,1.0,0.0,5.0,2.0,18.0,0.0,0.0,0.0,94.0,0.0,1.0,1.0,0
1068610,352.68100000000004,3.523100000000003,0.0,2.0,37.38,2.0,1.0,1.0,0.0,1.0,6.0,2.0,18.0,1.0,0.0,1.0,100.0,0.0,1.0,0.0,0
664254,350.4220000000001,4.446300000000004,0.0,6.0,65.97,8.0,4.0,1.0,3.0,0.0,6.0,4.0,26.0,0.0,0.0,0.0,134.0,0.0,3.0,0.0,0
121432336,412.49700000000007,4.581720000000003,2.0,5.0,84.73,4.0,4.0,1.0,3.0,1.0,7.0,5.0,31.0,1.0,1.0,0.0,156.0,0.0,3.0,2.0,1
3253200,474.54600000000016,4.346400000000003,2.0,9.0,103.19,6.0,4.0,1.0,3.0,0.0,10.0,5.0,34.0,1.0,0.0,1.0,172.0,0.0,4.0,1.0,0
3243115,442.9130000000001,4.033440000000003,1.0,4.0,40.51,6.0,2.0,1.0,1.0,1.0,9.0,3.0,30.0,1.0,0.0,1.0,164.0,0.0,2.0,1.0,0
645036,343.386,4.704500000000004,1.0,4.0,68.02000000000001,4.0,4.0,2.0,2.0,0.0,5.0,4.0,26.0,0.0,0.0,0.0,128.0,0.0,2.0,1.0,1
16758750,513.5910000000005,2.3629999999999995,3.0,8.0,137.76000000000002,5.0,1.0,1.0,0.0,4.0,10.0,5.0,37.0,4.0,3.0,1.0,200.0,0.0,1.0,3.0,0
11505,122.167,1.48732,1.0,1.0,20.23,1.0,1.0,1.0,0.0,0.0,1.0,1.0,9.0,0.0,0.0,0.0,48.0,0.0,0.0,0.0,0
3237809,323.35200000000003,2.2688000000000006,1.0,4.0,79.37,5.0,2.0,1.0,1.0,0.0,6.0,3.0,24.0,1.0,0.0,1.0,122.0,0.0,2.0,3.0,0
3240360,410.9080000000001,2.912320000000001,1.0,6.0,92.26,5.0,3.0,2.0,1.0,0.0,10.0,3.0,26.0,0.0,0.0,0.0,136.0,0.0,1.0,1.0,0
2971528,440.5210000000002,3.433600000000003,2.0,4.0,103.78,5.0,2.0,2.0,0.0,0.0,8.0,4.0,31.0,2.0,1.0,1.0,162.0,0.0,1.0,1.0,0
16758500,573.6900000000004,4.154500000000003,2.0,9.0,105.87000000000002,9.0,3.0,2.0,1.0,2.0,9.0,6.0,42.0,3.0,0.0,3.0,222.0,0.0,4.0,0.0,0
16758922,327.218,3.892000000000003,0.0,3.0,35.53,6.0,1.0,1.0,0.0,0.0,4.0,1.0,19.0,0.0,0.0,0.0,104.0,0.0,0.0,0.0,0
929916,316.4260000000001,3.123190000000001,1.0,5.0,47.28,3.0,2.0,1.0,1.0,0.0,5.0,3.0,22.0,1.0,0.0,1.0,116.0,0.0,2.0,0.0,0
135439149,451.52600000000007,1.2225,1.0,7.0,122.21,7.0,2.0,2.0,0.0,0.0,11.0,3.0,30.0,1.0,0.0,1.0,160.0,0.0,1.0,0.0,0
1312523,364.4230000000001,2.3519000000000005,1.0,5.0,84.94000000000001,6.0,2.0,2.0,0.0,0.0,8.0,2.0,25.0,0.0,0.0,0.0,134.0,0.0,0.0,1.0,0
2963973,348.42400000000004,1.6783999999999997,2.0,4.0,84.5,7.0,2.0,2.0,0.0,0.0,7.0,2.0,24.0,0.0,0.0,0.0,128.0,0.0,0.0,1.0,0
3243414,300.402,3.390900000000002,1.0,3.0,43.26,5.0,2.0,1.0,1.0,0.0,4.0,2.0,22.0,0.0,0.0,0.0,118.0,0.0,1.0,1.0,0
16759268,816.7650000000002,4.740400000000004,0.0,17.0,219.63,13.0,3.0,3.0,0.0,1.0,17.0,5.0,59.0,2.0,0.0,2.0,310.0,0.0,2.0,0.0,0
3233377,363.4330000000001,2.708600000000001,1.0,3.0,61.88,3.0,1.0,1.0,0.0,2.0,7.0,3.0,26.0,2.0,0.0,2.0,142.0,1.0,2.0,3.0,0
664849,319.3360000000001,0.6548999999999996,1.0,4.0,83.71000000000001,3.0,1.0,1.0,0.0,2.0,7.0,3.0,23.0,2.0,0.0,2.0,122.0,0.0,2.0,3.0,0
2917692,262.31300000000005,0.2173999999999998,2.0,4.0,88.32000000000001,4.0,1.0,0.0,1.0,1.0,6.0,2.0,19.0,1.0,0.0,1.0,102.0,0.0,2.0,2.0,0
871711,259.334,2.2646200000000007,1.0,4.0,54.88,4.0,2.0,1.0,1.0,0.0,5.0,2.0,18.0,0.0,0.0,0.0,92.0,0.0,1.0,1.0,0
1312671,372.49000000000007,3.197220000000001,0.0,3.0,57.690000000000005,5.0,2.0,2.0,0.0,1.0,6.0,3.0,26.0,1.0,0.0,1.0,138.0,0.0,1.0,1.0,0
2077685,480.318,4.164700000000003,2.0,4.0,95.41,6.0,4.0,2.0,2.0,0.0,8.0,4.0,31.0,0.0,0.0,0.0,156.0,0.0,2.0,2.0,0
1150894,365.82000000000016,4.958460000000003,0.0,5.0,60.92,2.0,4.0,2.0,2.0,0.0,6.0,4.0,26.0,0.0,0.0,0.0,130.0,0.0,2.0,0.0,0
5307442,336.81900000000024,3.268600000000002,2.0,3.0,67.42999999999999,3.0,1.0,1.0,0.0,1.0,6.0,3.0,23.0,2.0,1.0,1.0,124.0,0.0,1.0,2.0,0
2960189,261.325,0.6655999999999999,3.0,3.0,70.23,4.0,1.0,1.0,0.0,1.0,5.0,2.0,19.0,1.0,0.0,1.0,102.0,0.0,1.0,2.0,0
971615,314.4070000000001,1.0299999999999998,0.0,5.0,59.08000000000001,5.0,1.0,1.0,0.0,1.0,7.0,2.0,21.0,1.0,0.0,1.0,118.0,0.0,1.0,0.0,0
2196321,363.255,4.280300000000004,1.0,3.0,45.48,4.0,2.0,1.0,1.0,1.0,5.0,3.0,22.0,1.0,0.0,1.0,116.0,0.0,2.0,1.0,0
2084345,340.4520000000001,3.412440000000002,0.0,6.0,52.71,5.0,3.0,1.0,2.0,0.0,6.0,3.0,24.0,0.0,0.0,0.0,124.0,0.0,2.0,0.0,0
92044921,394.4350000000002,2.9800000000000013,3.0,6.0,113.52,6.0,3.0,1.0,2.0,0.0,9.0,4.0,29.0,1.0,0.0,1.0,150.0,0.0,3.0,2.0,1
653960,489.59400000000034,1.9187400000000003,2.0,6.0,114.04,10.0,2.0,2.0,0.0,1.0,10.0,3.0,34.0,1.0,0.0,1.0,184.0,0.0,1.0,2.0,0
3245009,349.434,4.203020000000003,0.0,4.0,59.23,6.0,3.0,2.0,1.0,0.0,5.0,3.0,26.0,0.0,0.0,0.0,134.0,0.0,1.0,1.0,0
678654,280.3310000000001,2.927100000000001,3.0,2.0,69.81,4.0,3.0,2.0,1.0,0.0,5.0,3.0,21.0,0.0,0.0,0.0,106.0,0.0,1.0,2.0,0
3236507,401.5040000000003,1.3083000000000005,1.0,5.0,78.95,9.0,1.0,1.0,0.0,1.0,9.0,2.0,27.0,1.0,0.0,1.0,152.0,0.0,1.0,1.0,0
2548881,398.4440000000002,2.7255200000000004,0.0,9.0,88.36000000000001,6.0,3.0,2.0,1.0,0.0,9.0,4.0,28.0,1.0,0.0,1.0,144.0,0.0,2.0,0.0,0
2541165,366.3730000000001,2.3511,0.0,7.0,87.49000000000001,6.0,3.0,2.0,1.0,0.0,7.0,3.0,27.0,0.0,0.0,0.0,138.0,0.0,1.0,0.0,0
3245948,380.429,3.9262000000000015,1.0,7.0,90.14,6.0,4.0,2.0,2.0,0.0,8.0,4.0,27.0,0.0,0.0,0.0,136.0,0.0,2.0,1.0,0
1308026,350.4650000000001,3.2401000000000018,1.0,5.0,76.13,4.0,2.0,1.0,1.0,0.0,7.0,3.0,23.0,1.0,1.0,0.0,122.0,0.0,1.0,0.0,0
3234946,334.379,3.8811000000000018,2.0,5.0,75.97,6.0,4.0,1.0,3.0,0.0,6.0,4.0,25.0,0.0,0.0,0.0,126.0,0.0,3.0,0.0,0
3245294,431.5580000000003,2.631500000000001,1.0,5.0,88.47999999999999,4.0,2.0,1.0,1.0,2.0,8.0,4.0,30.0,2.0,1.0,1.0,162.0,0.0,2.0,1.0,0
73506496,406.4900000000001,3.4574000000000025,3.0,5.0,95.17,4.0,3.0,1.0,2.0,2.0,8.0,5.0,30.0,2.0,0.0,2.0,156.0,1.0,4.0,2.0,1
799235,272.333,2.921940000000001,0.0,6.0,64.7,3.0,3.0,1.0,2.0,0.0,6.0,3.0,19.0,0.0,0.0,0.0,96.0,0.0,2.0,0.0,0
5308495,458.5410000000003,3.828640000000002,0.0,6.0,66.63000000000001,5.0,4.0,1.0,3.0,1.0,8.0,5.0,34.0,1.0,0.0,1.0,174.0,0.0,4.0,1.0,0
649407,479.5810000000004,2.4197200000000008,2.0,7.0,116.57999999999998,8.0,2.0,1.0,1.0,1.0,9.0,3.0,35.0,1.0,0.0,1.0,186.0,0.0,2.0,2.0,0
16757992,664.7450000000003,1.5165000000000013,3.0,13.0,184.35,7.0,0.0,0.0,0.0,5.0,13.0,6.0,47.0,6.0,4.0,2.0,262.0,0.0,2.0,0.0,0
1277248,441.5160000000001,5.285200000000004,0.0,8.0,78.86000000000001,7.0,5.0,3.0,2.0,0.0,8.0,5.0,32.0,0.0,0.0,0.0,158.0,0.0,2.0,0.0,0
3240167,402.8420000000002,0.9848999999999992,1.0,8.0,103.93,6.0,3.0,1.0,2.0,1.0,10.0,4.0,28.0,1.0,0.0,1.0,146.0,0.0,3.0,1.0,0
89525869,399.4580000000001,3.9224200000000025,3.0,5.0,108.48,3.0,4.0,0.0,4.0,0.0,8.0,5.0,30.0,1.0,1.0,0.0,150.0,0.0,4.0,2.0,1
3000004,487.52800000000025,3.736600000000003,1.0,5.0,78.95,6.0,3.0,3.0,0.0,1.0,10.0,4.0,34.0,1.0,0.0,1.0,178.0,0.0,1.0,1.0,0
1068515,398.51100000000025,3.613000000000002,1.0,8.0,75.64,6.0,2.0,1.0,1.0,2.0,8.0,4.0,29.0,2.0,0.0,2.0,156.0,0.0,3.0,0.0,0
2566528,445.44700000000006,4.506500000000004,0.0,7.0,85.53,9.0,3.0,2.0,1.0,0.0,10.0,4.0,31.0,1.0,0.0,1.0,160.0,0.0,2.0,2.0,0
3233849,444.4950000000002,2.2695000000000007,1.0,9.0,94.4,5.0,4.0,2.0,2.0,1.0,9.0,5.0,33.0,1.0,0.0,1.0,168.0,0.0,3.0,0.0,0
3235921,395.46300000000014,1.96434,1.0,7.0,98.48,8.0,3.0,1.0,2.0,0.0,8.0,3.0,29.0,0.0,0.0,0.0,152.0,0.0,2.0,1.0,0
654428,312.419,4.222500000000002,1.0,4.0,41.99,2.0,3.0,1.0,2.0,0.0,5.0,4.0,21.0,1.0,1.0,0.0,104.0,0.0,2.0,1.0,0
1550101,304.41,2.0755,1.0,3.0,46.53,4.0,1.0,1.0,0.0,2.0,4.0,3.0,22.0,2.0,0.0,2.0,120.0,0.0,2.0,0.0,0
2999987,310.302,1.1136,0.0,7.0,80.29,6.0,1.0,1.0,0.0,1.0,7.0,2.0,22.0,1.0,0.0,1.0,120.0,0.0,1.0,0.0,0
3245747,348.33700000000005,3.918700000000002,1.0,5.0,72.95,4.0,4.0,2.0,2.0,0.0,7.0,4.0,26.0,0.0,0.0,0.0,128.0,0.0,2.0,1.0,0
645649,338.38600000000014,3.3561200000000024,0.0,4.0,51.02,2.0,3.0,2.0,1.0,1.0,6.0,4.0,25.0,1.0,0.0,1.0,128.0,0.0,2.0,1.0,0
2201239,303.38700000000006,2.5334200000000004,1.0,5.0,64.11,3.0,2.0,1.0,1.0,1.0,6.0,3.0,21.0,1.0,0.0,1.0,110.0,0.0,2.0,1.0,0
148769,276.244,1.95202,0.0,6.0,82.81,2.0,2.0,1.0,1.0,0.0,6.0,2.0,20.0,0.0,0.0,0.0,104.0,0.0,1.0,0.0,0
5309238,285.36800000000005,3.5435000000000025,0.0,3.0,29.54,1.0,2.0,1.0,1.0,1.0,4.0,4.0,20.0,2.0,0.0,2.0,102.0,0.0,3.0,1.0,0
935119,317.37000000000006,2.37542,0.0,6.0,74.08000000000001,4.0,3.0,2.0,1.0,0.0,7.0,3.0,22.0,0.0,0.0,0.0,114.0,0.0,1.0,0.0,0
2667960,464.5690000000003,3.4720900000000023,0.0,8.0,71.58000000000001,5.0,3.0,1.0,2.0,1.0,11.0,4.0,30.0,1.0,0.0,1.0,156.0,0.0,3.0,2.0,0
654698,228.296,-0.032799999999999,0.0,2.0,47.10000000000001,0.0,0.0,0.0,0.0,1.0,6.0,1.0,16.0,1.0,0.0,1.0,92.0,0.0,1.0,4.0,0
3243228,346.386,4.858740000000004,1.0,4.0,64.36,3.0,4.0,2.0,2.0,0.0,5.0,4.0,26.0,0.0,0.0,0.0,130.0,0.0,2.0,1.0,0
3233882,317.35200000000003,3.6003200000000017,1.0,6.0,76.73,4.0,4.0,1.0,3.0,0.0,6.0,4.0,24.0,0.0,0.0,0.0,118.0,0.0,3.0,0.0,0
647694,234.328,2.3128,1.0,5.0,41.05,3.0,2.0,1.0,1.0,0.0,5.0,2.0,16.0,0.0,0.0,0.0,84.0,0.0,1.0,0.0,0
118380926,290.32700000000006,1.2290999999999996,4.0,5.0,117.95,3.0,2.0,0.0,2.0,1.0,8.0,3.0,21.0,1.0,1.0,0.0,112.0,0.0,2.0,2.0,1
11949130,413.47000000000014,0.6869999999999996,4.0,7.0,110.46,4.0,2.0,2.0,0.0,2.0,7.0,4.0,30.0,2.0,1.0,1.0,160.0,0.0,1.0,0.0,0
650957,371.4440000000001,2.4236400000000007,1.0,5.0,117.7,3.0,1.0,1.0,0.0,0.0,6.0,3.0,28.0,2.0,1.0,1.0,140.0,0.0,1.0,1.0,0
118404573,514.6520000000002,2.6811000000000007,2.0,7.0,116.76,5.0,2.0,1.0,1.0,2.0,11.0,5.0,36.0,3.0,0.0,3.0,194.0,0.0,4.0,2.0,1
2353728,353.37900000000025,0.9756999999999992,1.0,6.0,97.18999999999998,4.0,2.0,1.0,1.0,1.0,10.0,3.0,24.0,1.0,0.0,1.0,128.0,0.0,2.0,1.0,0
3233343,278.39899999999994,3.543400000000002,1.0,2.0,15.27,2.0,2.0,2.0,0.0,2.0,2.0,4.0,21.0,2.0,0.0,2.0,108.0,1.0,2.0,0.0,1
3237205,410.44500000000033,3.4091000000000022,0.0,4.0,59.080000000000005,4.0,2.0,2.0,0.0,2.0,7.0,5.0,30.0,3.0,1.0,2.0,156.0,0.0,2.0,2.0,0
2211568,364.4920000000001,3.121620000000002,1.0,4.0,66.48,6.0,2.0,2.0,0.0,0.0,7.0,2.0,24.0,0.0,0.0,0.0,128.0,0.0,0.0,1.0,0
645659,457.5120000000003,1.9182999999999992,1.0,10.0,109.62000000000002,10.0,3.0,2.0,1.0,0.0,11.0,4.0,32.0,1.0,0.0,1.0,168.0,0.0,2.0,1.0,0
2983073,352.39400000000006,2.2987199999999994,3.0,5.0,91.82,4.0,2.0,2.0,0.0,0.0,7.0,3.0,26.0,1.0,0.0,1.0,134.0,0.0,1.0,2.0,0
894678,283.249,4.291400000000002,0.0,3.0,31.35,4.0,2.0,1.0,1.0,0.0,6.0,2.0,20.0,0.0,0.0,0.0,106.0,0.0,1.0,0.0,0
765363,296.12,3.3030000000000017,1.0,3.0,51.47,3.0,2.0,1.0,1.0,0.0,5.0,2.0,17.0,0.0,0.0,0.0,88.0,0.0,1.0,1.0,0
2998348,223.36399999999995,2.0327999999999995,1.0,3.0,27.63,3.0,0.0,0.0,0.0,1.0,3.0,2.0,16.0,2.0,0.0,2.0,92.0,0.0,2.0,0.0,0
659784,336.43800000000005,3.3229200000000017,2.0,6.0,67.43,3.0,2.0,0.0,2.0,0.0,7.0,3.0,22.0,1.0,0.0,1.0,116.0,0.0,3.0,1.0,0
2955407,397.8620000000001,3.2474000000000016,2.0,3.0,78.51,6.0,2.0,2.0,0.0,1.0,7.0,3.0,28.0,1.0,0.0,1.0,144.0,0.0,1.0,3.0,0
2941853,279.38,2.5723000000000003,2.0,2.0,66.4,4.0,0.0,0.0,0.0,4.0,4.0,4.0,20.0,4.0,4.0,0.0,112.0,0.0,0.0,1.0,0
2923668,276.33600000000007,2.0272999999999994,2.0,3.0,67.42999999999999,4.0,0.0,0.0,0.0,0.0,5.0,2.0,20.0,2.0,1.0,1.0,108.0,0.0,1.0,2.0,0
649550,450.5680000000003,3.265920000000002,1.0,8.0,88.93000000000002,8.0,4.0,1.0,3.0,1.0,9.0,5.0,32.0,1.0,0.0,1.0,166.0,0.0,4.0,0.0,0
16758376,629.7940000000004,7.732300000000009,0.0,8.0,84.81,17.0,3.0,3.0,0.0,0.0,8.0,4.0,46.0,1.0,0.0,1.0,246.0,0.0,1.0,0.0,0
3246211,360.8700000000002,4.471100000000003,0.0,6.0,52.83,4.0,3.0,1.0,2.0,1.0,7.0,4.0,24.0,1.0,0.0,1.0,124.0,0.0,3.0,0.0,0
645375,420.5130000000001,5.2801000000000045,1.0,5.0,80.49,5.0,3.0,2.0,1.0,1.0,7.0,4.0,31.0,1.0,0.0,1.0,162.0,0.0,2.0,2.0,0
92044800,411.8280000000001,3.837520000000002,3.0,5.0,108.48,4.0,4.0,0.0,4.0,0.0,10.0,4.0,29.0,0.0,0.0,0.0,146.0,0.0,4.0,2.0,1
652793,494.57700000000017,4.313920000000003,2.0,10.0,116.33,11.0,4.0,2.0,2.0,0.0,11.0,4.0,35.0,0.0,0.0,0.0,182.0,0.0,2.0,1.0,0
117889964,570.6250000000001,5.008320000000006,1.0,9.0,115.49000000000002,6.0,5.0,2.0,3.0,1.0,11.0,6.0,42.0,1.0,0.0,1.0,216.0,0.0,4.0,1.0,1
2330332,419.5100000000001,4.881480000000003,0.0,7.0,57.74,2.0,3.0,2.0,1.0,0.0,8.0,5.0,29.0,2.0,0.0,2.0,142.0,0.0,3.0,0.0,0
2998406,405.5270000000002,4.261100000000003,2.0,5.0,75.6,5.0,4.0,1.0,3.0,0.0,7.0,5.0,29.0,1.0,0.0,1.0,148.0,0.0,4.0,1.0,0
5863694,488.6120000000003,2.0632,1.0,10.0,100.62,6.0,3.0,0.0,3.0,0.0,10.0,4.0,32.0,1.0,0.0,1.0,166.0,0.0,4.0,0.0,0
5308004,359.40700000000004,1.7646999999999995,1.0,5.0,92.51,6.0,3.0,1.0,2.0,0.0,8.0,3.0,25.0,0.0,0.0,0.0,130.0,0.0,2.0,1.0,0
726955,342.78200000000004,3.8370000000000015,1.0,4.0,64.36,6.0,3.0,1.0,2.0,0.0,6.0,3.0,24.0,0.0,0.0,0.0,122.0,0.0,2.0,1.0,0
3245307,272.3039999999999,1.47202,0.0,5.0,51.13,2.0,1.0,1.0,0.0,1.0,5.0,3.0,20.0,2.0,0.0,2.0,104.0,0.0,2.0,0.0,0
653091,348.45000000000016,4.522140000000004,1.0,3.0,50.16,2.0,3.0,2.0,1.0,1.0,5.0,4.0,26.0,1.0,0.0,1.0,134.0,0.0,2.0,2.0,0
135415524,438.8710000000001,3.762380000000002,3.0,6.0,128.1,8.0,3.0,2.0,1.0,0.0,9.0,3.0,31.0,0.0,0.0,0.0,158.0,0.0,1.0,1.0,0
117890186,559.0450000000001,6.218020000000006,0.0,8.0,78.19,6.0,5.0,2.0,3.0,2.0,10.0,7.0,40.0,2.0,0.0,2.0,204.0,0.0,5.0,0.0,1
654066,402.47600000000017,3.2323200000000014,1.0,8.0,91.41,9.0,3.0,1.0,2.0,0.0,9.0,3.0,28.0,0.0,0.0,0.0,148.0,0.0,2.0,1.0,0
2999753,241.31500000000003,3.378000000000002,1.0,3.0,33.120000000000005,2.0,3.0,1.0,2.0,0.0,3.0,3.0,17.0,0.0,0.0,0.0,84.0,0.0,2.0,0.0,0
135415499,228.276,2.651600000000001,1.0,3.0,45.75,1.0,3.0,1.0,2.0,0.0,4.0,3.0,16.0,0.0,0.0,0.0,78.0,0.0,2.0,0.0,0
368926,238.371,2.5806000000000004,2.0,2.0,40.46,0.0,0.0,0.0,0.0,3.0,2.0,3.0,17.0,3.0,3.0,0.0,98.0,0.0,0.0,0.0,0
118365114,411.46200000000033,2.626700000000001,5.0,6.0,132.39,6.0,3.0,1.0,2.0,1.0,9.0,4.0,30.0,1.0,1.0,0.0,158.0,0.0,2.0,2.0,1
5309546,334.217,3.163100000000002,1.0,3.0,46.92,3.0,2.0,1.0,1.0,0.0,5.0,3.0,20.0,1.0,1.0,0.0,104.0,0.0,1.0,1.0,0
865186,311.38800000000015,1.749,0.0,7.0,68.46000000000001,4.0,2.0,0.0,2.0,1.0,8.0,3.0,20.0,1.0,0.0,1.0,106.0,0.0,3.0,1.0,0
2532477,311.3880000000001,2.2861,1.0,7.0,73.34,6.0,2.0,1.0,1.0,0.0,8.0,2.0,20.0,0.0,0.0,0.0,106.0,0.0,1.0,1.0,0
3242025,333.3470000000001,1.7287,1.0,4.0,75.17,2.0,3.0,2.0,1.0,0.0,6.0,4.0,25.0,1.0,0.0,1.0,124.0,0.0,2.0,1.0,0
666286,412.5410000000001,4.378820000000005,0.0,6.0,49.56,5.0,4.0,1.0,3.0,1.0,6.0,5.0,31.0,1.0,0.0,1.0,158.0,0.0,4.0,0.0,0
2998424,243.306,3.8294000000000015,1.0,2.0,42.24,2.0,2.0,1.0,1.0,0.0,3.0,2.0,18.0,0.0,0.0,0.0,94.0,0.0,1.0,1.0,0
654448,411.45800000000014,0.3704000000000014,2.0,5.0,96.97,6.0,1.0,1.0,0.0,3.0,8.0,5.0,30.0,4.0,1.0,3.0,158.0,1.0,3.0,3.0,0
1537056,339.42000000000013,4.064580000000003,0.0,6.0,52.96,2.0,4.0,0.0,4.0,0.0,6.0,4.0,24.0,0.0,0.0,0.0,122.0,0.0,4.0,0.0,0
660777,244.342,2.3180000000000005,0.0,4.0,43.16,2.0,1.0,0.0,1.0,1.0,4.0,2.0,18.0,1.0,0.0,1.0,96.0,0.0,2.0,0.0,0
2116482,427.48600000000016,1.6679999999999997,2.0,5.0,115.47,4.0,3.0,2.0,1.0,1.0,10.0,4.0,30.0,1.0,0.0,1.0,156.0,0.0,2.0,2.0,0
663112,368.46600000000007,3.102640000000001,1.0,7.0,85.59,6.0,3.0,1.0,2.0,0.0,8.0,3.0,26.0,0.0,0.0,0.0,134.0,0.0,2.0,1.0,0
3238656,366.4460000000001,2.8539200000000013,2.0,6.0,90.00999999999999,5.0,3.0,2.0,1.0,0.0,7.0,3.0,26.0,0.0,0.0,0.0,132.0,0.0,1.0,1.0,0
92044807,414.49400000000014,4.864720000000003,3.0,5.0,95.59,4.0,5.0,1.0,4.0,0.0,8.0,5.0,30.0,0.0,0.0,0.0,148.0,0.0,4.0,2.0,1
3243366,347.234,1.4197,2.0,3.0,75.27000000000001,7.0,1.0,1.0,0.0,0.0,7.0,1.0,19.0,0.0,0.0,0.0,104.0,0.0,0.0,1.0,0
5308664,383.4230000000001,4.184280000000003,0.0,4.0,47.34,2.0,2.0,2.0,0.0,1.0,7.0,4.0,27.0,2.0,0.0,2.0,136.0,0.0,2.0,1.0,0
646334,426.52700000000016,3.024020000000002,2.0,9.0,126.69,7.0,3.0,1.0,2.0,0.0,10.0,3.0,29.0,0.0,0.0,0.0,148.0,0.0,2.0,1.0,0
657480,211.265,-0.2614199999999995,1.0,4.0,65.36,5.0,0.0,0.0,0.0,1.0,5.0,1.0,15.0,1.0,0.0,1.0,84.0,0.0,1.0,1.0,0
71554733,424.8670000000001,5.003520000000004,3.0,4.0,95.59,4.0,4.0,1.0,3.0,0.0,9.0,4.0,30.0,0.0,0.0,0.0,152.0,0.0,3.0,2.0,1
2098610,464.54700000000014,4.683040000000004,1.0,8.0,103.01000000000002,9.0,4.0,1.0,3.0,0.0,9.0,4.0,33.0,0.0,0.0,0.0,170.0,0.0,3.0,0.0,0
135468506,333.413,2.6574,1.0,6.0,84.94,8.0,2.0,1.0,1.0,0.0,7.0,2.0,23.0,0.0,0.0,0.0,122.0,0.0,1.0,0.0,0
3240273,480.6380000000002,2.778420000000001,1.0,8.0,73.83,7.0,3.0,1.0,2.0,2.0,9.0,5.0,34.0,2.0,0.0,2.0,180.0,0.0,4.0,1.0,0
649313,453.54900000000015,4.602600000000003,2.0,8.0,102.05,8.0,4.0,1.0,3.0,0.0,10.0,4.0,31.0,0.0,0.0,0.0,158.0,0.0,3.0,2.0,0
665825,317.3930000000001,1.2120999999999995,1.0,6.0,75.92000000000002,1.0,2.0,0.0,2.0,1.0,7.0,4.0,23.0,2.0,1.0,1.0,124.0,0.0,3.0,0.0,0
3075496,440.93100000000027,3.0004000000000017,3.0,4.0,88.66999999999999,7.0,3.0,2.0,1.0,1.0,8.0,4.0,31.0,1.0,0.0,1.0,162.0,0.0,2.0,1.0,0
2583702,243.3100000000001,3.0817000000000005,2.0,2.0,57.78,3.0,2.0,1.0,1.0,1.0,4.0,3.0,18.0,1.0,1.0,0.0,94.0,0.0,1.0,1.0,0
3245710,439.4490000000004,1.6035999999999997,0.0,7.0,72.94,5.0,1.0,1.0,0.0,3.0,10.0,5.0,30.0,4.0,0.0,4.0,166.0,0.0,4.0,0.0,0
705847,266.3,3.6240200000000025,0.0,4.0,48.150000000000006,4.0,3.0,2.0,1.0,0.0,4.0,3.0,20.0,0.0,0.0,0.0,100.0,0.0,1.0,0.0,0
1332678,314.38500000000005,2.755100000000001,1.0,3.0,66.48,4.0,1.0,1.0,0.0,1.0,5.0,3.0,23.0,2.0,1.0,1.0,122.0,0.0,1.0,3.0,0
647126,450.4950000000002,3.372880000000002,2.0,8.0,114.73000000000002,10.0,3.0,2.0,1.0,0.0,9.0,3.0,33.0,0.0,0.0,0.0,172.0,0.0,1.0,1.0,0
145995677,458.9130000000002,4.0355000000000025,1.0,9.0,95.05,5.0,5.0,1.0,4.0,0.0,10.0,6.0,33.0,1.0,0.0,1.0,164.0,0.0,5.0,0.0,1
2088608,370.3860000000001,4.544800000000003,0.0,8.0,91.5,6.0,4.0,1.0,3.0,0.0,8.0,4.0,26.0,0.0,0.0,0.0,132.0,0.0,3.0,0.0,0
7440,151.165,2.21164,0.0,2.0,43.14,1.0,1.0,1.0,0.0,0.0,3.0,1.0,11.0,0.0,0.0,0.0,58.0,0.0,0.0,0.0,0
2570484,365.436,2.6397200000000005,1.0,8.0,105.22,7.0,2.0,0.0,2.0,0.0,9.0,2.0,24.0,0.0,0.0,0.0,126.0,0.0,2.0,1.0,0
2368566,430.4860000000003,2.05542,0.0,7.0,100.12,7.0,2.0,1.0,1.0,1.0,10.0,3.0,30.0,1.0,0.0,1.0,158.0,0.0,2.0,4.0,0
213329,215.252,2.792340000000001,1.0,2.0,42.23,2.0,2.0,1.0,1.0,0.0,3.0,2.0,16.0,0.0,0.0,0.0,82.0,0.0,1.0,0.0,0
3246199,460.7240000000003,-1.2667999999999948,4.0,8.0,61.080000000000005,0.0,0.0,0.0,0.0,6.0,12.0,6.0,28.0,6.0,0.0,6.0,156.0,0.0,6.0,0.0,0
3246552,216.284,1.8703,1.0,3.0,38.05,3.0,2.0,1.0,1.0,0.0,3.0,2.0,16.0,0.0,0.0,0.0,84.0,0.0,1.0,0.0,0
118381088,393.4510000000002,3.417300000000002,4.0,6.0,116.32,6.0,3.0,1.0,2.0,0.0,9.0,4.0,29.0,1.0,0.0,1.0,150.0,0.0,3.0,2.0,1
2112466,388.8110000000001,2.985140000000001,1.0,7.0,99.25,6.0,3.0,1.0,2.0,0.0,9.0,3.0,27.0,0.0,0.0,0.0,140.0,0.0,2.0,1.0,0
2325556,330.8810000000002,2.8828000000000014,1.0,3.0,49.41,5.0,1.0,1.0,0.0,1.0,6.0,2.0,21.0,1.0,0.0,1.0,118.0,0.0,1.0,0.0,0
3241312,418.4930000000001,4.279600000000004,0.0,5.0,60.89,4.0,3.0,2.0,1.0,2.0,6.0,5.0,31.0,2.0,0.0,2.0,160.0,1.0,3.0,1.0,0
92044742,441.53900000000016,3.971920000000003,3.0,5.0,98.83,6.0,4.0,1.0,3.0,1.0,8.0,5.0,33.0,1.0,0.0,1.0,168.0,0.0,4.0,2.0,1
651840,251.285,3.362800000000002,1.0,2.0,42.24,3.0,3.0,2.0,1.0,0.0,3.0,3.0,19.0,0.0,0.0,0.0,94.0,0.0,1.0,1.0,0
6603943,661.799,3.824100000000003,5.0,8.0,121.65,4.0,3.0,2.0,1.0,4.0,9.0,13.0,49.0,10.0,6.0,4.0,254.0,2.0,5.0,0.0,0
3241917,279.39,2.56623,2.0,5.0,74.03999999999999,2.0,2.0,1.0,1.0,0.0,6.0,2.0,18.0,0.0,0.0,0.0,94.0,0.0,1.0,1.0,0
2207884,328.4410000000001,3.692820000000002,1.0,5.0,63.04,6.0,3.0,1.0,2.0,0.0,6.0,3.0,23.0,0.0,0.0,0.0,120.0,0.0,2.0,0.0,0
3236270,422.5290000000003,3.1847200000000013,1.0,6.0,68.62,8.0,3.0,2.0,1.0,1.0,7.0,4.0,31.0,1.0,0.0,1.0,164.0,0.0,2.0,1.0,0
658650,422.4370000000002,1.8693000000000008,0.0,6.0,77.54000000000002,4.0,2.0,2.0,0.0,2.0,8.0,6.0,31.0,4.0,0.0,4.0,160.0,2.0,4.0,2.0,0
747107,285.299,2.7341000000000006,1.0,4.0,64.63,4.0,2.0,2.0,0.0,0.0,5.0,2.0,21.0,0.0,0.0,0.0,108.0,0.0,0.0,1.0,0
3241144,454.59900000000016,2.844000000000001,1.0,8.0,91.84,7.0,2.0,0.0,2.0,1.0,11.0,3.0,29.0,1.0,0.0,1.0,156.0,0.0,3.0,3.0,0
2945912,295.408,1.5385999999999995,1.0,5.0,54.46000000000001,3.0,1.0,0.0,1.0,1.0,6.0,3.0,20.0,2.0,1.0,1.0,110.0,0.0,2.0,1.0,0
4330136,312.37300000000016,1.4996,1.0,4.0,69.30000000000001,2.0,2.0,1.0,1.0,2.0,6.0,4.0,23.0,2.0,0.0,2.0,120.0,0.0,3.0,2.0,0
650242,297.31000000000006,2.682920000000001,1.0,4.0,64.63,4.0,2.0,2.0,0.0,0.0,5.0,3.0,22.0,1.0,0.0,1.0,112.0,0.0,1.0,1.0,0
1260713,388.4890000000001,2.885060000000001,1.0,4.0,75.71,4.0,2.0,2.0,0.0,1.0,7.0,3.0,27.0,1.0,0.0,1.0,144.0,0.0,1.0,1.0,0
1242202,370.39400000000006,1.5134,2.0,9.0,117.18,5.0,3.0,1.0,2.0,0.0,10.0,4.0,26.0,1.0,0.0,1.0,132.0,0.0,3.0,1.0,0
189985,284.311,2.538800000000001,0.0,4.0,52.6,5.0,1.0,1.0,0.0,0.0,4.0,2.0,21.0,1.0,1.0,0.0,108.0,0.0,0.0,0.0,0
663633,303.3370000000001,1.6869999999999994,2.0,3.0,79.19,4.0,2.0,1.0,1.0,1.0,6.0,3.0,22.0,1.0,0.0,1.0,116.0,0.0,2.0,1.0,0
645997,365.408,4.723300000000004,1.0,4.0,58.370000000000005,4.0,3.0,2.0,1.0,1.0,6.0,4.0,27.0,1.0,0.0,1.0,138.0,0.0,2.0,1.0,0
646836,215.216,0.8722799999999997,0.0,6.0,76.62,3.0,2.0,1.0,1.0,0.0,6.0,2.0,16.0,0.0,0.0,0.0,80.0,0.0,1.0,0.0,0
3247326,448.5030000000001,3.645100000000002,2.0,3.0,67.43,10.0,3.0,3.0,0.0,1.0,6.0,4.0,32.0,1.0,1.0,0.0,166.0,0.0,0.0,1.0,0
118380769,344.80600000000004,3.4663000000000013,4.0,4.0,108.72,4.0,3.0,1.0,2.0,0.0,8.0,3.0,24.0,0.0,0.0,0.0,124.0,0.0,2.0,2.0,1
3236375,408.38,3.726200000000002,1.0,7.0,78.27,4.0,2.0,1.0,1.0,0.0,10.0,4.0,29.0,2.0,1.0,1.0,154.0,0.0,2.0,0.0,0
970267,346.45500000000004,1.9447,1.0,5.0,83.55000000000001,5.0,2.0,1.0,1.0,0.0,9.0,2.0,21.0,0.0,0.0,0.0,114.0,0.0,1.0,0.0,0
881008,241.29,2.3601000000000005,2.0,2.0,49.33,4.0,2.0,2.0,0.0,0.0,3.0,2.0,18.0,0.0,0.0,0.0,92.0,0.0,0.0,1.0,0
3247317,412.5050000000001,4.402100000000004,2.0,3.0,67.43,9.0,2.0,2.0,0.0,1.0,6.0,3.0,30.0,1.0,1.0,0.0,160.0,0.0,0.0,2.0,0
1554807,289.313,-0.479899999999999,2.0,7.0,114.14,8.0,1.0,0.0,1.0,0.0,9.0,1.0,19.0,0.0,0.0,0.0,106.0,0.0,1.0,0.0,0
3239569,472.4110000000001,3.9338200000000025,2.0,6.0,88.16000000000001,6.0,3.0,1.0,2.0,0.0,10.0,3.0,26.0,0.0,0.0,0.0,136.0,0.0,2.0,1.0,0
893481,250.261,1.48508,1.0,4.0,73.94999999999999,2.0,3.0,1.0,2.0,0.0,5.0,3.0,19.0,0.0,0.0,0.0,92.0,0.0,2.0,0.0,0
792513,230.658,2.4447,0.0,4.0,43.08,1.0,3.0,1.0,2.0,0.0,5.0,3.0,16.0,0.0,0.0,0.0,78.0,0.0,2.0,0.0,0
7301,86.134,1.1853,0.0,1.0,9.23,0.0,0.0,0.0,0.0,1.0,1.0,1.0,6.0,1.0,0.0,1.0,36.0,0.0,1.0,0.0,0
16758654,442.51200000000034,1.4910999999999994,2.0,7.0,108.66,5.0,1.0,1.0,0.0,4.0,8.0,5.0,32.0,4.0,2.0,2.0,172.0,0.0,2.0,2.0,0
3243038,489.0440000000002,3.4974000000000025,1.0,8.0,91.84,7.0,2.0,0.0,2.0,1.0,12.0,3.0,30.0,1.0,0.0,1.0,162.0,0.0,3.0,3.0,0
663133,309.35400000000004,2.8268000000000013,0.0,7.0,65.2,4.0,4.0,1.0,3.0,0.0,7.0,4.0,22.0,0.0,0.0,0.0,108.0,0.0,3.0,0.0,0
3244445,245.257,2.33132,2.0,2.0,57.78,1.0,2.0,1.0,1.0,0.0,5.0,3.0,18.0,1.0,0.0,1.0,92.0,0.0,2.0,1.0,0
2999980,466.89900000000017,2.4037,1.0,7.0,111.24,6.0,2.0,2.0,0.0,1.0,11.0,4.0,31.0,2.0,0.0,2.0,164.0,0.0,2.0,1.0,0
71529550,483.9750000000003,4.0938000000000025,3.0,6.0,88.17,6.0,3.0,2.0,1.0,2.0,9.0,5.0,34.0,2.0,0.0,2.0,178.0,0.0,3.0,1.0,1
3232592,455.4970000000002,2.6643800000000004,0.0,8.0,90.94,4.0,4.0,2.0,2.0,1.0,9.0,5.0,34.0,1.0,0.0,1.0,170.0,0.0,3.0,0.0,0
5307364,414.30300000000005,4.858320000000004,0.0,4.0,59.23,5.0,3.0,2.0,1.0,0.0,6.0,3.0,26.0,0.0,0.0,0.0,134.0,0.0,1.0,1.0,0
647859,395.5540000000002,2.1588199999999995,0.0,8.0,80.97999999999999,6.0,2.0,1.0,1.0,1.0,9.0,3.0,26.0,1.0,0.0,1.0,142.0,0.0,2.0,0.0,0
2366338,338.3190000000001,2.12498,1.0,6.0,97.65,4.0,2.0,2.0,0.0,0.0,7.0,3.0,25.0,1.0,0.0,1.0,126.0,0.0,1.0,1.0,0
664013,292.34599999999995,2.642440000000001,0.0,6.0,60.900000000000006,2.0,4.0,1.0,3.0,0.0,6.0,4.0,22.0,0.0,0.0,0.0,110.0,0.0,3.0,0.0,0
2155121,455.5610000000002,3.628700000000002,1.0,8.0,82.45,7.0,3.0,2.0,1.0,0.0,9.0,4.0,31.0,1.0,0.0,1.0,160.0,0.0,2.0,1.0,0
3233935,336.395,3.074800000000001,0.0,5.0,62.470000000000006,5.0,3.0,1.0,2.0,0.0,6.0,3.0,25.0,0.0,0.0,0.0,128.0,0.0,2.0,1.0,0
3243482,348.35500000000013,0.8486,1.0,7.0,95.86,6.0,2.0,1.0,1.0,0.0,8.0,2.0,25.0,0.0,0.0,0.0,134.0,0.0,1.0,1.0,0
1307216,429.54200000000026,2.442100000000001,0.0,5.0,70.16,5.0,2.0,2.0,0.0,2.0,8.0,4.0,30.0,2.0,0.0,2.0,160.0,0.0,2.0,1.0,0
6604444,521.4370000000004,4.869200000000005,1.0,6.0,93.81,4.0,1.0,0.0,1.0,3.0,8.0,5.0,35.0,4.0,4.0,0.0,188.0,0.0,1.0,0.0,0
135482435,334.83200000000005,3.6544000000000016,1.0,5.0,63.57,5.0,3.0,1.0,2.0,0.0,7.0,3.0,22.0,0.0,0.0,0.0,114.0,0.0,2.0,0.0,0
3240772,396.53900000000016,2.7003400000000006,1.0,6.0,64.60000000000001,7.0,2.0,1.0,1.0,1.0,7.0,3.0,29.0,1.0,0.0,1.0,156.0,0.0,2.0,1.0,0
659610,291.376,3.3424000000000014,1.0,5.0,64.11,6.0,2.0,1.0,1.0,0.0,6.0,2.0,20.0,0.0,0.0,0.0,106.0,0.0,1.0,1.0,0
121416600,441.4950000000002,3.572420000000002,2.0,6.0,105.04,5.0,4.0,1.0,3.0,1.0,9.0,5.0,33.0,1.0,0.0,1.0,166.0,0.0,4.0,3.0,1
3238975,296.43600000000004,3.7401000000000018,2.0,3.0,50.36,9.0,1.0,1.0,0.0,0.0,5.0,1.0,20.0,0.0,0.0,0.0,112.0,0.0,0.0,2.0,0
2199310,257.33699999999993,2.626000000000001,0.0,4.0,39.94,6.0,2.0,1.0,1.0,0.0,4.0,3.0,19.0,1.0,1.0,0.0,100.0,0.0,1.0,0.0,0
3245601,373.5220000000001,2.7140000000000013,1.0,5.0,54.34,7.0,2.0,1.0,1.0,1.0,6.0,3.0,26.0,1.0,0.0,1.0,140.0,0.0,2.0,1.0,0
17046,202.25,0.5973999999999999,0.0,4.0,43.52,9.0,0.0,0.0,0.0,2.0,4.0,2.0,14.0,2.0,0.0,2.0,82.0,0.0,2.0,0.0,0
667387,355.36900000000014,2.1604,1.0,6.0,90.27,4.0,2.0,1.0,1.0,0.0,7.0,3.0,26.0,1.0,0.0,1.0,134.0,0.0,2.0,0.0,0
3247223,545.6360000000004,2.1095,2.0,7.0,112.31,8.0,3.0,2.0,1.0,1.0,9.0,5.0,40.0,2.0,1.0,1.0,210.0,0.0,2.0,2.0,0
665204,261.203,0.4899,2.0,3.0,71.09,4.0,1.0,0.0,1.0,0.0,8.0,1.0,18.0,0.0,0.0,0.0,98.0,0.0,1.0,2.0,0
741325,314.208,3.176520000000001,1.0,4.0,50.8,4.0,2.0,1.0,1.0,0.0,6.0,2.0,17.0,0.0,0.0,0.0,90.0,0.0,1.0,0.0,0
3237947,317.2970000000001,1.0658999999999994,2.0,5.0,101.93,4.0,1.0,1.0,0.0,1.0,7.0,3.0,23.0,2.0,0.0,2.0,120.0,0.0,2.0,1.0,0
654718,244.338,3.713180000000002,1.0,2.0,52.89,6.0,1.0,1.0,0.0,0.0,3.0,1.0,18.0,0.0,0.0,0.0,96.0,0.0,0.0,1.0,0
646997,495.5570000000002,3.632900000000002,2.0,7.0,110.11,8.0,3.0,1.0,2.0,1.0,10.0,5.0,35.0,2.0,1.0,1.0,182.0,0.0,3.0,3.0,0
3234044,287.348,1.3622999999999996,0.0,7.0,63.91,3.0,3.0,0.0,3.0,0.0,7.0,3.0,20.0,0.0,0.0,0.0,102.0,0.0,3.0,0.0,0
2370229,346.40800000000024,1.9598,1.0,4.0,75.71000000000001,4.0,2.0,2.0,0.0,1.0,7.0,3.0,24.0,1.0,0.0,1.0,126.0,0.0,1.0,1.0,0
3242417,402.44500000000016,2.5497000000000005,2.0,4.0,64.68,7.0,2.0,2.0,0.0,1.0,8.0,3.0,29.0,1.0,0.0,1.0,154.0,0.0,1.0,2.0,0
650032,438.4800000000003,2.754900000000001,1.0,7.0,92.45,9.0,2.0,1.0,1.0,1.0,8.0,4.0,32.0,2.0,0.0,2.0,168.0,0.0,3.0,1.0,0
5307377,441.5380000000001,2.9792000000000014,1.0,9.0,91.04,7.0,4.0,2.0,2.0,0.0,10.0,4.0,30.0,0.0,0.0,0.0,154.0,0.0,2.0,1.0,0
3901657,395.5030000000001,3.323500000000002,1.0,5.0,61.88,9.0,2.0,2.0,0.0,1.0,6.0,3.0,29.0,1.0,0.0,1.0,154.0,0.0,1.0,2.0,1
387795,230.227,0.4818400000000001,1.0,6.0,123.69,2.0,0.0,0.0,0.0,0.0,6.0,1.0,17.0,1.0,0.0,1.0,86.0,0.0,1.0,0.0,0
3234143,391.49000000000007,4.215780000000004,0.0,3.0,47.34,3.0,2.0,2.0,0.0,2.0,5.0,4.0,29.0,2.0,0.0,2.0,150.0,1.0,2.0,1.0,0
4373353,385.42,2.962400000000001,2.0,6.0,89.13000000000001,5.0,2.0,2.0,0.0,1.0,8.0,3.0,28.0,1.0,0.0,1.0,148.0,0.0,1.0,2.0,0
3246458,264.245,-0.2380000000000003,4.0,6.0,132.89,3.0,2.0,0.0,2.0,0.0,9.0,2.0,19.0,0.0,0.0,0.0,100.0,0.0,2.0,2.0,0
3240040,414.4580000000002,2.747100000000001,1.0,7.0,91.78000000000002,9.0,3.0,2.0,1.0,0.0,8.0,3.0,30.0,0.0,0.0,0.0,160.0,0.0,1.0,0.0,0
3237240,368.3890000000001,2.816600000000001,1.0,6.0,78.79,5.0,3.0,2.0,1.0,0.0,7.0,3.0,27.0,0.0,0.0,0.0,140.0,0.0,1.0,1.0,0
646101,427.5260000000002,3.435900000000003,0.0,7.0,81.5,6.0,3.0,2.0,1.0,1.0,8.0,4.0,30.0,1.0,0.0,1.0,158.0,0.0,2.0,0.0,0
2831180,270.30999999999995,-0.0339999999999999,3.0,4.0,95.5,2.0,1.0,1.0,0.0,1.0,7.0,2.0,18.0,1.0,0.0,1.0,98.0,0.0,1.0,2.0,0
118380944,372.40400000000005,3.038000000000001,4.0,5.0,103.96,7.0,3.0,1.0,2.0,0.0,9.0,3.0,27.0,0.0,0.0,0.0,142.0,0.0,2.0,2.0,1
3245524,374.4620000000001,1.9961,0.0,6.0,60.77000000000001,3.0,2.0,1.0,1.0,2.0,7.0,4.0,26.0,2.0,0.0,2.0,138.0,1.0,3.0,1.0,0
3242282,262.3529999999999,2.850340000000001,1.0,2.0,53.17,2.0,1.0,0.0,1.0,1.0,4.0,2.0,19.0,1.0,0.0,1.0,104.0,0.0,2.0,1.0,0
3234180,284.36300000000006,1.904,0.0,5.0,41.49000000000001,3.0,2.0,1.0,1.0,1.0,5.0,3.0,21.0,1.0,0.0,1.0,110.0,0.0,2.0,0.0,0
1193009,456.52400000000017,3.3104400000000016,2.0,7.0,119.51,9.0,3.0,2.0,1.0,0.0,10.0,3.0,32.0,0.0,0.0,0.0,168.0,0.0,1.0,1.0,0
2433498,301.676,3.580040000000002,0.0,4.0,52.330000000000005,3.0,2.0,1.0,1.0,0.0,7.0,2.0,20.0,0.0,0.0,0.0,106.0,0.0,1.0,0.0,0
650643,189.21400000000003,1.4958,0.0,3.0,39.19,2.0,1.0,0.0,1.0,0.0,3.0,2.0,14.0,1.0,0.0,1.0,72.0,0.0,2.0,0.0,0
665279,329.315,3.6235000000000017,1.0,4.0,79.2,2.0,4.0,2.0,2.0,0.0,6.0,5.0,25.0,1.0,0.0,1.0,120.0,0.0,3.0,2.0,0
5281365,290.491,6.124400000000007,1.0,1.0,20.23,10.0,0.0,0.0,0.0,0.0,1.0,0.0,21.0,0.0,0.0,0.0,120.0,0.0,0.0,0.0,0
2791329,324.3580000000001,1.67712,0.0,8.0,87.49000000000001,4.0,2.0,0.0,2.0,0.0,8.0,2.0,22.0,0.0,0.0,0.0,118.0,0.0,2.0,0.0,0
2128214,407.47300000000007,2.887120000000001,1.0,7.0,101.73999999999998,7.0,3.0,1.0,2.0,0.0,10.0,3.0,27.0,0.0,0.0,0.0,142.0,0.0,2.0,1.0,0
2997708,353.35,0.7230000000000002,3.0,5.0,113.6,5.0,1.0,1.0,0.0,0.0,9.0,1.0,25.0,0.0,0.0,0.0,136.0,0.0,0.0,4.0,0
651715,252.24500000000003,1.9066,2.0,2.0,69.64,2.0,1.0,1.0,0.0,1.0,6.0,2.0,18.0,1.0,0.0,1.0,96.0,0.0,1.0,2.0,0
3245035,397.54100000000017,2.688200000000001,1.0,5.0,52.650000000000006,6.0,2.0,1.0,1.0,1.0,8.0,3.0,26.0,1.0,0.0,1.0,142.0,0.0,2.0,0.0,0
651000,252.277,2.5833000000000004,2.0,3.0,70.67,2.0,3.0,1.0,2.0,0.0,5.0,3.0,19.0,0.0,0.0,0.0,94.0,0.0,2.0,1.0,0
2856976,414.5020000000002,3.7142000000000026,1.0,6.0,69.26,8.0,2.0,2.0,0.0,1.0,7.0,3.0,30.0,1.0,0.0,1.0,162.0,0.0,1.0,1.0,0
662329,357.38900000000007,1.2212999999999996,0.0,7.0,65.06,3.0,3.0,1.0,2.0,1.0,8.0,4.0,26.0,1.0,0.0,1.0,136.0,0.0,3.0,0.0,0
558012,292.375,3.778900000000002,2.0,4.0,74.6,2.0,0.0,0.0,0.0,0.0,4.0,2.0,21.0,2.0,2.0,0.0,116.0,0.0,0.0,0.0,0
779170,239.318,3.267220000000002,0.0,1.0,20.31,3.0,2.0,2.0,0.0,0.0,2.0,2.0,18.0,0.0,0.0,0.0,92.0,0.0,0.0,1.0,0
3803875,414.44300000000015,1.2481999999999998,0.0,10.0,101.26000000000002,5.0,4.0,1.0,3.0,0.0,10.0,4.0,29.0,0.0,0.0,0.0,150.0,0.0,3.0,0.0,0
644881,290.36300000000006,1.5006199999999994,1.0,3.0,58.64,6.0,1.0,1.0,0.0,1.0,5.0,2.0,21.0,1.0,0.0,1.0,114.0,0.0,1.0,2.0,0
654930,483.5720000000002,3.687700000000003,1.0,5.0,94.97,6.0,2.0,1.0,1.0,1.0,8.0,5.0,36.0,3.0,1.0,2.0,184.0,0.0,3.0,3.0,0
3232633,300.322,0.2452,0.0,8.0,96.93,3.0,2.0,0.0,2.0,1.0,8.0,3.0,22.0,1.0,0.0,1.0,114.0,0.0,3.0,0.0,0
652848,388.4230000000001,3.9723000000000015,1.0,4.0,75.54,6.0,4.0,2.0,2.0,0.0,6.0,4.0,29.0,0.0,0.0,0.0,146.0,0.0,2.0,1.0,0
654576,318.354,2.305999999999999,1.0,6.0,73.47,5.0,3.0,0.0,3.0,0.0,7.0,3.0,22.0,0.0,0.0,0.0,114.0,0.0,3.0,1.0,0
2997536,314.4310000000001,5.447500000000003,0.0,4.0,30.21,6.0,3.0,1.0,2.0,0.0,4.0,3.0,21.0,0.0,0.0,0.0,106.0,0.0,2.0,0.0,0
201649,446.5620000000001,1.5379799999999992,2.0,10.0,111.22,5.0,4.0,0.0,4.0,0.0,12.0,4.0,30.0,0.0,0.0,0.0,158.0,0.0,4.0,0.0,0
2998481,397.4310000000003,3.4600000000000017,0.0,3.0,54.370000000000005,3.0,1.0,1.0,0.0,2.0,8.0,3.0,27.0,2.0,0.0,2.0,150.0,0.0,2.0,1.0,0
2432538,448.4530000000002,1.2316999999999994,1.0,8.0,120.47,6.0,2.0,2.0,0.0,1.0,11.0,4.0,31.0,2.0,0.0,2.0,164.0,0.0,2.0,1.0,0
3235528,294.358,3.668960000000002,1.0,5.0,63.84,4.0,3.0,1.0,2.0,0.0,5.0,3.0,22.0,0.0,0.0,0.0,112.0,0.0,2.0,0.0,0
2517964,383.40700000000015,4.917540000000004,0.0,6.0,74.06,3.0,5.0,2.0,3.0,0.0,6.0,5.0,29.0,0.0,0.0,0.0,142.0,0.0,3.0,0.0,0
721123,226.279,2.8295200000000005,2.0,2.0,55.120000000000005,2.0,2.0,2.0,0.0,0.0,3.0,2.0,17.0,0.0,0.0,0.0,86.0,0.0,0.0,1.0,0
1300651,392.3630000000001,4.714520000000004,0.0,7.0,88.10999999999999,5.0,4.0,2.0,2.0,0.0,7.0,4.0,29.0,0.0,0.0,0.0,146.0,0.0,2.0,0.0,0
971773,269.663,3.419520000000001,2.0,3.0,67.16,2.0,2.0,1.0,1.0,0.0,7.0,2.0,18.0,0.0,0.0,0.0,94.0,0.0,1.0,2.0,0
626557,296.326,2.866600000000001,1.0,5.0,56.510000000000005,3.0,3.0,2.0,1.0,0.0,5.0,4.0,22.0,1.0,0.0,1.0,112.0,0.0,2.0,0.0,0
3240808,434.8800000000001,3.8313200000000016,2.0,6.0,97.12,7.0,3.0,2.0,1.0,0.0,10.0,3.0,29.0,0.0,0.0,0.0,150.0,0.0,1.0,2.0,0
5389871,391.4310000000001,2.3522,1.0,8.0,86.99000000000001,6.0,4.0,1.0,3.0,0.0,8.0,4.0,29.0,0.0,0.0,0.0,148.0,0.0,3.0,0.0,1
664499,373.4120000000001,4.7912200000000045,0.0,6.0,70.27000000000001,5.0,4.0,2.0,2.0,0.0,6.0,4.0,28.0,0.0,0.0,0.0,140.0,0.0,2.0,0.0,0
808206,342.3470000000001,3.676860000000002,0.0,6.0,78.88000000000001,4.0,3.0,1.0,2.0,0.0,6.0,3.0,25.0,0.0,0.0,0.0,130.0,0.0,2.0,0.0,0
1283104,350.2090000000002,2.934700000000002,0.0,6.0,55.55,2.0,3.0,1.0,2.0,1.0,8.0,4.0,23.0,1.0,0.0,1.0,118.0,0.0,3.0,0.0,0
118045339,513.4950000000001,4.969820000000003,3.0,6.0,106.06,8.0,4.0,2.0,2.0,0.0,11.0,4.0,37.0,0.0,0.0,0.0,192.0,0.0,2.0,1.0,1
1733715,257.717,1.4441399999999998,2.0,3.0,58.56,5.0,1.0,1.0,0.0,0.0,5.0,1.0,17.0,0.0,0.0,0.0,94.0,0.0,0.0,1.0,0
2183617,262.334,2.6563000000000008,0.0,5.0,44.24,6.0,2.0,1.0,1.0,0.0,5.0,2.0,18.0,0.0,0.0,0.0,94.0,0.0,1.0,0.0,0
2997696,451.5700000000001,1.2361,2.0,5.0,126.64,7.0,2.0,2.0,0.0,1.0,10.0,3.0,30.0,1.0,0.0,1.0,162.0,0.0,1.0,1.0,0
1253408,358.40100000000007,4.147120000000003,1.0,5.0,72.95,5.0,4.0,2.0,2.0,0.0,6.0,4.0,27.0,0.0,0.0,0.0,134.0,0.0,2.0,1.0,0
647912,312.32900000000006,1.78288,2.0,6.0,106.18,4.0,2.0,1.0,1.0,0.0,7.0,3.0,23.0,1.0,0.0,1.0,118.0,0.0,2.0,0.0,0
2898394,299.34800000000007,0.9150999999999998,1.0,5.0,73.86000000000001,4.0,1.0,1.0,0.0,1.0,7.0,3.0,20.0,2.0,0.0,2.0,110.0,0.0,2.0,0.0,0
2542208,346.43400000000025,3.9505000000000026,0.0,4.0,51.02,3.0,3.0,2.0,1.0,1.0,5.0,4.0,26.0,1.0,0.0,1.0,132.0,0.0,2.0,1.0,0
662485,452.34200000000016,2.4024,0.0,8.0,74.29,3.0,3.0,1.0,2.0,1.0,10.0,4.0,30.0,1.0,0.0,1.0,160.0,0.0,3.0,0.0,0
4885785,403.8660000000001,4.287180000000003,0.0,5.0,60.48,3.0,2.0,1.0,1.0,1.0,8.0,4.0,27.0,2.0,0.0,2.0,138.0,0.0,3.0,1.0,0
5311047,465.9530000000003,3.358100000000002,2.0,6.0,86.05,9.0,2.0,2.0,0.0,1.0,9.0,3.0,32.0,1.0,0.0,1.0,174.0,0.0,1.0,1.0,0
135436116,365.41800000000006,3.252900000000001,1.0,7.0,89.60000000000001,6.0,4.0,1.0,3.0,0.0,8.0,4.0,26.0,0.0,0.0,0.0,130.0,0.0,3.0,0.0,0
16758923,481.4710000000003,6.321100000000007,0.0,4.0,44.760000000000005,11.0,1.0,1.0,0.0,1.0,5.0,2.0,30.0,1.0,1.0,0.0,168.0,0.0,0.0,0.0,0
2998812,285.343,2.931000000000001,0.0,3.0,46.61,2.0,1.0,1.0,0.0,1.0,4.0,3.0,21.0,2.0,1.0,1.0,110.0,0.0,1.0,2.0,0
808421,307.353,3.774800000000004,0.0,5.0,49.17,3.0,4.0,2.0,2.0,0.0,5.0,4.0,23.0,0.0,0.0,0.0,116.0,0.0,2.0,0.0,0
656022,325.39000000000004,0.4026000000000003,0.0,4.0,70.16,2.0,1.0,1.0,0.0,2.0,8.0,3.0,22.0,2.0,0.0,2.0,120.0,0.0,2.0,2.0,0
1370756,283.32699999999994,2.4267000000000003,0.0,4.0,42.68,0.0,2.0,1.0,1.0,0.0,4.0,5.0,21.0,3.0,1.0,2.0,108.0,0.0,3.0,0.0,0
3243011,314.3410000000001,2.01992,1.0,4.0,71.78,5.0,2.0,1.0,1.0,0.0,6.0,3.0,23.0,1.0,0.0,1.0,120.0,0.0,2.0,2.0,0
3744541,328.3680000000001,1.3954999999999995,0.0,6.0,62.46000000000001,0.0,2.0,1.0,1.0,0.0,6.0,4.0,24.0,2.0,0.0,2.0,126.0,0.0,3.0,0.0,0
6605188,332.49600000000004,3.383840000000002,1.0,6.0,58.870000000000005,8.0,2.0,0.0,2.0,0.0,6.0,2.0,24.0,0.0,0.0,0.0,134.0,0.0,2.0,0.0,0
2649562,329.38100000000014,2.661900000000001,1.0,6.0,81.16,7.0,3.0,1.0,2.0,0.0,7.0,3.0,23.0,0.0,0.0,0.0,118.0,0.0,2.0,1.0,0
3242790,258.36499999999995,3.570540000000002,2.0,3.0,55.12,2.0,1.0,1.0,0.0,0.0,3.0,2.0,19.0,1.0,1.0,0.0,102.0,0.0,0.0,0.0,0
655210,275.301,0.8551999999999998,0.0,4.0,55.84,3.0,1.0,1.0,0.0,1.0,7.0,2.0,18.0,1.0,0.0,1.0,100.0,0.0,1.0,0.0,0
2210662,229.188,-1.15,0.0,6.0,89.98000000000002,3.0,0.0,0.0,0.0,1.0,7.0,1.0,16.0,1.0,0.0,1.0,88.0,0.0,1.0,2.0,0
2950805,491.6100000000004,3.216600000000001,1.0,7.0,97.41,10.0,2.0,2.0,0.0,1.0,10.0,3.0,34.0,1.0,0.0,1.0,186.0,0.0,1.0,1.0,0
579342,216.215,2.4730000000000008,1.0,2.0,41.99,2.0,2.0,1.0,1.0,0.0,4.0,2.0,16.0,0.0,0.0,0.0,80.0,0.0,1.0,1.0,0
645860,393.45100000000014,1.7312999999999994,2.0,8.0,102.53,7.0,4.0,1.0,3.0,0.0,9.0,4.0,29.0,0.0,0.0,0.0,150.0,0.0,3.0,0.0,0
1555505,256.262,-0.3964999999999996,3.0,6.0,116.93999999999996,7.0,1.0,0.0,1.0,0.0,8.0,1.0,18.0,0.0,0.0,0.0,100.0,0.0,1.0,0.0,0
6629,152.19299999999998,2.4113000000000007,1.0,2.0,29.46,2.0,1.0,1.0,0.0,0.0,2.0,1.0,11.0,0.0,0.0,0.0,60.0,0.0,0.0,0.0,0
2998505,305.4030000000001,2.3550000000000004,1.0,4.0,61.77,5.0,1.0,1.0,0.0,1.0,6.0,2.0,21.0,1.0,0.0,1.0,112.0,0.0,1.0,2.0,0
3239985,428.5330000000002,2.19802,1.0,7.0,82.19,9.0,2.0,2.0,0.0,1.0,8.0,3.0,31.0,1.0,0.0,1.0,168.0,0.0,1.0,1.0,0
665988,363.4610000000002,3.0942200000000017,0.0,5.0,47.36,5.0,3.0,2.0,1.0,1.0,5.0,4.0,27.0,1.0,0.0,1.0,140.0,0.0,2.0,0.0,0
3235021,360.3770000000002,2.26748,0.0,8.0,98.62,4.0,4.0,1.0,3.0,0.0,8.0,4.0,27.0,0.0,0.0,0.0,134.0,0.0,3.0,0.0,0
666576,422.5400000000001,0.127320000000001,1.0,11.0,104.94,5.0,3.0,0.0,3.0,1.0,12.0,4.0,28.0,1.0,0.0,1.0,150.0,0.0,4.0,0.0,0
3242323,328.7990000000001,4.105200000000003,1.0,2.0,41.57000000000001,2.0,2.0,2.0,0.0,1.0,5.0,4.0,23.0,2.0,0.0,2.0,118.0,0.0,2.0,2.0,0
2426136,261.365,3.843300000000003,0.0,3.0,39.19,2.0,1.0,0.0,1.0,1.0,3.0,2.0,19.0,1.0,1.0,0.0,104.0,0.0,1.0,0.0,0
666735,312.37300000000005,1.2203999999999997,0.0,6.0,52.29,3.0,3.0,1.0,2.0,1.0,6.0,4.0,23.0,1.0,0.0,1.0,120.0,0.0,3.0,0.0,0
3245953,366.8040000000001,3.506200000000001,0.0,5.0,57.14,4.0,4.0,2.0,2.0,0.0,6.0,4.0,26.0,0.0,0.0,0.0,130.0,0.0,2.0,0.0,0
655802,459.5280000000003,1.6425999999999996,3.0,8.0,149.87,7.0,2.0,1.0,1.0,1.0,11.0,4.0,32.0,2.0,1.0,1.0,170.0,0.0,2.0,3.0,0
666383,226.239,1.3930199999999997,1.0,4.0,63.05,1.0,3.0,1.0,2.0,0.0,5.0,3.0,17.0,0.0,0.0,0.0,84.0,0.0,2.0,0.0,0
609483,407.5140000000002,2.777400000000001,0.0,5.0,53.09,5.0,2.0,2.0,0.0,1.0,6.0,4.0,30.0,2.0,0.0,2.0,158.0,0.0,2.0,2.0,0
652790,478.5530000000004,3.508000000000002,1.0,9.0,111.3,9.0,4.0,1.0,3.0,1.0,10.0,5.0,35.0,1.0,1.0,0.0,184.0,0.0,3.0,0.0,0
2239530,389.477,1.9514,1.0,5.0,88.60000000000001,7.0,2.0,1.0,1.0,1.0,8.0,3.0,27.0,1.0,0.0,1.0,144.0,0.0,2.0,1.0,0
879106,273.3399999999999,1.6512999999999998,3.0,6.0,84.03,2.0,1.0,1.0,0.0,1.0,6.0,3.0,20.0,2.0,1.0,1.0,106.0,1.0,1.0,0.0,0
3232866,336.39500000000004,2.8534000000000006,2.0,5.0,76.14,6.0,3.0,2.0,1.0,0.0,6.0,3.0,25.0,0.0,0.0,0.0,128.0,0.0,1.0,1.0,0
2318451,317.7940000000001,2.602900000000001,1.0,3.0,74.67999999999999,3.0,1.0,1.0,0.0,1.0,7.0,2.0,20.0,1.0,0.0,1.0,110.0,0.0,1.0,0.0,0
3243782,465.5500000000002,3.5375000000000023,1.0,7.0,89.87,11.0,3.0,2.0,1.0,0.0,8.0,3.0,34.0,0.0,0.0,0.0,180.0,0.0,1.0,1.0,0
693664,316.3360000000001,2.09648,1.0,6.0,74.32000000000001,5.0,2.0,1.0,1.0,1.0,7.0,3.0,23.0,1.0,0.0,1.0,120.0,0.0,2.0,0.0,0
654712,431.4920000000002,3.4331000000000023,0.0,5.0,71.97,7.0,3.0,2.0,1.0,0.0,7.0,4.0,32.0,1.0,0.0,1.0,164.0,0.0,2.0,2.0,0
692198,257.24499999999995,3.026200000000001,1.0,4.0,56.790000000000006,2.0,2.0,2.0,0.0,0.0,5.0,3.0,19.0,1.0,0.0,1.0,96.0,0.0,1.0,1.0,0
646119,344.3740000000001,2.6629000000000005,1.0,5.0,76.88,3.0,4.0,2.0,2.0,0.0,6.0,4.0,26.0,0.0,0.0,0.0,128.0,0.0,2.0,1.0,0
891137,323.7360000000001,1.4708999999999994,3.0,4.0,104.05,6.0,2.0,1.0,1.0,0.0,8.0,2.0,22.0,0.0,0.0,0.0,116.0,0.0,1.0,1.0,0
118380780,381.44000000000005,2.340699999999999,4.0,5.0,115.04,6.0,3.0,1.0,2.0,0.0,9.0,3.0,28.0,0.0,0.0,0.0,146.0,0.0,2.0,3.0,1
897075,260.293,2.20564,0.0,5.0,53.35,3.0,2.0,1.0,1.0,0.0,5.0,2.0,19.0,0.0,0.0,0.0,100.0,0.0,1.0,0.0,0
664969,303.314,1.5341,1.0,5.0,83.91,5.0,1.0,1.0,0.0,0.0,6.0,2.0,22.0,1.0,0.0,1.0,116.0,0.0,1.0,1.0,0
2873127,322.411,2.571300000000001,0.0,6.0,58.97,2.0,1.0,0.0,1.0,1.0,7.0,3.0,21.0,2.0,0.0,2.0,110.0,0.0,3.0,1.0,0
665512,333.3910000000002,3.948020000000003,0.0,4.0,59.23,3.0,3.0,2.0,1.0,1.0,5.0,4.0,25.0,1.0,0.0,1.0,126.0,0.0,2.0,1.0,0
652812,314.341,2.0108,1.0,5.0,77.52,6.0,2.0,1.0,1.0,0.0,6.0,2.0,23.0,0.0,0.0,0.0,120.0,0.0,1.0,1.0,0
137478675,568.0530000000003,4.185400000000003,3.0,8.0,121.37,8.0,3.0,1.0,2.0,1.0,12.0,5.0,40.0,2.0,0.0,2.0,210.0,0.0,4.0,2.0,1
2999814,464.5870000000003,0.3375000000000012,0.0,8.0,118.13,6.0,1.0,0.0,1.0,2.0,12.0,3.0,29.0,2.0,0.0,2.0,162.0,0.0,3.0,1.0,0
1214419,426.46000000000015,2.969000000000002,0.0,4.0,57.690000000000005,5.0,2.0,2.0,0.0,1.0,9.0,3.0,29.0,1.0,0.0,1.0,156.0,0.0,1.0,1.0,0
655086,340.4080000000001,2.39982,2.0,5.0,108.87,5.0,2.0,1.0,1.0,0.0,7.0,2.0,24.0,0.0,0.0,0.0,122.0,0.0,1.0,2.0,0
652778,247.29399999999995,0.9725,0.0,3.0,46.61,2.0,0.0,0.0,0.0,3.0,4.0,4.0,18.0,4.0,2.0,2.0,96.0,0.0,2.0,2.0,0
9568646,288.756,1.3892,0.0,3.0,58.97,3.0,1.0,1.0,0.0,1.0,7.0,2.0,18.0,1.0,0.0,1.0,98.0,0.0,1.0,0.0,0
3240492,206.22,1.4807,1.0,2.0,41.46,1.0,1.0,1.0,0.0,0.0,4.0,2.0,15.0,1.0,0.0,1.0,78.0,0.0,1.0,1.0,0
664397,364.4450000000001,3.895920000000002,1.0,3.0,62.4,5.0,3.0,2.0,1.0,0.0,5.0,3.0,27.0,0.0,0.0,0.0,140.0,0.0,1.0,1.0,0
651368,365.433,3.832620000000002,2.0,3.0,78.51,4.0,2.0,2.0,0.0,1.0,6.0,3.0,27.0,1.0,0.0,1.0,140.0,0.0,1.0,3.0,0
654760,349.41600000000017,1.394,0.0,8.0,82.36999999999999,6.0,2.0,1.0,1.0,1.0,9.0,3.0,24.0,1.0,0.0,1.0,128.0,0.0,2.0,1.0,0
3237951,418.3090000000003,1.9784,0.0,5.0,72.91000000000001,4.0,1.0,1.0,0.0,2.0,8.0,3.0,24.0,2.0,0.0,2.0,132.0,1.0,2.0,1.0,0
5307548,270.29599999999994,1.2633999999999994,1.0,7.0,77.23,3.0,3.0,1.0,2.0,1.0,7.0,4.0,20.0,1.0,0.0,1.0,102.0,0.0,3.0,0.0,0
3245621,406.4420000000002,1.2300199999999997,1.0,6.0,93.41000000000004,4.0,2.0,1.0,1.0,2.0,8.0,5.0,30.0,3.0,2.0,1.0,154.0,0.0,2.0,3.0,0
6324547,289.3380000000001,3.2345200000000007,1.0,3.0,50.68,2.0,4.0,2.0,2.0,0.0,4.0,4.0,22.0,0.0,0.0,0.0,108.0,0.0,2.0,0.0,0
2087892,404.47000000000014,1.812999999999999,1.0,7.0,90.32999999999998,5.0,3.0,2.0,1.0,0.0,7.0,4.0,30.0,1.0,0.0,1.0,154.0,0.0,2.0,0.0,0
1321618,489.57500000000016,3.563620000000002,3.0,6.0,130.67,8.0,3.0,3.0,0.0,0.0,11.0,3.0,33.0,0.0,0.0,0.0,174.0,0.0,0.0,1.0,0
5309916,398.4630000000002,0.7837000000000007,0.0,8.0,83.05000000000001,5.0,2.0,1.0,1.0,2.0,8.0,4.0,29.0,2.0,0.0,2.0,154.0,0.0,3.0,0.0,0
3242548,420.4880000000001,3.872600000000003,1.0,5.0,57.7,6.0,3.0,2.0,1.0,1.0,7.0,4.0,31.0,1.0,0.0,1.0,160.0,0.0,2.0,1.0,0
1313295,494.5950000000002,1.6887,2.0,6.0,132.95999999999998,6.0,2.0,2.0,0.0,1.0,12.0,3.0,33.0,1.0,0.0,1.0,178.0,0.0,1.0,2.0,0
5307898,330.7900000000001,3.988900000000004,0.0,2.0,23.550000000000004,2.0,2.0,2.0,0.0,2.0,5.0,4.0,23.0,2.0,0.0,2.0,118.0,0.0,2.0,1.0,0
655096,406.4680000000002,1.2610199999999998,1.0,10.0,116.95000000000002,7.0,3.0,0.0,3.0,0.0,11.0,3.0,28.0,0.0,0.0,0.0,150.0,0.0,3.0,1.0,0
6604957,550.7210000000001,6.084700000000006,1.0,6.0,80.86,13.0,4.0,3.0,1.0,0.0,8.0,4.0,39.0,0.0,0.0,0.0,208.0,0.0,1.0,0.0,0
664443,363.39900000000017,0.3997999999999997,0.0,9.0,99.44,5.0,2.0,1.0,1.0,1.0,10.0,3.0,25.0,1.0,0.0,1.0,132.0,0.0,2.0,1.0,0
655630,480.5900000000002,4.285300000000003,1.0,7.0,85.69000000000001,6.0,3.0,2.0,1.0,1.0,9.0,5.0,34.0,2.0,0.0,2.0,178.0,0.0,3.0,2.0,0
649110,444.4690000000003,1.1628999999999996,1.0,8.0,123.73999999999998,6.0,3.0,2.0,1.0,1.0,11.0,4.0,31.0,1.0,0.0,1.0,162.0,0.0,2.0,1.0,0
649782,498.6080000000002,5.603020000000005,3.0,6.0,107.16,7.0,3.0,2.0,1.0,0.0,8.0,4.0,36.0,1.0,0.0,1.0,182.0,0.0,2.0,2.0,0
5307304,399.44700000000006,3.165700000000002,1.0,4.0,79.37,4.0,3.0,2.0,1.0,1.0,8.0,4.0,28.0,1.0,0.0,1.0,144.0,0.0,2.0,1.0,0
1044160,437.4810000000001,3.1937200000000017,3.0,7.0,126.21,5.0,4.0,3.0,1.0,0.0,10.0,4.0,31.0,0.0,0.0,0.0,158.0,0.0,1.0,1.0,0
652441,422.4890000000002,2.4853000000000005,1.0,8.0,93.88,5.0,3.0,1.0,2.0,1.0,9.0,5.0,31.0,2.0,1.0,1.0,162.0,0.0,3.0,1.0,0
2940115,322.346,1.64102,0.0,9.0,96.32,6.0,2.0,0.0,2.0,0.0,9.0,2.0,22.0,0.0,0.0,0.0,116.0,0.0,2.0,0.0,0
650276,218.256,2.1955,2.0,4.0,68.25999999999999,2.0,2.0,1.0,1.0,0.0,4.0,2.0,16.0,0.0,0.0,0.0,84.0,0.0,1.0,0.0,0
3235754,246.335,2.619020000000001,0.0,3.0,34.36,2.0,2.0,1.0,1.0,0.0,4.0,2.0,17.0,0.0,0.0,0.0,88.0,0.0,1.0,1.0,0
651228,192.174,1.6763199999999998,2.0,3.0,79.11999999999999,2.0,2.0,0.0,2.0,0.0,5.0,2.0,14.0,0.0,0.0,0.0,72.0,0.0,2.0,0.0,0
3245592,463.0030000000002,2.7929200000000014,0.0,5.0,73.82,4.0,2.0,1.0,1.0,2.0,9.0,4.0,31.0,2.0,0.0,2.0,166.0,0.0,3.0,1.0,0
1302741,397.3830000000002,3.424900000000002,0.0,7.0,87.44,4.0,3.0,2.0,1.0,1.0,8.0,4.0,29.0,1.0,0.0,1.0,150.0,0.0,2.0,1.0,0
663657,339.34700000000004,2.902300000000001,1.0,5.0,77.62,5.0,3.0,2.0,1.0,0.0,6.0,3.0,25.0,0.0,0.0,0.0,128.0,0.0,1.0,0.0,0
2954710,416.4550000000002,2.08462,1.0,6.0,102.01000000000002,4.0,2.0,2.0,0.0,1.0,9.0,4.0,29.0,2.0,0.0,2.0,152.0,0.0,2.0,2.0,0
71528992,512.9480000000001,4.214100000000003,2.0,7.0,93.96,6.0,4.0,2.0,2.0,1.0,11.0,5.0,36.0,1.0,0.0,1.0,186.0,0.0,3.0,1.0,1
2365200,351.30500000000006,2.848700000000001,1.0,5.0,73.86000000000001,8.0,2.0,2.0,0.0,0.0,8.0,2.0,25.0,0.0,0.0,0.0,132.0,0.0,0.0,1.0,0
1503192,331.37500000000006,4.126700000000003,0.0,5.0,53.08,5.0,4.0,2.0,2.0,0.0,5.0,4.0,25.0,0.0,0.0,0.0,124.0,0.0,2.0,0.0,0
3237246,290.3190000000001,3.0675000000000017,1.0,5.0,73.59,5.0,2.0,1.0,1.0,0.0,6.0,2.0,21.0,0.0,0.0,0.0,112.0,0.0,1.0,1.0,0
2432214,326.41,3.0330000000000013,0.0,8.0,69.38,3.0,4.0,1.0,3.0,0.0,8.0,4.0,22.0,0.0,0.0,0.0,108.0,0.0,3.0,0.0,0
2928665,382.41600000000017,1.8995,0.0,6.0,60.47000000000001,3.0,2.0,2.0,0.0,1.0,7.0,5.0,28.0,3.0,0.0,3.0,146.0,0.0,3.0,1.0,0
664926,346.43800000000005,2.7690200000000003,2.0,6.0,65.44,4.0,3.0,2.0,1.0,0.0,6.0,4.0,26.0,1.0,0.0,1.0,132.0,0.0,2.0,0.0,0
724072,281.109,3.201720000000002,1.0,4.0,58.620000000000005,2.0,2.0,1.0,1.0,0.0,5.0,2.0,16.0,0.0,0.0,0.0,82.0,0.0,1.0,0.0,0
665068,340.7660000000001,2.6281000000000008,0.0,4.0,58.97,3.0,2.0,2.0,0.0,1.0,6.0,4.0,24.0,2.0,0.0,2.0,120.0,0.0,2.0,2.0,0
117889770,526.5720000000003,4.745540000000005,1.0,8.0,106.26000000000002,5.0,5.0,2.0,3.0,1.0,10.0,6.0,39.0,1.0,0.0,1.0,198.0,0.0,4.0,1.0,1
2998561,467.5880000000004,1.6268000000000002,1.0,7.0,105.25,8.0,1.0,1.0,0.0,2.0,10.0,3.0,32.0,2.0,0.0,2.0,178.0,0.0,2.0,1.0,0
650581,453.4950000000002,3.7908000000000026,0.0,8.0,96.15,7.0,3.0,2.0,1.0,1.0,9.0,4.0,33.0,1.0,0.0,1.0,174.0,0.0,2.0,1.0,0
2998816,338.4100000000001,1.6665,0.0,6.0,76.03999999999999,3.0,1.0,1.0,0.0,0.0,8.0,3.0,22.0,2.0,0.0,2.0,116.0,0.0,2.0,0.0,0
60198781,463.4130000000004,3.950300000000003,3.0,5.0,82.18,4.0,2.0,1.0,1.0,1.0,9.0,4.0,31.0,2.0,0.0,2.0,166.0,0.0,3.0,2.0,1
1292313,417.5020000000002,2.8061000000000007,1.0,10.0,111.53,5.0,4.0,2.0,2.0,0.0,10.0,5.0,30.0,1.0,0.0,1.0,150.0,0.0,3.0,0.0,0
3237042,422.5290000000001,2.891500000000001,1.0,5.0,76.34,7.0,3.0,1.0,2.0,1.0,7.0,4.0,31.0,1.0,0.0,1.0,164.0,0.0,3.0,2.0,0
866874,331.44100000000026,3.2014000000000022,1.0,5.0,68.02,6.0,2.0,1.0,1.0,1.0,6.0,3.0,23.0,1.0,1.0,0.0,122.0,0.0,1.0,1.0,0
2999387,483.54600000000016,2.2637,1.0,7.0,109.16,8.0,3.0,2.0,1.0,1.0,10.0,4.0,34.0,1.0,0.0,1.0,178.0,0.0,2.0,1.0,0
644906,458.5190000000002,1.8647,1.0,8.0,102.24,9.0,3.0,1.0,2.0,1.0,11.0,4.0,32.0,1.0,0.0,1.0,168.0,0.0,3.0,2.0,0
778764,217.31199999999995,2.634500000000001,1.0,1.0,29.1,3.0,1.0,1.0,0.0,1.0,2.0,2.0,16.0,1.0,1.0,0.0,86.0,0.0,0.0,1.0,0
3233292,379.5260000000001,2.6713000000000013,1.0,3.0,69.72,3.0,1.0,1.0,0.0,2.0,7.0,3.0,26.0,2.0,0.0,2.0,144.0,1.0,2.0,2.0,0
5308815,267.336,3.101580000000001,1.0,5.0,55.11,2.0,3.0,1.0,2.0,0.0,5.0,3.0,20.0,0.0,0.0,0.0,102.0,0.0,2.0,0.0,0
6605196,290.415,1.85094,0.0,6.0,50.080000000000005,6.0,2.0,0.0,2.0,0.0,6.0,2.0,21.0,0.0,0.0,0.0,116.0,0.0,2.0,0.0,0
662591,278.308,2.04342,1.0,5.0,81.43,2.0,1.0,0.0,1.0,2.0,6.0,3.0,20.0,2.0,1.0,1.0,108.0,0.0,2.0,1.0,0
3845946,335.40400000000017,1.7353999999999992,2.0,6.0,96.68,4.0,1.0,0.0,1.0,2.0,7.0,3.0,24.0,2.0,1.0,1.0,132.0,0.0,2.0,0.0,0
3239686,472.5710000000003,2.4656,1.0,8.0,105.58,8.0,3.0,1.0,2.0,1.0,11.0,4.0,33.0,1.0,0.0,1.0,176.0,0.0,3.0,2.0,0
135544634,252.278,-0.0349999999999999,2.0,7.0,109.75,3.0,1.0,0.0,1.0,1.0,8.0,2.0,18.0,1.0,0.0,1.0,98.0,0.0,2.0,0.0,0
977157,269.72799999999995,2.787840000000001,0.0,3.0,38.77,1.0,1.0,1.0,0.0,1.0,5.0,2.0,18.0,1.0,0.0,1.0,98.0,0.0,1.0,1.0,0
665655,339.42400000000004,3.3854000000000006,2.0,6.0,71.84,3.0,3.0,1.0,2.0,0.0,7.0,4.0,24.0,1.0,0.0,1.0,122.0,0.0,3.0,1.0,0
3244029,309.3690000000001,2.5327800000000007,1.0,5.0,81.04,2.0,2.0,1.0,1.0,0.0,5.0,3.0,23.0,1.0,0.0,1.0,118.0,0.0,2.0,0.0,0
2206273,375.4280000000001,3.494300000000002,1.0,4.0,65.79,4.0,3.0,2.0,1.0,1.0,6.0,4.0,28.0,1.0,0.0,1.0,142.0,0.0,2.0,2.0,0
646103,297.31,3.028400000000002,0.0,5.0,61.44,5.0,3.0,1.0,2.0,0.0,5.0,3.0,22.0,0.0,0.0,0.0,112.0,0.0,2.0,0.0,0
4353,137.964,0.4324,1.0,1.0,29.1,0.0,0.0,0.0,0.0,0.0,3.0,0.0,5.0,0.0,0.0,0.0,30.0,0.0,0.0,1.0,0
1154395,475.5050000000002,2.31814,1.0,9.0,117.21999999999998,6.0,4.0,1.0,3.0,0.0,10.0,4.0,35.0,0.0,0.0,0.0,180.0,0.0,3.0,1.0,0
2114156,237.35300000000004,3.3937000000000017,1.0,5.0,37.81,4.0,2.0,1.0,1.0,0.0,5.0,2.0,15.0,0.0,0.0,0.0,78.0,0.0,1.0,0.0,0
654985,498.6280000000004,3.3560000000000016,1.0,8.0,111.47,10.0,2.0,1.0,1.0,2.0,10.0,4.0,36.0,2.0,2.0,0.0,196.0,0.0,1.0,2.0,0
651653,388.53700000000026,3.4384000000000023,1.0,6.0,69.03999999999999,8.0,2.0,1.0,1.0,1.0,7.0,3.0,27.0,1.0,1.0,0.0,146.0,0.0,1.0,1.0,0
697873,210.258,0.8085800000000003,0.0,3.0,61.17,2.0,1.0,1.0,0.0,0.0,5.0,1.0,14.0,0.0,0.0,0.0,74.0,0.0,0.0,0.0,0
649012,390.44300000000015,3.460480000000002,0.0,7.0,74.75999999999999,6.0,3.0,2.0,1.0,1.0,7.0,4.0,29.0,1.0,0.0,1.0,148.0,0.0,2.0,0.0,0
17111,143.18599999999998,0.2771999999999999,0.0,3.0,29.54,4.0,0.0,0.0,0.0,0.0,3.0,0.0,10.0,0.0,0.0,0.0,58.0,0.0,0.0,0.0,0
2237015,354.4720000000001,2.07302,1.0,4.0,75.71000000000001,6.0,1.0,1.0,0.0,1.0,7.0,2.0,24.0,1.0,1.0,0.0,134.0,0.0,0.0,1.0,0
716180,284.35900000000004,2.5460200000000004,0.0,3.0,36.690000000000005,3.0,2.0,1.0,1.0,1.0,4.0,3.0,21.0,1.0,0.0,1.0,110.0,0.0,2.0,1.0,0
89525856,329.33500000000004,2.5319000000000003,3.0,4.0,91.93,5.0,3.0,1.0,2.0,0.0,8.0,3.0,24.0,0.0,0.0,0.0,124.0,0.0,2.0,2.0,1
135403624,225.252,-0.0117000000000001,4.0,5.0,112.89999999999998,5.0,1.0,0.0,1.0,0.0,7.0,1.0,16.0,0.0,0.0,0.0,88.0,0.0,1.0,1.0,0
5308763,453.5490000000001,3.1732000000000014,1.0,9.0,98.88,7.0,4.0,2.0,2.0,0.0,10.0,4.0,31.0,0.0,0.0,0.0,158.0,0.0,2.0,1.0,0
5429429,496.4940000000002,5.349000000000004,2.0,4.0,95.94,7.0,4.0,4.0,0.0,1.0,8.0,5.0,37.0,1.0,0.0,1.0,184.0,0.0,1.0,3.0,1
655325,301.29800000000006,0.3655000000000001,3.0,6.0,95.86,3.0,1.0,1.0,0.0,0.0,6.0,3.0,22.0,2.0,1.0,1.0,114.0,0.0,1.0,0.0,0
2933378,317.385,3.471000000000002,2.0,3.0,75.63,5.0,1.0,1.0,0.0,0.0,5.0,2.0,23.0,1.0,1.0,0.0,124.0,0.0,0.0,1.0,0
121416693,446.51100000000025,3.515520000000002,3.0,7.0,114.19,8.0,4.0,1.0,3.0,0.0,9.0,4.0,33.0,0.0,0.0,0.0,170.0,0.0,3.0,2.0,1
263529,264.28,2.963800000000001,1.0,3.0,54.370000000000005,2.0,2.0,2.0,0.0,0.0,3.0,3.0,20.0,1.0,1.0,0.0,98.0,0.0,0.0,0.0,0
3243369,249.33900000000003,2.6442900000000007,1.0,4.0,50.68,4.0,2.0,0.0,2.0,0.0,5.0,2.0,17.0,0.0,0.0,0.0,90.0,0.0,2.0,0.0,0
621132,259.305,1.9698,2.0,2.0,66.39999999999999,4.0,1.0,1.0,0.0,0.0,4.0,2.0,19.0,1.0,1.0,0.0,100.0,0.0,0.0,1.0,0
1519926,260.362,2.810900000000001,1.0,3.0,28.41,4.0,2.0,1.0,1.0,0.0,4.0,2.0,18.0,0.0,0.0,0.0,94.0,0.0,1.0,0.0,0
1720,212.208,1.3056,2.0,3.0,72.19,0.0,2.0,2.0,0.0,0.0,4.0,3.0,16.0,1.0,0.0,1.0,78.0,0.0,1.0,2.0,0
714475,301.3210000000001,2.3096,1.0,4.0,54.46000000000001,3.0,2.0,1.0,1.0,1.0,6.0,3.0,22.0,1.0,0.0,1.0,114.0,0.0,2.0,1.0,0
3245612,455.52200000000016,3.047360000000001,1.0,8.0,99.11,6.0,5.0,2.0,3.0,0.0,9.0,5.0,34.0,0.0,0.0,0.0,172.0,0.0,3.0,1.0,0
645134,286.375,2.770100000000001,1.0,4.0,47.28,6.0,2.0,1.0,1.0,0.0,4.0,3.0,21.0,1.0,1.0,0.0,112.0,0.0,1.0,0.0,0
654893,338.4510000000002,4.026700000000004,0.0,3.0,42.31,4.0,2.0,1.0,1.0,2.0,4.0,4.0,25.0,2.0,1.0,1.0,132.0,0.0,2.0,1.0,0
71555090,374.47300000000007,3.8149200000000016,3.0,4.0,78.52,4.0,4.0,1.0,3.0,0.0,7.0,4.0,27.0,0.0,0.0,0.0,134.0,0.0,3.0,0.0,1
664775,305.38100000000014,3.2368000000000023,1.0,4.0,60.91,1.0,3.0,1.0,2.0,0.0,4.0,4.0,23.0,1.0,1.0,0.0,116.0,0.0,2.0,0.0,0
2946727,304.43400000000014,2.3315,1.0,2.0,49.41,4.0,0.0,0.0,0.0,5.0,4.0,5.0,22.0,5.0,4.0,1.0,122.0,0.0,1.0,2.0,0
2236874,225.313,1.6066999999999998,1.0,3.0,30.49,5.0,1.0,1.0,0.0,0.0,4.0,1.0,15.0,0.0,0.0,0.0,82.0,0.0,0.0,0.0,0
3241113,484.3380000000001,4.709140000000003,2.0,7.0,89.66000000000001,5.0,3.0,1.0,2.0,0.0,12.0,4.0,32.0,1.0,0.0,1.0,170.0,0.0,3.0,1.0,0
3247298,558.6400000000002,4.602400000000004,2.0,4.0,92.34,10.0,4.0,4.0,0.0,1.0,8.0,5.0,39.0,1.0,1.0,0.0,200.0,0.0,0.0,1.0,0
666059,340.4230000000001,3.0090200000000014,1.0,4.0,50.8,5.0,2.0,2.0,0.0,0.0,5.0,3.0,25.0,1.0,0.0,1.0,132.0,0.0,1.0,1.0,0
2832749,187.283,2.1489000000000003,2.0,2.0,63.32000000000001,8.0,0.0,0.0,0.0,0.0,3.0,0.0,13.0,0.0,0.0,0.0,78.0,0.0,0.0,0.0,0
3448460,415.47500000000014,1.50514,2.0,8.0,122.73,6.0,3.0,1.0,2.0,0.0,10.0,3.0,29.0,0.0,0.0,0.0,152.0,0.0,2.0,0.0,0
3243422,429.4980000000002,2.1195000000000004,2.0,5.0,108.57000000000002,8.0,3.0,2.0,1.0,0.0,9.0,3.0,30.0,0.0,0.0,0.0,158.0,0.0,1.0,1.0,0
801726,294.31000000000006,2.4565200000000003,1.0,4.0,72.19,3.0,3.0,2.0,1.0,0.0,5.0,3.0,22.0,0.0,0.0,0.0,110.0,0.0,1.0,0.0,0
16758316,403.4750000000001,2.0473999999999988,1.0,6.0,90.93,3.0,1.0,1.0,0.0,0.0,7.0,2.0,29.0,1.0,0.0,1.0,158.0,0.0,1.0,1.0,0
3238505,381.205,3.0317000000000007,1.0,6.0,69.03999999999999,3.0,2.0,1.0,1.0,0.0,8.0,3.0,23.0,1.0,0.0,1.0,120.0,0.0,2.0,0.0,0
2400746,206.176,1.4853999999999998,2.0,3.0,65.98,2.0,2.0,1.0,1.0,0.0,5.0,2.0,15.0,0.0,0.0,0.0,76.0,0.0,1.0,0.0,0
656032,298.346,2.775920000000001,2.0,4.0,83.98,5.0,2.0,0.0,2.0,0.0,6.0,2.0,22.0,0.0,0.0,0.0,114.0,0.0,2.0,2.0,0
3233496,485.4720000000004,5.637600000000005,0.0,3.0,36.440000000000005,3.0,2.0,1.0,1.0,2.0,10.0,4.0,34.0,2.0,0.0,2.0,184.0,1.0,3.0,1.0,0
1639652,378.4580000000001,2.21752,2.0,8.0,98.72,6.0,3.0,1.0,2.0,0.0,10.0,3.0,25.0,0.0,0.0,0.0,130.0,0.0,2.0,1.0,0
3238303,388.51200000000017,2.3417000000000003,2.0,5.0,87.19999999999999,11.0,2.0,1.0,1.0,0.0,7.0,2.0,28.0,0.0,0.0,0.0,154.0,0.0,1.0,1.0,0
5309509,265.357,1.304699999999999,1.0,4.0,56.15,6.0,1.0,0.0,1.0,0.0,5.0,2.0,19.0,1.0,1.0,0.0,106.0,0.0,1.0,1.0,0
1363715,431.5360000000002,4.278300000000003,1.0,5.0,54.040000000000006,7.0,3.0,3.0,0.0,1.0,6.0,4.0,32.0,1.0,0.0,1.0,166.0,0.0,1.0,1.0,0
2219537,234.679,2.7969000000000017,1.0,2.0,37.3,4.0,1.0,1.0,0.0,0.0,5.0,1.0,14.0,0.0,0.0,0.0,76.0,0.0,0.0,0.0,0
3242607,435.40900000000033,3.313900000000002,0.0,4.0,57.690000000000005,3.0,1.0,0.0,1.0,2.0,8.0,3.0,24.0,2.0,0.0,2.0,134.0,0.0,3.0,1.0,0
540360,300.33600000000007,0.7865,3.0,4.0,112.57,6.0,1.0,1.0,0.0,0.0,8.0,1.0,20.0,0.0,0.0,0.0,110.0,0.0,0.0,1.0,0
5676604,463.9680000000002,3.5880000000000027,0.0,5.0,83.19,4.0,3.0,1.0,2.0,1.0,10.0,4.0,30.0,1.0,0.0,1.0,156.0,0.0,3.0,1.0,0
723521,259.305,2.591640000000001,1.0,3.0,51.47,5.0,2.0,1.0,1.0,0.0,4.0,2.0,19.0,0.0,0.0,0.0,100.0,0.0,1.0,1.0,0
3243023,378.42800000000017,2.18642,1.0,4.0,71.78,5.0,2.0,1.0,1.0,2.0,6.0,5.0,28.0,3.0,0.0,3.0,144.0,1.0,4.0,2.0,0
3245775,395.4150000000002,1.9052,2.0,6.0,102.42000000000002,7.0,3.0,2.0,1.0,0.0,8.0,4.0,29.0,1.0,0.0,1.0,150.0,0.0,2.0,1.0,0
1085107,424.5070000000002,3.595000000000001,1.0,8.0,77.75000000000001,6.0,4.0,2.0,2.0,0.0,9.0,5.0,29.0,1.0,0.0,1.0,146.0,0.0,3.0,1.0,0
653986,384.5010000000002,2.992900000000001,0.0,5.0,42.010000000000005,6.0,2.0,2.0,0.0,1.0,6.0,4.0,27.0,2.0,0.0,2.0,142.0,0.0,2.0,1.0,0
135415537,474.9480000000004,4.640320000000004,1.0,7.0,79.95,4.0,4.0,2.0,2.0,1.0,8.0,5.0,34.0,1.0,0.0,1.0,172.0,0.0,3.0,0.0,0
653579,292.35400000000004,1.4112999999999996,2.0,3.0,52.57000000000001,5.0,1.0,1.0,0.0,1.0,5.0,2.0,21.0,1.0,0.0,1.0,114.0,0.0,1.0,1.0,0
3243623,328.412,3.0134000000000016,2.0,3.0,71.34,6.0,2.0,1.0,1.0,0.0,5.0,2.0,24.0,0.0,0.0,0.0,128.0,0.0,1.0,2.0,0
2737129,266.26000000000005,1.5306000000000002,0.0,5.0,78.75,1.0,3.0,1.0,2.0,0.0,6.0,4.0,20.0,1.0,1.0,0.0,98.0,0.0,2.0,0.0,0
419706,210.327,2.3471,1.0,4.0,38.91,3.0,2.0,1.0,1.0,0.0,4.0,2.0,13.0,0.0,0.0,0.0,68.0,0.0,1.0,0.0,0
806279,228.089,2.797600000000001,1.0,1.0,29.1,2.0,1.0,1.0,0.0,0.0,3.0,1.0,12.0,0.0,0.0,0.0,64.0,0.0,0.0,1.0,0
645971,454.5260000000002,2.4955000000000007,2.0,7.0,127.87,8.0,2.0,2.0,0.0,0.0,11.0,3.0,30.0,1.0,0.0,1.0,162.0,0.0,1.0,0.0,0
3234486,307.357,2.8627200000000004,1.0,6.0,72.82,5.0,3.0,1.0,2.0,0.0,6.0,3.0,23.0,0.0,0.0,0.0,116.0,0.0,2.0,0.0,0
2833563,403.40400000000017,3.159500000000002,0.0,4.0,43.86000000000001,3.0,2.0,2.0,0.0,2.0,8.0,4.0,29.0,2.0,0.0,2.0,152.0,0.0,2.0,2.0,0
6604021,327.33600000000007,3.0539000000000014,2.0,4.0,84.86,6.0,2.0,2.0,0.0,0.0,6.0,2.0,24.0,0.0,0.0,0.0,124.0,0.0,0.0,1.0,0
5309672,347.4360000000001,3.268400000000001,1.0,4.0,68.54,6.0,2.0,1.0,1.0,1.0,6.0,3.0,24.0,1.0,1.0,0.0,128.0,0.0,1.0,1.0,0
1255527,285.734,4.050080000000002,2.0,2.0,64.92,3.0,2.0,2.0,0.0,0.0,5.0,2.0,20.0,0.0,0.0,0.0,100.0,0.0,0.0,2.0,0
1085650,414.43900000000025,2.781600000000001,2.0,6.0,106.87,6.0,3.0,2.0,1.0,0.0,9.0,4.0,29.0,1.0,0.0,1.0,150.0,0.0,2.0,1.0,0
6858457,317.41800000000006,2.3377100000000004,1.0,6.0,66.28,5.0,2.0,1.0,1.0,0.0,7.0,2.0,22.0,0.0,0.0,0.0,116.0,0.0,1.0,0.0,0
3241802,406.435,2.736300000000001,1.0,5.0,84.94,4.0,2.0,2.0,0.0,1.0,9.0,4.0,28.0,2.0,0.0,2.0,148.0,0.0,2.0,1.0,0
3244535,434.5180000000003,2.3674,1.0,8.0,106.79,8.0,2.0,1.0,1.0,1.0,10.0,3.0,30.0,1.0,0.0,1.0,162.0,0.0,2.0,2.0,0
135439099,468.9700000000002,3.226500000000001,1.0,7.0,96.77,5.0,4.0,1.0,3.0,1.0,10.0,5.0,32.0,1.0,0.0,1.0,164.0,0.0,4.0,1.0,0
648952,283.28700000000003,1.5893,0.0,6.0,84.97999999999999,3.0,2.0,1.0,1.0,0.0,6.0,2.0,21.0,0.0,0.0,0.0,106.0,0.0,1.0,0.0,0
648782,365.4760000000002,2.694000000000001,0.0,4.0,71.52,4.0,2.0,2.0,0.0,1.0,7.0,3.0,24.0,1.0,0.0,1.0,128.0,0.0,1.0,0.0,0
5367004,357.45700000000005,4.647000000000004,0.0,3.0,35.910000000000004,2.0,2.0,2.0,0.0,0.0,4.0,4.0,27.0,2.0,0.0,2.0,136.0,0.0,2.0,1.0,1
662566,402.5160000000001,2.590700000000001,0.0,5.0,66.92,6.0,2.0,2.0,0.0,1.0,7.0,3.0,28.0,1.0,0.0,1.0,150.0,0.0,1.0,1.0,0
650345,350.40300000000013,3.442600000000001,0.0,7.0,73.81,6.0,4.0,2.0,2.0,0.0,7.0,4.0,25.0,0.0,0.0,0.0,124.0,0.0,2.0,0.0,0
5307638,299.3740000000001,2.799300000000001,1.0,4.0,56.15,4.0,2.0,1.0,1.0,0.0,5.0,3.0,22.0,1.0,1.0,0.0,116.0,0.0,1.0,1.0,0
716787,259.283,0.8507,0.0,5.0,76.82000000000001,3.0,1.0,0.0,1.0,1.0,7.0,2.0,17.0,1.0,0.0,1.0,94.0,0.0,2.0,0.0,0
9568786,313.195,3.397100000000002,1.0,3.0,58.66,4.0,1.0,1.0,0.0,0.0,5.0,1.0,18.0,0.0,0.0,0.0,98.0,0.0,0.0,0.0,0
5459425,328.44000000000005,4.895300000000003,2.0,1.0,24.06,2.0,3.0,3.0,0.0,0.0,3.0,3.0,24.0,0.0,0.0,0.0,116.0,0.0,0.0,0.0,0
3233785,367.44900000000007,3.829900000000003,1.0,3.0,65.79,2.0,2.0,1.0,1.0,2.0,6.0,4.0,27.0,2.0,0.0,2.0,142.0,1.0,3.0,3.0,0
121432289,380.45200000000017,3.203020000000002,2.0,6.0,93.96,4.0,3.0,0.0,3.0,1.0,8.0,4.0,28.0,1.0,1.0,0.0,146.0,0.0,3.0,2.0,1
659336,403.448,4.350720000000004,2.0,3.0,42.5,4.0,3.0,2.0,1.0,1.0,7.0,4.0,29.0,1.0,0.0,1.0,154.0,0.0,2.0,0.0,0
2287281,360.4790000000002,2.775000000000001,1.0,5.0,54.71000000000001,8.0,2.0,1.0,1.0,1.0,6.0,3.0,25.0,1.0,0.0,1.0,134.0,0.0,2.0,1.0,0
654376,327.38400000000007,3.445520000000002,0.0,5.0,39.82,2.0,4.0,1.0,3.0,0.0,6.0,4.0,23.0,0.0,0.0,0.0,116.0,0.0,3.0,0.0,0
3236533,440.5880000000002,3.3815000000000017,1.0,6.0,68.5,12.0,3.0,1.0,2.0,0.0,7.0,3.0,32.0,0.0,0.0,0.0,174.0,0.0,2.0,1.0,0
666938,451.5480000000002,4.240300000000004,0.0,7.0,75.03000000000002,5.0,2.0,2.0,0.0,1.0,8.0,4.0,32.0,2.0,0.0,2.0,166.0,0.0,2.0,1.0,0
662853,409.4710000000002,3.028100000000001,1.0,8.0,91.16,7.0,3.0,1.0,2.0,0.0,9.0,4.0,29.0,1.0,0.0,1.0,148.0,0.0,3.0,1.0,0
662913,315.398,3.858900000000003,0.0,6.0,53.08,6.0,3.0,1.0,2.0,0.0,6.0,3.0,22.0,0.0,0.0,0.0,114.0,0.0,2.0,0.0,0
2482938,471.5500000000002,3.3417200000000005,2.0,11.0,128.91,7.0,5.0,2.0,3.0,0.0,11.0,5.0,34.0,0.0,0.0,0.0,170.0,0.0,3.0,0.0,0
306227,255.195,3.5507000000000017,1.0,2.0,42.24,2.0,2.0,1.0,1.0,0.0,6.0,2.0,18.0,0.0,0.0,0.0,94.0,0.0,1.0,1.0,0
5389916,387.5050000000001,4.947100000000004,0.0,6.0,68.46000000000001,5.0,2.0,1.0,1.0,1.0,7.0,3.0,27.0,1.0,0.0,1.0,144.0,0.0,2.0,1.0,0
658410,211.264,3.098820000000001,1.0,2.0,29.1,2.0,2.0,2.0,0.0,0.0,2.0,2.0,16.0,0.0,0.0,0.0,80.0,0.0,0.0,0.0,0
655187,299.33000000000004,2.661100000000001,0.0,6.0,58.400000000000006,4.0,3.0,1.0,2.0,0.0,6.0,3.0,22.0,0.0,0.0,0.0,114.0,0.0,2.0,0.0,0
3245795,283.378,2.4041900000000007,2.0,6.0,73.19,4.0,2.0,0.0,2.0,0.0,7.0,2.0,18.0,0.0,0.0,0.0,96.0,0.0,2.0,1.0,0
5308583,378.4320000000002,1.6774999999999998,1.0,6.0,86.11,6.0,3.0,1.0,2.0,1.0,7.0,4.0,28.0,1.0,0.0,1.0,144.0,0.0,3.0,1.0,0
2943722,340.47100000000006,4.314220000000004,1.0,3.0,50.16,1.0,2.0,1.0,1.0,2.0,5.0,4.0,25.0,2.0,1.0,1.0,134.0,0.0,2.0,2.0,0
3242926,439.4240000000003,2.006,1.0,9.0,137.25,3.0,2.0,1.0,1.0,1.0,10.0,4.0,32.0,2.0,0.0,2.0,166.0,0.0,3.0,1.0,0
784133,293.407,3.5248000000000026,1.0,4.0,39.72,6.0,1.0,1.0,0.0,1.0,4.0,2.0,21.0,1.0,1.0,0.0,118.0,0.0,0.0,0.0,0
3243405,354.36200000000014,1.2033999999999996,1.0,5.0,84.94000000000001,3.0,1.0,1.0,0.0,2.0,7.0,5.0,26.0,4.0,2.0,2.0,134.0,0.0,2.0,3.0,0
2097533,414.5090000000002,2.7628000000000013,0.0,5.0,58.440000000000005,6.0,3.0,2.0,1.0,1.0,6.0,4.0,31.0,1.0,0.0,1.0,158.0,0.0,2.0,1.0,0
654961,300.33900000000006,2.960600000000001,0.0,6.0,57.26,2.0,3.0,1.0,2.0,0.0,6.0,4.0,21.0,1.0,0.0,1.0,106.0,0.0,3.0,0.0,0
651075,370.7920000000001,4.446200000000002,2.0,4.0,80.57000000000001,5.0,3.0,2.0,1.0,0.0,7.0,3.0,26.0,0.0,0.0,0.0,132.0,0.0,1.0,2.0,0
1399576,315.222,3.693400000000001,2.0,3.0,58.56,4.0,2.0,2.0,0.0,0.0,8.0,2.0,22.0,0.0,0.0,0.0,116.0,0.0,0.0,0.0,0
777857,280.32700000000006,2.5863000000000005,0.0,2.0,40.620000000000005,3.0,2.0,2.0,0.0,0.0,4.0,3.0,21.0,1.0,0.0,1.0,106.0,0.0,1.0,2.0,0
652883,325.3680000000001,3.652120000000002,0.0,6.0,70.27000000000001,6.0,3.0,1.0,2.0,0.0,6.0,3.0,24.0,0.0,0.0,0.0,124.0,0.0,2.0,0.0,0
3242319,451.9800000000002,2.12102,1.0,5.0,89.60999999999999,4.0,2.0,1.0,1.0,2.0,10.0,4.0,30.0,2.0,0.0,2.0,162.0,0.0,3.0,1.0,0
3233697,310.31300000000005,2.3223000000000003,0.0,7.0,79.13000000000001,4.0,3.0,1.0,2.0,1.0,7.0,4.0,23.0,1.0,1.0,0.0,116.0,0.0,2.0,0.0,0
3233604,310.3570000000001,2.738240000000001,0.0,6.0,64.28,2.0,3.0,1.0,2.0,1.0,6.0,4.0,23.0,1.0,0.0,1.0,118.0,0.0,3.0,0.0,0
3241038,216.24,2.721520000000001,1.0,3.0,51.22,1.0,2.0,1.0,1.0,0.0,4.0,2.0,16.0,0.0,0.0,0.0,82.0,0.0,1.0,1.0,0
2095677,315.354,2.30312,0.0,7.0,73.56,3.0,3.0,1.0,2.0,0.0,7.0,3.0,22.0,0.0,0.0,0.0,112.0,0.0,2.0,0.0,0
666719,318.329,3.7521200000000015,0.0,6.0,69.13,5.0,3.0,1.0,2.0,0.0,7.0,3.0,22.0,0.0,0.0,0.0,112.0,0.0,2.0,0.0,0
653554,425.5350000000002,4.065540000000003,1.0,7.0,77.13,6.0,4.0,1.0,3.0,0.0,8.0,4.0,29.0,0.0,0.0,0.0,148.0,0.0,3.0,1.0,0
2945967,457.59600000000034,3.222300000000001,0.0,5.0,70.16,5.0,2.0,2.0,0.0,2.0,8.0,4.0,32.0,2.0,0.0,2.0,172.0,0.0,2.0,1.0,0
2316882,245.181,1.1023999999999998,2.0,3.0,75.63000000000001,5.0,1.0,1.0,0.0,0.0,7.0,1.0,17.0,0.0,0.0,0.0,92.0,0.0,0.0,1.0,0
647351,401.46300000000014,3.5851000000000024,0.0,5.0,76.30000000000001,5.0,3.0,2.0,1.0,1.0,8.0,4.0,28.0,1.0,0.0,1.0,146.0,0.0,2.0,0.0,0
3233190,309.3289999999999,2.25,2.0,6.0,84.95,5.0,3.0,1.0,2.0,0.0,7.0,4.0,23.0,1.0,0.0,1.0,116.0,0.0,3.0,0.0,0
654696,445.4970000000002,1.4132999999999998,1.0,6.0,127.07999999999998,7.0,2.0,2.0,0.0,1.0,10.0,3.0,31.0,1.0,0.0,1.0,164.0,0.0,1.0,3.0,0
700653,246.266,1.2997,3.0,2.0,82.19,4.0,2.0,1.0,1.0,0.0,5.0,2.0,18.0,0.0,0.0,0.0,94.0,0.0,1.0,1.0,0
5739838,301.34200000000004,3.803820000000002,1.0,5.0,60.7,6.0,2.0,1.0,1.0,0.0,5.0,2.0,22.0,0.0,0.0,0.0,116.0,0.0,1.0,0.0,0
3244529,428.5580000000003,2.6314,2.0,6.0,93.09,9.0,2.0,1.0,1.0,0.0,8.0,3.0,30.0,1.0,1.0,0.0,160.0,0.0,1.0,2.0,0
3241122,450.44200000000006,3.4108000000000014,3.0,6.0,96.25,4.0,3.0,1.0,2.0,1.0,11.0,4.0,31.0,1.0,0.0,1.0,162.0,0.0,3.0,2.0,0
5309347,480.0120000000003,4.259220000000004,0.0,6.0,65.71000000000001,5.0,3.0,1.0,2.0,2.0,8.0,5.0,34.0,2.0,0.0,2.0,178.0,0.0,4.0,1.0,0
2998576,476.4890000000003,1.7084999999999992,0.0,10.0,106.58,8.0,4.0,2.0,2.0,0.0,10.0,5.0,35.0,1.0,0.0,1.0,180.0,0.0,3.0,0.0,0
3245973,459.4950000000002,3.504900000000003,1.0,7.0,103.76000000000002,9.0,2.0,2.0,0.0,0.0,9.0,3.0,33.0,1.0,0.0,1.0,178.0,0.0,1.0,1.0,0
9556015,401.5070000000002,3.404340000000002,1.0,7.0,80.32000000000001,10.0,2.0,0.0,2.0,0.0,7.0,3.0,29.0,1.0,0.0,1.0,158.0,0.0,3.0,0.0,0
646488,451.4830000000002,1.6257999999999997,2.0,10.0,112.54,8.0,4.0,2.0,2.0,0.0,10.0,4.0,33.0,0.0,0.0,0.0,172.0,0.0,2.0,0.0,0
3246530,317.4290000000002,2.7018000000000004,1.0,4.0,49.77,4.0,1.0,1.0,0.0,2.0,4.0,3.0,23.0,2.0,1.0,1.0,126.0,0.0,1.0,0.0,0
1528128,417.50600000000014,2.5726000000000013,0.0,4.0,60.93000000000001,4.0,2.0,2.0,0.0,2.0,8.0,4.0,29.0,2.0,0.0,2.0,154.0,0.0,2.0,1.0,0
5307488,476.6430000000004,2.5633,1.0,6.0,91.72,9.0,2.0,1.0,1.0,1.0,9.0,3.0,33.0,1.0,1.0,0.0,182.0,0.0,1.0,1.0,0
3240471,369.4460000000002,2.1447200000000004,0.0,6.0,64.31,3.0,3.0,1.0,2.0,1.0,7.0,4.0,26.0,1.0,0.0,1.0,134.0,0.0,3.0,1.0,0
2905689,329.38100000000003,2.2995,0.0,6.0,72.39,5.0,2.0,1.0,1.0,1.0,7.0,3.0,23.0,1.0,0.0,1.0,118.0,0.0,2.0,2.0,0
2187524,302.326,2.771820000000001,0.0,5.0,65.74000000000001,6.0,2.0,1.0,1.0,0.0,5.0,2.0,22.0,0.0,0.0,0.0,116.0,0.0,1.0,0.0,0
3243775,362.393,2.0263,2.0,7.0,107.95000000000002,5.0,3.0,2.0,1.0,0.0,8.0,4.0,27.0,1.0,0.0,1.0,136.0,0.0,2.0,1.0,0
648303,203.245,2.47682,1.0,4.0,50.95,3.0,2.0,1.0,1.0,0.0,4.0,2.0,15.0,0.0,0.0,0.0,78.0,0.0,1.0,0.0,0
135413577,453.5490000000001,3.4513000000000016,1.0,9.0,102.76,8.0,4.0,2.0,2.0,0.0,10.0,4.0,31.0,0.0,0.0,0.0,158.0,0.0,2.0,0.0,0
664239,461.5220000000002,2.06459,2.0,8.0,110.71,8.0,4.0,1.0,3.0,0.0,9.0,4.0,34.0,0.0,0.0,0.0,176.0,0.0,3.0,1.0,0
658903,326.40000000000003,1.90852,1.0,5.0,63.150000000000006,4.0,3.0,1.0,2.0,1.0,6.0,4.0,24.0,1.0,0.0,1.0,126.0,0.0,3.0,0.0,0
2847867,326.3960000000001,3.001100000000001,1.0,5.0,68.28999999999999,3.0,1.0,0.0,1.0,0.0,5.0,3.0,24.0,2.0,1.0,1.0,126.0,0.0,2.0,0.0,0
2857305,282.38699999999994,3.817400000000003,0.0,3.0,25.36,4.0,2.0,1.0,1.0,1.0,3.0,3.0,21.0,1.0,0.0,1.0,110.0,0.0,2.0,0.0,0
652337,401.4670000000002,3.041300000000001,2.0,7.0,84.98,9.0,3.0,1.0,2.0,1.0,9.0,4.0,28.0,1.0,1.0,0.0,146.0,0.0,2.0,1.0,0
307746,288.778,4.278540000000003,2.0,1.0,41.13,3.0,2.0,2.0,0.0,0.0,4.0,2.0,20.0,0.0,0.0,0.0,104.0,0.0,0.0,2.0,0
5307732,424.56600000000014,3.895500000000003,1.0,3.0,66.48,4.0,2.0,2.0,0.0,1.0,6.0,4.0,30.0,2.0,1.0,1.0,158.0,0.0,1.0,2.0,0
6708585,242.318,3.188400000000001,0.0,2.0,26.3,1.0,1.0,1.0,0.0,0.0,2.0,3.0,18.0,2.0,2.0,0.0,94.0,0.0,0.0,0.0,0
594148,303.778,3.049100000000001,1.0,6.0,69.62,3.0,3.0,2.0,1.0,0.0,7.0,3.0,20.0,0.0,0.0,0.0,100.0,0.0,1.0,0.0,0
2997778,403.4420000000001,2.8336200000000007,1.0,7.0,91.04000000000002,5.0,4.0,2.0,2.0,0.0,8.0,4.0,30.0,0.0,0.0,0.0,152.0,0.0,2.0,1.0,0
239838,304.37500000000006,2.9484400000000006,2.0,5.0,110.89999999999998,3.0,2.0,2.0,0.0,0.0,7.0,2.0,21.0,0.0,0.0,0.0,110.0,0.0,0.0,0.0,0
662700,264.31,1.1440199999999998,2.0,6.0,94.03,4.0,2.0,1.0,1.0,0.0,7.0,2.0,18.0,0.0,0.0,0.0,94.0,0.0,1.0,0.0,0
2962214,422.2680000000002,3.064000000000002,0.0,5.0,75.35000000000001,3.0,2.0,1.0,1.0,1.0,9.0,4.0,28.0,2.0,0.0,2.0,146.0,0.0,3.0,2.0,1
3242140,407.5580000000001,3.8272400000000015,1.0,3.0,52.650000000000006,9.0,2.0,2.0,0.0,1.0,5.0,3.0,30.0,1.0,0.0,1.0,160.0,0.0,1.0,2.0,0
2352084,270.288,1.5548,1.0,4.0,68.29,5.0,2.0,1.0,1.0,0.0,5.0,2.0,20.0,0.0,0.0,0.0,102.0,0.0,1.0,1.0,0
644771,303.33900000000006,2.6206000000000014,1.0,4.0,70.75,3.0,2.0,1.0,1.0,1.0,6.0,3.0,21.0,1.0,0.0,1.0,108.0,0.0,2.0,1.0,0
135511520,353.4660000000001,2.883000000000001,1.0,4.0,58.220000000000006,4.0,2.0,1.0,1.0,1.0,5.0,4.0,26.0,2.0,1.0,1.0,138.0,0.0,2.0,0.0,0
665989,494.5980000000004,4.430200000000003,1.0,9.0,87.5,8.0,4.0,2.0,2.0,0.0,10.0,5.0,34.0,1.0,0.0,1.0,174.0,0.0,3.0,1.0,0
2602617,402.4320000000001,0.9692199999999996,1.0,8.0,120.25,7.0,3.0,2.0,1.0,0.0,10.0,3.0,28.0,0.0,0.0,0.0,146.0,0.0,1.0,0.0,0
665134,337.35400000000004,3.733500000000002,1.0,5.0,68.02000000000001,4.0,3.0,1.0,2.0,0.0,6.0,4.0,25.0,1.0,1.0,0.0,126.0,0.0,2.0,0.0,0
2931090,242.363,1.6994999999999998,2.0,2.0,58.2,7.0,0.0,0.0,0.0,0.0,4.0,0.0,17.0,0.0,0.0,0.0,100.0,0.0,0.0,2.0,0
658837,355.4600000000002,1.2675199999999998,2.0,7.0,93.89,7.0,1.0,0.0,1.0,1.0,8.0,2.0,24.0,1.0,0.0,1.0,134.0,0.0,2.0,1.0,0
6604843,824.9719999999999,3.3750000000000027,3.0,12.0,171.17,8.0,3.0,2.0,1.0,3.0,14.0,9.0,60.0,6.0,1.0,5.0,320.0,1.0,6.0,1.0,0
2202493,423.54200000000026,3.5324000000000018,1.0,7.0,72.28,7.0,3.0,2.0,1.0,1.0,8.0,4.0,30.0,1.0,0.0,1.0,156.0,0.0,2.0,1.0,0
241166,252.72600000000008,2.715600000000001,1.0,3.0,45.75,3.0,2.0,1.0,1.0,0.0,5.0,2.0,16.0,0.0,0.0,0.0,82.0,0.0,1.0,0.0,0
650986,443.9310000000002,2.6889000000000003,1.0,5.0,88.47999999999999,6.0,2.0,1.0,1.0,1.0,8.0,3.0,31.0,1.0,0.0,1.0,164.0,0.0,2.0,2.0,0
2529659,455.4960000000002,2.636300000000001,2.0,9.0,116.6,9.0,3.0,2.0,1.0,0.0,11.0,4.0,32.0,1.0,0.0,1.0,166.0,0.0,2.0,2.0,0
854591,328.32000000000005,3.6419200000000025,1.0,6.0,89.88000000000001,5.0,3.0,1.0,2.0,0.0,6.0,3.0,24.0,0.0,0.0,0.0,124.0,0.0,2.0,0.0,0
3233853,334.42300000000006,3.4693000000000014,2.0,5.0,59.07000000000001,4.0,3.0,2.0,1.0,1.0,5.0,4.0,25.0,1.0,0.0,1.0,128.0,0.0,2.0,0.0,0
653000,484.98400000000015,4.328600000000003,2.0,5.0,86.9,8.0,3.0,2.0,1.0,1.0,9.0,4.0,34.0,1.0,0.0,1.0,180.0,0.0,2.0,2.0,0
659665,484.3750000000001,3.6686000000000014,0.0,5.0,62.21000000000001,2.0,2.0,2.0,0.0,1.0,8.0,5.0,30.0,3.0,0.0,3.0,152.0,0.0,3.0,2.0,0
717217,334.784,4.220800000000002,1.0,5.0,64.36,5.0,3.0,1.0,2.0,0.0,7.0,3.0,22.0,0.0,0.0,0.0,112.0,0.0,2.0,1.0,0
3727,184.964,-0.0932999999999998,1.0,1.0,43.09,1.0,0.0,0.0,0.0,0.0,3.0,0.0,5.0,0.0,0.0,0.0,30.0,0.0,0.0,1.0,0
655111,440.5250000000002,3.7028200000000018,1.0,8.0,95.34,9.0,3.0,2.0,1.0,0.0,9.0,3.0,31.0,0.0,0.0,0.0,162.0,0.0,1.0,1.0,0
3238381,351.2330000000002,4.404620000000003,0.0,3.0,36.690000000000005,2.0,2.0,1.0,1.0,2.0,6.0,4.0,23.0,2.0,0.0,2.0,120.0,0.0,3.0,1.0,0
796965,282.27600000000007,3.206800000000002,0.0,4.0,52.60000000000001,6.0,1.0,1.0,0.0,1.0,5.0,2.0,19.0,1.0,1.0,0.0,104.0,0.0,0.0,0.0,0
2325684,266.274,1.0598,0.0,6.0,69.67000000000002,2.0,1.0,1.0,0.0,0.0,6.0,2.0,18.0,1.0,0.0,1.0,94.0,0.0,1.0,0.0,0
2849564,255.339,1.4845000000000004,0.0,3.0,46.61,2.0,1.0,1.0,0.0,1.0,5.0,2.0,17.0,1.0,0.0,1.0,94.0,0.0,1.0,0.0,0
5307498,409.82900000000006,3.0966000000000005,1.0,6.0,86.24000000000001,5.0,4.0,2.0,2.0,0.0,8.0,4.0,29.0,0.0,0.0,0.0,146.0,0.0,2.0,1.0,0
248360,216.689,2.657800000000001,1.0,2.0,37.3,4.0,1.0,1.0,0.0,0.0,4.0,1.0,13.0,0.0,0.0,0.0,70.0,0.0,0.0,0.0,0
2883147,331.368,2.5487,2.0,4.0,92.7,5.0,1.0,1.0,0.0,2.0,6.0,3.0,24.0,2.0,2.0,0.0,128.0,0.0,0.0,1.0,0
2918740,275.30400000000003,2.7878000000000007,1.0,4.0,60.7,5.0,2.0,1.0,1.0,0.0,5.0,2.0,20.0,0.0,0.0,0.0,106.0,0.0,1.0,1.0,0
5307444,461.5910000000002,4.552840000000004,1.0,7.0,73.97,8.0,4.0,2.0,2.0,0.0,8.0,4.0,33.0,0.0,0.0,0.0,170.0,0.0,2.0,1.0,0
656277,331.3790000000001,3.237140000000002,1.0,6.0,72.7,2.0,4.0,2.0,2.0,0.0,6.0,4.0,25.0,0.0,0.0,0.0,124.0,0.0,2.0,0.0,0
10797,82.102,1.58802,0.0,1.0,13.14,0.0,1.0,0.0,1.0,0.0,1.0,1.0,6.0,0.0,0.0,0.0,32.0,0.0,1.0,0.0,0
2257667,265.235,0.9729199999999998,1.0,4.0,56.15,5.0,1.0,0.0,1.0,0.0,8.0,1.0,18.0,0.0,0.0,0.0,102.0,0.0,1.0,1.0,0
2301870,367.4810000000001,1.7943999999999998,1.0,8.0,89.77000000000001,7.0,3.0,1.0,2.0,0.0,10.0,3.0,23.0,0.0,0.0,0.0,120.0,0.0,2.0,0.0,0
16759146,169.998,-0.3694999999999998,2.0,4.0,57.53,2.0,1.0,0.0,1.0,0.0,5.0,1.0,11.0,0.0,0.0,0.0,58.0,0.0,1.0,0.0,0
9568641,338.4799999999999,4.334300000000003,0.0,5.0,33.42,5.0,3.0,1.0,2.0,1.0,5.0,4.0,24.0,1.0,0.0,1.0,124.0,0.0,3.0,0.0,0
3236760,496.46700000000016,3.7664000000000017,2.0,8.0,115.58,9.0,3.0,2.0,1.0,0.0,13.0,3.0,34.0,0.0,0.0,0.0,180.0,0.0,1.0,2.0,0
117889803,581.0730000000003,5.8396400000000055,0.0,8.0,103.1,5.0,5.0,2.0,3.0,1.0,12.0,6.0,40.0,1.0,0.0,1.0,206.0,0.0,4.0,0.0,1
118395160,415.47900000000016,1.5540999999999998,5.0,6.0,140.89999999999998,6.0,3.0,1.0,2.0,1.0,11.0,4.0,29.0,1.0,0.0,1.0,152.0,0.0,3.0,2.0,1
3144933,266.29999999999995,2.934680000000002,0.0,3.0,57.24,2.0,2.0,1.0,1.0,1.0,4.0,3.0,20.0,1.0,0.0,1.0,100.0,0.0,2.0,1.0,0
3237897,395.4880000000001,2.26512,0.0,7.0,70.81,2.0,3.0,1.0,2.0,1.0,8.0,5.0,28.0,2.0,0.0,2.0,144.0,0.0,4.0,1.0,0
118395342,444.4670000000002,3.6876000000000015,5.0,6.0,141.26,6.0,3.0,1.0,2.0,0.0,11.0,3.0,32.0,0.0,0.0,0.0,170.0,0.0,2.0,3.0,1
3241324,366.381,1.7598999999999998,3.0,7.0,124.15999999999998,6.0,3.0,2.0,1.0,0.0,9.0,3.0,27.0,0.0,0.0,0.0,138.0,0.0,1.0,2.0,0
645304,444.5110000000002,1.9356999999999995,1.0,7.0,102.24,8.0,2.0,1.0,1.0,2.0,10.0,4.0,32.0,2.0,1.0,1.0,172.0,0.0,2.0,2.0,0
3242486,409.46700000000016,3.328400000000004,2.0,7.0,102.56,4.0,2.0,2.0,0.0,0.0,8.0,4.0,29.0,2.0,0.0,2.0,148.0,0.0,2.0,1.0,0
3244983,463.5590000000002,4.081400000000003,2.0,6.0,85.5,10.0,4.0,2.0,2.0,0.0,8.0,4.0,33.0,0.0,0.0,0.0,170.0,0.0,2.0,2.0,0
2791039,406.4420000000002,3.284600000000002,1.0,8.0,87.5,6.0,3.0,2.0,1.0,0.0,8.0,4.0,30.0,1.0,0.0,1.0,154.0,0.0,2.0,0.0,0
970960,333.17100000000016,2.184,1.0,4.0,67.87,2.0,1.0,1.0,0.0,1.0,8.0,2.0,21.0,1.0,0.0,1.0,114.0,0.0,1.0,3.0,0
3246367,379.3660000000002,-4.537699999999994,8.0,10.0,221.31,3.0,0.0,0.0,0.0,2.0,12.0,2.0,26.0,2.0,1.0,1.0,150.0,0.0,1.0,0.0,0
2910341,279.292,0.7518999999999999,1.0,5.0,95.69,7.0,1.0,1.0,0.0,0.0,6.0,1.0,20.0,0.0,0.0,0.0,108.0,0.0,0.0,1.0,0
2225480,379.45300000000015,2.861800000000001,0.0,6.0,66.46000000000001,7.0,1.0,1.0,0.0,2.0,7.0,3.0,27.0,2.0,0.0,2.0,150.0,1.0,2.0,1.0,0
346470,176.204,1.3389999999999995,0.0,5.0,43.08,0.0,3.0,1.0,2.0,0.0,5.0,3.0,12.0,0.0,0.0,0.0,58.0,0.0,2.0,0.0,0
3237865,292.238,2.1589,0.0,5.0,73.06,2.0,2.0,0.0,2.0,0.0,9.0,2.0,19.0,0.0,0.0,0.0,102.0,0.0,2.0,0.0,0
5292320,244.338,2.05394,2.0,2.0,55.120000000000005,1.0,1.0,1.0,0.0,0.0,3.0,2.0,18.0,1.0,0.0,1.0,96.0,0.0,1.0,1.0,0
1246396,275.373,3.5400000000000027,1.0,3.0,42.24,3.0,2.0,0.0,2.0,0.0,4.0,3.0,19.0,1.0,1.0,0.0,100.0,0.0,2.0,1.0,0
2130721,426.5450000000002,2.0894000000000004,1.0,8.0,101.49,7.0,2.0,1.0,1.0,1.0,11.0,3.0,27.0,1.0,0.0,1.0,144.0,0.0,2.0,1.0,0
900687,264.35,2.3457600000000003,1.0,3.0,51.1,3.0,2.0,1.0,1.0,0.0,5.0,2.0,18.0,0.0,0.0,0.0,96.0,0.0,1.0,0.0,0
3236145,388.5080000000002,3.0241000000000016,1.0,5.0,60.03,5.0,1.0,1.0,0.0,3.0,6.0,4.0,28.0,3.0,1.0,2.0,154.0,1.0,2.0,1.0,0
686822,285.299,2.878220000000002,2.0,4.0,75.63000000000001,3.0,2.0,2.0,0.0,0.0,5.0,2.0,21.0,0.0,0.0,0.0,108.0,0.0,0.0,1.0,0
2925123,378.47200000000026,2.417300000000001,0.0,3.0,57.690000000000005,4.0,1.0,1.0,0.0,3.0,5.0,5.0,28.0,4.0,2.0,2.0,146.0,0.0,2.0,3.0,0
2421533,408.76200000000006,3.250700000000001,2.0,6.0,110.13,6.0,2.0,2.0,0.0,0.0,11.0,2.0,26.0,0.0,0.0,0.0,140.0,0.0,0.0,0.0,0
2159436,426.49800000000016,2.779420000000001,1.0,8.0,95.34000000000002,8.0,3.0,2.0,1.0,0.0,9.0,3.0,30.0,0.0,0.0,0.0,156.0,0.0,1.0,1.0,0
3000155,455.60900000000015,4.028080000000004,0.0,7.0,91.88,9.0,3.0,2.0,1.0,0.0,9.0,3.0,31.0,0.0,0.0,0.0,162.0,0.0,1.0,0.0,0
614258,302.33,1.6624,1.0,6.0,77.52,3.0,1.0,0.0,1.0,0.0,6.0,2.0,22.0,1.0,0.0,1.0,116.0,0.0,2.0,0.0,0
3240480,296.33000000000004,2.3713,1.0,5.0,68.52,5.0,3.0,1.0,2.0,0.0,6.0,3.0,22.0,0.0,0.0,0.0,112.0,0.0,2.0,1.0,0
647546,325.347,2.3515,1.0,5.0,72.7,5.0,3.0,1.0,2.0,0.0,7.0,3.0,24.0,0.0,0.0,0.0,122.0,0.0,2.0,1.0,0
7374,180.556,3.3588000000000005,0.0,0.0,0.0,0.0,1.0,1.0,0.0,0.0,4.0,1.0,11.0,0.0,0.0,0.0,60.0,0.0,0.0,0.0,0
2950863,389.4040000000001,2.3202000000000007,1.0,7.0,108.0,4.0,1.0,1.0,0.0,2.0,8.0,3.0,28.0,2.0,1.0,1.0,150.0,0.0,1.0,1.0,0
653550,481.59600000000034,2.0372999999999992,1.0,6.0,117.0,6.0,2.0,1.0,1.0,2.0,11.0,4.0,32.0,2.0,1.0,1.0,174.0,0.0,2.0,1.0,0
2540336,430.4680000000003,2.3134,2.0,7.0,114.67000000000002,4.0,4.0,2.0,2.0,0.0,9.0,5.0,32.0,1.0,0.0,1.0,162.0,0.0,3.0,1.0,0
665078,279.387,4.350200000000004,0.0,3.0,21.06,3.0,3.0,2.0,1.0,0.0,3.0,3.0,21.0,0.0,0.0,0.0,108.0,0.0,1.0,0.0,0
89536072,340.3620000000001,3.0806000000000004,3.0,4.0,95.59,4.0,3.0,0.0,3.0,1.0,8.0,4.0,25.0,1.0,1.0,0.0,128.0,0.0,3.0,2.0,1
1294784,367.4050000000002,3.005600000000001,2.0,4.0,87.74000000000001,4.0,2.0,2.0,0.0,1.0,7.0,3.0,27.0,1.0,0.0,1.0,140.0,0.0,1.0,3.0,0
724528,321.40600000000006,1.6837999999999995,2.0,7.0,95.06,7.0,2.0,1.0,1.0,0.0,8.0,2.0,22.0,0.0,0.0,0.0,118.0,0.0,1.0,1.0,0
3241762,358.4380000000003,2.6028,1.0,4.0,67.86999999999999,4.0,1.0,1.0,0.0,2.0,6.0,4.0,26.0,3.0,1.0,2.0,140.0,0.0,2.0,2.0,0
5309677,290.388,3.8473000000000015,1.0,4.0,55.13,5.0,2.0,1.0,1.0,0.0,5.0,2.0,20.0,0.0,0.0,0.0,106.0,0.0,1.0,1.0,0
576367,262.35,-1.3781999999999963,2.0,6.0,65.4,4.0,0.0,0.0,0.0,1.0,6.0,1.0,18.0,1.0,0.0,1.0,108.0,0.0,1.0,0.0,0
3237006,389.4520000000003,2.154799999999999,2.0,5.0,96.97,5.0,1.0,1.0,0.0,2.0,8.0,3.0,28.0,2.0,0.0,2.0,152.0,0.0,2.0,3.0,0
3236655,314.3850000000001,3.657440000000003,2.0,3.0,71.19,5.0,2.0,1.0,1.0,0.0,5.0,2.0,23.0,0.0,0.0,0.0,122.0,0.0,1.0,1.0,0
1163553,419.5220000000001,2.502900000000001,0.0,4.0,60.93000000000001,6.0,2.0,2.0,0.0,1.0,8.0,3.0,29.0,1.0,0.0,1.0,156.0,0.0,1.0,1.0,0
649773,362.52,3.819220000000003,1.0,4.0,49.41,6.0,2.0,0.0,2.0,1.0,6.0,3.0,24.0,1.0,1.0,0.0,128.0,0.0,2.0,2.0,0
6537494,394.51100000000014,5.810200000000006,1.0,3.0,63.60000000000001,10.0,0.0,0.0,0.0,0.0,4.0,0.0,29.0,0.0,0.0,0.0,154.0,0.0,0.0,0.0,0
2194569,298.43300000000005,3.069140000000001,1.0,5.0,73.05,4.0,2.0,0.0,2.0,0.0,6.0,2.0,19.0,0.0,0.0,0.0,104.0,0.0,2.0,0.0,0
2999585,342.29800000000006,1.6181,1.0,5.0,84.94,6.0,1.0,1.0,0.0,1.0,9.0,2.0,24.0,1.0,0.0,1.0,130.0,0.0,1.0,3.0,0
829881,273.386,3.7177000000000016,0.0,5.0,30.71,3.0,3.0,1.0,2.0,0.0,5.0,3.0,18.0,0.0,0.0,0.0,90.0,0.0,2.0,0.0,0
652690,499.6370000000005,3.426400000000001,1.0,8.0,98.58,8.0,2.0,1.0,1.0,2.0,10.0,5.0,35.0,3.0,2.0,1.0,188.0,0.0,2.0,2.0,0
647140,274.276,1.5951999999999995,1.0,5.0,81.43,5.0,2.0,0.0,2.0,0.0,6.0,2.0,20.0,0.0,0.0,0.0,104.0,0.0,2.0,1.0,0
653856,271.31600000000003,3.0211200000000016,1.0,3.0,47.56,5.0,2.0,2.0,0.0,0.0,4.0,2.0,20.0,0.0,0.0,0.0,104.0,0.0,0.0,1.0,0
16757924,440.5360000000002,3.989900000000003,1.0,6.0,89.27000000000001,1.0,1.0,0.0,1.0,4.0,6.0,6.0,32.0,5.0,3.0,2.0,172.0,1.0,3.0,0.0,0
3237350,252.27,1.3986,2.0,4.0,76.66000000000001,4.0,1.0,1.0,0.0,0.0,6.0,1.0,18.0,0.0,0.0,0.0,98.0,0.0,0.0,2.0,0
2418588,388.4200000000001,2.9207600000000014,2.0,6.0,106.72,7.0,2.0,1.0,1.0,0.0,8.0,2.0,28.0,0.0,0.0,0.0,150.0,0.0,1.0,1.0,0
650620,365.4290000000001,2.743400000000001,1.0,3.0,66.84,4.0,2.0,2.0,0.0,2.0,5.0,4.0,27.0,2.0,1.0,1.0,140.0,0.0,1.0,1.0,0
972644,307.38200000000006,3.520200000000001,1.0,6.0,55.11,4.0,4.0,2.0,2.0,0.0,6.0,4.0,22.0,0.0,0.0,0.0,108.0,0.0,2.0,0.0,0
4443,317.42900000000014,3.260900000000001,2.0,2.0,66.4,6.0,1.0,1.0,0.0,1.0,4.0,2.0,23.0,1.0,1.0,0.0,126.0,0.0,0.0,1.0,0
737967,213.162,2.2861,0.0,3.0,30.71,1.0,2.0,0.0,2.0,0.0,6.0,2.0,15.0,0.0,0.0,0.0,78.0,0.0,2.0,0.0,0
423583,195.33100000000005,2.6571000000000007,1.0,2.0,26.02,4.0,1.0,1.0,0.0,0.0,2.0,1.0,13.0,0.0,0.0,0.0,72.0,0.0,0.0,0.0,0
5742560,382.4490000000001,1.87168,1.0,9.0,119.07,6.0,3.0,1.0,2.0,0.0,9.0,3.0,27.0,0.0,0.0,0.0,138.0,0.0,2.0,0.0,0
3246074,249.402,1.7807000000000004,1.0,1.0,12.03,4.0,1.0,1.0,0.0,0.0,3.0,2.0,18.0,1.0,0.0,1.0,100.0,0.0,1.0,0.0,0
660804,289.425,4.143540000000003,0.0,3.0,20.31,2.0,2.0,1.0,1.0,1.0,4.0,3.0,19.0,1.0,0.0,1.0,98.0,0.0,2.0,1.0,0
658965,297.358,2.540400000000001,0.0,3.0,45.67,3.0,2.0,1.0,1.0,1.0,5.0,3.0,22.0,1.0,0.0,1.0,114.0,0.0,2.0,2.0,0
3243741,379.4200000000001,1.6306999999999996,1.0,7.0,99.0,8.0,3.0,2.0,1.0,0.0,8.0,3.0,28.0,0.0,0.0,0.0,144.0,0.0,1.0,1.0,0
3234460,338.4550000000001,2.9429000000000016,0.0,4.0,41.370000000000005,2.0,2.0,0.0,2.0,2.0,5.0,4.0,25.0,2.0,0.0,2.0,132.0,1.0,4.0,1.0,0
2402161,226.231,3.592620000000002,1.0,2.0,50.44,1.0,3.0,2.0,1.0,0.0,3.0,3.0,17.0,0.0,0.0,0.0,84.0,0.0,1.0,0.0,0
11949199,534.6250000000001,8.265780000000007,0.0,2.0,27.03,5.0,4.0,4.0,0.0,4.0,5.0,8.0,40.0,4.0,3.0,1.0,200.0,1.0,1.0,0.0,0
2268436,364.40100000000007,4.573000000000003,2.0,4.0,80.57000000000001,7.0,3.0,2.0,1.0,0.0,6.0,3.0,27.0,0.0,0.0,0.0,138.0,0.0,1.0,2.0,0
3238843,280.711,3.2057400000000014,1.0,4.0,64.36,3.0,2.0,1.0,1.0,0.0,6.0,2.0,19.0,0.0,0.0,0.0,100.0,0.0,1.0,1.0,0
2605165,370.5030000000002,3.710300000000002,0.0,6.0,51.02,5.0,3.0,1.0,2.0,1.0,7.0,4.0,25.0,1.0,0.0,1.0,128.0,0.0,3.0,1.0,0
6944,137.138,1.90322,0.0,2.0,43.14,1.0,1.0,1.0,0.0,0.0,3.0,1.0,10.0,0.0,0.0,0.0,52.0,0.0,0.0,0.0,0
652978,221.329,3.130040000000001,1.0,4.0,37.81,3.0,2.0,0.0,2.0,0.0,4.0,2.0,15.0,0.0,0.0,0.0,80.0,0.0,2.0,0.0,0
5309893,467.3700000000002,3.2456000000000014,1.0,6.0,92.26,4.0,3.0,1.0,2.0,1.0,10.0,4.0,27.0,1.0,0.0,1.0,140.0,0.0,3.0,1.0,0
666847,382.4930000000001,2.9932200000000018,0.0,7.0,76.80000000000001,7.0,3.0,1.0,2.0,0.0,8.0,3.0,27.0,0.0,0.0,0.0,140.0,0.0,2.0,1.0,0
654315,292.33500000000004,1.64862,1.0,6.0,65.74000000000001,7.0,2.0,1.0,1.0,0.0,6.0,2.0,21.0,0.0,0.0,0.0,114.0,0.0,1.0,0.0,0
655541,427.45700000000033,2.2202,2.0,6.0,110.11,7.0,2.0,1.0,1.0,1.0,9.0,4.0,31.0,2.0,1.0,1.0,164.0,0.0,2.0,3.0,0
1282336,358.2820000000001,3.257600000000002,0.0,3.0,37.38,2.0,2.0,1.0,1.0,0.0,6.0,3.0,19.0,1.0,0.0,1.0,100.0,0.0,2.0,0.0,0
665726,331.4200000000001,1.2224999999999997,0.0,7.0,65.06,1.0,2.0,0.0,2.0,1.0,7.0,4.0,24.0,2.0,1.0,1.0,130.0,0.0,3.0,0.0,0
21622,180.232,1.8871,1.0,4.0,48.14,1.0,2.0,1.0,1.0,0.0,4.0,2.0,12.0,0.0,0.0,0.0,62.0,0.0,1.0,0.0,0
76072051,385.42400000000015,2.8744000000000014,3.0,6.0,110.39,8.0,3.0,1.0,2.0,0.0,9.0,3.0,28.0,0.0,0.0,0.0,148.0,0.0,2.0,2.0,1
3245080,409.186,4.643200000000002,1.0,4.0,64.36,4.0,3.0,2.0,1.0,0.0,8.0,3.0,25.0,0.0,0.0,0.0,128.0,0.0,1.0,1.0,0
3000216,321.4020000000002,3.2607000000000017,1.0,6.0,81.16,5.0,2.0,0.0,2.0,1.0,7.0,3.0,22.0,1.0,1.0,0.0,118.0,0.0,2.0,1.0,0
2941468,351.40200000000016,3.1968400000000017,0.0,4.0,55.84,3.0,2.0,2.0,0.0,1.0,5.0,4.0,26.0,2.0,0.0,2.0,134.0,0.0,2.0,2.0,0
6175,243.219,-2.563,4.0,8.0,130.82999999999998,2.0,1.0,0.0,1.0,1.0,8.0,2.0,17.0,1.0,0.0,1.0,94.0,0.0,2.0,0.0,0
650686,429.5210000000002,3.127320000000002,0.0,7.0,80.97999999999999,6.0,3.0,2.0,1.0,1.0,9.0,4.0,30.0,1.0,0.0,1.0,158.0,0.0,2.0,0.0,0
1017705,358.7850000000001,3.1902000000000017,1.0,6.0,78.27,5.0,3.0,2.0,1.0,0.0,8.0,3.0,25.0,0.0,0.0,0.0,128.0,0.0,1.0,1.0,0
68230,227.263,2.7123,1.0,2.0,42.09,0.0,2.0,1.0,1.0,0.0,3.0,3.0,17.0,1.0,0.0,1.0,86.0,0.0,2.0,0.0,0
647023,343.4710000000001,3.806200000000002,2.0,3.0,61.440000000000005,5.0,1.0,1.0,0.0,2.0,5.0,3.0,25.0,2.0,0.0,2.0,136.0,0.0,2.0,2.0,0
2728,213.664,3.2969000000000017,1.0,2.0,38.33,2.0,1.0,1.0,0.0,0.0,4.0,1.0,14.0,0.0,0.0,0.0,76.0,0.0,0.0,1.0,0
5351836,261.694,0.2566000000000002,1.0,5.0,91.84,2.0,2.0,0.0,2.0,0.0,9.0,2.0,16.0,0.0,0.0,0.0,86.0,0.0,2.0,0.0,0
650988,440.55400000000014,4.288840000000003,1.0,9.0,98.73000000000002,7.0,4.0,1.0,3.0,0.0,10.0,4.0,30.0,0.0,0.0,0.0,154.0,0.0,3.0,1.0,0
71554863,445.2850000000001,5.348500000000002,3.0,4.0,95.59,4.0,4.0,1.0,3.0,0.0,10.0,4.0,30.0,0.0,0.0,0.0,152.0,0.0,3.0,2.0,1
1243750,271.202,0.8442,1.0,5.0,86.69000000000001,3.0,2.0,1.0,1.0,0.0,9.0,2.0,19.0,0.0,0.0,0.0,100.0,0.0,1.0,1.0,0
664179,448.5190000000004,3.459200000000002,0.0,6.0,72.22,7.0,3.0,2.0,1.0,1.0,7.0,5.0,33.0,2.0,0.0,2.0,172.0,0.0,3.0,1.0,0
1010736,350.21200000000016,2.839900000000001,0.0,3.0,38.77,3.0,2.0,2.0,0.0,1.0,5.0,3.0,21.0,1.0,0.0,1.0,110.0,0.0,1.0,1.0,0
3241586,472.5640000000003,4.709800000000004,0.0,5.0,50.48,3.0,4.0,2.0,2.0,2.0,7.0,6.0,35.0,2.0,1.0,1.0,180.0,0.0,3.0,1.0,0
648440,369.4940000000001,3.3928400000000023,0.0,6.0,63.91,6.0,3.0,1.0,2.0,0.0,7.0,3.0,26.0,0.0,0.0,0.0,136.0,0.0,2.0,1.0,0
6604259,575.7100000000002,2.4303,3.0,6.0,118.21,5.0,2.0,1.0,1.0,3.0,10.0,7.0,42.0,5.0,1.0,4.0,224.0,0.0,5.0,3.0,0
3235724,256.218,0.3787199999999999,1.0,7.0,106.79000000000002,4.0,1.0,0.0,1.0,1.0,9.0,2.0,18.0,1.0,0.0,1.0,98.0,0.0,2.0,2.0,0
1247681,286.37499999999994,2.3379000000000003,0.0,3.0,40.620000000000005,3.0,1.0,1.0,0.0,2.0,4.0,3.0,21.0,2.0,1.0,1.0,112.0,0.0,1.0,1.0,0
939027,263.326,0.8565400000000001,1.0,6.0,86.69,4.0,2.0,1.0,1.0,0.0,7.0,2.0,18.0,0.0,0.0,0.0,94.0,0.0,1.0,1.0,0
303892,260.22900000000004,2.0851,1.0,2.0,54.37,4.0,2.0,2.0,0.0,0.0,4.0,2.0,18.0,0.0,0.0,0.0,92.0,0.0,0.0,0.0,0
3241496,375.476,4.551620000000003,1.0,4.0,63.05,4.0,3.0,2.0,1.0,0.0,6.0,4.0,28.0,1.0,0.0,1.0,144.0,0.0,2.0,2.0,0
3245735,371.234,4.595100000000004,1.0,3.0,55.13,4.0,3.0,2.0,1.0,0.0,5.0,3.0,23.0,0.0,0.0,0.0,116.0,0.0,1.0,1.0,0
2998928,354.362,2.3498,1.0,5.0,88.85000000000001,3.0,2.0,1.0,1.0,1.0,7.0,4.0,26.0,2.0,1.0,1.0,134.0,1.0,2.0,3.0,0
646086,332.41400000000004,1.5273,1.0,8.0,85.59,6.0,3.0,0.0,3.0,0.0,9.0,3.0,22.0,0.0,0.0,0.0,112.0,0.0,3.0,1.0,0
713160,313.3090000000001,2.626500000000001,1.0,5.0,73.86000000000001,4.0,2.0,2.0,0.0,0.0,6.0,3.0,23.0,1.0,0.0,1.0,118.0,0.0,1.0,1.0,0
135403579,420.5020000000002,2.3583799999999995,2.0,9.0,137.47,5.0,3.0,1.0,2.0,1.0,10.0,4.0,30.0,1.0,0.0,1.0,152.0,0.0,3.0,0.0,0
660711,411.48700000000025,2.989200000000001,2.0,6.0,104.29,5.0,3.0,2.0,1.0,1.0,9.0,4.0,29.0,1.0,0.0,1.0,150.0,0.0,2.0,1.0,0
118365059,419.38800000000015,2.608000000000001,4.0,6.0,121.39,5.0,3.0,1.0,2.0,0.0,11.0,4.0,30.0,1.0,0.0,1.0,158.0,0.0,3.0,2.0,1
853046,249.314,1.0233999999999996,2.0,3.0,61.440000000000005,4.0,1.0,1.0,0.0,0.0,5.0,1.0,18.0,0.0,0.0,0.0,98.0,0.0,0.0,2.0,0
1312649,351.40900000000005,1.6248200000000004,1.0,6.0,96.44,4.0,2.0,1.0,1.0,0.0,9.0,3.0,23.0,1.0,0.0,1.0,120.0,0.0,2.0,2.0,0
2998423,214.312,2.845900000000001,1.0,2.0,24.39,1.0,1.0,1.0,0.0,0.0,2.0,3.0,16.0,2.0,1.0,1.0,84.0,0.0,1.0,0.0,0
3244918,421.24700000000007,2.8733000000000004,2.0,5.0,93.56,6.0,3.0,1.0,2.0,0.0,8.0,3.0,26.0,0.0,0.0,0.0,136.0,0.0,2.0,1.0,0
748003,252.274,0.9000999999999997,1.0,5.0,88.33,2.0,1.0,0.0,1.0,1.0,7.0,2.0,18.0,1.0,0.0,1.0,98.0,0.0,2.0,2.0,0
664883,263.3,3.331980000000001,1.0,4.0,61.85,3.0,3.0,2.0,1.0,0.0,4.0,3.0,20.0,0.0,0.0,0.0,98.0,0.0,1.0,0.0,0
652227,430.5050000000001,3.958700000000003,1.0,6.0,88.33,8.0,3.0,1.0,2.0,0.0,9.0,3.0,30.0,0.0,0.0,0.0,158.0,0.0,2.0,2.0,0
719070,335.81600000000003,3.048620000000001,0.0,4.0,74.06,3.0,2.0,1.0,1.0,0.0,7.0,2.0,22.0,0.0,0.0,0.0,114.0,0.0,1.0,0.0,0
6604249,430.62900000000025,4.972800000000005,1.0,4.0,55.76,0.0,0.0,0.0,0.0,6.0,4.0,6.0,31.0,6.0,4.0,2.0,174.0,1.0,2.0,0.0,0
3237990,430.5550000000002,2.4509,1.0,6.0,92.26,6.0,3.0,2.0,1.0,1.0,9.0,4.0,29.0,1.0,0.0,1.0,152.0,0.0,2.0,1.0,0
2155684,380.4730000000002,3.177500000000002,0.0,6.0,62.470000000000006,5.0,3.0,2.0,1.0,1.0,7.0,4.0,27.0,1.0,0.0,1.0,138.0,0.0,2.0,1.0,0
652249,298.331,1.6666999999999998,0.0,7.0,84.76,3.0,3.0,0.0,3.0,0.0,8.0,3.0,21.0,0.0,0.0,0.0,104.0,0.0,3.0,1.0,0
3242743,336.4570000000002,2.931300000000002,0.0,4.0,49.85,2.0,1.0,0.0,1.0,1.0,6.0,3.0,23.0,2.0,1.0,1.0,126.0,0.0,2.0,2.0,0
864192,298.371,2.9632000000000014,0.0,6.0,52.83,5.0,3.0,2.0,1.0,0.0,6.0,3.0,21.0,0.0,0.0,0.0,106.0,0.0,1.0,0.0,0
3155094,253.309,2.7931600000000003,1.0,5.0,55.11,2.0,3.0,1.0,2.0,0.0,5.0,3.0,19.0,0.0,0.0,0.0,96.0,0.0,2.0,0.0,0
2998783,450.4910000000003,2.5477,1.0,6.0,94.17000000000002,5.0,2.0,2.0,0.0,1.0,8.0,5.0,33.0,3.0,1.0,2.0,172.0,0.0,2.0,2.0,0
3241861,357.389,1.8035,1.0,6.0,81.81,4.0,3.0,1.0,2.0,0.0,8.0,3.0,26.0,0.0,0.0,0.0,136.0,0.0,2.0,1.0,0
646283,283.283,2.7543000000000006,1.0,5.0,64.63,3.0,2.0,2.0,0.0,0.0,5.0,3.0,21.0,1.0,0.0,1.0,106.0,0.0,1.0,0.0,0
2615717,394.4560000000001,4.185920000000003,0.0,8.0,83.03999999999999,6.0,4.0,2.0,2.0,0.0,8.0,4.0,28.0,0.0,0.0,0.0,142.0,0.0,2.0,0.0,0
666918,433.9610000000003,2.756100000000001,2.0,5.0,78.51,4.0,1.0,1.0,0.0,3.0,8.0,5.0,29.0,4.0,1.0,3.0,154.0,1.0,3.0,3.0,0
1081555,369.4250000000002,0.9983,2.0,7.0,96.15,7.0,3.0,1.0,2.0,0.0,8.0,3.0,27.0,0.0,0.0,0.0,142.0,0.0,2.0,0.0,0
665766,260.326,1.4865999999999997,1.0,6.0,71.75,1.0,2.0,0.0,2.0,0.0,7.0,4.0,18.0,2.0,1.0,1.0,92.0,0.0,3.0,0.0,0
654063,405.5060000000003,2.8004000000000007,1.0,8.0,83.19999999999999,5.0,3.0,1.0,2.0,2.0,8.0,5.0,30.0,2.0,1.0,1.0,156.0,0.0,3.0,0.0,0
3238150,463.5410000000002,1.7713599999999996,2.0,10.0,132.28000000000003,7.0,3.0,0.0,3.0,0.0,12.0,3.0,31.0,0.0,0.0,0.0,164.0,0.0,3.0,2.0,0
558062,223.663,1.6651,1.0,4.0,50.94,3.0,2.0,1.0,1.0,0.0,5.0,2.0,15.0,0.0,0.0,0.0,78.0,0.0,1.0,0.0,0
658366,361.44900000000007,2.659600000000001,0.0,4.0,62.940000000000005,5.0,2.0,2.0,0.0,1.0,6.0,3.0,27.0,1.0,0.0,1.0,138.0,0.0,1.0,1.0,0
660647,288.376,1.64868,2.0,4.0,77.28,6.0,1.0,1.0,0.0,0.0,6.0,1.0,20.0,0.0,0.0,0.0,104.0,0.0,0.0,1.0,0
653470,385.4450000000001,3.340020000000001,1.0,7.0,86.47000000000001,8.0,3.0,2.0,1.0,0.0,8.0,3.0,27.0,0.0,0.0,0.0,140.0,0.0,1.0,0.0,0
650398,401.56100000000026,4.740640000000004,1.0,7.0,72.70000000000002,5.0,3.0,0.0,3.0,1.0,8.0,4.0,27.0,1.0,1.0,0.0,142.0,0.0,3.0,1.0,0
2863238,382.46000000000015,3.1938800000000023,2.0,6.0,91.58,5.0,1.0,1.0,0.0,0.0,6.0,3.0,28.0,2.0,1.0,1.0,148.0,0.0,1.0,0.0,0
661115,297.318,2.35302,1.0,7.0,81.41,4.0,3.0,1.0,2.0,0.0,7.0,3.0,22.0,0.0,0.0,0.0,112.0,0.0,2.0,0.0,0
3237229,343.34300000000013,1.1098999999999997,0.0,9.0,101.13000000000002,5.0,3.0,1.0,2.0,0.0,9.0,3.0,25.0,0.0,0.0,0.0,130.0,0.0,2.0,0.0,0
2833023,384.4720000000001,4.251400000000003,2.0,5.0,91.67,3.0,1.0,1.0,0.0,1.0,5.0,3.0,28.0,2.0,2.0,0.0,150.0,0.0,0.0,0.0,0
3235965,323.82400000000007,2.3498,1.0,2.0,52.650000000000006,3.0,1.0,1.0,0.0,1.0,6.0,2.0,22.0,1.0,0.0,1.0,120.0,0.0,1.0,3.0,0
648497,414.4830000000002,2.7048200000000007,1.0,5.0,92.78,4.0,2.0,2.0,0.0,1.0,8.0,4.0,29.0,2.0,0.0,2.0,152.0,0.0,2.0,1.0,0
118381172,338.415,3.314900000000001,4.0,4.0,94.73,6.0,3.0,1.0,2.0,0.0,7.0,3.0,25.0,0.0,0.0,0.0,130.0,0.0,2.0,2.0,1
2258754,271.341,3.9989000000000026,0.0,4.0,35.260000000000005,5.0,3.0,2.0,1.0,0.0,4.0,3.0,19.0,0.0,0.0,0.0,96.0,0.0,1.0,0.0,0
2231913,474.96300000000025,3.0234000000000005,1.0,6.0,84.94000000000001,9.0,2.0,2.0,0.0,0.0,11.0,3.0,30.0,1.0,0.0,1.0,162.0,0.0,1.0,1.0,0
935299,300.42700000000013,4.724800000000004,1.0,2.0,32.34,4.0,2.0,1.0,1.0,1.0,4.0,3.0,21.0,1.0,1.0,0.0,110.0,0.0,1.0,2.0,0
2097349,306.3620000000001,1.4460999999999995,1.0,4.0,67.86999999999999,5.0,1.0,1.0,0.0,1.0,6.0,2.0,22.0,1.0,0.0,1.0,120.0,0.0,1.0,2.0,0
3242290,488.5910000000004,2.823580000000001,1.0,7.0,119.81,5.0,2.0,1.0,1.0,1.0,11.0,4.0,33.0,2.0,1.0,1.0,174.0,0.0,2.0,2.0,0
2057605,248.37,2.4567200000000007,1.0,2.0,32.34,7.0,1.0,1.0,0.0,0.0,3.0,1.0,18.0,0.0,0.0,0.0,100.0,0.0,0.0,1.0,0
2388289,249.299,0.5481199999999998,1.0,6.0,86.69,4.0,2.0,1.0,1.0,0.0,7.0,2.0,17.0,0.0,0.0,0.0,88.0,0.0,1.0,1.0,0
2951054,469.5380000000004,3.2024000000000017,2.0,7.0,123.69000000000004,4.0,1.0,0.0,1.0,4.0,9.0,5.0,34.0,4.0,2.0,2.0,182.0,0.0,3.0,2.0,0
729595,293.348,2.26272,1.0,6.0,73.34,6.0,2.0,1.0,1.0,0.0,7.0,2.0,20.0,0.0,0.0,0.0,106.0,0.0,1.0,1.0,0
2998488,374.4780000000001,3.297000000000001,3.0,5.0,113.96000000000002,9.0,0.0,0.0,0.0,0.0,8.0,0.0,26.0,0.0,0.0,0.0,152.0,0.0,0.0,2.0,0
2998623,304.296,3.791920000000003,0.0,4.0,55.02,5.0,2.0,1.0,1.0,0.0,6.0,2.0,22.0,0.0,0.0,0.0,114.0,0.0,1.0,0.0,0
767634,245.282,1.3070999999999997,0.0,5.0,47.36000000000001,3.0,2.0,1.0,1.0,0.0,5.0,2.0,18.0,0.0,0.0,0.0,94.0,0.0,1.0,0.0,0
662373,451.445,2.7769000000000004,1.0,5.0,88.60000000000001,4.0,1.0,0.0,1.0,1.0,10.0,4.0,32.0,3.0,1.0,2.0,172.0,0.0,3.0,2.0,0
658806,308.37000000000006,2.6023000000000005,0.0,7.0,60.900000000000006,4.0,4.0,1.0,3.0,0.0,7.0,4.0,22.0,0.0,0.0,0.0,108.0,0.0,3.0,0.0,0
1397543,299.35900000000004,2.39212,2.0,5.0,83.56,4.0,3.0,1.0,2.0,0.0,7.0,3.0,21.0,0.0,0.0,0.0,106.0,0.0,2.0,1.0,0
678451,282.372,2.521600000000001,2.0,5.0,99.62,1.0,1.0,1.0,0.0,0.0,5.0,2.0,20.0,1.0,0.0,1.0,100.0,0.0,1.0,0.0,0
2711,411.7980000000001,5.208400000000001,0.0,0.0,0.0,0.0,0.0,0.0,0.0,3.0,8.0,3.0,18.0,3.0,3.0,0.0,104.0,0.0,0.0,0.0,0
2932777,334.50400000000013,3.594800000000002,0.0,2.0,40.620000000000005,2.0,0.0,0.0,0.0,3.0,4.0,3.0,24.0,3.0,2.0,1.0,136.0,0.0,1.0,2.0,0
3838014,356.4260000000001,2.5417,2.0,6.0,100.34,5.0,2.0,0.0,2.0,1.0,7.0,3.0,26.0,1.0,1.0,0.0,138.0,0.0,2.0,0.0,0
1321523,406.46000000000015,2.2766,1.0,6.0,102.01,8.0,2.0,2.0,0.0,0.0,9.0,2.0,28.0,0.0,0.0,0.0,150.0,0.0,0.0,1.0,0
665574,460.48600000000016,3.4561000000000024,1.0,7.0,88.54,6.0,3.0,3.0,0.0,2.0,8.0,5.0,34.0,2.0,0.0,2.0,174.0,0.0,2.0,2.0,0
3243399,410.5360000000003,2.935200000000001,2.0,4.0,103.78000000000002,11.0,1.0,1.0,0.0,0.0,8.0,2.0,28.0,1.0,0.0,1.0,156.0,0.0,1.0,1.0,0
2999280,463.51200000000017,0.3646000000000019,3.0,7.0,153.89,11.0,2.0,2.0,0.0,0.0,11.0,2.0,32.0,0.0,0.0,0.0,172.0,0.0,0.0,2.0,0
5771636,317.432,4.929900000000004,1.0,2.0,29.1,3.0,2.0,2.0,0.0,1.0,2.0,4.0,24.0,2.0,2.0,0.0,122.0,0.0,0.0,0.0,0
665252,270.376,2.2616000000000005,1.0,3.0,24.5,5.0,2.0,2.0,0.0,1.0,3.0,3.0,20.0,1.0,0.0,1.0,106.0,0.0,1.0,0.0,0
3246607,395.54000000000025,1.5953999999999997,4.0,6.0,113.01,4.0,0.0,0.0,0.0,4.0,6.0,4.0,28.0,4.0,4.0,0.0,160.0,1.0,0.0,0.0,0
652506,389.4600000000002,1.1142,2.0,8.0,106.43,8.0,2.0,1.0,1.0,1.0,10.0,3.0,28.0,1.0,0.0,1.0,152.0,0.0,2.0,2.0,0
648617,474.56100000000026,3.8545400000000014,2.0,5.0,104.54,8.0,3.0,1.0,2.0,1.0,8.0,4.0,35.0,1.0,1.0,0.0,182.0,0.0,2.0,3.0,0
1916369,352.3460000000001,2.3879,1.0,6.0,90.66,5.0,3.0,2.0,1.0,0.0,7.0,4.0,26.0,1.0,1.0,0.0,132.0,0.0,1.0,1.0,1
2900397,415.5590000000002,2.9726000000000017,1.0,4.0,69.72,7.0,2.0,2.0,0.0,1.0,7.0,3.0,29.0,1.0,0.0,1.0,156.0,0.0,1.0,1.0,0
3241905,458.54000000000025,2.8881400000000017,1.0,7.0,102.76,8.0,3.0,2.0,1.0,0.0,10.0,3.0,32.0,0.0,0.0,0.0,170.0,0.0,1.0,1.0,0
666543,269.732,2.3432,3.0,3.0,64.60000000000001,2.0,1.0,1.0,0.0,1.0,6.0,2.0,18.0,1.0,0.0,1.0,98.0,0.0,1.0,2.0,0
659184,357.45400000000024,3.3234200000000023,2.0,4.0,74.42999999999999,4.0,2.0,1.0,1.0,1.0,6.0,3.0,26.0,1.0,0.0,1.0,140.0,0.0,2.0,1.0,0
1246767,207.189,1.53174,1.0,5.0,81.16000000000001,2.0,2.0,0.0,2.0,0.0,6.0,2.0,15.0,0.0,0.0,0.0,78.0,0.0,2.0,1.0,0
2998057,256.257,2.629820000000001,2.0,3.0,74.60000000000001,3.0,2.0,2.0,0.0,0.0,4.0,2.0,19.0,0.0,0.0,0.0,96.0,0.0,0.0,0.0,0
5459506,325.4080000000001,2.900500000000001,1.0,4.0,55.400000000000006,4.0,1.0,1.0,0.0,0.0,4.0,3.0,24.0,2.0,1.0,1.0,126.0,0.0,1.0,0.0,0
647452,390.4880000000002,0.2604000000000008,2.0,8.0,99.39,5.0,2.0,0.0,2.0,2.0,9.0,4.0,28.0,2.0,0.0,2.0,154.0,0.0,4.0,0.0,0
1253418,294.314,2.1712,2.0,5.0,94.04,4.0,3.0,2.0,1.0,0.0,6.0,3.0,22.0,0.0,0.0,0.0,110.0,0.0,1.0,1.0,0
653076,405.52,2.8438000000000008,1.0,6.0,84.67,9.0,2.0,1.0,1.0,1.0,8.0,3.0,28.0,1.0,1.0,0.0,152.0,0.0,1.0,2.0,0
647693,466.5350000000002,1.9798,2.0,7.0,109.86,13.0,2.0,1.0,1.0,0.0,11.0,2.0,32.0,0.0,0.0,0.0,174.0,0.0,1.0,3.0,0
3237411,415.4820000000001,3.7242000000000015,2.0,8.0,97.62,4.0,4.0,0.0,4.0,0.0,9.0,5.0,30.0,1.0,0.0,1.0,148.0,0.0,5.0,1.0,0
2941732,463.3570000000002,3.8244000000000016,2.0,6.0,103.15,5.0,3.0,0.0,3.0,0.0,9.0,4.0,28.0,1.0,1.0,0.0,146.0,0.0,3.0,2.0,0
2368783,277.39300000000003,2.8227800000000007,1.0,4.0,56.13,4.0,1.0,0.0,1.0,1.0,5.0,2.0,19.0,1.0,1.0,0.0,102.0,0.0,1.0,1.0,0
5356192,219.247,3.2643000000000004,1.0,2.0,41.57,0.0,4.0,2.0,2.0,0.0,3.0,4.0,17.0,0.0,0.0,0.0,80.0,0.0,2.0,0.0,0
658367,396.4650000000002,3.587900000000003,0.0,9.0,92.91,11.0,2.0,1.0,1.0,0.0,9.0,2.0,27.0,0.0,0.0,0.0,148.0,0.0,1.0,0.0,0
718726,262.338,2.0979,2.0,4.0,70.67,5.0,2.0,1.0,1.0,0.0,6.0,2.0,18.0,0.0,0.0,0.0,94.0,0.0,1.0,1.0,0
3244914,373.39,1.96472,3.0,5.0,121.12,5.0,3.0,2.0,1.0,0.0,9.0,3.0,26.0,0.0,0.0,0.0,134.0,0.0,1.0,0.0,0
719637,283.35300000000007,0.1890999999999996,0.0,4.0,70.58000000000001,3.0,1.0,0.0,1.0,1.0,7.0,2.0,19.0,1.0,0.0,1.0,104.0,0.0,2.0,1.0,0
783769,301.386,3.941340000000003,1.0,4.0,39.72,6.0,2.0,2.0,0.0,0.0,4.0,2.0,22.0,0.0,0.0,0.0,118.0,0.0,0.0,0.0,0
2215139,350.4220000000001,3.067400000000002,0.0,6.0,54.63000000000001,5.0,3.0,2.0,1.0,1.0,6.0,4.0,26.0,1.0,0.0,1.0,134.0,0.0,2.0,0.0,0
5307982,390.4800000000002,2.831100000000001,1.0,6.0,78.79,10.0,2.0,1.0,1.0,0.0,7.0,2.0,28.0,0.0,0.0,0.0,154.0,0.0,1.0,1.0,0
3245729,377.8470000000001,3.248400000000002,1.0,4.0,44.81,5.0,2.0,2.0,0.0,1.0,7.0,3.0,26.0,1.0,0.0,1.0,138.0,0.0,1.0,1.0,0
2402326,434.5210000000001,4.883540000000004,1.0,7.0,82.17999999999999,7.0,4.0,2.0,2.0,0.0,8.0,4.0,31.0,0.0,0.0,0.0,158.0,0.0,2.0,1.0,0
3236928,302.3110000000001,2.4290900000000004,1.0,6.0,69.39,2.0,3.0,1.0,2.0,0.0,7.0,4.0,21.0,1.0,0.0,1.0,106.0,0.0,3.0,0.0,0
2355657,375.4500000000002,2.2824,2.0,5.0,87.74,5.0,2.0,2.0,0.0,1.0,8.0,3.0,26.0,1.0,0.0,1.0,138.0,0.0,1.0,1.0,0
656162,486.5440000000003,2.450899999999999,2.0,6.0,109.86,12.0,2.0,1.0,1.0,1.0,10.0,3.0,35.0,1.0,0.0,1.0,188.0,0.0,2.0,3.0,0
3246159,212.252,2.463,0.0,3.0,42.85,3.0,2.0,0.0,2.0,0.0,3.0,2.0,16.0,0.0,0.0,0.0,80.0,0.0,2.0,0.0,0
677613,275.329,3.177100000000001,1.0,4.0,55.4,4.0,2.0,1.0,1.0,0.0,5.0,2.0,19.0,0.0,0.0,0.0,98.0,0.0,1.0,1.0,0
3234857,340.3830000000001,3.377740000000002,1.0,7.0,82.3,6.0,3.0,1.0,2.0,0.0,7.0,3.0,25.0,0.0,0.0,0.0,130.0,0.0,2.0,0.0,0
3242574,383.4450000000001,2.8260000000000014,1.0,6.0,63.99,4.0,2.0,1.0,1.0,0.0,9.0,3.0,25.0,1.0,0.0,1.0,132.0,0.0,2.0,1.0,0
2849790,240.306,2.752720000000001,2.0,1.0,55.12,3.0,2.0,2.0,0.0,0.0,3.0,2.0,18.0,0.0,0.0,0.0,92.0,0.0,0.0,2.0,0
565087,212.245,1.583,1.0,3.0,63.6,4.0,0.0,0.0,0.0,2.0,4.0,2.0,15.0,2.0,2.0,0.0,84.0,0.0,0.0,0.0,0
1288891,382.4890000000002,2.4819000000000004,2.0,4.0,64.68,3.0,2.0,2.0,0.0,1.0,7.0,3.0,27.0,1.0,0.0,1.0,140.0,0.0,1.0,2.0,1
3235300,352.3980000000001,0.8086999999999993,1.0,8.0,85.17000000000002,3.0,3.0,1.0,2.0,1.0,8.0,4.0,26.0,1.0,0.0,1.0,134.0,0.0,3.0,0.0,0
4893,383.4080000000002,1.7845999999999995,1.0,8.0,106.95,4.0,3.0,1.0,2.0,1.0,9.0,4.0,28.0,1.0,0.0,1.0,146.0,0.0,3.0,1.0,0
651659,431.4740000000002,0.8781999999999996,1.0,10.0,117.22,6.0,3.0,1.0,2.0,0.0,11.0,3.0,30.0,0.0,0.0,0.0,158.0,0.0,2.0,1.0,0
1332103,494.6350000000004,3.836700000000003,0.0,6.0,93.21999999999998,7.0,2.0,2.0,0.0,2.0,10.0,4.0,33.0,2.0,0.0,2.0,180.0,0.0,2.0,0.0,0
1535318,351.45300000000003,2.1825,1.0,5.0,79.37,4.0,2.0,0.0,2.0,1.0,8.0,3.0,23.0,1.0,0.0,1.0,122.0,0.0,3.0,1.0,0
3240762,329.40000000000003,2.2972,1.0,4.0,75.28999999999999,5.0,2.0,1.0,1.0,1.0,6.0,3.0,24.0,1.0,0.0,1.0,128.0,0.0,2.0,1.0,0
5308507,448.9280000000001,3.5432200000000016,1.0,6.0,98.5,8.0,3.0,2.0,1.0,0.0,9.0,3.0,30.0,0.0,0.0,0.0,158.0,0.0,1.0,1.0,0
6604889,352.5000000000001,2.667300000000001,1.0,4.0,60.85000000000001,5.0,1.0,1.0,0.0,2.0,6.0,3.0,24.0,2.0,0.0,2.0,134.0,0.0,2.0,0.0,0
668798,265.309,2.934920000000001,1.0,2.0,46.17,3.0,2.0,2.0,0.0,0.0,5.0,2.0,18.0,0.0,0.0,0.0,94.0,0.0,0.0,0.0,0
757598,277.314,2.9593000000000007,1.0,2.0,23.47,6.0,2.0,2.0,0.0,0.0,4.0,2.0,20.0,0.0,0.0,0.0,106.0,0.0,0.0,0.0,0
3241750,334.3540000000001,3.3273400000000013,0.0,5.0,52.71,2.0,4.0,2.0,2.0,0.0,6.0,4.0,25.0,0.0,0.0,0.0,124.0,0.0,2.0,0.0,0
16758599,710.6360000000002,0.6778000000000008,2.0,15.0,213.86,8.0,1.0,1.0,0.0,4.0,18.0,5.0,50.0,4.0,2.0,2.0,272.0,0.0,2.0,2.0,0
3242547,466.4730000000002,1.551499999999999,1.0,9.0,113.15999999999998,9.0,4.0,2.0,2.0,0.0,11.0,4.0,34.0,0.0,0.0,0.0,176.0,0.0,2.0,1.0,0
783977,258.3209999999999,2.5654400000000006,1.0,3.0,55.120000000000005,5.0,2.0,1.0,1.0,0.0,4.0,2.0,19.0,0.0,0.0,0.0,100.0,0.0,1.0,0.0,0
2998657,381.5010000000003,4.126440000000002,1.0,5.0,56.150000000000006,5.0,3.0,1.0,2.0,1.0,6.0,4.0,27.0,1.0,0.0,1.0,140.0,0.0,3.0,1.0,0
646474,380.4440000000001,3.559340000000001,1.0,4.0,75.53999999999999,5.0,3.0,1.0,2.0,1.0,6.0,4.0,28.0,1.0,0.0,1.0,146.0,0.0,3.0,1.0,0
650041,307.331,1.2148999999999996,3.0,6.0,104.31,5.0,2.0,1.0,1.0,0.0,8.0,2.0,21.0,0.0,0.0,0.0,110.0,0.0,1.0,1.0,0
2078763,384.84500000000025,2.4583200000000005,1.0,6.0,105.4,4.0,2.0,1.0,1.0,1.0,10.0,3.0,25.0,1.0,0.0,1.0,134.0,0.0,2.0,1.0,0
649011,326.3520000000001,3.262100000000001,2.0,4.0,76.66000000000001,4.0,2.0,2.0,0.0,0.0,6.0,3.0,24.0,1.0,0.0,1.0,124.0,0.0,1.0,2.0,0
2574964,426.4540000000001,1.7199999999999995,2.0,8.0,119.39,5.0,3.0,2.0,1.0,0.0,10.0,3.0,30.0,0.0,0.0,0.0,154.0,0.0,1.0,3.0,0
3238862,469.35700000000014,3.297500000000002,0.0,7.0,77.43,6.0,1.0,1.0,0.0,1.0,9.0,3.0,28.0,2.0,0.0,2.0,150.0,0.0,2.0,1.0,0
52239,221.22,-0.395599999999999,4.0,2.0,140.07999999999998,2.0,1.0,1.0,0.0,0.0,7.0,1.0,16.0,0.0,0.0,0.0,84.0,0.0,0.0,0.0,0
118046278,480.34100000000007,4.562900000000003,2.0,5.0,85.83,5.0,4.0,2.0,2.0,0.0,8.0,4.0,31.0,0.0,0.0,0.0,156.0,0.0,2.0,1.0,1
2997544,314.38500000000005,2.870440000000001,0.0,5.0,61.190000000000005,6.0,2.0,1.0,1.0,0.0,5.0,2.0,23.0,0.0,0.0,0.0,122.0,0.0,1.0,0.0,0
2917197,348.4240000000001,2.1986,0.0,5.0,76.57,4.0,2.0,1.0,1.0,1.0,7.0,3.0,24.0,1.0,0.0,1.0,128.0,0.0,2.0,0.0,0
628864,315.33200000000005,4.447720000000003,0.0,4.0,68.39,2.0,3.0,2.0,1.0,0.0,5.0,4.0,24.0,1.0,1.0,0.0,116.0,0.0,1.0,0.0,1
3245276,488.5880000000004,3.223700000000002,2.0,4.0,94.74,9.0,3.0,2.0,1.0,1.0,8.0,5.0,36.0,2.0,0.0,2.0,188.0,0.0,3.0,3.0,0
3241571,404.51700000000017,2.1071,2.0,6.0,101.05,8.0,3.0,2.0,1.0,0.0,9.0,3.0,27.0,0.0,0.0,0.0,142.0,0.0,1.0,1.0,0
135403642,322.35,-0.6108999999999998,4.0,7.0,147.2,2.0,2.0,1.0,1.0,0.0,10.0,3.0,22.0,1.0,0.0,1.0,116.0,0.0,2.0,0.0,0
118380914,330.4360000000001,3.480000000000002,4.0,4.0,94.73,5.0,2.0,0.0,2.0,1.0,7.0,3.0,24.0,1.0,1.0,0.0,130.0,0.0,2.0,2.0,1
907670,339.4390000000001,2.1066199999999995,1.0,4.0,52.65,2.0,1.0,1.0,0.0,4.0,5.0,6.0,25.0,5.0,0.0,5.0,132.0,1.0,5.0,1.0,0
2620947,356.4030000000001,3.7353000000000014,1.0,6.0,81.42999999999999,6.0,3.0,2.0,1.0,0.0,7.0,3.0,25.0,0.0,0.0,0.0,128.0,0.0,1.0,1.0,0
1203939,289.3090000000001,0.5543999999999998,1.0,5.0,93.14,6.0,1.0,1.0,0.0,0.0,8.0,1.0,19.0,0.0,0.0,0.0,106.0,0.0,0.0,0.0,0
650606,481.5740000000002,4.126300000000003,1.0,7.0,93.9,8.0,3.0,2.0,1.0,1.0,9.0,5.0,34.0,2.0,1.0,1.0,178.0,0.0,2.0,2.0,0
5600879,241.25000000000003,2.15518,1.0,5.0,74.48,2.0,1.0,1.0,0.0,0.0,5.0,2.0,18.0,1.0,0.0,1.0,90.0,0.0,1.0,0.0,0
649938,386.4770000000001,3.496500000000002,1.0,7.0,78.27000000000001,8.0,3.0,1.0,2.0,0.0,8.0,3.0,27.0,0.0,0.0,0.0,142.0,0.0,2.0,1.0,0
851257,346.7990000000001,3.5158000000000023,1.0,6.0,80.91,5.0,3.0,1.0,2.0,0.0,8.0,3.0,23.0,0.0,0.0,0.0,116.0,0.0,2.0,1.0,0
6604916,272.13500000000005,1.7237,2.0,3.0,44.370000000000005,0.0,1.0,1.0,0.0,1.0,6.0,3.0,17.0,2.0,0.0,2.0,90.0,0.0,2.0,1.0,0
241476,449.20500000000027,7.046300000000004,2.0,3.0,43.7,5.0,2.0,2.0,0.0,1.0,7.0,3.0,27.0,1.0,1.0,0.0,146.0,0.0,0.0,0.0,0
118365235,439.39400000000006,2.958600000000001,4.0,6.0,121.39,9.0,3.0,1.0,2.0,0.0,12.0,3.0,31.0,0.0,0.0,0.0,166.0,0.0,2.0,2.0,1
76071090,444.4860000000001,3.601300000000002,3.0,5.0,95.17000000000002,8.0,3.0,1.0,2.0,1.0,10.0,4.0,32.0,1.0,0.0,1.0,170.0,0.0,3.0,2.0,1
5389942,379.46,2.8451000000000013,1.0,5.0,73.74000000000001,7.0,2.0,1.0,1.0,1.0,6.0,3.0,28.0,1.0,0.0,1.0,146.0,0.0,2.0,1.0,0
5801,109.128,0.9744,2.0,2.0,46.25,0.0,1.0,1.0,0.0,0.0,2.0,1.0,8.0,0.0,0.0,0.0,42.0,0.0,0.0,0.0,0
651376,318.376,3.021580000000001,1.0,4.0,76.11,0.0,1.0,1.0,0.0,0.0,4.0,3.0,24.0,2.0,1.0,1.0,120.0,0.0,1.0,0.0,0
5771861,425.516,6.251600000000006,1.0,2.0,46.17,9.0,2.0,2.0,0.0,0.0,7.0,2.0,29.0,0.0,0.0,0.0,158.0,0.0,0.0,0.0,0
5771631,275.307,3.860000000000002,1.0,2.0,50.19,3.0,3.0,2.0,1.0,0.0,3.0,3.0,21.0,0.0,0.0,0.0,102.0,0.0,1.0,0.0,0
118380800,478.5320000000002,3.0269000000000013,4.0,7.0,123.99,5.0,4.0,1.0,3.0,0.0,11.0,5.0,35.0,1.0,0.0,1.0,182.0,0.0,4.0,2.0,1
5570,137.138,-1.1254000000000004,0.0,2.0,44.01,1.0,1.0,0.0,1.0,0.0,3.0,1.0,10.0,0.0,0.0,0.0,52.0,0.0,1.0,0.0,0
653093,425.5140000000001,3.724020000000002,1.0,7.0,93.26,7.0,3.0,1.0,2.0,0.0,9.0,4.0,30.0,1.0,0.0,1.0,156.0,0.0,3.0,2.0,0
983914,403.5980000000004,4.970120000000004,0.0,7.0,47.78,5.0,3.0,0.0,3.0,0.0,7.0,4.0,26.0,1.0,1.0,0.0,136.0,0.0,3.0,0.0,0
568592,274.283,3.3468000000000018,0.0,5.0,64.7,2.0,4.0,2.0,2.0,0.0,5.0,4.0,21.0,0.0,0.0,0.0,100.0,0.0,2.0,0.0,1
649684,303.38300000000004,2.981340000000001,1.0,3.0,55.4,5.0,2.0,2.0,0.0,0.0,5.0,2.0,21.0,0.0,0.0,0.0,110.0,0.0,0.0,1.0,0
5308830,405.52400000000006,1.4531000000000007,2.0,5.0,98.4,8.0,2.0,1.0,1.0,1.0,9.0,3.0,28.0,1.0,0.0,1.0,152.0,0.0,2.0,1.0,0
3242998,290.363,2.3324,2.0,3.0,67.43,5.0,1.0,1.0,0.0,1.0,5.0,2.0,21.0,1.0,0.0,1.0,114.0,0.0,1.0,2.0,0
2135723,359.42900000000026,3.8633700000000015,2.0,4.0,69.33,2.0,3.0,2.0,1.0,0.0,5.0,5.0,27.0,2.0,0.0,2.0,136.0,0.0,3.0,1.0,0
3239962,345.46500000000026,0.3342000000000011,1.0,4.0,78.95,5.0,0.0,0.0,0.0,3.0,8.0,3.0,23.0,3.0,0.0,3.0,132.0,0.0,3.0,1.0,0
658332,336.399,1.7606799999999998,1.0,7.0,92.99,4.0,3.0,1.0,2.0,1.0,7.0,4.0,25.0,1.0,0.0,1.0,128.0,0.0,3.0,0.0,0
1116250,382.42400000000015,-0.2174999999999991,0.0,8.0,85.37,3.0,3.0,1.0,2.0,1.0,9.0,4.0,28.0,1.0,0.0,1.0,146.0,0.0,3.0,1.0,0
5008575,300.333,2.3409000000000004,1.0,3.0,41.57,4.0,2.0,2.0,0.0,0.0,5.0,3.0,22.0,1.0,0.0,1.0,114.0,0.0,1.0,1.0,0
650615,301.34600000000006,0.5767999999999995,2.0,4.0,78.51,3.0,1.0,1.0,0.0,2.0,6.0,3.0,22.0,2.0,0.0,2.0,116.0,0.0,2.0,3.0,0
644780,306.39500000000004,1.90742,1.0,7.0,85.59,7.0,2.0,0.0,2.0,0.0,8.0,2.0,21.0,0.0,0.0,0.0,112.0,0.0,2.0,1.0,0
40632,185.22600000000003,2.1459200000000003,0.0,2.0,22.0,1.0,2.0,1.0,1.0,0.0,2.0,2.0,14.0,0.0,0.0,0.0,70.0,0.0,1.0,0.0,0
652356,489.5320000000002,3.832300000000002,1.0,8.0,111.72,8.0,4.0,2.0,2.0,0.0,10.0,5.0,36.0,1.0,0.0,1.0,186.0,0.0,3.0,2.0,0
6604336,293.272,-2.5801999999999974,5.0,7.0,145.55,5.0,0.0,0.0,0.0,1.0,9.0,1.0,20.0,1.0,0.0,1.0,116.0,0.0,1.0,1.0,0
2963160,316.38600000000014,2.14654,1.0,5.0,75.19,3.0,2.0,1.0,1.0,1.0,7.0,3.0,22.0,1.0,0.0,1.0,114.0,0.0,2.0,2.0,0
73505653,339.403,3.057500000000001,4.0,5.0,107.62,6.0,3.0,0.0,3.0,0.0,8.0,3.0,25.0,0.0,0.0,0.0,130.0,0.0,3.0,2.0,1
647279,392.45900000000006,2.7563400000000016,1.0,5.0,88.17999999999999,5.0,3.0,1.0,2.0,1.0,7.0,4.0,29.0,1.0,0.0,1.0,150.0,0.0,3.0,1.0,0
651690,246.697,2.665000000000001,1.0,2.0,41.99,3.0,2.0,1.0,1.0,0.0,4.0,2.0,17.0,0.0,0.0,0.0,86.0,0.0,1.0,1.0,0
3247294,474.6050000000002,4.674720000000004,2.0,5.0,85.25,9.0,3.0,2.0,1.0,1.0,7.0,4.0,35.0,1.0,1.0,0.0,184.0,0.0,1.0,2.0,0
3244432,367.493,5.408100000000005,1.0,3.0,54.46,6.0,2.0,1.0,1.0,1.0,5.0,3.0,27.0,1.0,1.0,0.0,144.0,0.0,1.0,2.0,0
651568,335.359,3.3946000000000023,0.0,4.0,59.75,2.0,3.0,2.0,1.0,0.0,5.0,4.0,25.0,1.0,0.0,1.0,126.0,0.0,2.0,1.0,0
648815,354.402,2.810200000000001,2.0,4.0,83.83,7.0,2.0,2.0,0.0,1.0,5.0,3.0,26.0,1.0,1.0,0.0,136.0,0.0,0.0,0.0,0
3244603,422.87200000000007,4.809120000000003,1.0,6.0,82.17999999999999,6.0,4.0,2.0,2.0,0.0,8.0,4.0,30.0,0.0,0.0,0.0,152.0,0.0,2.0,1.0,0
3242616,471.5350000000003,2.601800000000001,1.0,9.0,112.66,9.0,3.0,1.0,2.0,1.0,10.0,4.0,33.0,1.0,0.0,1.0,174.0,0.0,3.0,1.0,0
658858,290.754,3.7744000000000018,1.0,5.0,63.31,2.0,2.0,1.0,1.0,0.0,6.0,3.0,20.0,1.0,0.0,1.0,104.0,0.0,2.0,0.0,0
4429361,328.4560000000002,2.9774200000000013,1.0,2.0,49.41,5.0,1.0,1.0,0.0,2.0,4.0,3.0,24.0,2.0,1.0,1.0,130.0,0.0,1.0,2.0,0
135460905,416.50600000000014,4.021700000000003,2.0,6.0,87.74000000000001,4.0,3.0,1.0,2.0,0.0,7.0,5.0,30.0,2.0,1.0,1.0,150.0,0.0,3.0,0.0,0
145995669,475.90000000000026,3.6144000000000016,1.0,11.0,117.17000000000002,5.0,5.0,0.0,5.0,0.0,12.0,6.0,34.0,1.0,0.0,1.0,170.0,0.0,6.0,0.0,1
705798,236.296,2.6158200000000003,1.0,4.0,55.13,4.0,2.0,0.0,2.0,0.0,5.0,2.0,16.0,0.0,0.0,0.0,84.0,0.0,2.0,1.0,0
5771846,385.52900000000017,5.532400000000005,1.0,4.0,55.400000000000006,9.0,2.0,1.0,1.0,0.0,5.0,2.0,27.0,0.0,0.0,0.0,144.0,0.0,1.0,1.0,0
2944357,381.4760000000002,3.0711200000000014,1.0,4.0,61.88000000000001,6.0,2.0,2.0,0.0,1.0,6.0,3.0,28.0,1.0,0.0,1.0,148.0,0.0,1.0,2.0,0
5308739,407.5140000000003,3.9552200000000015,2.0,4.0,70.67,5.0,2.0,2.0,0.0,1.0,6.0,4.0,30.0,2.0,0.0,2.0,158.0,0.0,2.0,2.0,0
655163,328.3970000000001,2.1247,1.0,6.0,83.03,6.0,3.0,2.0,1.0,0.0,7.0,3.0,23.0,0.0,0.0,0.0,118.0,0.0,1.0,1.0,0
797590,311.33700000000005,4.010720000000003,1.0,4.0,60.7,4.0,3.0,2.0,1.0,0.0,5.0,3.0,23.0,0.0,0.0,0.0,118.0,0.0,1.0,1.0,0
3000071,387.4470000000002,2.1985400000000004,1.0,8.0,125.98999999999998,5.0,2.0,1.0,1.0,1.0,8.0,3.0,29.0,1.0,0.0,1.0,146.0,0.0,2.0,0.0,0
3233982,401.4700000000001,3.3617000000000017,1.0,7.0,81.93,8.0,4.0,2.0,2.0,0.0,7.0,4.0,30.0,0.0,0.0,0.0,152.0,0.0,2.0,0.0,0
756720,266.326,1.7866999999999995,1.0,6.0,80.75999999999999,4.0,2.0,0.0,2.0,0.0,7.0,2.0,18.0,0.0,0.0,0.0,96.0,0.0,2.0,0.0,0
977540,332.381,1.339,2.0,4.0,106.32999999999998,6.0,2.0,2.0,0.0,0.0,7.0,2.0,23.0,0.0,0.0,0.0,120.0,0.0,0.0,2.0,0
3246203,278.329,2.349100000000001,2.0,3.0,74.60000000000001,4.0,2.0,2.0,0.0,0.0,5.0,2.0,19.0,0.0,0.0,0.0,100.0,0.0,0.0,0.0,0
650827,202.235,0.0207000000000001,1.0,4.0,69.96999999999998,1.0,0.0,0.0,0.0,1.0,6.0,1.0,13.0,1.0,0.0,1.0,72.0,0.0,1.0,1.0,0
657982,368.5020000000001,4.466180000000004,1.0,5.0,69.96000000000001,7.0,1.0,1.0,0.0,0.0,5.0,2.0,26.0,1.0,0.0,1.0,136.0,0.0,1.0,0.0,0
118365053,417.4410000000002,2.5400200000000006,5.0,6.0,132.39,6.0,3.0,1.0,2.0,0.0,10.0,3.0,30.0,0.0,0.0,0.0,160.0,0.0,2.0,2.0,1
3244426,381.4570000000001,2.507600000000001,1.0,6.0,81.06,7.0,3.0,2.0,1.0,0.0,7.0,3.0,27.0,0.0,0.0,0.0,138.0,0.0,1.0,1.0,0
3247188,587.7200000000005,5.338800000000006,0.0,5.0,71.85000000000001,7.0,4.0,3.0,1.0,2.0,7.0,7.0,44.0,3.0,1.0,2.0,224.0,0.0,3.0,2.0,0
3232706,262.31600000000003,3.1507000000000005,1.0,4.0,50.7,4.0,3.0,1.0,2.0,0.0,4.0,3.0,20.0,0.0,0.0,0.0,98.0,0.0,2.0,0.0,0
253642,447.2310000000002,1.457,0.0,11.0,131.73000000000002,5.0,2.0,0.0,2.0,1.0,13.0,3.0,29.0,1.0,0.0,1.0,156.0,0.0,3.0,0.0,0
650895,357.4290000000001,2.903420000000001,1.0,4.0,44.81,5.0,2.0,2.0,0.0,1.0,6.0,3.0,26.0,1.0,0.0,1.0,138.0,0.0,1.0,1.0,0
644466,279.274,3.601580000000002,1.0,4.0,75.84,2.0,3.0,1.0,2.0,0.0,5.0,3.0,21.0,0.0,0.0,0.0,102.0,0.0,2.0,0.0,0
868943,307.39000000000004,3.1187000000000014,0.0,4.0,48.0,7.0,1.0,1.0,0.0,1.0,5.0,2.0,22.0,1.0,0.0,1.0,122.0,0.0,1.0,1.0,0
747239,264.284,3.1075000000000017,1.0,3.0,69.12,3.0,3.0,2.0,1.0,0.0,4.0,3.0,20.0,0.0,0.0,0.0,98.0,0.0,1.0,1.0,0
653661,205.282,2.558420000000001,1.0,2.0,32.86,1.0,2.0,1.0,1.0,0.0,3.0,2.0,14.0,0.0,0.0,0.0,72.0,0.0,1.0,0.0,0
3242839,405.47200000000026,2.5410200000000005,0.0,6.0,86.05000000000001,4.0,2.0,1.0,1.0,2.0,8.0,4.0,28.0,2.0,0.0,2.0,150.0,1.0,3.0,1.0,0
2614027,294.336,1.3042999999999996,2.0,6.0,93.21,4.0,2.0,0.0,2.0,0.0,8.0,2.0,20.0,0.0,0.0,0.0,106.0,0.0,2.0,3.0,0
4747,365.502,4.007780000000003,1.0,5.0,50.5,4.0,2.0,2.0,0.0,1.0,5.0,4.0,26.0,2.0,0.0,2.0,134.0,0.0,2.0,0.0,0
2938991,323.40000000000003,3.0232400000000013,1.0,6.0,64.86,4.0,3.0,1.0,2.0,1.0,6.0,4.0,24.0,1.0,0.0,1.0,124.0,0.0,3.0,0.0,0
2998824,487.5780000000004,4.334740000000004,0.0,10.0,97.84000000000002,10.0,3.0,1.0,2.0,1.0,10.0,4.0,34.0,1.0,0.0,1.0,182.0,0.0,3.0,0.0,0
663600,413.518,3.460200000000002,1.0,5.0,63.27000000000001,9.0,2.0,2.0,0.0,1.0,7.0,3.0,30.0,1.0,0.0,1.0,162.0,0.0,1.0,2.0,0
2942877,269.684,2.1556999999999995,2.0,3.0,75.63000000000001,3.0,1.0,1.0,0.0,1.0,6.0,2.0,18.0,1.0,0.0,1.0,96.0,0.0,1.0,1.0,0
3671,230.311,3.296400000000002,0.0,3.0,34.370000000000005,3.0,2.0,0.0,2.0,0.0,3.0,2.0,17.0,0.0,0.0,0.0,90.0,0.0,2.0,0.0,0
2880364,219.331,1.8249,1.0,3.0,46.17,4.0,1.0,0.0,1.0,0.0,5.0,1.0,13.0,0.0,0.0,0.0,74.0,0.0,1.0,0.0,0
2188560,281.377,2.538240000000001,1.0,4.0,55.400000000000006,6.0,1.0,1.0,0.0,0.0,5.0,1.0,19.0,0.0,0.0,0.0,104.0,0.0,0.0,1.0,0
797861,240.262,2.319500000000001,0.0,4.0,47.510000000000005,0.0,3.0,1.0,2.0,0.0,4.0,4.0,18.0,1.0,1.0,0.0,90.0,0.0,2.0,0.0,0
89536054,406.8770000000001,4.611840000000003,3.0,4.0,95.59,4.0,4.0,1.0,3.0,0.0,8.0,4.0,29.0,0.0,0.0,0.0,146.0,0.0,3.0,2.0,1
16758973,338.4440000000001,2.467000000000001,1.0,5.0,68.29,6.0,0.0,0.0,0.0,3.0,5.0,3.0,24.0,3.0,1.0,2.0,136.0,1.0,2.0,0.0,0
54690072,342.3800000000001,1.9294,2.0,7.0,97.11,3.0,3.0,1.0,2.0,0.0,8.0,4.0,24.0,1.0,0.0,1.0,122.0,0.0,3.0,1.0,0
2930947,452.7280000000004,4.049400000000003,2.0,4.0,64.68,18.0,0.0,0.0,0.0,1.0,6.0,1.0,32.0,1.0,0.0,1.0,188.0,0.0,1.0,2.0,0
6276,88.14999999999999,1.1689,1.0,1.0,20.23,3.0,0.0,0.0,0.0,0.0,1.0,0.0,6.0,0.0,0.0,0.0,38.0,0.0,0.0,0.0,0
2997978,357.4600000000001,3.462500000000002,0.0,7.0,57.01,5.0,3.0,1.0,2.0,1.0,7.0,4.0,24.0,1.0,0.0,1.0,122.0,0.0,3.0,0.0,0
3241417,289.3380000000001,3.4533000000000014,0.0,4.0,47.78,2.0,3.0,1.0,2.0,0.0,4.0,4.0,22.0,1.0,1.0,0.0,108.0,0.0,2.0,0.0,0
2576795,453.4760000000003,2.6056800000000004,1.0,8.0,117.96,6.0,2.0,2.0,0.0,0.0,10.0,4.0,32.0,2.0,0.0,2.0,164.0,0.0,2.0,2.0,0
3246166,299.4179999999999,2.2894000000000005,1.0,3.0,31.5,4.0,2.0,1.0,1.0,2.0,4.0,4.0,22.0,2.0,0.0,2.0,118.0,0.0,3.0,0.0,0
2212657,488.54400000000027,4.324140000000003,2.0,7.0,107.62,9.0,4.0,2.0,2.0,0.0,9.0,4.0,36.0,0.0,0.0,0.0,186.0,0.0,2.0,2.0,0
3239738,361.4670000000001,2.935640000000001,1.0,5.0,81.06,2.0,2.0,1.0,1.0,0.0,7.0,3.0,25.0,1.0,0.0,1.0,134.0,0.0,2.0,1.0,0
1071260,362.4330000000001,1.7409,0.0,5.0,58.440000000000005,4.0,3.0,2.0,1.0,1.0,6.0,4.0,27.0,1.0,0.0,1.0,138.0,0.0,2.0,1.0,0
1256185,292.751,2.3742,1.0,5.0,59.290000000000006,3.0,3.0,0.0,3.0,0.0,7.0,3.0,19.0,0.0,0.0,0.0,96.0,0.0,3.0,1.0,0
655955,264.31,1.1937,0.0,7.0,69.9,5.0,2.0,1.0,1.0,0.0,7.0,2.0,18.0,0.0,0.0,0.0,94.0,0.0,1.0,0.0,0
2055082,260.249,2.006519999999999,1.0,5.0,73.59,2.0,2.0,1.0,1.0,0.0,6.0,3.0,19.0,1.0,0.0,1.0,98.0,0.0,2.0,1.0,0
135401836,276.29200000000003,1.2165,2.0,5.0,80.15,5.0,1.0,1.0,0.0,0.0,6.0,2.0,20.0,1.0,0.0,1.0,106.0,0.0,1.0,1.0,0
224907,295.148,-1.963899999999999,3.0,3.0,117.69,3.0,1.0,1.0,0.0,0.0,8.0,1.0,15.0,0.0,0.0,0.0,84.0,0.0,0.0,0.0,0
135449507,269.30400000000003,1.8622,2.0,4.0,74.58,5.0,2.0,1.0,1.0,0.0,5.0,2.0,20.0,0.0,0.0,0.0,102.0,0.0,1.0,1.0,0
5921886,288.32800000000003,0.4905999999999997,0.0,6.0,52.82,1.0,2.0,1.0,1.0,0.0,6.0,4.0,20.0,2.0,0.0,2.0,102.0,0.0,3.0,0.0,1
6537498,348.956,5.450800000000004,0.0,0.0,0.0,7.0,0.0,0.0,0.0,0.0,6.0,0.0,16.0,0.0,0.0,0.0,98.0,0.0,0.0,0.0,0
28207,194.234,1.6259,2.0,3.0,64.35,3.0,1.0,1.0,0.0,0.0,4.0,1.0,14.0,0.0,0.0,0.0,76.0,0.0,0.0,1.0,0
3510144,404.46700000000016,0.8727000000000005,2.0,8.0,109.15,10.0,2.0,1.0,1.0,0.0,9.0,2.0,29.0,0.0,0.0,0.0,158.0,0.0,1.0,0.0,0
2998720,377.4980000000001,4.092220000000003,0.0,2.0,27.010000000000005,5.0,2.0,1.0,1.0,0.0,7.0,2.0,25.0,0.0,0.0,0.0,136.0,0.0,1.0,0.0,0
649227,384.5010000000002,3.0667000000000018,0.0,3.0,57.690000000000005,3.0,2.0,2.0,0.0,1.0,6.0,4.0,27.0,2.0,0.0,2.0,142.0,0.0,2.0,1.0,0
2791034,331.3320000000001,1.1521999999999992,1.0,9.0,100.39,4.0,2.0,1.0,1.0,0.0,9.0,3.0,24.0,1.0,0.0,1.0,126.0,0.0,2.0,0.0,0
5307909,485.5620000000002,3.655240000000002,1.0,7.0,110.97,8.0,3.0,2.0,1.0,0.0,10.0,4.0,34.0,1.0,0.0,1.0,180.0,0.0,2.0,1.0,0
3241534,359.42900000000003,0.4598400000000001,2.0,6.0,132.36,6.0,2.0,1.0,1.0,0.0,10.0,2.0,23.0,0.0,0.0,0.0,126.0,0.0,1.0,0.0,0
5201818,442.5010000000003,0.9577999999999997,2.0,8.0,125.96999999999998,7.0,3.0,1.0,2.0,1.0,11.0,4.0,31.0,1.0,0.0,1.0,162.0,0.0,3.0,1.0,0
2195599,301.34200000000004,2.512600000000001,1.0,4.0,56.790000000000006,7.0,2.0,2.0,0.0,0.0,5.0,2.0,22.0,0.0,0.0,0.0,116.0,0.0,0.0,1.0,0
979227,354.45000000000016,3.5583000000000027,1.0,4.0,50.8,6.0,2.0,2.0,0.0,1.0,5.0,3.0,26.0,1.0,0.0,1.0,138.0,0.0,1.0,1.0,0
2998987,319.3570000000001,1.5553,1.0,5.0,73.86,7.0,1.0,1.0,0.0,0.0,6.0,2.0,23.0,1.0,0.0,1.0,124.0,0.0,1.0,1.0,0
646132,369.88100000000014,3.146740000000001,1.0,6.0,100.63,2.0,1.0,0.0,1.0,0.0,7.0,3.0,25.0,2.0,1.0,1.0,126.0,0.0,2.0,0.0,0
3245764,395.5250000000003,2.698840000000001,1.0,5.0,92.51,6.0,1.0,0.0,1.0,1.0,8.0,3.0,27.0,2.0,1.0,1.0,150.0,0.0,2.0,1.0,0
2234500,347.84600000000023,4.161600000000003,1.0,4.0,68.02,6.0,2.0,1.0,1.0,1.0,6.0,3.0,24.0,1.0,1.0,0.0,128.0,0.0,1.0,1.0,0
1256544,435.50500000000017,4.136300000000003,0.0,6.0,85.53000000000002,8.0,4.0,3.0,1.0,0.0,8.0,4.0,31.0,0.0,0.0,0.0,158.0,0.0,1.0,0.0,0
657791,352.28400000000005,2.805400000000001,2.0,4.0,76.66,6.0,1.0,1.0,0.0,0.0,10.0,1.0,24.0,0.0,0.0,0.0,134.0,0.0,0.0,2.0,0
2345982,265.313,1.91792,0.0,5.0,67.93,4.0,1.0,0.0,1.0,1.0,6.0,2.0,19.0,1.0,0.0,1.0,104.0,0.0,2.0,0.0,0
659056,327.34000000000003,1.6578,1.0,7.0,86.47000000000001,6.0,3.0,2.0,1.0,0.0,7.0,3.0,24.0,0.0,0.0,0.0,124.0,0.0,1.0,0.0,0
648419,324.40900000000005,2.9956000000000005,2.0,4.0,70.67,5.0,3.0,1.0,2.0,1.0,6.0,4.0,23.0,1.0,1.0,0.0,116.0,0.0,2.0,1.0,0
774534,243.262,2.857000000000001,2.0,4.0,62.05,3.0,2.0,2.0,0.0,0.0,4.0,2.0,18.0,0.0,0.0,0.0,92.0,0.0,0.0,0.0,0
135446749,325.412,2.599100000000001,3.0,4.0,78.01,4.0,2.0,1.0,1.0,1.0,5.0,4.0,24.0,2.0,2.0,0.0,126.0,1.0,1.0,0.0,0
2999550,337.40400000000005,3.602380000000002,0.0,6.0,86.77,5.0,2.0,1.0,1.0,0.0,6.0,2.0,24.0,0.0,0.0,0.0,120.0,0.0,1.0,0.0,0
2299882,279.37999999999994,2.5765,0.0,4.0,30.930000000000003,8.0,1.0,1.0,0.0,1.0,4.0,2.0,20.0,1.0,0.0,1.0,112.0,0.0,1.0,0.0,0
666074,376.4120000000001,4.191900000000003,0.0,6.0,78.24000000000001,3.0,4.0,1.0,3.0,1.0,6.0,5.0,28.0,1.0,1.0,0.0,142.0,0.0,3.0,0.0,0
2231557,490.52000000000015,4.827900000000003,0.0,10.0,100.98000000000002,8.0,5.0,2.0,3.0,0.0,11.0,5.0,35.0,0.0,0.0,0.0,176.0,0.0,3.0,0.0,1
3240182,497.59900000000033,3.932060000000003,0.0,7.0,72.2,5.0,4.0,2.0,2.0,1.0,8.0,6.0,37.0,2.0,0.0,2.0,190.0,0.0,4.0,1.0,0
647739,348.432,2.3333000000000004,2.0,7.0,101.8,7.0,2.0,1.0,1.0,0.0,9.0,2.0,24.0,0.0,0.0,0.0,128.0,0.0,1.0,2.0,0
3242146,392.4330000000001,2.890900000000001,1.0,6.0,103.26,6.0,3.0,2.0,1.0,0.0,9.0,3.0,26.0,0.0,0.0,0.0,134.0,0.0,1.0,1.0,0
658449,250.254,0.8494999999999997,3.0,3.0,95.5,5.0,1.0,1.0,0.0,0.0,6.0,1.0,18.0,0.0,0.0,0.0,96.0,0.0,0.0,2.0,0
649234,369.425,0.3141999999999998,0.0,8.0,74.28999999999999,4.0,3.0,1.0,2.0,1.0,8.0,4.0,27.0,1.0,0.0,1.0,142.0,0.0,3.0,0.0,0
5309108,391.5120000000002,1.596,1.0,7.0,78.95,8.0,1.0,1.0,0.0,2.0,7.0,3.0,28.0,2.0,0.0,2.0,156.0,0.0,2.0,0.0,0
802603,282.097,2.3928200000000004,1.0,4.0,68.02000000000001,2.0,2.0,1.0,1.0,0.0,6.0,2.0,16.0,0.0,0.0,0.0,82.0,0.0,1.0,1.0,0
2565152,491.6240000000002,3.0932000000000013,1.0,11.0,133.03000000000003,9.0,4.0,1.0,3.0,0.0,13.0,4.0,32.0,0.0,0.0,0.0,168.0,0.0,3.0,0.0,0
2866426,271.36,2.7856000000000014,1.0,3.0,38.33,4.0,1.0,1.0,0.0,1.0,3.0,3.0,20.0,2.0,1.0,1.0,106.0,0.0,1.0,0.0,0
1295907,371.2310000000001,2.1286,0.0,4.0,59.08,4.0,1.0,1.0,0.0,1.0,7.0,2.0,22.0,1.0,0.0,1.0,120.0,0.0,1.0,2.0,0
650815,274.3639999999999,3.144480000000001,0.0,4.0,45.49,4.0,1.0,1.0,0.0,1.0,4.0,2.0,20.0,1.0,0.0,1.0,108.0,0.0,1.0,0.0,0
645328,315.3690000000001,3.085820000000002,1.0,4.0,68.53999999999999,6.0,2.0,1.0,1.0,0.0,5.0,2.0,23.0,0.0,0.0,0.0,122.0,0.0,1.0,1.0,0
5308942,463.9430000000002,3.025100000000001,2.0,5.0,104.81,5.0,2.0,2.0,0.0,1.0,10.0,4.0,31.0,2.0,0.0,2.0,164.0,0.0,2.0,2.0,0
653773,396.4720000000001,3.517720000000001,1.0,7.0,86.10999999999999,7.0,3.0,2.0,1.0,0.0,8.0,3.0,28.0,0.0,0.0,0.0,144.0,0.0,1.0,1.0,0
663851,277.368,2.8577200000000005,2.0,3.0,70.65,6.0,2.0,0.0,2.0,0.0,5.0,2.0,20.0,0.0,0.0,0.0,110.0,0.0,2.0,0.0,0
3245535,480.6240000000002,4.843500000000004,0.0,5.0,49.85,4.0,1.0,1.0,0.0,1.0,6.0,5.0,35.0,4.0,2.0,2.0,188.0,0.0,2.0,0.0,0
666099,386.5030000000002,3.837780000000003,0.0,6.0,49.56,2.0,4.0,1.0,3.0,1.0,6.0,5.0,29.0,1.0,0.0,1.0,148.0,0.0,4.0,0.0,0
663607,390.299,4.8926000000000025,0.0,6.0,46.32000000000001,3.0,4.0,2.0,2.0,0.0,8.0,4.0,25.0,0.0,0.0,0.0,126.0,0.0,2.0,0.0,0
7017,170.211,3.059200000000001,1.0,1.0,20.23,1.0,2.0,2.0,0.0,0.0,1.0,2.0,13.0,0.0,0.0,0.0,64.0,0.0,0.0,0.0,0
2204130,324.3800000000002,2.712600000000001,1.0,4.0,58.64,4.0,2.0,2.0,0.0,1.0,5.0,3.0,24.0,1.0,0.0,1.0,124.0,0.0,1.0,1.0,0
1521281,351.1560000000001,3.7763000000000018,0.0,6.0,70.52000000000001,4.0,3.0,1.0,2.0,0.0,7.0,3.0,21.0,0.0,0.0,0.0,108.0,0.0,2.0,0.0,0
3245724,364.4740000000001,3.0707000000000013,0.0,5.0,49.330000000000005,4.0,3.0,2.0,1.0,1.0,6.0,4.0,26.0,1.0,0.0,1.0,132.0,0.0,2.0,1.0,0
135449253,302.38,2.959600000000001,1.0,5.0,62.82,4.0,3.0,1.0,2.0,0.0,6.0,3.0,20.0,0.0,0.0,0.0,100.0,0.0,2.0,0.0,0
658273,194.32199999999995,1.4903999999999995,2.0,2.0,52.04,2.0,0.0,0.0,0.0,4.0,2.0,4.0,14.0,4.0,4.0,0.0,80.0,0.0,0.0,0.0,0
54695562,464.5660000000004,3.525100000000002,2.0,7.0,106.22,7.0,3.0,1.0,2.0,0.0,8.0,4.0,34.0,1.0,1.0,0.0,180.0,0.0,2.0,1.0,0
5310793,246.288,0.1051999999999998,3.0,5.0,95.18,6.0,1.0,0.0,1.0,0.0,7.0,1.0,16.0,0.0,0.0,0.0,90.0,0.0,1.0,0.0,0
5308528,365.4070000000002,1.7345,0.0,6.0,86.05000000000001,5.0,2.0,1.0,1.0,1.0,8.0,3.0,25.0,1.0,0.0,1.0,134.0,0.0,2.0,1.0,0
934649,320.345,2.729420000000001,0.0,5.0,61.190000000000005,3.0,3.0,2.0,1.0,0.0,7.0,3.0,22.0,0.0,0.0,0.0,114.0,0.0,1.0,0.0,0
3236728,349.41600000000005,0.5217999999999996,2.0,5.0,108.05,5.0,2.0,0.0,2.0,1.0,9.0,3.0,24.0,1.0,0.0,1.0,128.0,0.0,3.0,1.0,0
649247,410.4780000000002,1.4236200000000003,1.0,8.0,98.16,5.0,3.0,1.0,2.0,2.0,9.0,5.0,30.0,2.0,0.0,2.0,158.0,0.0,4.0,0.0,0
1092651,353.3860000000001,2.337,2.0,8.0,108.92,7.0,3.0,1.0,2.0,0.0,9.0,3.0,26.0,0.0,0.0,0.0,134.0,0.0,2.0,0.0,0
3233826,330.47200000000004,4.019400000000004,0.0,3.0,32.78,3.0,1.0,1.0,0.0,2.0,4.0,3.0,24.0,2.0,0.0,2.0,132.0,1.0,2.0,1.0,0
3735201,350.48400000000026,2.4899000000000013,0.0,3.0,57.690000000000005,3.0,1.0,1.0,0.0,2.0,6.0,3.0,24.0,2.0,0.0,2.0,132.0,0.0,2.0,1.0,0
5390047,396.4470000000003,0.6150999999999995,3.0,5.0,121.6,3.0,1.0,1.0,0.0,3.0,8.0,5.0,29.0,4.0,1.0,3.0,152.0,1.0,3.0,4.0,0
1116232,382.20700000000016,1.3791999999999995,1.0,7.0,90.92,3.0,3.0,1.0,2.0,0.0,10.0,3.0,25.0,0.0,0.0,0.0,130.0,0.0,2.0,1.0,0
73504987,556.1110000000003,3.1179000000000023,3.0,7.0,111.72,6.0,2.0,1.0,1.0,2.0,11.0,5.0,39.0,3.0,0.0,3.0,210.0,0.0,4.0,3.0,1
2432512,497.5730000000003,2.9220200000000016,1.0,7.0,114.89999999999998,7.0,3.0,2.0,1.0,1.0,10.0,4.0,35.0,1.0,0.0,1.0,184.0,0.0,2.0,1.0,0
5459546,501.5830000000002,4.734500000000004,2.0,6.0,106.62,10.0,3.0,2.0,1.0,0.0,8.0,3.0,37.0,0.0,0.0,0.0,192.0,0.0,1.0,2.0,0
661495,382.416,2.4274000000000004,2.0,6.0,107.72,4.0,1.0,1.0,0.0,0.0,7.0,4.0,28.0,3.0,1.0,2.0,146.0,1.0,2.0,1.0,0
646892,327.189,1.7577999999999996,1.0,6.0,77.52,6.0,1.0,0.0,1.0,0.0,9.0,1.0,19.0,0.0,0.0,0.0,106.0,0.0,1.0,1.0,0
648727,430.45700000000016,2.4835000000000003,1.0,6.0,84.94000000000001,6.0,2.0,2.0,0.0,1.0,9.0,4.0,30.0,2.0,0.0,2.0,156.0,0.0,2.0,2.0,0
2873894,415.51800000000026,5.214920000000004,0.0,5.0,51.27,5.0,4.0,2.0,2.0,1.0,6.0,5.0,30.0,1.0,0.0,1.0,150.0,0.0,3.0,1.0,0
651913,294.439,3.005000000000001,1.0,2.0,49.41,5.0,0.0,0.0,0.0,2.0,4.0,2.0,21.0,2.0,2.0,0.0,120.0,0.0,0.0,2.0,0
663597,400.5290000000001,4.107100000000003,1.0,7.0,90.87,5.0,4.0,1.0,3.0,0.0,8.0,4.0,27.0,0.0,0.0,0.0,140.0,0.0,3.0,0.0,0
2997508,351.3660000000001,1.6936199999999997,1.0,7.0,91.16,5.0,3.0,2.0,1.0,0.0,8.0,4.0,26.0,1.0,0.0,1.0,132.0,0.0,2.0,1.0,0
11972251,412.4860000000001,2.2596,2.0,6.0,80.26,4.0,1.0,1.0,0.0,3.0,7.0,6.0,30.0,5.0,1.0,4.0,160.0,1.0,4.0,0.0,0
672470,265.268,3.4379000000000017,0.0,4.0,52.330000000000005,2.0,3.0,2.0,1.0,0.0,4.0,4.0,20.0,1.0,1.0,0.0,98.0,0.0,1.0,0.0,0
16758060,342.297,-5.397199999999993,8.0,11.0,189.53,4.0,0.0,0.0,0.0,2.0,11.0,2.0,23.0,2.0,0.0,2.0,136.0,0.0,2.0,0.0,0
54683810,324.3360000000001,2.1763000000000003,2.0,5.0,84.47,3.0,3.0,1.0,2.0,0.0,6.0,4.0,24.0,1.0,0.0,1.0,122.0,0.0,3.0,1.0,0
1639,84.082,-0.6131000000000002,2.0,3.0,67.59,0.0,1.0,0.0,1.0,0.0,4.0,1.0,6.0,0.0,0.0,0.0,32.0,0.0,1.0,0.0,0
3236599,425.5330000000003,3.384800000000001,0.0,8.0,72.84,5.0,2.0,1.0,1.0,3.0,8.0,5.0,31.0,3.0,1.0,2.0,166.0,0.0,3.0,0.0,0
6603959,314.46900000000005,4.723500000000005,0.0,2.0,34.14,1.0,0.0,0.0,0.0,3.0,2.0,4.0,23.0,4.0,4.0,0.0,126.0,0.0,0.0,0.0,0
3244266,318.41700000000003,2.4910000000000005,1.0,3.0,58.64,6.0,1.0,1.0,0.0,1.0,5.0,2.0,23.0,1.0,0.0,1.0,126.0,0.0,1.0,2.0,0
2737879,294.354,3.137480000000001,1.0,4.0,76.11,1.0,1.0,1.0,0.0,0.0,4.0,3.0,22.0,2.0,1.0,1.0,112.0,0.0,1.0,0.0,0
2084325,382.46000000000026,3.2542000000000018,1.0,5.0,60.03,5.0,2.0,2.0,0.0,1.0,6.0,4.0,28.0,2.0,0.0,2.0,148.0,0.0,2.0,1.0,0
789846,257.31499999999994,1.3823,1.0,6.0,81.18,6.0,1.0,0.0,1.0,0.0,7.0,1.0,17.0,0.0,0.0,0.0,94.0,0.0,1.0,1.0,0
665644,415.4490000000001,5.063200000000005,1.0,6.0,86.48,7.0,4.0,3.0,1.0,0.0,7.0,4.0,31.0,0.0,0.0,0.0,156.0,0.0,1.0,1.0,0
5307367,411.5020000000002,1.3842999999999996,0.0,7.0,70.16,6.0,2.0,2.0,0.0,2.0,7.0,4.0,30.0,2.0,0.0,2.0,160.0,0.0,2.0,0.0,0
656374,206.27,1.687,0.0,3.0,34.36,0.0,2.0,1.0,1.0,0.0,4.0,2.0,14.0,0.0,0.0,0.0,72.0,0.0,1.0,1.0,0
3242390,455.5150000000005,1.752199999999999,1.0,7.0,113.84,4.0,2.0,1.0,1.0,1.0,10.0,4.0,33.0,2.0,0.0,2.0,176.0,0.0,3.0,3.0,0
135450220,335.307,2.6633000000000013,2.0,7.0,83.81,4.0,1.0,0.0,1.0,0.0,10.0,2.0,22.0,1.0,0.0,1.0,120.0,0.0,2.0,0.0,0
3235616,343.3790000000001,2.578500000000001,2.0,4.0,84.86,8.0,2.0,2.0,0.0,0.0,6.0,2.0,25.0,0.0,0.0,0.0,132.0,0.0,0.0,1.0,0
5459602,579.6530000000002,6.202700000000005,2.0,7.0,115.85,11.0,4.0,3.0,1.0,0.0,9.0,4.0,43.0,0.0,0.0,0.0,220.0,0.0,1.0,2.0,0
3241882,450.9510000000002,5.796640000000003,1.0,6.0,72.95,4.0,4.0,2.0,2.0,0.0,8.0,5.0,31.0,1.0,0.0,1.0,156.0,0.0,3.0,1.0,0
2208758,406.52900000000017,3.210500000000001,1.0,5.0,75.71,7.0,2.0,2.0,0.0,1.0,8.0,3.0,27.0,1.0,0.0,1.0,144.0,0.0,1.0,1.0,0
16759018,365.54200000000014,5.8487200000000055,0.0,1.0,29.43,8.0,2.0,2.0,0.0,0.0,3.0,2.0,26.0,0.0,0.0,0.0,136.0,0.0,0.0,0.0,0
2268672,284.3150000000001,2.6930000000000005,0.0,5.0,57.26,5.0,3.0,1.0,2.0,0.0,5.0,3.0,21.0,0.0,0.0,0.0,108.0,0.0,2.0,0.0,0
3239186,429.4980000000002,1.8065,1.0,6.0,88.18,4.0,2.0,2.0,0.0,1.0,9.0,5.0,30.0,3.0,0.0,3.0,158.0,0.0,3.0,1.0,0
3239621,250.685,2.566420000000001,1.0,3.0,55.13,3.0,2.0,1.0,1.0,0.0,5.0,2.0,17.0,0.0,0.0,0.0,88.0,0.0,1.0,1.0,0
3234447,390.4180000000001,3.1677000000000017,0.0,6.0,69.9,6.0,4.0,2.0,2.0,0.0,7.0,4.0,29.0,0.0,0.0,0.0,146.0,0.0,2.0,0.0,0
2984678,399.42200000000014,2.9465200000000005,1.0,4.0,78.95,7.0,2.0,2.0,0.0,1.0,8.0,3.0,29.0,1.0,0.0,1.0,152.0,0.0,1.0,4.0,0
2937784,496.5890000000003,3.929300000000003,1.0,8.0,102.76,7.0,3.0,2.0,1.0,1.0,10.0,4.0,35.0,1.0,0.0,1.0,184.0,0.0,2.0,2.0,0
659886,417.5340000000003,5.385280000000004,1.0,5.0,78.92,6.0,3.0,1.0,2.0,0.0,6.0,4.0,30.0,1.0,1.0,0.0,152.0,0.0,2.0,1.0,0
802857,333.2070000000001,1.8804,0.0,4.0,58.970000000000006,3.0,1.0,1.0,0.0,0.0,7.0,2.0,18.0,1.0,0.0,1.0,98.0,0.0,1.0,0.0,0
3238106,291.782,2.970600000000002,1.0,3.0,46.92,5.0,2.0,1.0,1.0,0.0,5.0,2.0,20.0,0.0,0.0,0.0,106.0,0.0,1.0,1.0,0
647495,213.284,2.26644,1.0,3.0,51.8,2.0,2.0,1.0,1.0,0.0,3.0,2.0,16.0,0.0,0.0,0.0,82.0,0.0,1.0,0.0,0
128018,375.472,4.200700000000004,2.0,4.0,65.46000000000001,7.0,3.0,2.0,1.0,0.0,5.0,3.0,28.0,0.0,0.0,0.0,144.0,0.0,1.0,1.0,0
1262407,321.33600000000007,3.487620000000001,2.0,4.0,84.23,4.0,3.0,1.0,2.0,0.0,6.0,3.0,24.0,0.0,0.0,0.0,120.0,0.0,2.0,2.0,0
654345,486.61900000000026,3.8370000000000033,0.0,7.0,96.61,8.0,3.0,2.0,1.0,0.0,10.0,4.0,33.0,1.0,0.0,1.0,174.0,0.0,2.0,1.0,0
644929,316.7480000000001,2.42768,2.0,5.0,96.95,3.0,2.0,1.0,1.0,0.0,7.0,3.0,22.0,1.0,0.0,1.0,112.0,0.0,2.0,0.0,0
948801,285.73400000000004,3.479000000000002,1.0,3.0,46.92,2.0,3.0,2.0,1.0,0.0,5.0,3.0,20.0,0.0,0.0,0.0,100.0,0.0,1.0,1.0,0
234474,271.301,3.948100000000001,1.0,5.0,68.06,3.0,3.0,2.0,1.0,0.0,6.0,3.0,19.0,0.0,0.0,0.0,94.0,0.0,1.0,0.0,0
3242832,327.1670000000001,3.6579000000000015,1.0,4.0,60.45,4.0,2.0,1.0,1.0,0.0,7.0,2.0,21.0,0.0,0.0,0.0,110.0,0.0,1.0,1.0,0
852261,264.30999999999995,1.4503999999999997,2.0,6.0,86.05000000000001,3.0,2.0,1.0,1.0,0.0,7.0,3.0,18.0,1.0,0.0,1.0,94.0,0.0,2.0,0.0,0
5307864,412.8930000000003,1.5552,1.0,4.0,65.12,8.0,1.0,1.0,0.0,2.0,9.0,3.0,28.0,2.0,0.0,2.0,154.0,0.0,2.0,3.0,0
3243179,330.36500000000007,2.4957000000000016,3.0,7.0,95.59,5.0,3.0,0.0,3.0,0.0,7.0,3.0,23.0,0.0,0.0,0.0,118.0,0.0,3.0,0.0,0
2997727,427.55100000000016,3.992000000000002,1.0,5.0,79.37,5.0,3.0,2.0,1.0,1.0,8.0,4.0,29.0,1.0,0.0,1.0,150.0,0.0,2.0,1.0,0
657968,268.341,3.103540000000001,0.0,4.0,34.89,0.0,3.0,1.0,2.0,0.0,4.0,4.0,19.0,1.0,0.0,1.0,94.0,0.0,3.0,0.0,0
3240846,263.249,1.5240999999999998,2.0,6.0,84.86,2.0,1.0,1.0,0.0,1.0,6.0,2.0,19.0,1.0,0.0,1.0,100.0,0.0,1.0,0.0,0
2113511,324.38,2.484940000000001,0.0,4.0,59.38,5.0,2.0,1.0,1.0,1.0,5.0,3.0,24.0,1.0,0.0,1.0,124.0,0.0,2.0,2.0,0
12492,345.8520000000001,1.8951,2.0,4.0,92.5,3.0,1.0,1.0,0.0,1.0,8.0,2.0,22.0,1.0,0.0,1.0,122.0,0.0,1.0,1.0,0
646174,318.34500000000014,1.5749,1.0,3.0,66.48,3.0,1.0,1.0,0.0,1.0,8.0,2.0,21.0,1.0,0.0,1.0,116.0,0.0,1.0,1.0,0
118381008,290.327,0.9358999999999996,3.0,5.0,95.17,5.0,2.0,0.0,2.0,1.0,8.0,3.0,21.0,1.0,0.0,1.0,112.0,0.0,3.0,2.0,1
3238403,444.55700000000047,2.65479,1.0,7.0,79.8,4.0,2.0,1.0,1.0,2.0,9.0,5.0,31.0,3.0,1.0,2.0,166.0,0.0,3.0,1.0,0
3243689,307.43800000000016,1.379599999999999,1.0,3.0,52.650000000000006,5.0,0.0,0.0,0.0,3.0,5.0,3.0,22.0,3.0,1.0,2.0,124.0,0.0,2.0,2.0,0
11949012,516.5950000000004,2.9232000000000014,0.0,8.0,118.05,8.0,0.0,0.0,0.0,2.0,11.0,4.0,37.0,4.0,1.0,3.0,202.0,0.0,3.0,4.0,0
657604,407.47000000000014,1.3423000000000012,1.0,5.0,78.95000000000002,7.0,2.0,2.0,0.0,1.0,7.0,4.0,30.0,2.0,0.0,2.0,156.0,0.0,2.0,3.0,0
3242989,434.4920000000001,2.9834000000000014,0.0,6.0,72.22,5.0,3.0,2.0,1.0,1.0,7.0,5.0,32.0,2.0,0.0,2.0,166.0,0.0,3.0,1.0,0
3234080,377.4480000000001,2.5466,2.0,5.0,87.22,6.0,3.0,2.0,1.0,0.0,7.0,3.0,28.0,0.0,0.0,0.0,144.0,0.0,1.0,2.0,0
135403619,216.222,-0.8890000000000002,4.0,6.0,135.09,3.0,1.0,0.0,1.0,0.0,8.0,1.0,14.0,0.0,0.0,0.0,76.0,0.0,1.0,0.0,0
935078,327.41000000000014,0.7935999999999994,1.0,9.0,89.47,6.0,1.0,0.0,1.0,1.0,9.0,2.0,22.0,1.0,0.0,1.0,122.0,0.0,2.0,0.0,0
2948020,339.3740000000001,3.1543,2.0,6.0,77.99000000000001,3.0,3.0,2.0,1.0,0.0,7.0,4.0,25.0,1.0,0.0,1.0,128.0,0.0,2.0,0.0,0
901224,341.40000000000003,2.2883000000000004,2.0,9.0,111.73,6.0,3.0,1.0,2.0,0.0,9.0,3.0,24.0,0.0,0.0,0.0,122.0,0.0,2.0,0.0,0
3241453,443.52500000000026,2.891700000000001,2.0,5.0,108.57,8.0,3.0,2.0,1.0,0.0,9.0,3.0,31.0,0.0,0.0,0.0,164.0,0.0,1.0,1.0,0
2997848,456.5910000000004,1.278320000000002,1.0,9.0,83.69999999999999,10.0,2.0,0.0,2.0,2.0,9.0,4.0,33.0,2.0,0.0,2.0,180.0,0.0,4.0,0.0,0
2787705,352.34600000000006,2.0964,1.0,5.0,92.78,4.0,2.0,2.0,0.0,0.0,7.0,3.0,26.0,1.0,0.0,1.0,132.0,0.0,1.0,3.0,0
135449199,325.3610000000001,1.9124,2.0,6.0,113.26000000000002,6.0,0.0,0.0,0.0,0.0,7.0,1.0,23.0,1.0,1.0,0.0,128.0,0.0,0.0,0.0,0
3233796,374.40000000000015,2.9190000000000014,0.0,7.0,79.13000000000001,5.0,4.0,2.0,2.0,0.0,7.0,4.0,28.0,0.0,0.0,0.0,140.0,0.0,2.0,0.0,0
665398,433.4680000000002,1.5898,2.0,8.0,111.15,7.0,4.0,2.0,2.0,0.0,9.0,4.0,32.0,0.0,0.0,0.0,164.0,0.0,2.0,0.0,0
1302330,374.4000000000001,3.391720000000001,1.0,6.0,82.06,4.0,4.0,2.0,2.0,0.0,7.0,4.0,28.0,0.0,0.0,0.0,140.0,0.0,2.0,1.0,0
664322,296.71000000000004,2.07952,1.0,5.0,87.58000000000001,6.0,2.0,1.0,1.0,0.0,7.0,2.0,20.0,0.0,0.0,0.0,106.0,0.0,1.0,1.0,0
2351104,403.4100000000003,1.043199999999999,1.0,8.0,113.39,5.0,2.0,1.0,1.0,1.0,9.0,3.0,29.0,1.0,1.0,0.0,154.0,0.0,1.0,0.0,0
656037,233.29600000000005,2.08812,1.0,4.0,58.64,4.0,2.0,1.0,1.0,0.0,5.0,2.0,16.0,0.0,0.0,0.0,82.0,0.0,1.0,0.0,0
135415545,305.33700000000005,3.3694000000000024,1.0,4.0,63.03,4.0,3.0,1.0,2.0,0.0,5.0,4.0,23.0,1.0,0.0,1.0,114.0,0.0,3.0,0.0,0
644610,424.4820000000002,3.499900000000002,1.0,8.0,95.32,10.0,4.0,1.0,3.0,0.0,9.0,4.0,30.0,0.0,0.0,0.0,154.0,0.0,3.0,1.0,0
666952,275.377,2.877600000000001,1.0,4.0,46.92,2.0,2.0,1.0,1.0,0.0,5.0,3.0,19.0,1.0,0.0,1.0,100.0,0.0,2.0,1.0,0
3245070,444.4590000000001,2.4327,1.0,6.0,94.17,7.0,2.0,2.0,0.0,0.0,9.0,3.0,32.0,1.0,0.0,1.0,170.0,0.0,1.0,2.0,0
653302,481.3460000000001,5.124900000000004,1.0,4.0,75.54,7.0,4.0,2.0,2.0,0.0,7.0,4.0,31.0,0.0,0.0,0.0,158.0,0.0,2.0,1.0,0
3241011,311.8380000000001,3.054290000000001,1.0,4.0,41.03,5.0,2.0,1.0,1.0,0.0,6.0,2.0,20.0,0.0,0.0,0.0,108.0,0.0,1.0,0.0,0
651611,388.51600000000025,1.6796999999999993,1.0,7.0,79.15999999999998,4.0,2.0,0.0,2.0,2.0,8.0,4.0,28.0,2.0,0.0,2.0,154.0,0.0,4.0,0.0,0
5309499,299.3740000000001,2.0869,1.0,4.0,56.15,5.0,2.0,1.0,1.0,0.0,5.0,3.0,22.0,1.0,1.0,0.0,116.0,0.0,1.0,1.0,0
653602,346.43300000000005,2.849800000000001,1.0,5.0,76.13,5.0,3.0,2.0,1.0,0.0,7.0,3.0,23.0,0.0,0.0,0.0,118.0,0.0,1.0,1.0,1
2905319,353.4180000000001,3.894200000000003,0.0,4.0,55.84,5.0,2.0,2.0,0.0,1.0,5.0,3.0,26.0,1.0,0.0,1.0,136.0,0.0,1.0,1.0,0
649804,333.4320000000002,3.3308000000000018,0.0,4.0,38.13,4.0,2.0,1.0,1.0,1.0,6.0,3.0,23.0,1.0,0.0,1.0,122.0,0.0,2.0,1.0,0
3239053,364.43000000000006,4.208620000000003,1.0,6.0,72.95,5.0,4.0,1.0,3.0,0.0,7.0,4.0,26.0,0.0,0.0,0.0,130.0,0.0,3.0,1.0,0
656341,458.5150000000002,2.03432,2.0,7.0,123.0,11.0,2.0,1.0,1.0,1.0,10.0,3.0,33.0,1.0,0.0,1.0,178.0,0.0,2.0,3.0,0
3238409,436.51200000000034,1.9624,2.0,6.0,96.43,8.0,3.0,2.0,1.0,1.0,8.0,4.0,32.0,1.0,0.0,1.0,168.0,0.0,2.0,1.0,0
646271,490.5890000000003,3.9729600000000014,1.0,8.0,106.15,8.0,4.0,1.0,3.0,1.0,10.0,5.0,35.0,1.0,1.0,0.0,180.0,0.0,3.0,2.0,0
665148,345.4680000000002,3.7504000000000026,0.0,6.0,57.01,8.0,2.0,1.0,1.0,0.0,6.0,2.0,24.0,0.0,0.0,0.0,128.0,0.0,1.0,0.0,0
798505,328.2940000000001,2.715820000000001,1.0,5.0,72.95,3.0,2.0,0.0,2.0,0.0,9.0,3.0,23.0,1.0,1.0,0.0,124.0,0.0,2.0,1.0,0
661794,232.31200000000004,2.50902,2.0,5.0,41.88,2.0,2.0,1.0,1.0,0.0,5.0,3.0,16.0,1.0,0.0,1.0,82.0,0.0,2.0,0.0,0
5308059,408.5680000000003,2.4443399999999995,1.0,5.0,84.30000000000001,6.0,1.0,0.0,1.0,1.0,8.0,3.0,28.0,2.0,1.0,1.0,156.0,0.0,2.0,1.0,0
675083,244.172,2.1397000000000004,1.0,3.0,55.12,2.0,2.0,1.0,1.0,0.0,7.0,2.0,17.0,0.0,0.0,0.0,90.0,0.0,1.0,0.0,0
22571,361.485,5.771680000000005,0.0,3.0,50.09,9.0,2.0,2.0,0.0,0.0,3.0,2.0,27.0,0.0,0.0,0.0,140.0,0.0,0.0,0.0,0
16758502,552.6790000000002,4.841200000000005,1.0,9.0,97.89,9.0,4.0,2.0,2.0,1.0,9.0,6.0,41.0,2.0,0.0,2.0,212.0,0.0,4.0,0.0,0
118380794,354.37000000000006,3.018900000000001,4.0,5.0,121.03,4.0,3.0,1.0,2.0,0.0,9.0,3.0,26.0,0.0,0.0,0.0,134.0,0.0,2.0,3.0,1
762675,258.306,1.7086199999999996,1.0,6.0,73.28,1.0,3.0,1.0,2.0,0.0,6.0,3.0,18.0,0.0,0.0,0.0,90.0,0.0,2.0,0.0,0
711717,220.18,1.4998,1.0,4.0,76.74,2.0,2.0,1.0,1.0,0.0,5.0,2.0,16.0,0.0,0.0,0.0,82.0,0.0,1.0,0.0,0
2904610,335.4000000000001,2.048,0.0,5.0,65.07000000000001,6.0,1.0,1.0,0.0,1.0,6.0,2.0,24.0,1.0,0.0,1.0,132.0,0.0,1.0,1.0,0
54699177,353.33000000000004,3.517800000000003,1.0,6.0,110.65,5.0,3.0,2.0,1.0,0.0,7.0,3.0,26.0,0.0,0.0,0.0,132.0,0.0,1.0,0.0,0
5309683,439.56600000000014,3.587440000000002,1.0,8.0,81.81,6.0,4.0,2.0,2.0,0.0,9.0,4.0,30.0,0.0,0.0,0.0,154.0,0.0,2.0,1.0,0
3245486,378.5190000000002,2.635900000000001,1.0,4.0,66.48,5.0,2.0,1.0,1.0,0.0,7.0,3.0,25.0,1.0,0.0,1.0,134.0,0.0,2.0,1.0,0
1398804,356.42600000000004,2.4151,2.0,6.0,90.69,7.0,2.0,1.0,1.0,0.0,7.0,2.0,26.0,0.0,0.0,0.0,138.0,0.0,1.0,0.0,0
663591,366.41700000000014,3.024720000000001,1.0,4.0,71.63,6.0,3.0,2.0,1.0,0.0,6.0,3.0,27.0,0.0,0.0,0.0,140.0,0.0,1.0,1.0,0
1402124,227.267,2.1283,1.0,3.0,50.16,2.0,3.0,1.0,2.0,0.0,4.0,3.0,17.0,0.0,0.0,0.0,86.0,0.0,2.0,0.0,0
5680,312.82200000000006,2.510400000000001,2.0,3.0,72.19,6.0,2.0,2.0,0.0,0.0,6.0,2.0,20.0,0.0,0.0,0.0,108.0,0.0,0.0,0.0,0
470918,206.23,1.1854,1.0,5.0,67.77000000000001,2.0,2.0,0.0,2.0,0.0,6.0,2.0,14.0,0.0,0.0,0.0,70.0,0.0,2.0,1.0,0
5771830,347.91100000000006,5.6989000000000045,1.0,2.0,29.1,7.0,2.0,1.0,1.0,1.0,4.0,3.0,23.0,1.0,1.0,0.0,122.0,0.0,1.0,1.0,0
3235793,307.279,3.503540000000002,1.0,5.0,55.11,2.0,3.0,1.0,2.0,0.0,8.0,3.0,22.0,0.0,0.0,0.0,114.0,0.0,2.0,0.0,0
663691,325.41100000000006,2.1706000000000003,0.0,5.0,67.59,4.0,2.0,0.0,2.0,1.0,7.0,3.0,21.0,1.0,0.0,1.0,112.0,0.0,3.0,1.0,0
3237327,386.47300000000007,4.191320000000003,1.0,6.0,77.5,9.0,3.0,1.0,2.0,0.0,7.0,3.0,27.0,0.0,0.0,0.0,142.0,0.0,2.0,1.0,0
649692,371.368,3.189400000000001,2.0,4.0,79.9,3.0,2.0,2.0,0.0,1.0,8.0,4.0,27.0,2.0,0.0,2.0,140.0,0.0,2.0,3.0,0
531888,249.31,2.8325000000000014,1.0,3.0,47.56,4.0,1.0,1.0,0.0,1.0,4.0,2.0,18.0,1.0,1.0,0.0,98.0,0.0,0.0,1.0,0
6603917,207.317,2.665540000000001,1.0,2.0,35.25,4.0,1.0,1.0,0.0,0.0,2.0,1.0,15.0,0.0,0.0,0.0,84.0,0.0,0.0,0.0,0
6917575,412.52900000000005,5.425500000000005,1.0,3.0,46.53,8.0,3.0,3.0,0.0,0.0,3.0,4.0,31.0,1.0,1.0,0.0,158.0,0.0,0.0,0.0,0
646150,424.5740000000003,3.7699000000000025,0.0,8.0,59.31,6.0,3.0,1.0,2.0,2.0,8.0,5.0,30.0,2.0,1.0,1.0,158.0,0.0,3.0,0.0,0
713214,247.254,1.5018999999999998,1.0,5.0,73.22,2.0,2.0,1.0,1.0,0.0,6.0,2.0,18.0,0.0,0.0,0.0,94.0,0.0,1.0,1.0,0
55660,268.316,3.6479000000000026,0.0,4.0,48.03,1.0,3.0,1.0,2.0,1.0,4.0,4.0,20.0,1.0,1.0,0.0,102.0,0.0,2.0,0.0,0
646540,392.4590000000002,2.7874000000000017,2.0,5.0,79.48,5.0,3.0,2.0,1.0,1.0,7.0,5.0,29.0,2.0,0.0,2.0,150.0,0.0,3.0,1.0,0
662292,302.21200000000005,0.2515999999999992,2.0,4.0,91.4,2.0,1.0,0.0,1.0,1.0,10.0,2.0,21.0,1.0,0.0,1.0,112.0,0.0,2.0,4.0,0
2872342,378.3540000000001,4.022700000000003,0.0,5.0,63.64,2.0,3.0,0.0,3.0,1.0,9.0,4.0,27.0,1.0,0.0,1.0,142.0,0.0,4.0,1.0,0
11949116,357.372,2.9823000000000013,1.0,4.0,49.77,3.0,1.0,1.0,0.0,2.0,7.0,3.0,25.0,2.0,1.0,1.0,138.0,0.0,1.0,0.0,0
739288,185.226,2.0523,0.0,2.0,22.0,1.0,2.0,1.0,1.0,0.0,2.0,2.0,14.0,0.0,0.0,0.0,70.0,0.0,1.0,0.0,0
16757935,468.5460000000003,4.364000000000004,0.0,7.0,99.88,3.0,1.0,0.0,1.0,3.0,7.0,5.0,34.0,4.0,3.0,1.0,182.0,0.0,2.0,0.0,0
2245802,271.272,1.8327,1.0,5.0,82.53,0.0,2.0,1.0,1.0,0.0,5.0,3.0,20.0,1.0,0.0,1.0,102.0,0.0,2.0,0.0,0
3155626,303.325,2.0255,0.0,6.0,65.6,3.0,4.0,1.0,3.0,0.0,6.0,4.0,23.0,0.0,0.0,0.0,112.0,0.0,3.0,0.0,0
3613389,154.125,0.8825999999999998,2.0,4.0,89.39,1.0,1.0,1.0,0.0,0.0,5.0,1.0,11.0,0.0,0.0,0.0,58.0,0.0,0.0,0.0,0
2999017,484.55600000000027,4.285000000000004,0.0,7.0,77.02000000000001,6.0,4.0,2.0,2.0,1.0,8.0,5.0,36.0,1.0,0.0,1.0,184.0,0.0,3.0,1.0,0
655866,360.4980000000001,3.475100000000002,1.0,4.0,50.8,6.0,1.0,1.0,0.0,2.0,5.0,3.0,26.0,2.0,0.0,2.0,144.0,0.0,2.0,1.0,0
1306848,358.23500000000007,4.129320000000003,0.0,3.0,31.23,3.0,3.0,2.0,1.0,0.0,4.0,3.0,22.0,0.0,0.0,0.0,112.0,0.0,1.0,0.0,0
3240068,392.33000000000015,1.5223999999999998,3.0,6.0,106.12,5.0,1.0,1.0,0.0,1.0,11.0,2.0,27.0,1.0,0.0,1.0,150.0,0.0,1.0,2.0,0
1022785,391.21000000000015,4.937820000000002,1.0,5.0,73.59,3.0,3.0,2.0,1.0,0.0,8.0,4.0,26.0,1.0,0.0,1.0,132.0,0.0,2.0,1.0,0
31316,430.54400000000015,6.423740000000006,2.0,4.0,66.75999999999999,4.0,3.0,3.0,0.0,0.0,4.0,4.0,32.0,1.0,0.0,1.0,166.0,0.0,1.0,0.0,0
2999689,338.40700000000004,3.5283800000000025,2.0,5.0,82.35,2.0,1.0,1.0,0.0,0.0,5.0,3.0,25.0,2.0,1.0,1.0,130.0,0.0,1.0,0.0,0
261929,314.27900000000005,-2.4452,4.0,6.0,165.57999999999996,4.0,2.0,0.0,2.0,0.0,11.0,2.0,21.0,0.0,0.0,0.0,112.0,0.0,2.0,0.0,0
761901,284.40700000000004,2.778600000000001,1.0,4.0,33.09,4.0,2.0,1.0,1.0,1.0,4.0,4.0,21.0,2.0,1.0,1.0,112.0,0.0,2.0,0.0,0
3236652,295.32,1.3872,2.0,5.0,101.15,5.0,2.0,1.0,1.0,0.0,8.0,2.0,20.0,0.0,0.0,0.0,106.0,0.0,1.0,0.0,0
177120,169.07299999999998,-1.4240000000000002,4.0,3.0,120.85,3.0,0.0,0.0,0.0,0.0,7.0,0.0,10.0,0.0,0.0,0.0,60.0,0.0,0.0,0.0,0
5389733,232.28,0.2737000000000007,2.0,4.0,76.66000000000001,7.0,0.0,0.0,0.0,0.0,6.0,0.0,16.0,0.0,0.0,0.0,94.0,0.0,0.0,2.0,0
134490,118.13599999999998,-1.2528999999999997,3.0,3.0,89.34,3.0,0.0,0.0,0.0,0.0,4.0,0.0,8.0,0.0,0.0,0.0,48.0,0.0,0.0,0.0,0
713644,283.28700000000003,1.43634,0.0,5.0,72.27000000000001,2.0,2.0,1.0,1.0,0.0,6.0,3.0,21.0,1.0,0.0,1.0,106.0,0.0,2.0,2.0,0
2866963,318.37300000000005,2.6664000000000003,2.0,4.0,76.66,6.0,1.0,1.0,0.0,0.0,6.0,2.0,23.0,1.0,0.0,1.0,124.0,0.0,1.0,2.0,0
951628,348.4240000000001,2.7334000000000005,1.0,4.0,75.71000000000001,6.0,2.0,2.0,0.0,0.0,7.0,2.0,24.0,0.0,0.0,0.0,128.0,0.0,0.0,1.0,0
3242520,349.81800000000004,2.4471000000000007,1.0,5.0,67.60000000000001,6.0,2.0,1.0,1.0,1.0,7.0,3.0,24.0,1.0,0.0,1.0,128.0,0.0,2.0,1.0,0
3000187,348.49700000000007,2.5465100000000005,1.0,6.0,54.5,2.0,2.0,1.0,1.0,1.0,7.0,3.0,23.0,1.0,0.0,1.0,122.0,0.0,2.0,1.0,0
663995,325.41599999999994,3.017500000000002,2.0,5.0,66.07,5.0,3.0,1.0,2.0,1.0,6.0,4.0,24.0,1.0,0.0,1.0,126.0,0.0,3.0,0.0,0
645403,365.4140000000001,3.7824000000000018,1.0,6.0,81.00999999999999,6.0,4.0,2.0,2.0,0.0,7.0,4.0,26.0,0.0,0.0,0.0,130.0,0.0,2.0,0.0,0
646674,383.4330000000002,2.2234,1.0,8.0,91.16,6.0,3.0,2.0,1.0,0.0,9.0,4.0,27.0,1.0,0.0,1.0,138.0,0.0,2.0,1.0,0
715184,291.358,3.0721000000000016,1.0,5.0,47.67,3.0,4.0,2.0,2.0,0.0,5.0,4.0,22.0,0.0,0.0,0.0,110.0,0.0,2.0,0.0,0
662546,193.177,2.0156,1.0,2.0,42.23,1.0,2.0,1.0,1.0,0.0,4.0,2.0,14.0,0.0,0.0,0.0,72.0,0.0,1.0,0.0,0
651867,289.33500000000004,1.1193,2.0,6.0,80.72999999999999,4.0,2.0,1.0,1.0,1.0,6.0,3.0,21.0,1.0,0.0,1.0,112.0,0.0,2.0,0.0,0
3236490,396.4620000000001,3.6890000000000014,0.0,3.0,49.85,5.0,2.0,2.0,0.0,2.0,6.0,4.0,29.0,2.0,1.0,1.0,152.0,0.0,1.0,2.0,0
68261,186.214,1.3426999999999998,0.0,3.0,34.89,0.0,2.0,1.0,1.0,0.0,3.0,3.0,14.0,1.0,0.0,1.0,70.0,0.0,2.0,0.0,0
656377,448.52700000000016,2.7491200000000005,1.0,7.0,102.24,8.0,3.0,2.0,1.0,1.0,9.0,4.0,33.0,1.0,1.0,0.0,172.0,0.0,1.0,2.0,0
290223,196.27499999999995,1.3080000000000005,2.0,3.0,69.11,1.0,1.0,0.0,1.0,0.0,4.0,2.0,13.0,1.0,1.0,0.0,70.0,0.0,1.0,1.0,0
673366,227.267,2.291300000000001,1.0,3.0,54.88,3.0,2.0,1.0,1.0,0.0,4.0,2.0,17.0,0.0,0.0,0.0,86.0,0.0,1.0,1.0,0
774385,192.243,2.7076100000000007,1.0,3.0,41.82,1.0,2.0,1.0,1.0,0.0,4.0,2.0,13.0,0.0,0.0,0.0,66.0,0.0,1.0,0.0,0
3618799,287.36300000000006,1.4888999999999994,1.0,3.0,62.3,4.0,1.0,0.0,1.0,2.0,5.0,3.0,21.0,2.0,1.0,1.0,112.0,0.0,2.0,2.0,0
3236497,392.8460000000001,4.800520000000003,1.0,5.0,72.95,5.0,4.0,2.0,2.0,0.0,7.0,4.0,28.0,0.0,0.0,0.0,140.0,0.0,2.0,1.0,0
2201573,278.253,0.6592,2.0,9.0,132.95,3.0,3.0,0.0,3.0,0.0,10.0,3.0,19.0,0.0,0.0,0.0,96.0,0.0,3.0,0.0,0
648614,252.299,1.1354000000000002,1.0,6.0,86.94,5.0,2.0,0.0,2.0,0.0,7.0,2.0,17.0,0.0,0.0,0.0,90.0,0.0,2.0,1.0,0
4205526,347.4150000000001,2.4412000000000003,1.0,3.0,52.650000000000006,6.0,2.0,1.0,1.0,1.0,7.0,3.0,24.0,1.0,0.0,1.0,126.0,0.0,2.0,3.0,0
667019,378.4760000000003,4.545000000000004,2.0,6.0,79.52,1.0,2.0,1.0,1.0,1.0,6.0,5.0,28.0,3.0,2.0,1.0,146.0,1.0,2.0,0.0,0
3241424,463.5340000000003,4.410900000000003,1.0,7.0,89.99000000000001,7.0,3.0,2.0,1.0,1.0,8.0,4.0,34.0,1.0,0.0,1.0,178.0,0.0,2.0,1.0,0
3241858,308.38200000000006,-1.0162999999999975,0.0,5.0,64.17000000000002,3.0,0.0,0.0,0.0,3.0,7.0,3.0,22.0,3.0,0.0,3.0,122.0,0.0,3.0,3.0,0
3108852,259.30500000000006,1.9757,2.0,3.0,66.39999999999999,1.0,1.0,1.0,0.0,1.0,4.0,3.0,19.0,2.0,1.0,1.0,100.0,0.0,1.0,1.0,0
3233771,201.229,2.3109,1.0,4.0,50.95,3.0,2.0,0.0,2.0,1.0,4.0,3.0,15.0,1.0,1.0,0.0,76.0,0.0,2.0,0.0,0
652581,314.3850000000001,2.7155000000000014,1.0,5.0,62.66,4.0,2.0,1.0,1.0,1.0,5.0,3.0,23.0,1.0,0.0,1.0,122.0,0.0,2.0,0.0,0
2999761,398.4630000000002,3.0739600000000014,1.0,6.0,97.44,4.0,2.0,0.0,2.0,2.0,8.0,4.0,29.0,2.0,1.0,1.0,154.0,1.0,3.0,3.0,0
2938425,431.3340000000001,2.906340000000002,1.0,5.0,63.29,4.0,3.0,1.0,2.0,0.0,7.0,4.0,27.0,1.0,0.0,1.0,142.0,0.0,3.0,1.0,0
648028,410.54300000000006,4.375600000000004,1.0,6.0,72.95,8.0,3.0,1.0,2.0,1.0,7.0,4.0,29.0,1.0,1.0,0.0,152.0,0.0,2.0,1.0,0
2967964,222.317,2.24324,0.0,5.0,43.08,3.0,2.0,0.0,2.0,0.0,5.0,2.0,15.0,0.0,0.0,0.0,80.0,0.0,2.0,0.0,0
2979714,204.254,2.1465999999999994,1.0,4.0,38.05,0.0,2.0,1.0,1.0,0.0,4.0,3.0,14.0,1.0,0.0,1.0,70.0,0.0,2.0,0.0,0
647755,398.4880000000001,3.13082,1.0,7.0,92.26,9.0,3.0,2.0,1.0,0.0,8.0,3.0,28.0,0.0,0.0,0.0,146.0,0.0,1.0,1.0,0
3238358,267.354,1.4721199999999994,1.0,4.0,63.47,5.0,2.0,0.0,2.0,0.0,6.0,2.0,18.0,0.0,0.0,0.0,98.0,0.0,2.0,0.0,0
663548,292.335,2.51,3.0,3.0,95.5,6.0,1.0,1.0,0.0,0.0,6.0,1.0,21.0,0.0,0.0,0.0,114.0,0.0,0.0,2.0,0
1306765,375.3770000000002,1.05452,0.0,7.0,95.28,5.0,2.0,1.0,1.0,1.0,8.0,3.0,27.0,1.0,0.0,1.0,144.0,0.0,2.0,1.0,0
2948558,235.264,2.2354000000000003,0.0,5.0,52.33,2.0,2.0,1.0,1.0,1.0,5.0,3.0,16.0,1.0,0.0,1.0,82.0,0.0,2.0,0.0,0
3743011,378.2220000000001,2.3767,1.0,3.0,66.84,3.0,1.0,1.0,0.0,2.0,6.0,4.0,23.0,3.0,0.0,3.0,120.0,1.0,3.0,1.0,0
2999935,365.3970000000001,1.208419999999999,1.0,9.0,91.67,3.0,4.0,1.0,3.0,0.0,9.0,4.0,27.0,0.0,0.0,0.0,138.0,0.0,3.0,0.0,0
3234756,457.4180000000004,5.2519000000000045,0.0,3.0,36.440000000000005,2.0,2.0,1.0,1.0,2.0,10.0,4.0,32.0,2.0,0.0,2.0,172.0,1.0,3.0,1.0,0
1021998,352.4370000000002,2.0213,1.0,5.0,75.71000000000001,4.0,2.0,1.0,1.0,1.0,8.0,3.0,23.0,1.0,0.0,1.0,122.0,0.0,2.0,1.0,0
3247308,516.5810000000002,6.674400000000006,2.0,2.0,58.2,8.0,5.0,5.0,0.0,1.0,5.0,6.0,38.0,1.0,1.0,0.0,188.0,0.0,0.0,1.0,0
11957503,544.7370000000002,1.061599999999999,4.0,9.0,134.42,5.0,3.0,1.0,2.0,1.0,12.0,4.0,30.0,1.0,0.0,1.0,158.0,0.0,3.0,1.0,1
778511,263.349,1.81958,2.0,7.0,89.76,6.0,1.0,0.0,1.0,0.0,7.0,1.0,19.0,0.0,0.0,0.0,104.0,0.0,1.0,0.0,0
2964764,388.4450000000001,3.381000000000002,0.0,7.0,85.78000000000002,4.0,3.0,1.0,2.0,1.0,8.0,4.0,27.0,1.0,0.0,1.0,142.0,0.0,3.0,0.0,0
3238737,365.861,1.2794,1.0,4.0,61.88000000000001,6.0,1.0,1.0,0.0,2.0,7.0,3.0,25.0,2.0,0.0,2.0,136.0,0.0,2.0,2.0,0
2610204,449.9240000000002,1.3892999999999998,1.0,11.0,130.69,7.0,3.0,1.0,2.0,0.0,12.0,3.0,30.0,0.0,0.0,0.0,158.0,0.0,2.0,0.0,0
179503,224.643,2.763420000000001,0.0,3.0,39.44,1.0,2.0,1.0,1.0,0.0,4.0,2.0,15.0,0.0,0.0,0.0,78.0,0.0,1.0,0.0,0
646881,321.4020000000001,2.45052,0.0,7.0,66.24,7.0,2.0,1.0,1.0,0.0,7.0,2.0,22.0,0.0,0.0,0.0,118.0,0.0,1.0,0.0,0
2981941,367.44900000000007,2.624000000000001,1.0,5.0,61.88,6.0,2.0,2.0,0.0,1.0,6.0,3.0,27.0,1.0,0.0,1.0,142.0,0.0,1.0,1.0,0
5761205,376.8690000000002,2.945100000000002,1.0,6.0,72.68,5.0,3.0,1.0,2.0,0.0,8.0,3.0,25.0,0.0,0.0,0.0,130.0,0.0,2.0,0.0,0
646219,437.4850000000003,1.7452999999999996,1.0,10.0,108.98000000000002,7.0,4.0,2.0,2.0,0.0,11.0,5.0,31.0,1.0,0.0,1.0,158.0,0.0,3.0,1.0,0
651583,347.4590000000001,2.7817200000000017,2.0,3.0,70.67,7.0,1.0,1.0,0.0,1.0,6.0,2.0,25.0,1.0,0.0,1.0,138.0,0.0,1.0,3.0,0
1286615,364.4490000000002,4.154900000000002,2.0,6.0,79.52,1.0,2.0,1.0,1.0,1.0,6.0,5.0,27.0,3.0,2.0,1.0,140.0,1.0,2.0,0.0,0
2884356,280.3270000000001,1.7788,0.0,3.0,50.27,2.0,1.0,0.0,1.0,3.0,4.0,5.0,21.0,4.0,3.0,1.0,106.0,1.0,2.0,2.0,0
2793015,206.201,0.544,1.0,3.0,69.96999999999998,2.0,0.0,0.0,0.0,0.0,5.0,2.0,15.0,2.0,0.0,2.0,78.0,0.0,2.0,1.0,0
3361119,379.279,4.095720000000004,0.0,4.0,45.81,3.0,2.0,1.0,1.0,0.0,6.0,3.0,22.0,1.0,0.0,1.0,114.0,0.0,2.0,1.0,0
2093949,430.5260000000002,2.386000000000001,1.0,5.0,84.94,6.0,2.0,2.0,0.0,1.0,8.0,4.0,30.0,2.0,1.0,1.0,160.0,0.0,1.0,1.0,0
118365072,371.39700000000016,1.7023999999999997,5.0,6.0,132.39,6.0,3.0,1.0,2.0,0.0,9.0,3.0,27.0,0.0,0.0,0.0,142.0,0.0,2.0,2.0,1
644791,355.398,2.4284,1.0,7.0,95.07,9.0,3.0,1.0,2.0,0.0,8.0,3.0,26.0,0.0,0.0,0.0,136.0,0.0,2.0,1.0,0
649851,233.29600000000005,2.0873,1.0,4.0,54.88,3.0,2.0,1.0,1.0,0.0,5.0,2.0,16.0,0.0,0.0,0.0,82.0,0.0,1.0,1.0,0
847942,341.32300000000004,1.6227999999999998,2.0,6.0,114.28999999999998,5.0,3.0,1.0,2.0,0.0,8.0,3.0,25.0,0.0,0.0,0.0,128.0,0.0,2.0,1.0,0
5309230,384.9290000000001,2.6385000000000014,1.0,4.0,66.48,7.0,1.0,1.0,0.0,2.0,7.0,3.0,25.0,2.0,1.0,1.0,138.0,0.0,1.0,1.0,0
219778,239.28200000000004,1.9754,1.0,5.0,55.63,3.0,3.0,1.0,2.0,0.0,5.0,3.0,18.0,0.0,0.0,0.0,90.0,0.0,2.0,0.0,0
3000131,346.4340000000001,2.9955000000000016,1.0,4.0,48.470000000000006,4.0,3.0,2.0,1.0,1.0,5.0,4.0,26.0,1.0,0.0,1.0,132.0,0.0,2.0,1.0,0
2970811,300.3580000000001,2.9473200000000013,1.0,4.0,64.36,4.0,2.0,1.0,1.0,1.0,5.0,3.0,22.0,1.0,0.0,1.0,116.0,0.0,2.0,1.0,0
3239650,499.5640000000004,2.1727,2.0,7.0,115.43,13.0,2.0,2.0,0.0,0.0,10.0,3.0,36.0,1.0,0.0,1.0,194.0,0.0,1.0,3.0,0
895860,265.316,3.202300000000002,1.0,4.0,50.940000000000005,3.0,3.0,2.0,1.0,0.0,4.0,3.0,20.0,0.0,0.0,0.0,100.0,0.0,1.0,0.0,0
274453,197.19000000000003,0.9785999999999996,2.0,3.0,79.53,5.0,1.0,0.0,1.0,0.0,5.0,1.0,14.0,0.0,0.0,0.0,76.0,0.0,1.0,0.0,0
5309550,365.43700000000007,3.1764400000000013,2.0,6.0,95.06,6.0,3.0,2.0,1.0,0.0,7.0,3.0,27.0,0.0,0.0,0.0,140.0,0.0,1.0,1.0,0
648116,289.379,2.0156,2.0,3.0,65.46000000000001,3.0,1.0,0.0,1.0,2.0,5.0,3.0,21.0,2.0,0.0,2.0,114.0,0.0,3.0,2.0,0
868798,343.386,4.758940000000003,1.0,4.0,68.02000000000001,3.0,4.0,1.0,3.0,0.0,5.0,4.0,26.0,0.0,0.0,0.0,128.0,0.0,3.0,1.0,0
3233791,386.5210000000001,3.065100000000002,0.0,6.0,58.56,4.0,2.0,1.0,1.0,2.0,7.0,4.0,27.0,2.0,0.0,2.0,144.0,1.0,3.0,1.0,0
649259,351.42900000000014,4.153100000000003,0.0,5.0,46.84,5.0,3.0,2.0,1.0,1.0,6.0,4.0,26.0,1.0,1.0,0.0,134.0,0.0,1.0,0.0,0
121416740,313.336,2.9901000000000018,2.0,4.0,71.84,3.0,3.0,1.0,2.0,0.0,7.0,3.0,23.0,0.0,0.0,0.0,118.0,0.0,2.0,2.0,1
3233057,374.5130000000001,5.0320000000000045,1.0,5.0,41.05,6.0,4.0,2.0,2.0,0.0,5.0,4.0,27.0,0.0,0.0,0.0,136.0,0.0,2.0,0.0,0
648932,476.62500000000045,4.1377200000000025,1.0,7.0,88.93,5.0,3.0,1.0,2.0,3.0,8.0,6.0,35.0,3.0,1.0,2.0,186.0,1.0,4.0,0.0,0
2972595,273.332,3.036920000000001,1.0,4.0,51.46,3.0,2.0,1.0,1.0,1.0,4.0,3.0,20.0,1.0,0.0,1.0,106.0,0.0,2.0,0.0,0
6529,368.3690000000001,6.256760000000005,0.0,4.0,44.760000000000005,6.0,3.0,3.0,0.0,0.0,5.0,3.0,26.0,0.0,0.0,0.0,134.0,0.0,0.0,0.0,0
653264,394.5000000000002,2.944300000000001,0.0,6.0,60.25,6.0,3.0,2.0,1.0,1.0,7.0,4.0,28.0,1.0,0.0,1.0,144.0,0.0,2.0,1.0,0
650932,329.4040000000001,1.9973,0.0,6.0,73.14000000000001,6.0,2.0,1.0,1.0,1.0,7.0,3.0,24.0,1.0,0.0,1.0,128.0,0.0,2.0,1.0,0
2232224,270.332,3.512800000000002,1.0,3.0,51.22,6.0,2.0,1.0,1.0,0.0,4.0,2.0,20.0,0.0,0.0,0.0,104.0,0.0,1.0,1.0,0
300678,239.274,1.9981,0.0,2.0,37.38,1.0,1.0,1.0,0.0,2.0,3.0,4.0,18.0,3.0,2.0,1.0,90.0,0.0,1.0,2.0,0
33341,216.28,2.9442000000000013,1.0,2.0,29.46,3.0,2.0,2.0,0.0,0.0,2.0,2.0,16.0,0.0,0.0,0.0,84.0,0.0,0.0,0.0,0
3162414,282.29900000000004,2.3269,1.0,4.0,60.45,1.0,2.0,1.0,1.0,0.0,5.0,4.0,21.0,2.0,0.0,2.0,106.0,0.0,3.0,1.0,0
3236876,498.5610000000003,2.2424,1.0,8.0,127.67,6.0,3.0,2.0,1.0,1.0,11.0,4.0,35.0,1.0,0.0,1.0,184.0,0.0,2.0,1.0,0
646414,344.41100000000006,2.3334,1.0,6.0,67.86999999999999,4.0,1.0,1.0,0.0,0.0,6.0,2.0,25.0,1.0,0.0,1.0,134.0,0.0,1.0,0.0,0
2927499,419.5250000000002,2.5022,0.0,5.0,53.09,4.0,2.0,2.0,0.0,2.0,6.0,5.0,31.0,3.0,1.0,2.0,162.0,0.0,2.0,2.0,0
3232774,458.4680000000001,4.361800000000004,0.0,3.0,40.620000000000005,3.0,1.0,1.0,0.0,2.0,11.0,3.0,30.0,2.0,0.0,2.0,170.0,1.0,2.0,0.0,0
3234435,448.52900000000017,4.825700000000003,0.0,9.0,79.13000000000001,6.0,5.0,1.0,4.0,0.0,9.0,5.0,31.0,0.0,0.0,0.0,154.0,0.0,4.0,0.0,0
2998425,349.39000000000016,3.3092000000000024,1.0,5.0,77.25,5.0,3.0,2.0,1.0,0.0,6.0,4.0,26.0,1.0,1.0,0.0,132.0,0.0,1.0,1.0,0
789986,277.364,2.651700000000001,1.0,3.0,47.56,5.0,1.0,1.0,0.0,1.0,4.0,2.0,20.0,1.0,1.0,0.0,110.0,0.0,0.0,1.0,0
3238495,316.36100000000005,2.2169,1.0,6.0,86.11,6.0,2.0,1.0,1.0,0.0,7.0,2.0,23.0,0.0,0.0,0.0,122.0,0.0,1.0,1.0,0
118046538,500.5210000000001,4.284400000000003,4.0,6.0,121.36,7.0,3.0,2.0,1.0,1.0,10.0,4.0,36.0,1.0,1.0,0.0,190.0,0.0,1.0,1.0,1
3232822,262.272,3.075500000000001,0.0,5.0,56.74,2.0,4.0,1.0,3.0,0.0,5.0,4.0,20.0,0.0,0.0,0.0,96.0,0.0,3.0,0.0,0
2947593,251.332,2.703900000000001,0.0,5.0,39.19,2.0,2.0,1.0,1.0,1.0,5.0,3.0,16.0,1.0,0.0,1.0,82.0,0.0,2.0,0.0,0
5739939,295.766,3.084420000000001,1.0,4.0,53.68,3.0,2.0,1.0,1.0,0.0,5.0,2.0,20.0,0.0,0.0,0.0,108.0,0.0,1.0,0.0,0
660461,397.52200000000016,3.1629000000000014,2.0,6.0,74.27000000000001,4.0,1.0,1.0,0.0,1.0,9.0,3.0,26.0,2.0,0.0,2.0,142.0,0.0,2.0,2.0,0
2082426,361.43000000000006,3.951520000000003,1.0,6.0,72.7,4.0,4.0,2.0,2.0,0.0,7.0,4.0,26.0,0.0,0.0,0.0,128.0,0.0,2.0,1.0,0
3235939,269.348,3.0436000000000014,1.0,3.0,46.92,3.0,2.0,1.0,1.0,2.0,4.0,4.0,20.0,2.0,2.0,0.0,104.0,0.0,1.0,1.0,0
3236796,264.23099999999994,2.6938000000000004,1.0,3.0,55.13,2.0,2.0,1.0,1.0,0.0,6.0,3.0,19.0,1.0,1.0,0.0,98.0,0.0,1.0,1.0,0
2990940,325.315,4.429000000000002,1.0,5.0,50.95,4.0,3.0,0.0,3.0,0.0,8.0,3.0,22.0,0.0,0.0,0.0,114.0,0.0,3.0,0.0,0
3242871,297.31,2.0864000000000003,1.0,3.0,74.68,2.0,1.0,1.0,0.0,2.0,5.0,4.0,22.0,3.0,2.0,1.0,112.0,0.0,1.0,2.0,0
16759070,359.42200000000025,3.5984200000000026,1.0,5.0,81.69999999999999,6.0,1.0,1.0,0.0,1.0,6.0,2.0,26.0,1.0,1.0,0.0,140.0,0.0,0.0,1.0,0
766509,285.34700000000004,3.200940000000001,2.0,5.0,77.24,4.0,2.0,1.0,1.0,0.0,5.0,2.0,21.0,0.0,0.0,0.0,110.0,0.0,1.0,0.0,0
984394,400.4560000000001,2.6967000000000008,2.0,5.0,97.64,8.0,3.0,2.0,1.0,0.0,8.0,3.0,28.0,0.0,0.0,0.0,146.0,0.0,1.0,1.0,0
5085871,294.807,3.181400000000002,0.0,3.0,32.67,3.0,1.0,1.0,0.0,1.0,5.0,3.0,19.0,2.0,1.0,1.0,100.0,0.0,1.0,1.0,0
64798,226.275,3.2932000000000023,1.0,1.0,37.3,4.0,2.0,2.0,0.0,0.0,2.0,2.0,17.0,0.0,0.0,0.0,86.0,0.0,0.0,0.0,0
3247187,591.7080000000004,5.240220000000005,0.0,6.0,84.99000000000001,7.0,4.0,2.0,2.0,2.0,8.0,7.0,44.0,3.0,1.0,2.0,226.0,0.0,4.0,2.0,0
3235393,318.31100000000004,2.9818000000000007,0.0,5.0,60.67,2.0,4.0,2.0,2.0,0.0,6.0,4.0,24.0,0.0,0.0,0.0,116.0,0.0,2.0,0.0,0
135415399,267.331,2.2615000000000007,1.0,4.0,66.73,3.0,2.0,1.0,1.0,0.0,6.0,2.0,17.0,0.0,0.0,0.0,88.0,0.0,1.0,0.0,0
799770,298.386,3.792100000000002,1.0,3.0,41.57,5.0,2.0,2.0,0.0,0.0,4.0,2.0,22.0,0.0,0.0,0.0,116.0,0.0,0.0,1.0,0
648007,355.4450000000001,1.79594,1.0,9.0,99.0,6.0,2.0,0.0,2.0,0.0,10.0,2.0,23.0,0.0,0.0,0.0,124.0,0.0,2.0,1.0,0
1305863,364.4920000000002,3.103900000000002,1.0,4.0,66.48,5.0,2.0,1.0,1.0,1.0,7.0,3.0,24.0,1.0,0.0,1.0,128.0,0.0,2.0,1.0,0
2983124,325.32000000000005,2.6606000000000005,1.0,5.0,66.02000000000001,1.0,2.0,2.0,0.0,0.0,6.0,5.0,24.0,3.0,0.0,3.0,122.0,0.0,3.0,1.0,0
5459707,250.3419999999999,1.6122999999999996,1.0,2.0,49.41,1.0,0.0,0.0,0.0,1.0,4.0,2.0,18.0,2.0,1.0,1.0,100.0,1.0,1.0,2.0,0
663774,303.32200000000006,0.6586999999999998,1.0,8.0,86.99000000000001,4.0,3.0,0.0,3.0,0.0,8.0,3.0,22.0,0.0,0.0,0.0,116.0,0.0,3.0,0.0,0
653064,308.34099999999995,2.6047,0.0,6.0,69.9,5.0,3.0,2.0,1.0,0.0,6.0,3.0,23.0,0.0,0.0,0.0,116.0,0.0,1.0,0.0,0
1069526,363.8040000000001,4.724400000000003,1.0,4.0,68.02000000000001,4.0,4.0,2.0,2.0,0.0,6.0,4.0,26.0,0.0,0.0,0.0,128.0,0.0,2.0,1.0,0
2147527,326.3970000000001,-0.1014999999999979,0.0,4.0,65.56,0.0,0.0,0.0,0.0,3.0,8.0,3.0,23.0,3.0,0.0,3.0,130.0,0.0,3.0,4.0,0
3235133,322.3720000000001,0.9274999999999992,0.0,7.0,67.15,2.0,3.0,1.0,2.0,1.0,7.0,4.0,24.0,1.0,0.0,1.0,122.0,0.0,3.0,0.0,0
647671,436.53500000000025,2.8645200000000006,0.0,6.0,57.50000000000001,4.0,3.0,2.0,1.0,2.0,8.0,5.0,32.0,2.0,0.0,2.0,168.0,0.0,3.0,1.0,0
135449492,327.40900000000005,2.9421,1.0,5.0,63.580000000000005,5.0,2.0,1.0,1.0,1.0,6.0,3.0,23.0,1.0,0.0,1.0,118.0,0.0,2.0,1.0,0
3234378,412.53700000000015,4.666400000000004,0.0,4.0,49.330000000000005,3.0,3.0,2.0,1.0,2.0,5.0,5.0,31.0,2.0,0.0,2.0,158.0,1.0,3.0,1.0,0
2913853,319.401,2.6473000000000004,0.0,4.0,55.84,7.0,1.0,1.0,0.0,1.0,5.0,2.0,23.0,1.0,0.0,1.0,126.0,0.0,1.0,1.0,0
3244705,409.5740000000003,4.865340000000004,1.0,4.0,58.370000000000005,5.0,2.0,1.0,1.0,2.0,5.0,4.0,30.0,2.0,1.0,1.0,162.0,0.0,2.0,1.0,0
2329908,456.52400000000017,1.7576199999999995,1.0,7.0,102.64,5.0,3.0,2.0,1.0,1.0,10.0,4.0,32.0,1.0,0.0,1.0,168.0,0.0,2.0,1.0,0
6604331,350.4360000000001,3.293400000000002,1.0,4.0,80.67000000000002,2.0,1.0,1.0,0.0,2.0,6.0,4.0,24.0,3.0,3.0,0.0,130.0,0.0,0.0,0.0,0
664792,454.5310000000004,1.0253000000000003,0.0,10.0,86.76000000000002,5.0,3.0,1.0,2.0,1.0,10.0,5.0,33.0,2.0,0.0,2.0,176.0,0.0,4.0,0.0,0
654650,342.3950000000001,2.4232000000000005,0.0,4.0,62.99,6.0,2.0,1.0,1.0,1.0,6.0,3.0,25.0,1.0,0.0,1.0,132.0,0.0,2.0,2.0,0
717707,283.37100000000004,3.600800000000002,0.0,2.0,29.540000000000003,6.0,2.0,2.0,0.0,0.0,3.0,2.0,21.0,0.0,0.0,0.0,110.0,0.0,0.0,1.0,0
2494694,309.163,3.017720000000001,0.0,3.0,46.34,3.0,2.0,1.0,1.0,0.0,5.0,2.0,18.0,0.0,0.0,0.0,94.0,0.0,1.0,1.0,0
2537874,320.37000000000006,1.7085400000000002,1.0,6.0,77.4,5.0,2.0,1.0,1.0,0.0,7.0,2.0,22.0,0.0,0.0,0.0,116.0,0.0,1.0,1.0,0
2972800,410.3820000000003,2.1177,3.0,6.0,133.24,5.0,2.0,2.0,0.0,1.0,9.0,4.0,30.0,2.0,0.0,2.0,154.0,0.0,2.0,3.0,0
2622821,370.40900000000016,2.4378600000000006,1.0,6.0,97.44,4.0,2.0,0.0,2.0,2.0,8.0,4.0,27.0,2.0,1.0,1.0,142.0,1.0,3.0,3.0,0
118054595,532.0410000000003,4.1483000000000025,2.0,6.0,118.28,6.0,3.0,2.0,1.0,1.0,11.0,4.0,36.0,1.0,0.0,1.0,190.0,0.0,2.0,1.0,1
665045,257.333,3.132100000000002,1.0,2.0,42.24,6.0,2.0,1.0,1.0,0.0,3.0,2.0,19.0,0.0,0.0,0.0,100.0,0.0,1.0,1.0,0
2672846,344.39200000000005,2.9354000000000013,1.0,4.0,79.62,4.0,3.0,2.0,1.0,0.0,7.0,3.0,24.0,0.0,0.0,0.0,124.0,0.0,1.0,1.0,0
752839,300.343,3.062240000000001,1.0,6.0,80.91000000000001,3.0,3.0,1.0,2.0,0.0,7.0,3.0,21.0,0.0,0.0,0.0,106.0,0.0,2.0,1.0,0
3238596,358.463,2.806400000000001,0.0,3.0,57.690000000000005,4.0,2.0,2.0,0.0,0.0,6.0,3.0,25.0,1.0,0.0,1.0,132.0,0.0,1.0,1.0,0
4296031,374.245,3.4525000000000023,1.0,4.0,76.38,5.0,2.0,1.0,1.0,1.0,8.0,3.0,23.0,1.0,1.0,0.0,122.0,0.0,1.0,1.0,0
6605068,424.56800000000027,5.027220000000004,1.0,6.0,58.870000000000005,8.0,3.0,1.0,2.0,1.0,7.0,4.0,31.0,1.0,0.0,1.0,166.0,0.0,3.0,0.0,0
3234903,458.4060000000004,4.646900000000004,0.0,4.0,49.330000000000005,2.0,2.0,1.0,1.0,2.0,11.0,4.0,32.0,2.0,0.0,2.0,172.0,1.0,3.0,1.0,0
2948917,391.47400000000016,3.8531200000000014,1.0,8.0,82.57000000000001,6.0,3.0,1.0,2.0,0.0,9.0,3.0,26.0,0.0,0.0,0.0,136.0,0.0,2.0,1.0,0
3468009,414.50600000000014,2.19308,2.0,8.0,94.56,10.0,3.0,1.0,2.0,0.0,8.0,3.0,30.0,0.0,0.0,0.0,162.0,0.0,2.0,0.0,0
655897,463.5860000000003,2.17984,1.0,8.0,92.17,5.0,3.0,1.0,2.0,3.0,9.0,6.0,34.0,3.0,0.0,3.0,180.0,0.0,5.0,0.0,0
663879,449.5070000000002,4.240320000000004,1.0,7.0,97.8,9.0,3.0,1.0,2.0,0.0,8.0,4.0,33.0,1.0,0.0,1.0,172.0,0.0,3.0,1.0,0
664405,333.266,1.4757999999999996,2.0,4.0,91.65,4.0,1.0,0.0,1.0,1.0,10.0,2.0,23.0,1.0,0.0,1.0,126.0,0.0,2.0,4.0,0
16758529,198.218,-0.6458000000000002,3.0,4.0,73.22,2.0,0.0,0.0,0.0,1.0,4.0,2.0,14.0,2.0,1.0,1.0,78.0,0.0,1.0,0.0,0
2103632,331.3310000000001,3.6418000000000026,0.0,6.0,78.11,4.0,4.0,2.0,2.0,0.0,6.0,4.0,25.0,0.0,0.0,0.0,122.0,0.0,2.0,0.0,0
3239711,396.4060000000001,4.474800000000003,1.0,6.0,94.05,5.0,5.0,1.0,4.0,0.0,7.0,5.0,30.0,0.0,0.0,0.0,146.0,0.0,4.0,1.0,0
752739,314.42900000000003,2.700500000000001,0.0,4.0,32.78,4.0,1.0,1.0,0.0,4.0,4.0,5.0,23.0,4.0,0.0,4.0,124.0,0.0,4.0,0.0,0
656177,411.5310000000001,3.688500000000003,0.0,7.0,73.14,9.0,3.0,1.0,2.0,0.0,8.0,3.0,29.0,0.0,0.0,0.0,152.0,0.0,2.0,1.0,0
651190,458.6090000000003,4.101240000000003,0.0,7.0,79.54,5.0,3.0,0.0,3.0,1.0,9.0,4.0,31.0,1.0,0.0,1.0,164.0,0.0,4.0,2.0,0
2574276,373.4590000000002,3.521200000000001,2.0,6.0,84.23,6.0,3.0,1.0,2.0,0.0,8.0,3.0,25.0,0.0,0.0,0.0,128.0,0.0,2.0,3.0,1
1119291,442.3130000000001,3.228300000000001,2.0,4.0,74.43,4.0,3.0,2.0,1.0,1.0,7.0,4.0,28.0,1.0,0.0,1.0,144.0,0.0,2.0,1.0,0
644457,393.3510000000001,4.241600000000004,0.0,8.0,104.91,7.0,4.0,1.0,3.0,0.0,8.0,4.0,29.0,0.0,0.0,0.0,146.0,0.0,3.0,0.0,0
3234580,255.325,1.2903999999999998,0.0,5.0,45.150000000000006,2.0,2.0,0.0,2.0,1.0,5.0,3.0,19.0,1.0,0.0,1.0,98.0,0.0,3.0,0.0,0
2125057,299.808,3.2307200000000016,1.0,5.0,54.88,4.0,2.0,0.0,2.0,0.0,7.0,2.0,18.0,0.0,0.0,0.0,94.0,0.0,2.0,1.0,0
3240733,347.37800000000004,2.3425199999999995,0.0,7.0,74.83,4.0,4.0,2.0,2.0,0.0,7.0,4.0,26.0,0.0,0.0,0.0,130.0,0.0,2.0,0.0,0
3244669,432.5610000000002,3.565100000000002,0.0,5.0,68.31,10.0,1.0,1.0,0.0,2.0,7.0,3.0,31.0,2.0,1.0,1.0,172.0,0.0,1.0,2.0,0
2062917,309.41599999999994,1.95062,0.0,6.0,55.32000000000001,3.0,2.0,0.0,2.0,1.0,7.0,3.0,20.0,1.0,0.0,1.0,106.0,0.0,3.0,1.0,0
649197,263.296,3.906900000000002,1.0,2.0,42.24,1.0,3.0,2.0,1.0,0.0,3.0,4.0,20.0,1.0,0.0,1.0,98.0,0.0,2.0,1.0,0
650859,368.4330000000001,2.2309,0.0,4.0,59.08,5.0,2.0,2.0,0.0,1.0,6.0,3.0,27.0,1.0,0.0,1.0,142.0,0.0,1.0,2.0,0
1154993,381.5050000000001,3.3952000000000018,1.0,6.0,72.70000000000002,6.0,3.0,1.0,2.0,0.0,7.0,3.0,27.0,0.0,0.0,0.0,140.0,0.0,2.0,1.0,0
648458,466.5860000000004,3.590440000000002,1.0,8.0,106.0,9.0,3.0,1.0,2.0,1.0,9.0,4.0,34.0,1.0,1.0,0.0,182.0,0.0,2.0,0.0,0
3238322,376.3860000000002,3.086540000000001,0.0,6.0,49.56,2.0,3.0,1.0,2.0,1.0,9.0,4.0,27.0,1.0,0.0,1.0,142.0,0.0,3.0,0.0,0
3242946,365.8240000000001,3.046420000000001,0.0,6.0,65.6,4.0,4.0,2.0,2.0,0.0,7.0,4.0,26.0,0.0,0.0,0.0,130.0,0.0,2.0,0.0,0
665896,421.5450000000004,2.68912,1.0,6.0,62.63,7.0,3.0,2.0,1.0,1.0,7.0,4.0,31.0,1.0,0.0,1.0,164.0,0.0,2.0,1.0,0
3132099,325.43700000000007,4.082700000000003,1.0,4.0,46.92,5.0,3.0,2.0,1.0,0.0,5.0,3.0,23.0,0.0,0.0,0.0,118.0,0.0,1.0,1.0,0
665335,313.42300000000006,3.642100000000003,0.0,6.0,68.46000000000001,3.0,1.0,0.0,1.0,1.0,7.0,2.0,21.0,1.0,0.0,1.0,118.0,0.0,2.0,1.0,0
726956,318.329,3.706500000000002,1.0,5.0,64.36,5.0,3.0,1.0,2.0,0.0,7.0,3.0,22.0,0.0,0.0,0.0,112.0,0.0,2.0,1.0,0
138374366,398.89800000000014,2.2677000000000005,3.0,5.0,82.18,3.0,2.0,1.0,1.0,3.0,8.0,5.0,28.0,3.0,1.0,2.0,146.0,0.0,3.0,2.0,1
43544,310.39700000000005,3.217900000000002,2.0,3.0,52.57,5.0,2.0,2.0,0.0,1.0,4.0,3.0,23.0,1.0,0.0,1.0,120.0,0.0,1.0,0.0,0
135269,222.24,2.4804000000000004,1.0,3.0,63.60000000000001,5.0,1.0,1.0,0.0,0.0,4.0,1.0,16.0,0.0,0.0,0.0,86.0,0.0,0.0,0.0,0
2850157,235.283,1.7427,1.0,3.0,47.56,4.0,1.0,1.0,0.0,0.0,4.0,2.0,17.0,1.0,0.0,1.0,92.0,0.0,1.0,1.0,0
2124686,360.385,2.4889400000000004,2.0,4.0,88.25999999999999,7.0,2.0,1.0,1.0,0.0,7.0,2.0,26.0,0.0,0.0,0.0,138.0,0.0,1.0,1.0,0
1317004,367.4490000000002,3.219500000000002,0.0,6.0,58.16,3.0,3.0,1.0,2.0,1.0,6.0,4.0,27.0,1.0,1.0,0.0,142.0,0.0,2.0,0.0,1
2971259,301.37100000000004,3.293300000000002,1.0,5.0,78.92,2.0,2.0,0.0,2.0,0.0,6.0,3.0,21.0,1.0,1.0,0.0,108.0,0.0,2.0,1.0,0
2346297,278.348,2.922320000000001,0.0,4.0,52.6,6.0,1.0,1.0,0.0,0.0,4.0,1.0,20.0,0.0,0.0,0.0,110.0,0.0,0.0,0.0,0
3241573,402.50100000000015,2.512100000000001,2.0,7.0,97.12,9.0,3.0,1.0,2.0,0.0,9.0,3.0,27.0,0.0,0.0,0.0,140.0,0.0,2.0,2.0,0
3234370,417.5060000000001,3.5344000000000024,1.0,3.0,69.72,3.0,2.0,2.0,0.0,2.0,8.0,4.0,29.0,2.0,0.0,2.0,154.0,1.0,2.0,2.0,0
760990,342.4680000000002,2.8199000000000005,0.0,6.0,49.330000000000005,4.0,2.0,1.0,1.0,1.0,6.0,3.0,24.0,1.0,0.0,1.0,126.0,0.0,2.0,0.0,0
135472938,472.50500000000017,2.6229000000000005,3.0,6.0,136.62,6.0,3.0,2.0,1.0,0.0,10.0,4.0,35.0,1.0,0.0,1.0,178.0,0.0,2.0,3.0,0
1007908,424.9060000000002,2.0561,1.0,5.0,84.94,7.0,2.0,2.0,0.0,1.0,9.0,3.0,28.0,1.0,0.0,1.0,150.0,0.0,1.0,1.0,0
5309301,397.54400000000015,2.860900000000001,1.0,5.0,44.81000000000001,6.0,2.0,2.0,0.0,1.0,6.0,4.0,28.0,2.0,0.0,2.0,148.0,0.0,2.0,1.0,0
2084089,339.38400000000007,1.4462799999999998,1.0,9.0,115.40999999999998,4.0,3.0,1.0,2.0,0.0,9.0,3.0,24.0,0.0,0.0,0.0,120.0,0.0,2.0,0.0,0
5355750,314.182,4.953700000000003,1.0,2.0,32.59,1.0,3.0,3.0,0.0,0.0,3.0,3.0,19.0,0.0,0.0,0.0,94.0,0.0,0.0,0.0,0
16757928,438.52000000000015,4.198100000000003,0.0,6.0,86.11000000000001,1.0,1.0,0.0,1.0,4.0,6.0,6.0,32.0,5.0,3.0,2.0,170.0,1.0,3.0,0.0,0
1247844,399.8820000000001,2.578720000000001,3.0,4.0,84.22999999999999,4.0,3.0,2.0,1.0,1.0,8.0,4.0,28.0,1.0,0.0,1.0,146.0,0.0,2.0,1.0,0
644765,397.3870000000001,1.3709799999999996,2.0,8.0,140.74,5.0,1.0,1.0,0.0,0.0,9.0,3.0,29.0,2.0,0.0,2.0,150.0,1.0,2.0,1.0,0
664901,282.34700000000004,3.024420000000001,1.0,4.0,59.81,2.0,3.0,1.0,2.0,0.0,5.0,3.0,21.0,0.0,0.0,0.0,108.0,0.0,2.0,1.0,0
2882920,269.3,3.100900000000001,1.0,3.0,51.47,4.0,3.0,2.0,1.0,0.0,4.0,3.0,20.0,0.0,0.0,0.0,102.0,0.0,1.0,1.0,0
3234103,328.3790000000001,3.4023200000000013,1.0,6.0,76.48,4.0,4.0,1.0,3.0,0.0,6.0,4.0,25.0,0.0,0.0,0.0,122.0,0.0,3.0,0.0,0
1371669,373.41200000000015,4.524140000000004,1.0,5.0,77.25,5.0,4.0,2.0,2.0,0.0,6.0,4.0,28.0,0.0,0.0,0.0,140.0,0.0,2.0,1.0,0
3237679,473.3890000000004,2.2072000000000003,1.0,5.0,92.78000000000002,7.0,1.0,1.0,0.0,1.0,9.0,3.0,28.0,2.0,0.0,2.0,154.0,0.0,2.0,2.0,0
3241974,315.42100000000005,2.22454,1.0,5.0,72.18,3.0,2.0,0.0,2.0,1.0,6.0,3.0,23.0,1.0,1.0,0.0,124.0,0.0,2.0,1.0,0
666218,412.47100000000006,3.4780000000000024,0.0,9.0,80.00000000000001,7.0,4.0,2.0,2.0,0.0,9.0,4.0,29.0,0.0,0.0,0.0,150.0,0.0,2.0,0.0,0
663566,297.358,2.034019999999999,0.0,5.0,48.93,2.0,3.0,1.0,2.0,0.0,5.0,3.0,22.0,0.0,0.0,0.0,114.0,0.0,2.0,0.0,0
847796,283.393,2.6146200000000004,1.0,3.0,55.400000000000006,4.0,1.0,1.0,0.0,1.0,5.0,2.0,19.0,1.0,1.0,0.0,106.0,0.0,0.0,0.0,0
2954467,439.51200000000017,2.8378000000000005,2.0,5.0,96.97,9.0,2.0,2.0,0.0,1.0,8.0,3.0,32.0,1.0,0.0,1.0,170.0,0.0,1.0,3.0,0
655855,490.96500000000015,3.3226000000000013,1.0,6.0,97.93,6.0,3.0,2.0,1.0,1.0,10.0,5.0,33.0,2.0,0.0,2.0,174.0,0.0,3.0,0.0,0
657920,443.3050000000001,2.047039999999999,0.0,8.0,79.64,3.0,4.0,1.0,3.0,0.0,9.0,4.0,28.0,0.0,0.0,0.0,144.0,0.0,3.0,0.0,0
6605127,420.6050000000003,5.2782200000000055,1.0,6.0,58.870000000000005,9.0,3.0,1.0,2.0,1.0,6.0,4.0,31.0,1.0,0.0,1.0,166.0,0.0,3.0,0.0,0
135401753,281.3519999999999,2.4576,1.0,5.0,75.96,4.0,0.0,0.0,0.0,0.0,5.0,1.0,20.0,1.0,1.0,0.0,112.0,0.0,0.0,0.0,0
3241152,404.4440000000001,1.5548,1.0,6.0,102.01,7.0,2.0,2.0,0.0,0.0,9.0,3.0,28.0,1.0,0.0,1.0,148.0,0.0,1.0,2.0,0
1256251,382.4200000000001,3.145620000000001,2.0,6.0,86.52,5.0,3.0,2.0,1.0,0.0,8.0,3.0,28.0,0.0,0.0,0.0,146.0,0.0,1.0,2.0,0
2142609,396.4150000000002,2.2,0.0,5.0,59.08000000000001,4.0,2.0,2.0,0.0,1.0,9.0,4.0,27.0,2.0,0.0,2.0,144.0,0.0,2.0,0.0,0
2115438,499.6180000000004,2.8828000000000014,1.0,8.0,106.42,9.0,3.0,2.0,1.0,1.0,11.0,4.0,34.0,1.0,0.0,1.0,178.0,0.0,2.0,1.0,0
871369,289.356,2.831100000000001,1.0,3.0,63.24,5.0,2.0,2.0,0.0,0.0,5.0,2.0,20.0,0.0,0.0,0.0,104.0,0.0,0.0,0.0,0
3240534,432.4400000000002,1.3898199999999987,1.0,9.0,113.16,6.0,4.0,2.0,2.0,0.0,10.0,5.0,32.0,1.0,0.0,1.0,162.0,0.0,3.0,1.0,0
5308516,261.3689999999999,2.1645000000000003,0.0,3.0,38.13,2.0,1.0,0.0,1.0,1.0,4.0,3.0,19.0,2.0,1.0,1.0,104.0,0.0,2.0,1.0,0
777105,321.33200000000005,3.7715000000000014,1.0,4.0,68.53999999999999,5.0,3.0,2.0,1.0,0.0,5.0,3.0,24.0,0.0,0.0,0.0,120.0,0.0,1.0,1.0,0
207582,218.208,1.8726199999999995,0.0,4.0,48.67,0.0,2.0,1.0,1.0,0.0,4.0,3.0,16.0,1.0,0.0,1.0,82.0,0.0,2.0,0.0,0
3238289,215.252,2.552200000000001,1.0,2.0,42.23,4.0,2.0,1.0,1.0,0.0,3.0,2.0,16.0,0.0,0.0,0.0,82.0,0.0,1.0,0.0,0
2382372,430.5550000000004,0.1087800000000012,1.0,8.0,87.36,7.0,2.0,0.0,2.0,1.0,9.0,3.0,29.0,1.0,0.0,1.0,152.0,0.0,3.0,1.0,0
254694,330.14200000000005,-0.1883000000000002,3.0,8.0,119.31000000000002,2.0,2.0,0.0,2.0,1.0,9.0,3.0,19.0,1.0,0.0,1.0,102.0,0.0,3.0,0.0,0
1562711,286.35299999999995,2.976820000000002,1.0,6.0,77.52,6.0,1.0,0.0,1.0,0.0,7.0,1.0,19.0,0.0,0.0,0.0,106.0,0.0,1.0,1.0,0
666782,465.57500000000033,4.494280000000004,0.0,7.0,75.03000000000002,6.0,2.0,2.0,0.0,1.0,8.0,4.0,33.0,2.0,0.0,2.0,172.0,0.0,2.0,1.0,0
3237638,382.5080000000001,2.6811000000000007,1.0,5.0,67.23,8.0,2.0,1.0,1.0,1.0,6.0,3.0,28.0,1.0,0.0,1.0,150.0,0.0,2.0,1.0,0
753671,303.7490000000001,1.7403999999999995,0.0,5.0,48.93,2.0,3.0,1.0,2.0,0.0,6.0,3.0,21.0,0.0,0.0,0.0,108.0,0.0,2.0,0.0,0
5308421,365.5210000000003,3.748800000000003,0.0,3.0,28.480000000000004,5.0,2.0,1.0,1.0,2.0,4.0,4.0,27.0,2.0,0.0,2.0,144.0,0.0,3.0,1.0,0
5307440,423.5170000000002,4.054540000000003,1.0,7.0,80.99,5.0,3.0,1.0,2.0,1.0,8.0,4.0,31.0,1.0,0.0,1.0,164.0,0.0,3.0,1.0,0
135408348,348.362,2.69827,3.0,5.0,102.3,3.0,3.0,2.0,1.0,0.0,7.0,4.0,26.0,1.0,0.0,1.0,130.0,0.0,2.0,0.0,0
5291572,394.4710000000001,3.2108000000000017,1.0,5.0,70.08,7.0,2.0,2.0,0.0,1.0,6.0,3.0,29.0,1.0,0.0,1.0,152.0,0.0,1.0,1.0,0
1246175,235.67,2.8630000000000013,1.0,2.0,42.24,3.0,2.0,1.0,1.0,0.0,4.0,2.0,16.0,0.0,0.0,0.0,82.0,0.0,1.0,1.0,0
649253,424.4720000000002,2.635700000000001,1.0,5.0,75.71000000000001,6.0,2.0,2.0,0.0,2.0,7.0,4.0,31.0,2.0,0.0,2.0,162.0,0.0,2.0,2.0,0
118381059,408.46200000000016,3.205700000000002,4.0,5.0,121.03,5.0,3.0,1.0,2.0,1.0,9.0,4.0,30.0,1.0,0.0,1.0,156.0,0.0,3.0,3.0,1
2429545,362.40700000000015,2.03082,2.0,5.0,93.73,6.0,2.0,2.0,0.0,0.0,8.0,3.0,25.0,1.0,0.0,1.0,132.0,0.0,1.0,1.0,0
1652551,332.85299999999995,2.0649,0.0,4.0,49.85000000000001,5.0,1.0,1.0,0.0,1.0,7.0,2.0,21.0,1.0,0.0,1.0,118.0,0.0,1.0,0.0,0
5337402,274.341,3.661400000000002,0.0,4.0,35.53,5.0,2.0,1.0,1.0,0.0,4.0,2.0,19.0,0.0,0.0,0.0,98.0,0.0,1.0,0.0,0
2672892,408.4760000000002,2.1438999999999995,1.0,6.0,94.17,8.0,2.0,2.0,0.0,0.0,9.0,2.0,28.0,0.0,0.0,0.0,152.0,0.0,0.0,1.0,0
3235954,365.47700000000015,3.2638000000000025,1.0,3.0,52.650000000000006,6.0,2.0,2.0,0.0,1.0,5.0,3.0,27.0,1.0,0.0,1.0,142.0,0.0,1.0,2.0,0
3232806,341.41400000000004,4.917500000000003,1.0,4.0,47.040000000000006,5.0,4.0,3.0,1.0,0.0,4.0,4.0,26.0,0.0,0.0,0.0,128.0,0.0,1.0,0.0,1
3245209,433.5520000000002,3.663140000000002,0.0,5.0,54.78,6.0,3.0,2.0,1.0,1.0,6.0,4.0,32.0,1.0,0.0,1.0,168.0,0.0,2.0,1.0,0
725782,278.69100000000003,2.860400000000001,0.0,4.0,56.51,1.0,2.0,1.0,1.0,0.0,5.0,3.0,19.0,1.0,1.0,0.0,98.0,0.0,1.0,0.0,0
777760,297.358,3.318500000000001,2.0,3.0,71.09,3.0,2.0,1.0,1.0,0.0,5.0,2.0,22.0,0.0,0.0,0.0,114.0,0.0,1.0,2.0,0
3243605,463.55900000000014,4.081400000000003,2.0,6.0,85.5,10.0,4.0,2.0,2.0,0.0,8.0,4.0,33.0,0.0,0.0,0.0,170.0,0.0,2.0,2.0,0
3234395,403.4420000000002,3.2917000000000014,1.0,8.0,91.16000000000004,6.0,4.0,2.0,2.0,0.0,8.0,4.0,30.0,0.0,0.0,0.0,152.0,0.0,2.0,0.0,0
650492,481.3240000000002,4.112400000000002,2.0,6.0,106.87,7.0,3.0,2.0,1.0,0.0,10.0,3.0,29.0,0.0,0.0,0.0,152.0,0.0,1.0,1.0,0
6858585,292.34200000000004,3.0231000000000003,1.0,5.0,65.42999999999999,4.0,3.0,2.0,1.0,0.0,5.0,3.0,22.0,0.0,0.0,0.0,110.0,0.0,1.0,0.0,0
2999978,407.4990000000001,3.3114800000000004,1.0,7.0,97.17,8.0,3.0,2.0,1.0,0.0,8.0,3.0,29.0,0.0,0.0,0.0,148.0,0.0,1.0,1.0,0
2956787,277.27399999999994,3.2425000000000006,2.0,2.0,54.02,3.0,2.0,1.0,1.0,0.0,6.0,2.0,20.0,0.0,0.0,0.0,104.0,0.0,1.0,2.0,0
3245867,338.4730000000001,1.5119199999999997,1.0,4.0,66.48,8.0,1.0,1.0,0.0,1.0,6.0,2.0,23.0,1.0,0.0,1.0,128.0,0.0,1.0,1.0,0
3246655,207.34200000000004,2.580800000000001,1.0,2.0,3.24,2.0,1.0,1.0,0.0,1.0,2.0,2.0,14.0,1.0,0.0,1.0,76.0,0.0,1.0,0.0,0
135414620,352.4160000000001,0.7073000000000004,3.0,6.0,109.09999999999998,9.0,2.0,1.0,1.0,0.0,9.0,2.0,24.0,0.0,0.0,0.0,130.0,0.0,1.0,1.0,0
5307704,356.4220000000002,2.4225400000000006,1.0,6.0,75.71000000000001,5.0,2.0,2.0,0.0,1.0,6.0,3.0,26.0,1.0,0.0,1.0,138.0,0.0,1.0,0.0,0
655654,437.49200000000025,3.822600000000003,2.0,7.0,94.09000000000002,6.0,2.0,2.0,0.0,0.0,7.0,4.0,32.0,2.0,1.0,1.0,168.0,0.0,1.0,0.0,0
650726,214.228,2.1206,2.0,3.0,66.91,2.0,2.0,0.0,2.0,0.0,5.0,2.0,16.0,0.0,0.0,0.0,80.0,0.0,2.0,2.0,0
653951,374.42200000000025,2.1303,0.0,8.0,86.53,6.0,3.0,0.0,3.0,1.0,9.0,4.0,26.0,1.0,0.0,1.0,136.0,0.0,4.0,1.0,0
654627,206.2199999999999,1.53398,0.0,3.0,36.260000000000005,1.0,1.0,1.0,0.0,1.0,4.0,2.0,15.0,1.0,0.0,1.0,78.0,0.0,1.0,0.0,0
5771399,466.9910000000002,2.8858200000000016,1.0,6.0,95.75,7.0,2.0,1.0,1.0,1.0,10.0,3.0,31.0,1.0,0.0,1.0,168.0,0.0,2.0,1.0,0
2530096,365.50500000000005,4.361200000000003,0.0,8.0,57.13000000000001,7.0,3.0,1.0,2.0,0.0,8.0,3.0,23.0,0.0,0.0,0.0,120.0,0.0,2.0,0.0,0
16758758,459.4990000000003,1.0501999999999996,3.0,8.0,137.76000000000002,5.0,1.0,1.0,0.0,3.0,10.0,4.0,33.0,3.0,2.0,1.0,178.0,0.0,1.0,3.0,0
2999799,396.4470000000002,2.579580000000001,0.0,8.0,105.41,6.0,2.0,1.0,1.0,1.0,8.0,3.0,29.0,1.0,0.0,1.0,152.0,0.0,2.0,0.0,0
663265,293.363,2.2996,1.0,5.0,76.49000000000001,6.0,1.0,0.0,1.0,0.0,5.0,1.0,21.0,0.0,0.0,0.0,116.0,0.0,1.0,0.0,0
2223353,318.39800000000014,2.29652,2.0,3.0,75.27000000000001,5.0,2.0,2.0,0.0,0.0,6.0,2.0,22.0,0.0,0.0,0.0,116.0,0.0,0.0,1.0,0
5967872,254.28500000000005,3.1811000000000016,1.0,3.0,46.53,3.0,1.0,1.0,0.0,0.0,3.0,2.0,19.0,1.0,1.0,0.0,96.0,0.0,0.0,0.0,0
2932721,361.3500000000001,1.8653,2.0,6.0,119.0,5.0,1.0,1.0,0.0,0.0,8.0,2.0,26.0,1.0,1.0,0.0,138.0,0.0,0.0,1.0,0
118365062,441.4880000000003,2.253200000000001,5.0,7.0,141.62,9.0,3.0,1.0,2.0,1.0,10.0,4.0,32.0,1.0,1.0,0.0,170.0,0.0,2.0,2.0,1
1246103,336.2220000000001,3.350800000000002,0.0,3.0,36.440000000000005,2.0,2.0,1.0,1.0,1.0,6.0,3.0,22.0,1.0,0.0,1.0,114.0,0.0,2.0,1.0,0
424220,253.349,3.1412000000000013,0.0,3.0,21.06,4.0,3.0,1.0,2.0,0.0,3.0,3.0,19.0,0.0,0.0,0.0,98.0,0.0,2.0,0.0,0
96686,316.407,4.200090000000002,2.0,5.0,54.26,4.0,3.0,2.0,1.0,0.0,6.0,3.0,21.0,0.0,0.0,0.0,106.0,0.0,1.0,0.0,0
2952974,440.2900000000004,2.1259,0.0,6.0,82.14,3.0,1.0,1.0,0.0,1.0,8.0,3.0,27.0,2.0,0.0,2.0,146.0,0.0,2.0,1.0,0
5307794,454.55200000000025,2.543000000000001,1.0,6.0,101.37,9.0,3.0,1.0,2.0,0.0,9.0,3.0,32.0,0.0,0.0,0.0,168.0,0.0,2.0,1.0,0
650002,357.41400000000004,0.8503999999999992,3.0,7.0,104.94,8.0,3.0,1.0,2.0,0.0,8.0,3.0,26.0,0.0,0.0,0.0,138.0,0.0,2.0,0.0,0
121416560,362.3970000000001,2.17912,2.0,7.0,102.55,4.0,4.0,0.0,4.0,0.0,9.0,4.0,27.0,0.0,0.0,0.0,136.0,0.0,4.0,2.0,1
2202556,422.51100000000025,0.4399200000000007,1.0,9.0,109.78,8.0,2.0,1.0,1.0,1.0,11.0,3.0,29.0,1.0,0.0,1.0,158.0,0.0,2.0,0.0,0
3233299,322.37200000000007,0.8000999999999998,1.0,7.0,75.94,2.0,3.0,1.0,2.0,1.0,7.0,4.0,24.0,1.0,0.0,1.0,122.0,0.0,3.0,0.0,0
2615834,426.45800000000025,2.18232,2.0,9.0,120.26000000000002,5.0,3.0,2.0,1.0,0.0,11.0,4.0,30.0,1.0,0.0,1.0,154.0,0.0,2.0,3.0,0
3240749,394.4710000000001,2.3459000000000003,1.0,5.0,70.08,6.0,2.0,2.0,0.0,1.0,6.0,4.0,29.0,2.0,0.0,2.0,152.0,0.0,2.0,1.0,0
647508,372.49400000000014,2.9483000000000006,1.0,6.0,72.68,8.0,3.0,1.0,2.0,0.0,7.0,3.0,26.0,0.0,0.0,0.0,138.0,0.0,2.0,0.0,0
1246492,249.31,2.746100000000001,1.0,2.0,29.1,4.0,2.0,1.0,1.0,0.0,4.0,2.0,17.0,0.0,0.0,0.0,88.0,0.0,1.0,1.0,0
3242122,373.4970000000002,2.569700000000001,1.0,4.0,61.88,6.0,1.0,1.0,0.0,1.0,6.0,3.0,27.0,2.0,0.0,2.0,148.0,0.0,2.0,2.0,0
6603769,346.46700000000016,2.666700000000002,2.0,4.0,74.6,2.0,0.0,0.0,0.0,3.0,4.0,4.0,25.0,4.0,4.0,0.0,138.0,0.0,0.0,0.0,0
3242742,314.38800000000003,1.3259,2.0,5.0,88.41,7.0,2.0,0.0,2.0,0.0,8.0,2.0,20.0,0.0,0.0,0.0,108.0,0.0,2.0,1.0,0
662010,405.5020000000003,3.972020000000003,0.0,7.0,74.83,6.0,4.0,1.0,3.0,1.0,7.0,5.0,30.0,1.0,0.0,1.0,156.0,0.0,4.0,0.0,0
649206,305.41900000000004,-2.100499999999994,3.0,7.0,79.64,6.0,0.0,0.0,0.0,1.0,7.0,1.0,21.0,1.0,0.0,1.0,126.0,0.0,1.0,0.0,0
3240207,443.5880000000004,4.460540000000004,2.0,4.0,87.74000000000001,4.0,1.0,1.0,0.0,2.0,7.0,3.0,32.0,2.0,1.0,1.0,176.0,0.0,1.0,3.0,0
135449593,182.139,0.0243,2.0,7.0,104.1,0.0,1.0,0.0,1.0,0.0,7.0,2.0,13.0,1.0,1.0,0.0,68.0,0.0,1.0,0.0,0
799687,315.196,2.0553,1.0,6.0,65.96000000000001,4.0,2.0,1.0,1.0,0.0,7.0,2.0,17.0,0.0,0.0,0.0,90.0,0.0,1.0,0.0,0
694186,287.3190000000001,1.8725,0.0,6.0,74.08000000000001,3.0,2.0,1.0,1.0,1.0,6.0,3.0,21.0,1.0,1.0,0.0,110.0,0.0,1.0,0.0,0
5284381,307.966,-0.7802000000000002,4.0,4.0,80.92,5.0,0.0,0.0,0.0,0.0,6.0,0.0,12.0,0.0,0.0,0.0,74.0,0.0,0.0,0.0,0
645058,412.87700000000007,3.787320000000002,1.0,7.0,103.16,4.0,2.0,1.0,1.0,0.0,8.0,3.0,29.0,1.0,0.0,1.0,150.0,0.0,2.0,0.0,0
3234152,409.4900000000001,3.0355000000000016,1.0,5.0,87.66000000000001,3.0,2.0,1.0,1.0,2.0,8.0,4.0,30.0,2.0,0.0,2.0,158.0,1.0,3.0,3.0,0
3242880,460.5520000000001,3.260720000000002,0.0,6.0,93.22,7.0,2.0,2.0,0.0,1.0,9.0,3.0,32.0,1.0,0.0,1.0,172.0,0.0,1.0,1.0,0
664314,214.26799999999992,2.8465000000000007,2.0,2.0,48.38,1.0,2.0,1.0,1.0,0.0,3.0,3.0,16.0,1.0,0.0,1.0,82.0,0.0,2.0,0.0,0
3083585,176.171,1.9566,3.0,3.0,60.69,0.0,2.0,2.0,0.0,0.0,3.0,2.0,13.0,0.0,0.0,0.0,66.0,0.0,0.0,0.0,0
666429,337.41900000000004,3.587200000000003,1.0,4.0,41.93000000000001,3.0,2.0,2.0,0.0,0.0,4.0,4.0,25.0,2.0,0.0,2.0,130.0,1.0,2.0,0.0,0
2572847,324.434,4.169300000000002,0.0,6.0,43.6,4.0,4.0,2.0,2.0,0.0,6.0,4.0,22.0,0.0,0.0,0.0,108.0,0.0,2.0,0.0,0
3245741,275.304,1.602,0.0,4.0,55.84,4.0,1.0,1.0,0.0,1.0,5.0,3.0,20.0,2.0,0.0,2.0,106.0,1.0,2.0,1.0,0
871986,212.274,1.4884000000000002,1.0,4.0,49.53999999999999,1.0,1.0,0.0,1.0,0.0,5.0,2.0,14.0,1.0,0.0,1.0,76.0,0.0,2.0,0.0,0
2361881,434.5140000000002,2.2381,1.0,6.0,104.22,9.0,2.0,2.0,0.0,0.0,9.0,2.0,30.0,0.0,0.0,0.0,162.0,0.0,0.0,1.0,0
2949756,388.4970000000002,2.2593,2.0,8.0,92.27,7.0,2.0,1.0,1.0,1.0,9.0,3.0,27.0,1.0,0.0,1.0,144.0,0.0,2.0,1.0,0
3244330,403.5480000000003,3.030140000000001,1.0,6.0,67.60000000000001,9.0,2.0,1.0,1.0,1.0,7.0,3.0,28.0,1.0,0.0,1.0,152.0,0.0,2.0,1.0,0
3237915,388.46400000000017,2.30072,0.0,5.0,76.15,5.0,1.0,1.0,0.0,1.0,7.0,3.0,28.0,2.0,0.0,2.0,152.0,0.0,2.0,2.0,0
896068,298.408,1.5570000000000002,0.0,4.0,49.85,5.0,1.0,1.0,0.0,1.0,6.0,2.0,20.0,1.0,0.0,1.0,112.0,0.0,1.0,0.0,0
659552,426.5610000000004,3.5402200000000024,2.0,5.0,77.66999999999999,5.0,2.0,1.0,1.0,2.0,7.0,4.0,31.0,2.0,1.0,1.0,168.0,0.0,2.0,1.0,0
2845279,288.435,3.395900000000002,0.0,3.0,15.71,3.0,1.0,1.0,0.0,2.0,3.0,3.0,21.0,2.0,1.0,1.0,116.0,0.0,1.0,0.0,0
2107086,431.4560000000001,3.323100000000002,0.0,9.0,91.38,5.0,5.0,2.0,3.0,0.0,10.0,5.0,31.0,0.0,0.0,0.0,152.0,0.0,3.0,0.0,0
6899,163.003,2.699,1.0,1.0,20.23,0.0,1.0,1.0,0.0,0.0,3.0,1.0,9.0,0.0,0.0,0.0,48.0,0.0,0.0,0.0,0
313103,273.357,3.669400000000002,1.0,3.0,38.33,4.0,2.0,2.0,0.0,0.0,4.0,2.0,19.0,0.0,0.0,0.0,98.0,0.0,0.0,1.0,0
3235320,321.38,3.7729000000000017,1.0,5.0,56.27,6.0,3.0,2.0,1.0,0.0,5.0,3.0,24.0,0.0,0.0,0.0,122.0,0.0,1.0,0.0,0
660848,344.4620000000001,3.6806000000000014,0.0,4.0,35.2,3.0,3.0,2.0,1.0,1.0,4.0,4.0,26.0,1.0,0.0,1.0,132.0,0.0,2.0,0.0,0
666410,449.9230000000002,5.635340000000004,1.0,7.0,85.32000000000001,4.0,5.0,2.0,3.0,0.0,9.0,5.0,31.0,0.0,0.0,0.0,154.0,0.0,3.0,1.0,0
644432,373.41200000000015,3.453500000000002,1.0,4.0,74.91,5.0,3.0,2.0,1.0,0.0,6.0,4.0,28.0,1.0,0.0,1.0,140.0,0.0,2.0,2.0,0
892835,289.42499999999995,4.139300000000002,1.0,3.0,29.1,5.0,2.0,2.0,0.0,0.0,4.0,2.0,19.0,0.0,0.0,0.0,98.0,0.0,0.0,1.0,0
881848,281.315,3.484300000000002,1.0,4.0,68.02000000000001,3.0,3.0,1.0,2.0,0.0,5.0,3.0,21.0,0.0,0.0,0.0,106.0,0.0,2.0,1.0,0
3000170,357.504,4.657000000000004,0.0,6.0,39.94,5.0,3.0,1.0,2.0,1.0,6.0,4.0,24.0,1.0,0.0,1.0,124.0,0.0,3.0,0.0,0
3246160,241.29000000000005,2.882600000000002,1.0,2.0,50.19,5.0,2.0,1.0,1.0,0.0,3.0,2.0,18.0,0.0,0.0,0.0,92.0,0.0,1.0,0.0,0
3236707,418.5150000000002,3.697300000000002,0.0,7.0,77.43,7.0,1.0,1.0,0.0,1.0,8.0,3.0,29.0,2.0,0.0,2.0,156.0,0.0,2.0,1.0,0
16759019,239.246,2.2019,1.0,3.0,55.4,4.0,1.0,1.0,0.0,0.0,5.0,1.0,17.0,0.0,0.0,0.0,92.0,0.0,0.0,1.0,0
684453,204.277,1.91728,1.0,4.0,67.63,2.0,1.0,0.0,1.0,1.0,4.0,2.0,15.0,1.0,1.0,0.0,80.0,0.0,1.0,0.0,0
782380,272.18600000000004,2.6534000000000013,1.0,2.0,23.47,6.0,1.0,1.0,0.0,0.0,3.0,1.0,15.0,0.0,0.0,0.0,84.0,0.0,0.0,0.0,0
2660503,428.5390000000002,3.6320000000000032,1.0,6.0,92.26,5.0,3.0,1.0,2.0,1.0,9.0,4.0,29.0,1.0,0.0,1.0,150.0,0.0,3.0,1.0,1
647570,276.40500000000003,3.6445000000000025,0.0,3.0,25.24,2.0,2.0,0.0,2.0,1.0,4.0,3.0,19.0,1.0,1.0,0.0,102.0,0.0,2.0,1.0,0
3244893,466.9250000000001,5.126140000000005,1.0,7.0,91.41,7.0,4.0,2.0,2.0,0.0,9.0,4.0,33.0,0.0,0.0,0.0,170.0,0.0,2.0,1.0,0
1370292,395.4150000000001,3.9055000000000017,3.0,5.0,113.58,5.0,3.0,1.0,2.0,0.0,8.0,3.0,29.0,0.0,0.0,0.0,150.0,0.0,2.0,3.0,0
135449560,341.3920000000001,2.3699000000000003,2.0,6.0,84.22,4.0,3.0,2.0,1.0,0.0,7.0,3.0,24.0,0.0,0.0,0.0,122.0,0.0,1.0,1.0,0
1503465,344.3920000000001,3.9351400000000014,1.0,6.0,81.42999999999999,4.0,3.0,0.0,3.0,0.0,7.0,3.0,24.0,0.0,0.0,0.0,124.0,0.0,3.0,1.0,0
645808,403.48600000000016,2.8375400000000006,1.0,7.0,119.09,4.0,1.0,1.0,0.0,0.0,7.0,3.0,30.0,2.0,1.0,1.0,154.0,0.0,1.0,0.0,0
2712659,290.3190000000001,1.1575999999999993,1.0,4.0,67.87,5.0,1.0,1.0,0.0,1.0,6.0,3.0,21.0,2.0,0.0,2.0,112.0,0.0,2.0,2.0,0
3237301,483.5500000000002,0.9064,1.0,7.0,115.90999999999998,4.0,3.0,1.0,2.0,2.0,11.0,5.0,34.0,2.0,0.0,2.0,178.0,0.0,4.0,1.0,0
3246580,210.273,1.7924,2.0,2.0,57.53,2.0,0.0,0.0,0.0,4.0,3.0,4.0,15.0,4.0,4.0,0.0,84.0,0.0,0.0,0.0,0
3457014,413.4770000000001,4.192670000000003,2.0,6.0,80.36,5.0,4.0,3.0,1.0,0.0,6.0,5.0,31.0,1.0,0.0,1.0,156.0,0.0,2.0,0.0,1
2864982,259.305,2.1272,1.0,3.0,55.4,3.0,1.0,1.0,0.0,0.0,4.0,2.0,19.0,1.0,0.0,1.0,100.0,0.0,1.0,1.0,0
387119,374.3560000000001,4.384600000000003,0.0,6.0,112.06,5.0,4.0,2.0,2.0,0.0,8.0,4.0,28.0,0.0,0.0,0.0,138.0,0.0,2.0,0.0,0
9547710,368.34900000000016,0.2540999999999995,1.0,9.0,126.28,4.0,3.0,1.0,2.0,0.0,9.0,3.0,27.0,0.0,0.0,0.0,138.0,0.0,2.0,0.0,0
6604237,414.5460000000003,1.8569999999999995,2.0,4.0,58.92,3.0,2.0,2.0,0.0,2.0,6.0,4.0,30.0,2.0,0.0,2.0,162.0,0.0,2.0,0.0,0
2964199,341.28900000000004,3.2502000000000004,2.0,5.0,76.38000000000001,3.0,2.0,1.0,1.0,0.0,9.0,3.0,24.0,1.0,0.0,1.0,128.0,0.0,2.0,0.0,0
1990347,424.61700000000025,3.223980000000002,0.0,7.0,77.3,6.0,1.0,0.0,1.0,2.0,9.0,3.0,27.0,2.0,0.0,2.0,146.0,0.0,3.0,2.0,0
3240086,331.73400000000004,2.8813200000000005,1.0,4.0,63.99,2.0,3.0,2.0,1.0,0.0,7.0,3.0,23.0,0.0,0.0,0.0,116.0,0.0,1.0,1.0,0
1152521,489.47900000000016,4.284020000000004,1.0,8.0,94.95000000000002,6.0,4.0,1.0,3.0,0.0,12.0,4.0,34.0,0.0,0.0,0.0,176.0,0.0,3.0,1.0,0
5308205,492.0230000000003,3.625700000000002,1.0,6.0,62.510000000000005,6.0,4.0,2.0,2.0,1.0,8.0,5.0,35.0,1.0,0.0,1.0,182.0,0.0,3.0,1.0,0
1265263,370.8210000000001,4.732300000000003,0.0,7.0,77.84,5.0,4.0,2.0,2.0,0.0,8.0,4.0,25.0,0.0,0.0,0.0,124.0,0.0,2.0,0.0,0
976770,326.37700000000007,3.774600000000001,2.0,4.0,71.34,5.0,3.0,1.0,2.0,0.0,6.0,3.0,23.0,0.0,0.0,0.0,116.0,0.0,2.0,2.0,0
87135,166.18,0.3763000000000003,2.0,3.0,78.34,2.0,1.0,1.0,0.0,0.0,4.0,1.0,12.0,0.0,0.0,0.0,64.0,0.0,0.0,1.0,0
1316451,383.44800000000026,2.0095,2.0,5.0,79.89999999999999,7.0,2.0,2.0,0.0,1.0,7.0,3.0,28.0,1.0,0.0,1.0,148.0,0.0,1.0,2.0,0
854067,167.208,0.645,3.0,3.0,52.49,3.0,1.0,1.0,0.0,0.0,3.0,1.0,12.0,0.0,0.0,0.0,66.0,0.0,0.0,0.0,0
3244512,300.738,4.203700000000001,1.0,3.0,50.44,5.0,2.0,1.0,1.0,0.0,6.0,2.0,19.0,0.0,0.0,0.0,100.0,0.0,1.0,0.0,0
3242673,357.27300000000014,3.4247000000000023,0.0,4.0,51.96,2.0,2.0,1.0,1.0,0.0,6.0,2.0,20.0,0.0,0.0,0.0,108.0,0.0,1.0,0.0,0
118381382,401.43000000000006,3.4879000000000016,4.0,5.0,124.69,5.0,4.0,1.0,3.0,0.0,9.0,4.0,30.0,0.0,0.0,0.0,150.0,0.0,3.0,3.0,1
6364,76.164,1.3246,1.0,1.0,0.0,0.0,0.0,0.0,0.0,0.0,1.0,0.0,4.0,0.0,0.0,0.0,26.0,0.0,0.0,0.0,0
649957,451.5310000000002,1.520419999999999,2.0,8.0,126.13,8.0,3.0,1.0,2.0,0.0,10.0,3.0,33.0,0.0,0.0,0.0,174.0,0.0,2.0,2.0,0
868164,317.34100000000007,2.7299000000000007,1.0,5.0,66.02000000000001,7.0,2.0,2.0,0.0,0.0,6.0,2.0,23.0,0.0,0.0,0.0,122.0,0.0,0.0,1.0,0
665977,299.374,3.085300000000002,1.0,4.0,56.150000000000006,2.0,2.0,1.0,1.0,1.0,5.0,4.0,22.0,2.0,1.0,1.0,116.0,0.0,2.0,1.0,0
663104,281.312,-0.2224000000000001,1.0,7.0,85.82,3.0,1.0,0.0,1.0,1.0,7.0,2.0,20.0,1.0,0.0,1.0,110.0,0.0,2.0,0.0,0
16759093,386.42300000000006,3.459600000000002,2.0,5.0,76.66,7.0,2.0,2.0,0.0,0.0,7.0,2.0,28.0,0.0,0.0,0.0,148.0,0.0,0.0,1.0,0
5309134,459.5240000000002,3.532740000000002,1.0,7.0,110.97,9.0,3.0,2.0,1.0,0.0,10.0,3.0,32.0,0.0,0.0,0.0,170.0,0.0,1.0,1.0,0
754393,228.296,-1.208799999999998,2.0,4.0,64.68,4.0,0.0,0.0,0.0,1.0,6.0,1.0,16.0,1.0,0.0,1.0,92.0,0.0,1.0,2.0,0
3240247,390.5090000000001,1.9479,2.0,4.0,95.16,7.0,2.0,1.0,1.0,1.0,8.0,3.0,27.0,1.0,0.0,1.0,146.0,0.0,2.0,1.0,0
694064,297.3580000000001,3.686580000000002,1.0,4.0,78.92,5.0,2.0,0.0,2.0,0.0,5.0,2.0,22.0,0.0,0.0,0.0,114.0,0.0,2.0,1.0,0
95997,180.203,1.9064,0.0,3.0,35.53,3.0,1.0,1.0,0.0,0.0,3.0,1.0,13.0,0.0,0.0,0.0,70.0,0.0,0.0,0.0,0
2609049,408.39800000000014,1.6965,1.0,5.0,92.78,6.0,1.0,1.0,0.0,1.0,11.0,2.0,27.0,1.0,0.0,1.0,150.0,0.0,1.0,1.0,0
2842590,200.263,1.3661,2.0,4.0,65.98,3.0,1.0,0.0,1.0,0.0,5.0,1.0,13.0,0.0,0.0,0.0,72.0,0.0,1.0,0.0,0
648657,375.46900000000034,2.7685000000000004,2.0,4.0,79.9,5.0,1.0,1.0,0.0,2.0,7.0,3.0,27.0,2.0,1.0,1.0,148.0,0.0,1.0,3.0,0
646218,481.58200000000033,1.4117999999999995,0.0,8.0,104.53,5.0,3.0,2.0,1.0,2.0,11.0,5.0,34.0,2.0,0.0,2.0,178.0,0.0,3.0,1.0,0
2939602,265.265,1.8242,3.0,3.0,103.7,6.0,1.0,1.0,0.0,0.0,6.0,1.0,19.0,0.0,0.0,0.0,102.0,0.0,0.0,1.0,0
645161,381.4570000000001,3.5558000000000023,1.0,5.0,65.79,4.0,3.0,1.0,2.0,1.0,7.0,4.0,27.0,1.0,0.0,1.0,138.0,0.0,3.0,2.0,0
1051352,375.46800000000025,2.05032,0.0,7.0,89.98,4.0,1.0,0.0,1.0,1.0,9.0,2.0,24.0,1.0,0.0,1.0,134.0,0.0,2.0,0.0,0
715064,273.21399999999994,1.2706999999999995,2.0,5.0,71.17,3.0,2.0,1.0,1.0,0.0,8.0,2.0,19.0,0.0,0.0,0.0,102.0,0.0,1.0,0.0,0
3236743,393.8710000000003,1.9431,0.0,4.0,62.32000000000001,4.0,1.0,1.0,0.0,3.0,8.0,4.0,27.0,3.0,0.0,3.0,146.0,1.0,3.0,3.0,0
2992168,369.3430000000001,3.0162000000000013,0.0,6.0,56.71000000000001,4.0,2.0,1.0,1.0,1.0,9.0,3.0,26.0,1.0,0.0,1.0,140.0,0.0,2.0,0.0,0
3163338,255.657,1.2383999999999995,0.0,4.0,55.84,2.0,1.0,1.0,0.0,0.0,6.0,2.0,17.0,1.0,0.0,1.0,90.0,0.0,1.0,1.0,0
666899,358.39800000000025,1.1887999999999992,2.0,6.0,114.18,6.0,2.0,1.0,1.0,1.0,8.0,3.0,26.0,1.0,1.0,0.0,138.0,0.0,1.0,1.0,0
1073127,397.50000000000017,3.354800000000002,0.0,6.0,64.43,7.0,3.0,2.0,1.0,0.0,7.0,3.0,28.0,0.0,0.0,0.0,146.0,0.0,1.0,1.0,0
666878,353.3780000000001,2.1469,1.0,7.0,103.41,3.0,2.0,0.0,2.0,1.0,7.0,4.0,26.0,2.0,0.0,2.0,134.0,0.0,4.0,0.0,0
2999440,477.5200000000002,1.4557999999999998,2.0,8.0,138.95,9.0,2.0,2.0,0.0,1.0,12.0,3.0,32.0,1.0,0.0,1.0,168.0,0.0,1.0,3.0,0
2346927,244.341,2.223990000000001,1.0,6.0,57.25,4.0,1.0,0.0,1.0,0.0,6.0,1.0,15.0,0.0,0.0,0.0,82.0,0.0,1.0,0.0,0
792960,318.7600000000001,2.531200000000001,0.0,3.0,53.760000000000005,2.0,2.0,1.0,1.0,1.0,6.0,3.0,22.0,1.0,0.0,1.0,114.0,0.0,2.0,2.0,0
16758604,512.5590000000003,1.4827999999999988,3.0,9.0,142.03000000000003,9.0,2.0,1.0,1.0,3.0,10.0,5.0,37.0,3.0,2.0,1.0,198.0,0.0,2.0,2.0,0
654590,321.38,3.7729000000000017,1.0,5.0,56.27,6.0,3.0,2.0,1.0,0.0,5.0,3.0,24.0,0.0,0.0,0.0,122.0,0.0,1.0,0.0,0
135533350,320.80500000000006,3.2643000000000013,1.0,5.0,63.57,4.0,3.0,1.0,2.0,0.0,7.0,3.0,21.0,0.0,0.0,0.0,108.0,0.0,2.0,0.0,0
9568630,271.345,3.097380000000001,1.0,5.0,61.31,2.0,2.0,0.0,2.0,0.0,5.0,3.0,19.0,1.0,1.0,0.0,96.0,0.0,2.0,0.0,0
7040,174.15899999999996,1.92962,0.0,4.0,58.86,2.0,1.0,1.0,0.0,0.0,4.0,1.0,13.0,0.0,0.0,0.0,64.0,0.0,0.0,0.0,0
3238454,266.3,3.286100000000002,1.0,3.0,55.120000000000005,3.0,3.0,2.0,1.0,0.0,4.0,3.0,20.0,0.0,0.0,0.0,100.0,0.0,1.0,0.0,0
3234001,279.347,2.3909,0.0,5.0,46.84,4.0,3.0,1.0,2.0,0.0,5.0,3.0,21.0,0.0,0.0,0.0,106.0,0.0,2.0,0.0,0
3162437,284.315,2.5729,1.0,4.0,60.45,3.0,2.0,1.0,1.0,0.0,5.0,3.0,21.0,1.0,0.0,1.0,108.0,0.0,2.0,1.0,0
2058390,197.25900000000004,1.4419,1.0,3.0,50.19,5.0,1.0,0.0,1.0,0.0,4.0,1.0,13.0,0.0,0.0,0.0,70.0,0.0,1.0,0.0,0
3245205,436.5520000000001,3.991100000000003,0.0,4.0,59.08,7.0,2.0,2.0,0.0,2.0,6.0,4.0,32.0,2.0,1.0,1.0,170.0,0.0,1.0,2.0,0
6939260,271.107,2.4757,0.0,5.0,52.3,3.0,2.0,1.0,1.0,0.0,7.0,2.0,17.0,0.0,0.0,0.0,88.0,0.0,1.0,0.0,0
3238663,328.349,3.442000000000001,1.0,6.0,81.42999999999999,4.0,3.0,1.0,2.0,0.0,7.0,3.0,23.0,0.0,0.0,0.0,116.0,0.0,2.0,1.0,0
5308400,461.5840000000003,2.447,0.0,6.0,88.92,5.0,2.0,1.0,1.0,2.0,9.0,4.0,32.0,2.0,1.0,1.0,174.0,0.0,2.0,1.0,0
730934,203.241,2.23522,1.0,2.0,42.09,2.0,2.0,1.0,1.0,0.0,3.0,2.0,15.0,0.0,0.0,0.0,78.0,0.0,1.0,0.0,0
657801,235.239,2.3793000000000006,0.0,5.0,61.44,3.0,2.0,1.0,1.0,0.0,5.0,2.0,17.0,0.0,0.0,0.0,90.0,0.0,1.0,0.0,0
788704,276.7709999999999,1.3169999999999995,0.0,4.0,22.08,2.0,1.0,1.0,0.0,4.0,5.0,5.0,19.0,4.0,0.0,4.0,100.0,0.0,4.0,0.0,0
71247882,484.4820000000002,3.9410000000000025,2.0,7.0,93.96,9.0,4.0,2.0,2.0,0.0,11.0,4.0,35.0,0.0,0.0,0.0,182.0,0.0,2.0,1.0,1
3244191,360.75700000000006,1.64312,2.0,6.0,97.72,3.0,3.0,1.0,2.0,0.0,9.0,4.0,25.0,1.0,0.0,1.0,128.0,0.0,3.0,1.0,0
723287,298.273,2.0604,1.0,3.0,66.48,3.0,2.0,2.0,0.0,0.0,6.0,3.0,22.0,1.0,0.0,1.0,110.0,0.0,1.0,3.0,0
3232702,263.30400000000003,2.545700000000001,1.0,5.0,63.59,4.0,3.0,0.0,3.0,0.0,5.0,3.0,20.0,0.0,0.0,0.0,98.0,0.0,3.0,0.0,0
135494820,306.8180000000001,3.594400000000002,1.0,3.0,45.75,3.0,2.0,1.0,1.0,0.0,5.0,3.0,20.0,1.0,1.0,0.0,104.0,0.0,1.0,0.0,0
3244897,289.379,1.6963999999999997,1.0,2.0,52.650000000000006,3.0,1.0,1.0,0.0,1.0,5.0,2.0,21.0,1.0,0.0,1.0,114.0,0.0,1.0,3.0,0
2215490,344.827,4.560500000000003,2.0,5.0,66.91,4.0,3.0,1.0,2.0,0.0,7.0,3.0,23.0,0.0,0.0,0.0,116.0,0.0,2.0,1.0,1
121416719,491.5460000000003,4.717820000000003,2.0,6.0,87.97000000000001,6.0,4.0,1.0,3.0,1.0,10.0,5.0,36.0,1.0,0.0,1.0,186.0,0.0,4.0,2.0,1
5307538,398.48400000000015,2.2498000000000005,1.0,4.0,75.71000000000001,5.0,2.0,2.0,0.0,1.0,7.0,4.0,28.0,2.0,0.0,2.0,146.0,0.0,2.0,2.0,0
655307,277.349,0.6921000000000004,2.0,4.0,84.55,4.0,1.0,1.0,0.0,0.0,6.0,2.0,19.0,1.0,0.0,1.0,100.0,0.0,1.0,2.0,0
3247380,548.7080000000002,7.313600000000007,2.0,3.0,75.27000000000001,8.0,5.0,5.0,0.0,1.0,6.0,6.0,40.0,1.0,1.0,0.0,202.0,0.0,0.0,1.0,0
2963729,491.6100000000004,3.2166000000000023,1.0,7.0,97.41,10.0,2.0,2.0,0.0,1.0,10.0,3.0,34.0,1.0,0.0,1.0,186.0,0.0,1.0,1.0,0
3236171,457.4900000000004,3.434300000000001,2.0,7.0,126.49,3.0,3.0,2.0,1.0,1.0,9.0,5.0,34.0,2.0,0.0,2.0,172.0,0.0,3.0,1.0,0
3241457,322.3860000000001,1.7845999999999995,1.0,6.0,69.56,5.0,2.0,0.0,2.0,1.0,7.0,3.0,22.0,1.0,0.0,1.0,118.0,0.0,3.0,1.0,0
2095664,365.4580000000001,3.020120000000002,0.0,4.0,52.98,3.0,2.0,2.0,0.0,0.0,6.0,4.0,26.0,2.0,0.0,2.0,132.0,0.0,2.0,2.0,0
913801,335.388,4.535700000000003,0.0,6.0,61.040000000000006,4.0,4.0,1.0,3.0,0.0,6.0,4.0,24.0,0.0,0.0,0.0,118.0,0.0,3.0,0.0,0
54676763,336.34700000000004,2.8510000000000018,3.0,5.0,91.56,4.0,3.0,2.0,1.0,0.0,6.0,3.0,25.0,0.0,0.0,0.0,126.0,0.0,1.0,1.0,0
888358,313.35300000000007,3.358060000000002,1.0,4.0,56.790000000000006,4.0,2.0,2.0,0.0,0.0,5.0,3.0,23.0,1.0,0.0,1.0,120.0,0.0,1.0,1.0,0
54690613,350.3740000000001,3.1540000000000017,2.0,5.0,80.56,5.0,3.0,2.0,1.0,0.0,6.0,3.0,26.0,0.0,0.0,0.0,132.0,0.0,1.0,1.0,0
3241462,383.4080000000001,1.3930999999999991,1.0,8.0,100.27,4.0,3.0,1.0,2.0,0.0,9.0,4.0,28.0,1.0,0.0,1.0,146.0,0.0,3.0,1.0,0
92044884,386.45900000000006,4.253520000000003,3.0,4.0,95.59,5.0,4.0,1.0,3.0,0.0,7.0,4.0,29.0,0.0,0.0,0.0,146.0,0.0,3.0,2.0,1
2063395,439.2920000000001,4.567500000000004,1.0,3.0,55.4,5.0,2.0,2.0,0.0,0.0,11.0,2.0,29.0,0.0,0.0,0.0,158.0,0.0,0.0,1.0,0
2999270,461.5910000000004,3.894020000000003,0.0,7.0,72.5,5.0,4.0,2.0,2.0,1.0,8.0,5.0,33.0,1.0,0.0,1.0,170.0,0.0,3.0,1.0,0
2365802,367.4300000000001,3.036200000000001,1.0,6.0,73.22,6.0,3.0,1.0,2.0,1.0,7.0,4.0,26.0,1.0,1.0,0.0,132.0,0.0,2.0,1.0,0
666247,370.40500000000014,3.2342000000000013,1.0,6.0,78.38000000000001,7.0,2.0,2.0,0.0,0.0,7.0,3.0,27.0,1.0,0.0,1.0,142.0,0.0,1.0,1.0,0
17577285,232.374,2.839600000000001,1.0,5.0,44.95,3.0,0.0,0.0,0.0,1.0,5.0,1.0,14.0,1.0,0.0,1.0,80.0,0.0,1.0,0.0,0
92044650,406.4210000000001,4.050300000000002,3.0,5.0,104.82,5.0,4.0,1.0,3.0,0.0,9.0,4.0,30.0,0.0,0.0,0.0,152.0,0.0,3.0,2.0,1
4224323,320.3040000000001,2.4709000000000003,0.0,5.0,80.48,2.0,3.0,2.0,1.0,0.0,6.0,4.0,24.0,1.0,0.0,1.0,118.0,0.0,2.0,2.0,0
650167,401.44800000000015,2.3375000000000004,1.0,8.0,116.07,7.0,3.0,2.0,1.0,0.0,10.0,3.0,28.0,0.0,0.0,0.0,146.0,0.0,1.0,0.0,0
3235350,413.56500000000017,5.214900000000005,0.0,3.0,28.480000000000004,3.0,3.0,2.0,1.0,2.0,4.0,5.0,31.0,2.0,0.0,2.0,160.0,1.0,3.0,1.0,0
663702,436.2610000000001,4.893900000000004,0.0,4.0,63.66,3.0,4.0,2.0,2.0,0.0,6.0,5.0,28.0,1.0,0.0,1.0,138.0,0.0,3.0,1.0,0
651899,287.30400000000003,1.8647,0.0,7.0,85.01,3.0,3.0,0.0,3.0,0.0,8.0,3.0,20.0,0.0,0.0,0.0,100.0,0.0,3.0,1.0,0
3237772,416.4300000000002,2.861300000000001,1.0,8.0,96.84000000000002,8.0,2.0,2.0,0.0,0.0,9.0,3.0,30.0,1.0,0.0,1.0,160.0,0.0,1.0,1.0,0
9556152,261.369,2.863440000000001,0.0,4.0,37.72,4.0,1.0,0.0,1.0,0.0,4.0,2.0,19.0,1.0,0.0,1.0,104.0,0.0,2.0,0.0,0
4748,403.9790000000002,3.942700000000003,1.0,5.0,29.950000000000003,6.0,2.0,2.0,0.0,1.0,6.0,4.0,27.0,2.0,0.0,2.0,144.0,0.0,2.0,0.0,0
646910,352.41200000000015,0.8197999999999996,1.0,7.0,88.85,5.0,1.0,0.0,1.0,2.0,8.0,3.0,24.0,2.0,0.0,2.0,130.0,0.0,3.0,2.0,0
651950,336.439,2.947020000000001,1.0,4.0,58.120000000000005,4.0,2.0,1.0,1.0,2.0,5.0,4.0,25.0,2.0,1.0,1.0,130.0,0.0,2.0,1.0,0
340667,400.4340000000001,4.8780000000000046,0.0,6.0,70.52000000000001,3.0,4.0,2.0,2.0,0.0,6.0,6.0,30.0,2.0,2.0,0.0,150.0,0.0,2.0,0.0,0
16758474,546.6280000000002,1.7293399999999994,1.0,11.0,119.41,5.0,3.0,1.0,2.0,2.0,11.0,7.0,40.0,4.0,1.0,3.0,210.0,0.0,5.0,0.0,0
2788214,366.3730000000001,2.4865000000000004,1.0,5.0,92.78,5.0,2.0,2.0,0.0,0.0,7.0,3.0,27.0,1.0,0.0,1.0,138.0,0.0,1.0,3.0,0
1530057,303.38700000000006,2.879700000000001,1.0,5.0,54.46,3.0,2.0,1.0,1.0,0.0,6.0,3.0,21.0,1.0,0.0,1.0,110.0,0.0,2.0,1.0,0
715137,253.305,2.891000000000001,2.0,4.0,50.08,3.0,3.0,2.0,1.0,0.0,4.0,3.0,19.0,0.0,0.0,0.0,96.0,0.0,1.0,0.0,0
2227937,329.40000000000003,2.10212,1.0,5.0,67.60000000000001,6.0,2.0,1.0,1.0,1.0,6.0,3.0,24.0,1.0,0.0,1.0,128.0,0.0,2.0,1.0,0
674928,299.3260000000001,3.049640000000001,1.0,4.0,56.790000000000006,4.0,2.0,2.0,0.0,0.0,5.0,3.0,22.0,1.0,0.0,1.0,114.0,0.0,1.0,1.0,0
1570586,286.379,2.07242,1.0,5.0,50.28,5.0,2.0,1.0,1.0,1.0,5.0,3.0,21.0,1.0,0.0,1.0,112.0,0.0,2.0,0.0,0
646978,475.57100000000025,1.3119,1.0,10.0,109.38000000000002,10.0,3.0,1.0,2.0,0.0,11.0,3.0,33.0,0.0,0.0,0.0,178.0,0.0,2.0,1.0,0
2882535,428.4880000000001,5.208700000000004,1.0,5.0,71.78,3.0,3.0,2.0,1.0,0.0,6.0,5.0,32.0,2.0,1.0,1.0,162.0,0.0,2.0,1.0,0
5308797,327.3840000000001,2.4332000000000003,1.0,5.0,73.22,4.0,2.0,1.0,1.0,0.0,6.0,3.0,24.0,1.0,1.0,0.0,126.0,0.0,1.0,1.0,0
662519,349.43500000000023,2.9095000000000013,2.0,6.0,85.83,5.0,2.0,1.0,1.0,1.0,8.0,3.0,24.0,1.0,1.0,0.0,128.0,0.0,1.0,1.0,0
650123,312.3910000000001,0.3861000000000003,1.0,4.0,75.71000000000001,5.0,1.0,1.0,0.0,1.0,7.0,2.0,21.0,1.0,0.0,1.0,116.0,0.0,1.0,1.0,0
648438,304.37100000000004,2.754220000000001,2.0,3.0,75.27000000000001,4.0,2.0,2.0,0.0,0.0,6.0,2.0,21.0,0.0,0.0,0.0,110.0,0.0,0.0,1.0,0
850042,289.7840000000001,2.523200000000001,0.0,3.0,46.61000000000001,4.0,1.0,1.0,0.0,1.0,6.0,2.0,18.0,1.0,0.0,1.0,100.0,0.0,1.0,0.0,0
2939248,258.34599999999995,3.2009000000000007,1.0,3.0,41.99,4.0,2.0,1.0,1.0,0.0,4.0,2.0,18.0,0.0,0.0,0.0,92.0,0.0,1.0,1.0,0
5053337,299.3300000000001,0.7690999999999999,0.0,5.0,64.43,3.0,2.0,1.0,1.0,1.0,6.0,3.0,22.0,1.0,0.0,1.0,114.0,0.0,2.0,1.0,0
16758029,278.4359999999999,4.125200000000005,1.0,2.0,37.3,2.0,0.0,0.0,0.0,2.0,2.0,2.0,20.0,2.0,2.0,0.0,114.0,0.0,0.0,0.0,0
3118,274.413,3.770200000000002,0.0,5.0,18.46,9.0,0.0,0.0,0.0,0.0,6.0,0.0,14.0,0.0,0.0,0.0,86.0,0.0,0.0,0.0,0
135427723,301.3460000000002,1.4985,2.0,4.0,84.08,5.0,2.0,1.0,1.0,1.0,6.0,3.0,22.0,1.0,1.0,0.0,116.0,0.0,1.0,1.0,0
2998053,341.39900000000006,3.754120000000003,0.0,3.0,36.14,4.0,3.0,1.0,2.0,0.0,6.0,3.0,24.0,0.0,0.0,0.0,126.0,0.0,2.0,0.0,0
2202640,227.271,1.4223699999999997,1.0,5.0,59.49,1.0,3.0,1.0,2.0,0.0,5.0,3.0,17.0,0.0,0.0,0.0,86.0,0.0,2.0,0.0,0
5307781,395.53200000000015,3.294200000000002,1.0,6.0,63.05,7.0,3.0,1.0,2.0,1.0,7.0,4.0,28.0,1.0,0.0,1.0,146.0,0.0,3.0,1.0,0
2877810,256.261,1.8601,1.0,4.0,60.45,2.0,2.0,1.0,1.0,0.0,5.0,3.0,19.0,1.0,0.0,1.0,96.0,0.0,2.0,1.0,0
3237521,430.48600000000016,2.579220000000001,1.0,7.0,114.63,5.0,3.0,2.0,1.0,1.0,10.0,4.0,30.0,1.0,0.0,1.0,158.0,0.0,2.0,1.0,0
977882,315.35400000000004,2.3645000000000005,2.0,5.0,83.7,3.0,2.0,1.0,1.0,0.0,7.0,3.0,22.0,1.0,0.0,1.0,112.0,0.0,2.0,2.0,0
3245302,381.5420000000002,2.0809,1.0,4.0,69.72,9.0,1.0,1.0,0.0,1.0,7.0,2.0,26.0,1.0,0.0,1.0,146.0,0.0,1.0,1.0,0
2999471,411.3870000000001,4.830080000000004,0.0,6.0,68.66,5.0,4.0,2.0,2.0,0.0,9.0,4.0,30.0,0.0,0.0,0.0,152.0,0.0,2.0,0.0,0
2961839,374.237,1.9784,3.0,4.0,101.65,5.0,1.0,1.0,0.0,0.0,12.0,1.0,25.0,0.0,0.0,0.0,140.0,0.0,0.0,2.0,0
3238619,387.43900000000014,3.888600000000002,1.0,4.0,71.53,6.0,3.0,2.0,1.0,0.0,6.0,4.0,29.0,1.0,0.0,1.0,146.0,0.0,2.0,2.0,0
2998167,413.5030000000002,2.753440000000001,1.0,8.0,91.04,5.0,3.0,0.0,3.0,1.0,9.0,4.0,29.0,1.0,0.0,1.0,152.0,0.0,4.0,1.0,0
648571,301.39000000000004,2.20358,0.0,5.0,58.38000000000001,2.0,1.0,0.0,1.0,1.0,5.0,3.0,22.0,2.0,0.0,2.0,118.0,0.0,3.0,0.0,0
755047,243.354,3.861760000000003,0.0,3.0,30.71,1.0,2.0,0.0,2.0,1.0,3.0,3.0,18.0,1.0,1.0,0.0,96.0,0.0,2.0,0.0,0
581073,294.8260000000001,3.6465000000000014,1.0,2.0,32.34,4.0,1.0,1.0,0.0,1.0,4.0,2.0,20.0,1.0,0.0,1.0,110.0,0.0,1.0,1.0,0
3119235,303.36500000000007,3.948240000000003,0.0,4.0,39.82,2.0,4.0,2.0,2.0,0.0,4.0,4.0,23.0,0.0,0.0,0.0,114.0,0.0,2.0,0.0,0
5308876,412.4930000000003,4.862560000000005,1.0,5.0,72.95,4.0,4.0,2.0,2.0,0.0,6.0,5.0,31.0,1.0,1.0,0.0,156.0,0.0,2.0,1.0,0
3245451,429.6710000000004,3.7863000000000016,1.0,3.0,69.72,8.0,0.0,0.0,0.0,2.0,7.0,2.0,29.0,2.0,1.0,1.0,170.0,0.0,1.0,1.0,0
3239548,375.4060000000001,1.0465999999999995,1.0,7.0,99.4,4.0,3.0,2.0,1.0,0.0,9.0,3.0,26.0,0.0,0.0,0.0,136.0,0.0,1.0,0.0,0
2999409,415.5150000000002,2.677100000000001,2.0,4.0,95.58,7.0,2.0,2.0,0.0,1.0,8.0,3.0,29.0,1.0,0.0,1.0,154.0,0.0,1.0,2.0,0
2879910,301.434,2.9118000000000013,1.0,2.0,35.580000000000005,3.0,1.0,1.0,0.0,1.0,4.0,2.0,22.0,1.0,0.0,1.0,120.0,0.0,1.0,2.0,0
49830527,423.2960000000001,2.8633000000000006,2.0,8.0,101.8,5.0,3.0,1.0,2.0,0.0,10.0,3.0,25.0,0.0,0.0,0.0,130.0,0.0,2.0,0.0,1
655856,441.5570000000003,3.5680200000000024,1.0,7.0,93.26,6.0,3.0,1.0,2.0,1.0,9.0,4.0,31.0,1.0,0.0,1.0,164.0,0.0,3.0,2.0,0
649891,492.5110000000004,3.8069200000000025,1.0,8.0,119.29,8.0,4.0,1.0,3.0,1.0,11.0,5.0,36.0,1.0,1.0,0.0,186.0,0.0,3.0,2.0,0
3239456,424.5450000000004,3.357020000000002,1.0,5.0,74.77,5.0,2.0,1.0,1.0,2.0,7.0,4.0,31.0,2.0,0.0,2.0,166.0,0.0,3.0,2.0,0
2280028,390.48000000000025,3.423600000000002,0.0,3.0,57.690000000000005,5.0,2.0,2.0,0.0,1.0,7.0,3.0,27.0,1.0,0.0,1.0,144.0,0.0,1.0,1.0,0
650014,240.259,1.8889,1.0,4.0,49.41,2.0,1.0,1.0,0.0,1.0,6.0,2.0,16.0,1.0,0.0,1.0,84.0,0.0,1.0,2.0,0
3651651,378.43600000000015,5.078620000000004,0.0,7.0,88.92,7.0,3.0,2.0,1.0,0.0,8.0,3.0,28.0,0.0,0.0,0.0,144.0,0.0,1.0,0.0,1
3244828,311.359,1.2340999999999998,1.0,4.0,91.75,5.0,1.0,1.0,0.0,0.0,7.0,2.0,21.0,1.0,0.0,1.0,114.0,0.0,1.0,1.0,0
1005077,352.8210000000001,4.896420000000004,0.0,3.0,46.34,2.0,3.0,2.0,1.0,0.0,5.0,4.0,25.0,1.0,0.0,1.0,126.0,0.0,2.0,1.0,0
3239535,367.4740000000001,3.941510000000001,3.0,4.0,77.75,1.0,2.0,1.0,1.0,0.0,6.0,4.0,26.0,2.0,1.0,1.0,134.0,0.0,2.0,0.0,0
2832588,417.43100000000015,3.467920000000002,0.0,4.0,43.86000000000001,3.0,2.0,2.0,0.0,2.0,8.0,4.0,30.0,2.0,0.0,2.0,158.0,0.0,2.0,2.0,0
135485478,346.434,2.7591,1.0,4.0,52.23,4.0,3.0,2.0,1.0,1.0,5.0,4.0,26.0,1.0,0.0,1.0,132.0,0.0,2.0,0.0,0
2369923,264.281,0.5904999999999996,2.0,4.0,88.26,4.0,1.0,0.0,1.0,1.0,6.0,2.0,19.0,1.0,1.0,0.0,102.0,0.0,1.0,1.0,0
3241823,363.4350000000002,3.608220000000003,2.0,4.0,96.61,6.0,2.0,1.0,1.0,0.0,7.0,3.0,25.0,1.0,1.0,0.0,134.0,0.0,1.0,0.0,0
654848,410.49900000000014,3.542320000000003,1.0,7.0,86.10999999999999,8.0,3.0,2.0,1.0,0.0,8.0,3.0,29.0,0.0,0.0,0.0,150.0,0.0,1.0,1.0,0
661321,262.316,3.057080000000002,1.0,4.0,53.64,3.0,3.0,1.0,2.0,0.0,4.0,3.0,20.0,0.0,0.0,0.0,98.0,0.0,2.0,0.0,0
3240940,325.45500000000004,2.796800000000001,1.0,4.0,63.24,4.0,1.0,0.0,1.0,0.0,6.0,3.0,21.0,2.0,1.0,1.0,114.0,0.0,2.0,1.0,0
958619,279.343,3.1023000000000014,0.0,4.0,49.15,3.0,2.0,1.0,1.0,0.0,4.0,3.0,21.0,1.0,0.0,1.0,106.0,0.0,2.0,0.0,0
3241583,299.301,2.820800000000001,1.0,2.0,57.61,2.0,2.0,2.0,0.0,0.0,5.0,3.0,22.0,1.0,0.0,1.0,112.0,0.0,1.0,1.0,0
2307952,286.331,2.4312000000000005,1.0,3.0,66.48,2.0,1.0,1.0,0.0,1.0,5.0,3.0,21.0,2.0,1.0,1.0,110.0,0.0,1.0,3.0,0
653412,448.5040000000001,3.478100000000002,2.0,8.0,98.5,6.0,4.0,3.0,1.0,0.0,9.0,5.0,32.0,1.0,0.0,1.0,162.0,0.0,2.0,1.0,0
3235298,359.38900000000007,3.236320000000001,1.0,7.0,81.93,4.0,4.0,2.0,2.0,0.0,7.0,4.0,27.0,0.0,0.0,0.0,134.0,0.0,2.0,0.0,0
738376,249.295,1.1636999999999995,0.0,5.0,55.32000000000001,1.0,2.0,1.0,1.0,1.0,6.0,3.0,17.0,1.0,0.0,1.0,88.0,0.0,2.0,1.0,0
2092972,369.33700000000016,1.2653399999999997,1.0,9.0,116.94,4.0,3.0,1.0,2.0,0.0,10.0,4.0,27.0,1.0,0.0,1.0,138.0,0.0,3.0,1.0,0
651811,372.81600000000014,2.3853,1.0,8.0,94.82,6.0,3.0,1.0,2.0,1.0,9.0,4.0,26.0,1.0,1.0,0.0,134.0,0.0,2.0,0.0,0
3236337,327.3840000000001,1.04852,1.0,4.0,71.41,4.0,2.0,1.0,1.0,1.0,6.0,3.0,24.0,1.0,0.0,1.0,126.0,0.0,2.0,2.0,0
10453,296.539,6.362500000000007,1.0,1.0,20.23,13.0,0.0,0.0,0.0,0.0,1.0,0.0,21.0,0.0,0.0,0.0,126.0,0.0,0.0,0.0,0
118369735,477.4400000000003,4.506900000000004,2.0,5.0,73.39,5.0,2.0,1.0,1.0,1.0,9.0,4.0,32.0,2.0,0.0,2.0,172.0,0.0,3.0,2.0,1
655919,260.337,2.176,0.0,2.0,40.620000000000005,3.0,1.0,1.0,0.0,1.0,4.0,2.0,19.0,1.0,0.0,1.0,102.0,0.0,1.0,2.0,0
3234083,398.51000000000016,4.979100000000004,1.0,5.0,50.28,7.0,4.0,3.0,1.0,0.0,5.0,4.0,30.0,0.0,0.0,0.0,152.0,0.0,1.0,0.0,0
666416,279.3430000000001,2.8768200000000013,1.0,3.0,50.16,1.0,3.0,1.0,2.0,0.0,4.0,4.0,21.0,1.0,1.0,0.0,106.0,0.0,2.0,0.0,0
135462205,354.41000000000025,1.3094999999999992,1.0,6.0,70.69000000000001,3.0,2.0,1.0,1.0,1.0,7.0,5.0,26.0,3.0,1.0,2.0,136.0,0.0,3.0,0.0,0
651552,498.9780000000002,3.9254200000000026,0.0,8.0,84.97,4.0,5.0,2.0,3.0,1.0,10.0,6.0,36.0,1.0,0.0,1.0,180.0,0.0,4.0,1.0,0
254688,346.141,-1.2175000000000005,4.0,9.0,139.54000000000002,2.0,2.0,0.0,2.0,1.0,10.0,3.0,20.0,1.0,0.0,1.0,108.0,0.0,3.0,0.0,0
663848,407.5140000000002,3.066620000000001,1.0,6.0,50.1,5.0,3.0,2.0,1.0,1.0,6.0,5.0,30.0,2.0,0.0,2.0,158.0,0.0,3.0,0.0,0
768195,254.377,3.318500000000002,0.0,2.0,16.130000000000003,6.0,2.0,1.0,1.0,0.0,2.0,2.0,19.0,0.0,0.0,0.0,100.0,0.0,1.0,0.0,0
531922,211.28600000000003,1.6569,1.0,3.0,38.33,3.0,1.0,0.0,1.0,1.0,4.0,2.0,14.0,1.0,0.0,1.0,76.0,0.0,2.0,1.0,0
3247144,651.7600000000002,4.721800000000004,1.0,8.0,110.54,10.0,4.0,3.0,1.0,1.0,10.0,6.0,48.0,2.0,1.0,1.0,250.0,0.0,2.0,2.0,0
644530,349.391,0.3668,1.0,8.0,102.22,4.0,2.0,0.0,2.0,1.0,9.0,3.0,25.0,1.0,0.0,1.0,136.0,0.0,3.0,0.0,0
1104093,418.4490000000002,5.081320000000004,1.0,6.0,82.82000000000001,6.0,4.0,3.0,1.0,0.0,7.0,4.0,31.0,0.0,0.0,0.0,158.0,0.0,1.0,1.0,0
3240081,373.4120000000001,3.281320000000002,1.0,5.0,77.13,5.0,4.0,2.0,2.0,0.0,6.0,4.0,28.0,0.0,0.0,0.0,140.0,0.0,2.0,1.0,0
2227762,333.74300000000005,3.4276000000000018,1.0,3.0,55.400000000000006,4.0,2.0,2.0,0.0,0.0,8.0,2.0,21.0,0.0,0.0,0.0,112.0,0.0,0.0,0.0,0
16758364,439.50800000000015,4.484600000000005,0.0,7.0,75.58000000000001,10.0,2.0,2.0,0.0,0.0,7.0,3.0,32.0,1.0,0.0,1.0,170.0,0.0,1.0,0.0,0
7259,121.183,1.88564,1.0,1.0,26.02,0.0,1.0,1.0,0.0,0.0,1.0,1.0,9.0,0.0,0.0,0.0,48.0,0.0,0.0,0.0,0
650705,427.5740000000002,2.114119999999999,2.0,6.0,77.04,5.0,2.0,2.0,0.0,1.0,8.0,4.0,30.0,2.0,0.0,2.0,160.0,0.0,2.0,0.0,0
3240959,323.3520000000001,2.4339000000000004,1.0,5.0,73.22,5.0,3.0,1.0,2.0,0.0,6.0,3.0,24.0,0.0,0.0,0.0,122.0,0.0,2.0,1.0,0
222786,360.45000000000016,1.9898,2.0,5.0,91.67,2.0,0.0,0.0,0.0,3.0,5.0,4.0,26.0,4.0,4.0,0.0,142.0,0.0,0.0,0.0,0
3233744,308.4470000000001,2.1831,0.0,3.0,40.620000000000005,2.0,1.0,1.0,0.0,2.0,5.0,3.0,21.0,2.0,0.0,2.0,116.0,1.0,2.0,0.0,0
3233401,352.3980000000001,0.9023199999999992,1.0,8.0,85.17,3.0,3.0,1.0,2.0,1.0,8.0,4.0,26.0,1.0,0.0,1.0,134.0,0.0,3.0,0.0,0
666684,378.42800000000005,3.739420000000002,0.0,6.0,64.27,5.0,3.0,2.0,1.0,0.0,6.0,4.0,28.0,1.0,0.0,1.0,144.0,0.0,2.0,0.0,0
3242230,388.4450000000003,2.811700000000001,2.0,4.0,103.78,5.0,2.0,2.0,0.0,1.0,8.0,3.0,27.0,1.0,0.0,1.0,142.0,0.0,1.0,1.0,0
2883919,384.37700000000007,4.2108000000000025,2.0,4.0,58.95,2.0,2.0,1.0,1.0,0.0,9.0,3.0,27.0,1.0,0.0,1.0,146.0,0.0,2.0,1.0,0
8374,156.56799999999998,2.0382,1.0,1.0,37.3,1.0,1.0,1.0,0.0,0.0,3.0,1.0,10.0,0.0,0.0,0.0,52.0,0.0,0.0,0.0,0
6604284,330.46800000000013,4.450000000000005,0.0,3.0,43.370000000000005,1.0,0.0,0.0,0.0,3.0,3.0,4.0,24.0,4.0,4.0,0.0,132.0,0.0,0.0,0.0,0
2124377,315.285,1.2135,2.0,6.0,106.48,4.0,3.0,1.0,2.0,0.0,8.0,3.0,23.0,0.0,0.0,0.0,118.0,0.0,2.0,3.0,0
665488,326.4220000000001,1.6753999999999996,2.0,6.0,93.21,7.0,1.0,0.0,1.0,1.0,8.0,2.0,22.0,1.0,0.0,1.0,122.0,0.0,2.0,2.0,0
3233164,372.4540000000002,0.971,1.0,9.0,85.17,5.0,3.0,0.0,3.0,1.0,9.0,4.0,26.0,1.0,0.0,1.0,136.0,0.0,4.0,0.0,0
17019740,179.179,0.1577999999999992,2.0,4.0,74.58,3.0,1.0,0.0,1.0,0.0,5.0,1.0,13.0,0.0,0.0,0.0,68.0,0.0,1.0,1.0,0
934719,289.3279999999999,1.2452999999999996,0.0,4.0,55.84,4.0,1.0,1.0,0.0,1.0,7.0,2.0,19.0,1.0,0.0,1.0,106.0,0.0,1.0,0.0,0
1301415,364.854,2.5498000000000003,0.0,3.0,57.690000000000005,4.0,2.0,2.0,0.0,0.0,7.0,3.0,24.0,1.0,0.0,1.0,126.0,0.0,1.0,1.0,0
665929,347.45900000000006,2.676,2.0,5.0,87.44999999999999,5.0,1.0,0.0,1.0,2.0,6.0,3.0,25.0,2.0,2.0,0.0,138.0,0.0,1.0,0.0,0
2999136,272.333,2.2804199999999994,1.0,5.0,59.290000000000006,3.0,3.0,0.0,3.0,0.0,6.0,3.0,19.0,0.0,0.0,0.0,96.0,0.0,3.0,1.0,0
3239175,477.5170000000002,3.665200000000002,1.0,7.0,99.22,7.0,3.0,2.0,1.0,0.0,9.0,4.0,35.0,1.0,0.0,1.0,182.0,0.0,2.0,2.0,0
3237045,447.4470000000003,2.937500000000001,3.0,6.0,109.36,5.0,3.0,3.0,0.0,0.0,9.0,5.0,33.0,2.0,0.0,2.0,168.0,0.0,2.0,3.0,0
3233459,418.45300000000015,3.087500000000001,0.0,8.0,88.36000000000001,8.0,4.0,2.0,2.0,0.0,8.0,4.0,31.0,0.0,0.0,0.0,158.0,0.0,2.0,0.0,0
654489,348.42800000000005,2.4297000000000004,0.0,6.0,71.7,2.0,2.0,0.0,2.0,2.0,8.0,4.0,24.0,2.0,0.0,2.0,128.0,0.0,4.0,2.0,0
3243526,343.4230000000001,3.4541000000000013,2.0,3.0,75.63,4.0,1.0,1.0,0.0,1.0,5.0,3.0,25.0,2.0,2.0,0.0,134.0,0.0,0.0,1.0,0
648214,326.40000000000003,1.8741,0.0,6.0,52.17,4.0,3.0,1.0,2.0,0.0,6.0,3.0,24.0,0.0,0.0,0.0,126.0,0.0,2.0,0.0,0
1091852,205.217,-0.0241000000000007,1.0,4.0,70.02000000000001,1.0,2.0,1.0,1.0,0.0,5.0,2.0,15.0,0.0,0.0,0.0,78.0,0.0,1.0,1.0,0
2933250,283.196,2.1484,1.0,2.0,38.33,5.0,1.0,1.0,0.0,0.0,8.0,1.0,19.0,0.0,0.0,0.0,106.0,0.0,0.0,1.0,0
654341,273.29200000000003,2.0657,2.0,4.0,84.21999999999998,6.0,2.0,1.0,1.0,0.0,6.0,2.0,20.0,0.0,0.0,0.0,104.0,0.0,1.0,1.0,0
3239873,370.84,4.0123200000000026,1.0,5.0,72.95000000000002,4.0,3.0,1.0,2.0,0.0,7.0,4.0,26.0,1.0,1.0,0.0,134.0,0.0,2.0,1.0,0
648805,375.45400000000006,2.7441000000000013,2.0,6.0,96.45,5.0,2.0,1.0,1.0,1.0,9.0,3.0,26.0,1.0,0.0,1.0,138.0,0.0,2.0,3.0,0
2437223,432.5270000000001,2.958000000000001,2.0,7.0,114.62,8.0,3.0,2.0,1.0,0.0,10.0,3.0,29.0,0.0,0.0,0.0,152.0,0.0,1.0,1.0,0
654525,365.4080000000001,3.8244000000000025,0.0,4.0,59.23,4.0,3.0,2.0,1.0,1.0,6.0,4.0,27.0,1.0,0.0,1.0,138.0,0.0,2.0,1.0,1
3236529,362.4510000000001,2.241,2.0,4.0,84.5,8.0,2.0,2.0,0.0,0.0,7.0,2.0,25.0,0.0,0.0,0.0,134.0,0.0,0.0,1.0,0
312183,165.941,-0.9354,3.0,3.0,77.76,2.0,1.0,1.0,0.0,0.0,5.0,1.0,12.0,0.0,0.0,0.0,62.0,0.0,0.0,0.0,0
2163016,215.199,1.9398,1.0,2.0,38.33,4.0,1.0,1.0,0.0,0.0,5.0,1.0,15.0,0.0,0.0,0.0,82.0,0.0,0.0,1.0,0
2127840,333.391,3.323700000000001,1.0,4.0,54.46000000000001,3.0,3.0,2.0,1.0,1.0,5.0,4.0,25.0,1.0,0.0,1.0,126.0,0.0,2.0,1.0,0
2173091,324.72,2.0879,0.0,7.0,79.65000000000002,4.0,2.0,1.0,1.0,0.0,8.0,2.0,22.0,0.0,0.0,0.0,116.0,0.0,1.0,0.0,0
16758346,489.6090000000002,3.2327000000000004,1.0,7.0,100.16,4.0,1.0,1.0,0.0,0.0,8.0,2.0,35.0,1.0,0.0,1.0,194.0,0.0,1.0,1.0,0
3237735,293.167,1.9441,0.0,5.0,51.96,2.0,2.0,0.0,2.0,0.0,7.0,2.0,14.0,0.0,0.0,0.0,74.0,0.0,2.0,0.0,0
3245542,364.4420000000002,1.2475000000000005,1.0,5.0,77.10000000000001,10.0,1.0,1.0,0.0,1.0,7.0,2.0,26.0,1.0,0.0,1.0,144.0,0.0,1.0,2.0,0
89536003,380.33,2.3730200000000004,4.0,5.0,115.82,4.0,3.0,0.0,3.0,0.0,11.0,3.0,27.0,0.0,0.0,0.0,142.0,0.0,3.0,2.0,1
666691,430.5560000000002,3.923660000000004,0.0,7.0,58.790000000000006,5.0,4.0,1.0,3.0,1.0,7.0,5.0,32.0,1.0,0.0,1.0,166.0,0.0,4.0,0.0,0
654319,410.4740000000001,3.678700000000002,3.0,4.0,99.77,6.0,2.0,2.0,0.0,1.0,8.0,3.0,30.0,1.0,0.0,1.0,158.0,0.0,1.0,4.0,0
13032,135.20999999999998,2.506900000000001,1.0,1.0,12.03,2.0,1.0,1.0,0.0,0.0,1.0,1.0,10.0,0.0,0.0,0.0,54.0,0.0,0.0,0.0,0
2577001,419.4370000000002,3.391300000000002,2.0,6.0,98.78,7.0,3.0,2.0,1.0,0.0,8.0,4.0,31.0,1.0,0.0,1.0,158.0,0.0,2.0,2.0,0
3243077,417.5160000000001,2.43412,1.0,7.0,105.15,4.0,3.0,1.0,2.0,1.0,10.0,4.0,28.0,1.0,0.0,1.0,146.0,0.0,3.0,1.0,0
841630,203.201,0.9996,1.0,4.0,68.02000000000001,3.0,2.0,0.0,2.0,0.0,5.0,2.0,15.0,0.0,0.0,0.0,76.0,0.0,2.0,1.0,0
649208,297.326,1.4683999999999993,0.0,5.0,48.0,6.0,1.0,1.0,0.0,1.0,6.0,2.0,21.0,1.0,0.0,1.0,116.0,0.0,1.0,0.0,0
2999524,320.183,4.0211200000000025,1.0,5.0,55.63,3.0,3.0,0.0,3.0,0.0,7.0,3.0,21.0,0.0,0.0,0.0,106.0,0.0,3.0,0.0,0
3236014,381.4760000000001,2.7532200000000016,1.0,4.0,61.88000000000001,8.0,2.0,2.0,0.0,0.0,6.0,3.0,28.0,1.0,0.0,1.0,148.0,0.0,1.0,2.0,0
571582,292.213,0.6253999999999992,2.0,5.0,88.52,4.0,1.0,0.0,1.0,0.0,9.0,1.0,20.0,0.0,0.0,0.0,110.0,0.0,1.0,1.0,0
5308103,462.5500000000001,4.605900000000004,0.0,6.0,58.440000000000005,4.0,4.0,2.0,2.0,1.0,8.0,5.0,33.0,1.0,0.0,1.0,168.0,0.0,3.0,1.0,0
3243032,365.455,2.10032,2.0,4.0,103.1,6.0,2.0,1.0,1.0,0.0,8.0,2.0,25.0,0.0,0.0,0.0,136.0,0.0,1.0,0.0,0
2315558,267.32499999999993,2.2423,1.0,4.0,56.790000000000006,7.0,1.0,1.0,0.0,0.0,5.0,1.0,19.0,0.0,0.0,0.0,106.0,0.0,0.0,1.0,0
2999481,333.36500000000007,2.3385,1.0,6.0,73.86000000000001,5.0,2.0,1.0,1.0,0.0,7.0,3.0,23.0,1.0,0.0,1.0,120.0,0.0,2.0,1.0,0
118046803,540.0390000000001,4.798100000000003,3.0,6.0,119.23,8.0,3.0,2.0,1.0,1.0,10.0,4.0,38.0,1.0,1.0,0.0,200.0,0.0,1.0,2.0,1
649923,295.386,3.351980000000002,1.0,3.0,57.82,3.0,2.0,1.0,1.0,1.0,4.0,3.0,22.0,1.0,1.0,0.0,114.0,0.0,1.0,1.0,0
799413,245.282,0.7003999999999999,3.0,2.0,87.97999999999999,4.0,2.0,1.0,1.0,0.0,5.0,2.0,18.0,0.0,0.0,0.0,94.0,0.0,1.0,2.0,0
3241648,406.48600000000016,1.7580999999999996,2.0,5.0,87.19999999999999,7.0,3.0,2.0,1.0,1.0,7.0,4.0,30.0,1.0,0.0,1.0,156.0,0.0,2.0,1.0,0
5307522,315.3980000000001,2.5238000000000005,2.0,5.0,57.510000000000005,2.0,2.0,0.0,2.0,0.0,6.0,4.0,22.0,2.0,0.0,2.0,114.0,0.0,4.0,1.0,1
3247382,339.391,3.4632000000000023,1.0,4.0,64.63,6.0,2.0,2.0,0.0,1.0,5.0,3.0,25.0,1.0,1.0,0.0,130.0,0.0,0.0,1.0,0
16758473,560.6550000000002,2.11944,1.0,11.0,119.41,5.0,3.0,1.0,2.0,2.0,11.0,7.0,41.0,4.0,1.0,3.0,216.0,0.0,5.0,0.0,0
767410,256.696,2.9827000000000004,0.0,4.0,43.6,2.0,3.0,2.0,1.0,0.0,5.0,3.0,18.0,0.0,0.0,0.0,88.0,0.0,1.0,0.0,0
2999262,248.282,1.2258999999999998,2.0,3.0,67.43,4.0,1.0,1.0,0.0,1.0,5.0,2.0,18.0,1.0,0.0,1.0,96.0,0.0,1.0,3.0,0
2497349,410.28200000000015,4.782800000000002,1.0,6.0,77.25,6.0,3.0,2.0,1.0,0.0,9.0,3.0,26.0,0.0,0.0,0.0,134.0,0.0,1.0,1.0,0
5714120,216.23999999999995,1.47758,1.0,3.0,76.10999999999999,4.0,1.0,1.0,0.0,0.0,4.0,1.0,16.0,0.0,0.0,0.0,82.0,0.0,0.0,1.0,0
1057,126.11099999999998,0.8033999999999997,3.0,3.0,60.69,0.0,1.0,1.0,0.0,0.0,3.0,1.0,9.0,0.0,0.0,0.0,48.0,0.0,0.0,0.0,0
595568,271.28800000000007,3.334220000000002,1.0,3.0,42.09,3.0,2.0,1.0,1.0,0.0,6.0,2.0,18.0,0.0,0.0,0.0,96.0,0.0,1.0,0.0,0
3241501,293.164,3.197720000000001,1.0,2.0,34.03,3.0,2.0,1.0,1.0,0.0,4.0,2.0,17.0,0.0,0.0,0.0,88.0,0.0,1.0,1.0,0
3240785,371.4780000000001,1.7405000000000002,1.0,3.0,69.72,7.0,1.0,1.0,0.0,1.0,8.0,2.0,25.0,1.0,0.0,1.0,140.0,0.0,1.0,1.0,0
2545865,438.43600000000015,3.693240000000002,2.0,7.0,127.7,8.0,3.0,1.0,2.0,0.0,9.0,3.0,32.0,0.0,0.0,0.0,166.0,0.0,2.0,1.0,0
644584,301.321,3.129920000000001,2.0,3.0,71.09,4.0,2.0,1.0,1.0,0.0,6.0,2.0,22.0,0.0,0.0,0.0,114.0,0.0,1.0,2.0,0
698207,342.44900000000007,3.1754900000000017,2.0,6.0,72.94,4.0,3.0,1.0,2.0,0.0,7.0,3.0,23.0,0.0,0.0,0.0,116.0,0.0,2.0,1.0,0
2998830,371.39300000000014,2.08022,1.0,6.0,101.74,6.0,2.0,1.0,1.0,1.0,8.0,3.0,27.0,1.0,0.0,1.0,142.0,0.0,2.0,2.0,0
16758176,448.38000000000017,0.4886999999999995,7.0,11.0,190.28,3.0,3.0,2.0,1.0,1.0,11.0,4.0,32.0,1.0,0.0,1.0,170.0,0.0,2.0,0.0,0
663739,391.4490000000001,0.9175000000000004,3.0,5.0,127.58999999999996,7.0,2.0,2.0,0.0,0.0,9.0,2.0,27.0,0.0,0.0,0.0,144.0,0.0,0.0,2.0,0
2846536,349.5220000000002,3.5157000000000025,0.0,3.0,9.72,5.0,2.0,2.0,0.0,2.0,3.0,4.0,26.0,2.0,0.0,2.0,138.0,0.0,2.0,0.0,0
118381010,334.3800000000001,0.9508999999999996,3.0,6.0,104.4,5.0,2.0,0.0,2.0,1.0,9.0,3.0,24.0,1.0,0.0,1.0,130.0,0.0,3.0,2.0,1
71247539,504.50100000000015,3.646600000000002,2.0,9.0,111.78,7.0,5.0,2.0,3.0,0.0,12.0,5.0,37.0,0.0,0.0,0.0,188.0,0.0,3.0,1.0,1
5281701,302.23800000000006,1.988,5.0,7.0,131.36,1.0,3.0,2.0,1.0,0.0,7.0,3.0,22.0,0.0,0.0,0.0,112.0,0.0,1.0,0.0,0
3235777,218.216,0.5573999999999999,1.0,6.0,83.03,2.0,2.0,1.0,1.0,0.0,6.0,2.0,16.0,0.0,0.0,0.0,82.0,0.0,1.0,0.0,0
647743,263.296,3.826800000000002,2.0,3.0,53.35,2.0,3.0,2.0,1.0,0.0,3.0,3.0,20.0,0.0,0.0,0.0,98.0,0.0,1.0,0.0,0
665097,336.391,3.1990000000000016,1.0,3.0,62.4,5.0,3.0,2.0,1.0,0.0,5.0,3.0,25.0,0.0,0.0,0.0,128.0,0.0,1.0,1.0,0
2323827,387.4180000000001,4.647680000000003,1.0,5.0,83.60000000000001,5.0,4.0,2.0,2.0,0.0,7.0,4.0,29.0,0.0,0.0,0.0,144.0,0.0,2.0,1.0,0
1285689,482.6060000000003,5.3487000000000045,0.0,7.0,72.12,4.0,4.0,1.0,3.0,1.0,9.0,6.0,33.0,2.0,1.0,1.0,170.0,0.0,4.0,1.0,0
652180,383.4290000000001,2.878300000000001,1.0,6.0,80.23000000000002,3.0,2.0,2.0,0.0,1.0,8.0,4.0,27.0,2.0,0.0,2.0,138.0,0.0,2.0,2.0,0
5308718,466.99400000000014,4.926200000000005,0.0,6.0,50.6,4.0,4.0,2.0,2.0,1.0,8.0,5.0,32.0,1.0,0.0,1.0,164.0,0.0,3.0,1.0,0
653942,302.374,2.1230199999999995,0.0,3.0,49.85000000000001,2.0,1.0,1.0,0.0,1.0,5.0,3.0,22.0,2.0,0.0,2.0,118.0,0.0,2.0,2.0,0
650840,374.40400000000005,2.918820000000001,1.0,8.0,86.98,5.0,4.0,2.0,2.0,0.0,8.0,5.0,28.0,1.0,0.0,1.0,140.0,0.0,3.0,0.0,0
68368,252.23000000000005,-1.5622000000000007,3.0,8.0,113.52,2.0,2.0,0.0,2.0,1.0,8.0,3.0,18.0,1.0,0.0,1.0,96.0,0.0,3.0,0.0,0
135414743,375.4500000000001,1.4514,1.0,7.0,84.66,5.0,2.0,1.0,1.0,1.0,8.0,3.0,26.0,1.0,0.0,1.0,138.0,0.0,2.0,1.0,0
2963986,412.50800000000027,1.3996999999999995,1.0,6.0,94.17,7.0,1.0,1.0,0.0,2.0,9.0,3.0,28.0,2.0,0.0,2.0,156.0,0.0,2.0,1.0,0
2950893,404.48800000000017,1.8391,2.0,5.0,93.73,9.0,2.0,2.0,0.0,1.0,8.0,3.0,28.0,1.0,0.0,1.0,150.0,0.0,1.0,1.0,0
3244075,482.9670000000003,3.808100000000002,1.0,8.0,111.64,8.0,3.0,1.0,2.0,1.0,11.0,4.0,31.0,1.0,0.0,1.0,164.0,0.0,3.0,1.0,0
648324,437.443,4.215000000000003,1.0,6.0,77.25,8.0,3.0,1.0,2.0,0.0,10.0,3.0,30.0,0.0,0.0,0.0,158.0,0.0,2.0,1.0,0
654255,339.35100000000006,1.7460999999999995,2.0,6.0,114.44,2.0,1.0,1.0,0.0,0.0,7.0,3.0,25.0,2.0,0.0,2.0,128.0,1.0,2.0,1.0,0
3235217,369.42800000000005,4.159780000000002,2.0,5.0,86.61999999999999,6.0,4.0,2.0,2.0,0.0,6.0,4.0,28.0,0.0,0.0,0.0,138.0,0.0,2.0,0.0,0
2830640,273.325,0.9046000000000004,0.0,7.0,50.04,2.0,0.0,0.0,0.0,0.0,8.0,1.0,18.0,1.0,0.0,1.0,104.0,0.0,1.0,0.0,0
659276,267.284,3.1606400000000017,0.0,4.0,60.17,1.0,3.0,1.0,2.0,0.0,4.0,3.0,20.0,0.0,0.0,0.0,100.0,0.0,2.0,0.0,0
2976344,347.46200000000016,4.920340000000003,2.0,4.0,54.02,1.0,2.0,1.0,1.0,0.0,4.0,4.0,26.0,2.0,1.0,1.0,134.0,0.0,2.0,0.0,0
3244270,426.5380000000002,2.734400000000001,0.0,4.0,74.76,5.0,2.0,2.0,0.0,0.0,7.0,4.0,30.0,2.0,0.0,2.0,158.0,0.0,2.0,2.0,0
654281,418.52200000000016,4.820020000000003,1.0,6.0,72.94999999999999,8.0,4.0,2.0,2.0,0.0,7.0,4.0,30.0,0.0,0.0,0.0,152.0,0.0,2.0,1.0,0
362742,293.34400000000005,1.9829,2.0,3.0,83.47,6.0,2.0,2.0,0.0,0.0,6.0,2.0,20.0,0.0,0.0,0.0,106.0,0.0,0.0,0.0,0
7369,176.62400000000002,1.6141,0.0,2.0,34.14,1.0,1.0,1.0,0.0,0.0,4.0,1.0,10.0,0.0,0.0,0.0,54.0,0.0,0.0,0.0,0
5389744,438.4800000000002,3.133320000000002,1.0,8.0,92.45000000000002,5.0,3.0,2.0,1.0,1.0,8.0,4.0,32.0,1.0,0.0,1.0,168.0,0.0,2.0,0.0,0
223566,300.3180000000001,0.5496999999999999,0.0,7.0,71.05000000000001,3.0,3.0,1.0,2.0,0.0,7.0,3.0,22.0,0.0,0.0,0.0,114.0,0.0,2.0,0.0,0
2125074,380.42900000000014,3.368540000000001,1.0,7.0,90.02,4.0,4.0,1.0,3.0,0.0,8.0,4.0,27.0,0.0,0.0,0.0,136.0,0.0,3.0,1.0,0
648125,408.50600000000026,2.663900000000001,0.0,7.0,80.29,7.0,3.0,1.0,2.0,1.0,8.0,4.0,30.0,1.0,0.0,1.0,158.0,0.0,3.0,1.0,0
1163504,459.46500000000015,2.9593000000000016,0.0,4.0,60.93000000000001,5.0,2.0,2.0,0.0,1.0,11.0,3.0,31.0,1.0,0.0,1.0,168.0,0.0,1.0,1.0,0
2122221,378.4500000000001,2.3531000000000004,1.0,5.0,84.93999999999998,8.0,2.0,2.0,0.0,0.0,8.0,2.0,26.0,0.0,0.0,0.0,140.0,0.0,0.0,1.0,0
1091334,384.50100000000015,3.4853000000000023,0.0,5.0,42.010000000000005,5.0,2.0,2.0,0.0,1.0,6.0,4.0,27.0,2.0,0.0,2.0,142.0,0.0,2.0,1.0,0
663911,250.257,2.1541,1.0,3.0,62.82,2.0,3.0,2.0,1.0,0.0,4.0,3.0,19.0,0.0,0.0,0.0,92.0,0.0,1.0,0.0,0
653783,422.5290000000001,3.6948000000000025,2.0,4.0,77.67,8.0,3.0,2.0,1.0,0.0,7.0,3.0,31.0,0.0,0.0,0.0,164.0,0.0,1.0,2.0,0
3241701,382.41600000000017,2.3739,2.0,5.0,85.89,5.0,2.0,2.0,0.0,1.0,7.0,4.0,28.0,2.0,0.0,2.0,146.0,0.0,2.0,2.0,0
3233926,288.332,1.61332,0.0,7.0,69.9,3.0,3.0,0.0,3.0,0.0,7.0,3.0,20.0,0.0,0.0,0.0,102.0,0.0,3.0,0.0,0
1070548,354.3680000000001,3.184800000000002,0.0,6.0,59.08,8.0,0.0,0.0,0.0,1.0,8.0,1.0,22.0,1.0,0.0,1.0,132.0,0.0,1.0,0.0,0
3245427,383.4480000000001,2.995620000000001,0.0,7.0,74.83000000000001,7.0,3.0,1.0,2.0,0.0,7.0,3.0,28.0,0.0,0.0,0.0,148.0,0.0,2.0,0.0,0
869793,241.3379999999999,3.174520000000002,0.0,3.0,29.020000000000003,1.0,2.0,1.0,1.0,1.0,3.0,3.0,18.0,1.0,0.0,1.0,94.0,0.0,2.0,0.0,0
3237283,329.37500000000006,2.6549000000000014,0.0,4.0,49.580000000000005,2.0,2.0,1.0,1.0,1.0,6.0,4.0,24.0,2.0,1.0,1.0,126.0,0.0,2.0,1.0,0
5308635,352.4560000000001,1.8903,1.0,4.0,83.55000000000001,4.0,1.0,1.0,0.0,0.0,7.0,2.0,24.0,1.0,0.0,1.0,132.0,0.0,1.0,2.0,0
2055522,263.3809999999999,2.8222000000000014,1.0,3.0,32.7,6.0,1.0,1.0,0.0,1.0,3.0,2.0,19.0,1.0,0.0,1.0,106.0,0.0,1.0,0.0,0
135449540,319.38000000000005,2.891800000000001,2.0,3.0,70.56,5.0,1.0,1.0,0.0,1.0,6.0,2.0,23.0,1.0,0.0,1.0,124.0,0.0,1.0,2.0,0
645317,236.278,3.076820000000001,1.0,4.0,50.7,2.0,3.0,1.0,2.0,0.0,4.0,3.0,18.0,0.0,0.0,0.0,88.0,0.0,2.0,0.0,0
5308647,429.5020000000001,3.109700000000001,1.0,8.0,81.81,6.0,4.0,2.0,2.0,0.0,10.0,4.0,29.0,0.0,0.0,0.0,148.0,0.0,2.0,1.0,0
645250,452.5390000000002,5.773500000000004,1.0,5.0,75.02,4.0,5.0,3.0,2.0,0.0,7.0,6.0,33.0,1.0,0.0,1.0,162.0,0.0,3.0,1.0,0
2944887,370.4270000000001,0.3771,2.0,5.0,115.22,6.0,1.0,1.0,0.0,1.0,9.0,2.0,25.0,1.0,0.0,1.0,138.0,0.0,1.0,1.0,0
667151,323.35200000000015,2.5840000000000005,1.0,5.0,65.38,4.0,3.0,2.0,1.0,0.0,6.0,4.0,24.0,1.0,0.0,1.0,122.0,0.0,2.0,1.0,0
413118,297.40000000000003,1.3175,0.0,3.0,54.45,5.0,1.0,1.0,0.0,0.0,6.0,2.0,20.0,1.0,0.0,1.0,110.0,0.0,1.0,1.0,0
866935,330.16300000000007,2.2774,1.0,6.0,85.09,4.0,2.0,0.0,2.0,0.0,8.0,2.0,18.0,0.0,0.0,0.0,94.0,0.0,2.0,1.0,0
652659,376.46400000000006,2.131,1.0,7.0,79.96000000000001,5.0,3.0,1.0,2.0,2.0,7.0,5.0,28.0,2.0,0.0,2.0,144.0,0.0,4.0,0.0,0
652454,354.43500000000006,3.146600000000002,0.0,6.0,64.16,4.0,3.0,1.0,2.0,0.0,7.0,4.0,25.0,1.0,0.0,1.0,128.0,0.0,3.0,1.0,0
650027,347.3920000000001,1.4973,1.0,5.0,91.75,3.0,1.0,1.0,0.0,2.0,7.0,4.0,24.0,3.0,2.0,1.0,126.0,0.0,1.0,2.0,0
663191,351.43500000000006,3.594400000000002,0.0,7.0,55.55000000000001,4.0,4.0,2.0,2.0,0.0,7.0,4.0,25.0,0.0,0.0,0.0,126.0,0.0,2.0,0.0,0
648421,396.53500000000014,3.077300000000002,1.0,5.0,67.23,5.0,2.0,1.0,1.0,2.0,6.0,4.0,29.0,2.0,1.0,1.0,156.0,0.0,2.0,1.0,0
16758611,516.5850000000003,4.287400000000003,2.0,6.0,99.43,7.0,1.0,1.0,0.0,3.0,9.0,4.0,37.0,3.0,2.0,1.0,200.0,0.0,1.0,2.0,0
3238936,441.5500000000004,0.651500000000002,1.0,6.0,97.41,8.0,1.0,1.0,0.0,2.0,10.0,3.0,30.0,2.0,0.0,2.0,168.0,0.0,2.0,1.0,0
3246437,416.41700000000014,6.420520000000006,0.0,4.0,62.56,5.0,3.0,3.0,0.0,0.0,6.0,4.0,30.0,1.0,0.0,1.0,150.0,0.0,1.0,0.0,0
1249291,358.4230000000001,2.733340000000001,0.0,8.0,78.61,6.0,3.0,1.0,2.0,0.0,8.0,3.0,25.0,0.0,0.0,0.0,130.0,0.0,2.0,0.0,0
649192,326.3960000000001,3.6803000000000017,1.0,4.0,50.80000000000001,5.0,2.0,2.0,0.0,0.0,5.0,3.0,24.0,1.0,0.0,1.0,126.0,0.0,1.0,1.0,0
16758086,536.7090000000005,7.083320000000008,1.0,5.0,89.9,3.0,1.0,1.0,0.0,3.0,6.0,5.0,39.0,4.0,4.0,0.0,212.0,0.0,0.0,0.0,0
665522,380.4730000000002,4.707000000000003,1.0,6.0,69.04,6.0,4.0,1.0,3.0,0.0,7.0,4.0,27.0,0.0,0.0,0.0,138.0,0.0,3.0,1.0,0
659682,313.3640000000001,3.2261200000000017,1.0,5.0,107.19,1.0,1.0,1.0,0.0,0.0,5.0,3.0,24.0,2.0,1.0,1.0,116.0,0.0,1.0,0.0,0
663286,388.4560000000001,4.150000000000003,1.0,7.0,85.42,6.0,5.0,1.0,4.0,0.0,8.0,5.0,28.0,0.0,0.0,0.0,138.0,0.0,4.0,0.0,0
3237318,281.267,1.1842,2.0,4.0,83.47,2.0,2.0,2.0,0.0,0.0,5.0,3.0,21.0,1.0,1.0,0.0,104.0,0.0,0.0,1.0,0
664356,220.659,2.0731,1.0,3.0,48.02,1.0,2.0,1.0,1.0,0.0,4.0,2.0,15.0,0.0,0.0,0.0,76.0,0.0,1.0,0.0,0
3234854,303.3660000000001,1.4925399999999995,1.0,7.0,76.31,5.0,2.0,0.0,2.0,1.0,7.0,3.0,22.0,1.0,0.0,1.0,118.0,0.0,3.0,0.0,0
11949178,505.70200000000017,7.542000000000009,0.0,3.0,29.54,6.0,3.0,3.0,0.0,5.0,3.0,8.0,38.0,5.0,4.0,1.0,196.0,1.0,1.0,0.0,0
654295,341.36300000000017,2.3143,1.0,5.0,85.61000000000001,6.0,2.0,1.0,1.0,0.0,6.0,3.0,25.0,1.0,1.0,0.0,130.0,0.0,1.0,1.0,0
883333,215.296,3.161840000000001,0.0,2.0,14.16,3.0,2.0,1.0,1.0,0.0,2.0,2.0,16.0,0.0,0.0,0.0,84.0,0.0,1.0,0.0,0
2335673,432.8850000000001,3.289100000000002,0.0,6.0,80.06000000000002,4.0,3.0,1.0,2.0,1.0,9.0,4.0,29.0,1.0,0.0,1.0,150.0,0.0,3.0,2.0,0
340715,282.30300000000005,2.2764200000000008,0.0,6.0,69.38,3.0,3.0,1.0,2.0,0.0,6.0,3.0,21.0,0.0,0.0,0.0,106.0,0.0,2.0,0.0,0
665748,400.4780000000002,4.277000000000004,0.0,5.0,45.92,4.0,4.0,3.0,1.0,1.0,5.0,5.0,30.0,1.0,0.0,1.0,152.0,0.0,2.0,0.0,0
653039,493.6770000000002,4.122600000000004,0.0,6.0,61.68000000000001,8.0,3.0,2.0,1.0,1.0,8.0,4.0,35.0,1.0,0.0,1.0,186.0,0.0,2.0,2.0,0
718032,289.364,2.638280000000001,0.0,7.0,69.11,3.0,3.0,0.0,3.0,0.0,7.0,3.0,20.0,0.0,0.0,0.0,104.0,0.0,3.0,0.0,0
972857,343.408,2.3017,1.0,6.0,87.21000000000001,5.0,3.0,2.0,1.0,0.0,7.0,3.0,24.0,0.0,0.0,0.0,124.0,0.0,1.0,0.0,0
6604226,413.6460000000003,5.2869000000000055,2.0,3.0,41.49,0.0,0.0,0.0,0.0,5.0,3.0,6.0,30.0,6.0,4.0,2.0,168.0,1.0,2.0,0.0,0
651761,349.45600000000013,2.606200000000001,1.0,6.0,73.22,6.0,2.0,1.0,1.0,0.0,7.0,2.0,24.0,0.0,0.0,0.0,130.0,0.0,1.0,1.0,0
5011682,356.47,3.637000000000002,1.0,4.0,57.7,8.0,2.0,1.0,1.0,0.0,6.0,2.0,26.0,0.0,0.0,0.0,140.0,0.0,1.0,2.0,0
649968,263.326,2.01222,1.0,6.0,80.66000000000001,3.0,2.0,0.0,2.0,0.0,7.0,2.0,18.0,0.0,0.0,0.0,94.0,0.0,2.0,1.0,0
663777,296.39200000000005,2.41122,2.0,4.0,67.42999999999999,6.0,1.0,1.0,0.0,0.0,6.0,1.0,20.0,0.0,0.0,0.0,110.0,0.0,0.0,2.0,0
874496,254.33300000000003,4.024700000000002,2.0,2.0,41.13,4.0,2.0,2.0,0.0,0.0,3.0,2.0,19.0,0.0,0.0,0.0,98.0,0.0,0.0,1.0,0
3243168,328.28000000000003,0.8063000000000002,1.0,6.0,105.92,5.0,2.0,1.0,1.0,0.0,8.0,3.0,24.0,1.0,0.0,1.0,122.0,0.0,2.0,3.0,0
5938244,348.43100000000004,2.4317,0.0,6.0,50.50000000000001,3.0,4.0,2.0,2.0,0.0,6.0,4.0,25.0,0.0,0.0,0.0,124.0,0.0,2.0,0.0,0
3000047,410.51800000000026,3.3647000000000027,0.0,7.0,68.83000000000001,5.0,2.0,1.0,1.0,1.0,7.0,4.0,30.0,2.0,0.0,2.0,160.0,0.0,3.0,0.0,0
5459553,410.47000000000014,3.3790000000000022,2.0,5.0,93.73,8.0,2.0,2.0,0.0,0.0,7.0,2.0,30.0,0.0,0.0,0.0,158.0,0.0,0.0,2.0,0
666054,434.5410000000002,1.2881000000000011,0.0,9.0,94.6,8.0,2.0,0.0,2.0,1.0,10.0,3.0,31.0,1.0,0.0,1.0,172.0,0.0,3.0,1.0,0
575109,256.30499999999995,2.703900000000001,1.0,2.0,41.57000000000001,1.0,2.0,2.0,0.0,1.0,4.0,3.0,19.0,1.0,0.0,1.0,98.0,0.0,1.0,2.0,0
2947148,392.4770000000002,3.032900000000001,2.0,5.0,93.73000000000002,8.0,2.0,2.0,0.0,0.0,8.0,2.0,27.0,0.0,0.0,0.0,146.0,0.0,0.0,1.0,0
2353039,264.26500000000004,2.668740000000001,0.0,4.0,44.12,3.0,2.0,1.0,1.0,0.0,5.0,2.0,18.0,0.0,0.0,0.0,96.0,0.0,1.0,0.0,0
135444481,333.369,1.5957199999999998,2.0,6.0,101.14999999999998,5.0,2.0,1.0,1.0,0.0,8.0,2.0,23.0,0.0,0.0,0.0,120.0,0.0,1.0,1.0,0
76072172,343.3620000000001,3.378400000000002,3.0,4.0,91.93,5.0,3.0,1.0,2.0,0.0,8.0,3.0,25.0,0.0,0.0,0.0,130.0,0.0,2.0,2.0,1
5308744,312.321,3.658400000000002,2.0,5.0,79.9,3.0,3.0,2.0,1.0,0.0,5.0,3.0,23.0,0.0,0.0,0.0,118.0,0.0,1.0,0.0,0
3241682,427.5230000000003,1.4938399999999998,0.0,7.0,110.02,5.0,1.0,0.0,1.0,2.0,10.0,3.0,29.0,2.0,0.0,2.0,162.0,0.0,3.0,1.0,0
3233204,332.4630000000001,3.7999000000000014,0.0,2.0,23.55,3.0,1.0,1.0,0.0,2.0,4.0,3.0,24.0,2.0,0.0,2.0,132.0,1.0,2.0,1.0,0
977151,299.355,3.142900000000001,0.0,6.0,60.92,4.0,3.0,1.0,2.0,0.0,6.0,3.0,21.0,0.0,0.0,0.0,106.0,0.0,2.0,0.0,0
2219578,369.5090000000001,4.419520000000004,1.0,4.0,56.03,6.0,2.0,1.0,1.0,1.0,5.0,3.0,27.0,1.0,1.0,0.0,146.0,0.0,1.0,1.0,0
823913,295.111,3.235500000000002,1.0,2.0,41.99,2.0,2.0,1.0,1.0,0.0,5.0,2.0,17.0,0.0,0.0,0.0,86.0,0.0,1.0,1.0,0
2951576,433.5330000000001,4.716680000000004,2.0,6.0,95.13,5.0,2.0,1.0,1.0,0.0,7.0,4.0,31.0,2.0,1.0,1.0,158.0,0.0,2.0,1.0,0
662545,397.4600000000002,2.46932,2.0,8.0,104.29,5.0,3.0,2.0,1.0,0.0,9.0,4.0,28.0,1.0,0.0,1.0,144.0,0.0,2.0,1.0,0
2217867,239.34000000000003,2.1748000000000003,1.0,3.0,38.33,6.0,1.0,1.0,0.0,0.0,4.0,1.0,16.0,0.0,0.0,0.0,88.0,0.0,0.0,1.0,0
127053719,398.4140000000001,0.4191000000000007,6.0,6.0,115.55,4.0,1.0,1.0,0.0,2.0,11.0,3.0,28.0,2.0,0.0,2.0,154.0,0.0,2.0,3.0,1
2905654,261.35,2.650520000000001,1.0,4.0,58.64,5.0,2.0,1.0,1.0,0.0,5.0,2.0,18.0,0.0,0.0,0.0,94.0,0.0,1.0,0.0,0
576494,273.336,1.2775,2.0,3.0,61.440000000000005,1.0,1.0,1.0,0.0,2.0,5.0,3.0,20.0,2.0,0.0,2.0,106.0,1.0,2.0,3.0,0
658686,274.276,1.46988,1.0,5.0,92.33,3.0,1.0,0.0,1.0,0.0,6.0,2.0,20.0,1.0,0.0,1.0,104.0,0.0,2.0,1.0,0
645557,397.4560000000001,3.647020000000002,1.0,7.0,94.32,9.0,3.0,2.0,1.0,0.0,8.0,3.0,28.0,0.0,0.0,0.0,144.0,0.0,1.0,1.0,0
3233841,320.396,3.0646000000000013,0.0,4.0,49.330000000000005,3.0,3.0,2.0,1.0,0.0,5.0,3.0,24.0,0.0,0.0,0.0,122.0,0.0,1.0,1.0,0
3239479,389.4330000000001,3.097020000000001,1.0,9.0,103.55,7.0,3.0,0.0,3.0,0.0,9.0,3.0,27.0,0.0,0.0,0.0,142.0,0.0,3.0,0.0,0
73504989,459.5720000000001,2.4315,2.0,7.0,113.52,5.0,2.0,1.0,1.0,1.0,10.0,4.0,32.0,2.0,0.0,2.0,172.0,0.0,3.0,2.0,1
2947658,385.265,4.195500000000003,1.0,5.0,51.97,3.0,3.0,2.0,1.0,0.0,6.0,4.0,24.0,1.0,0.0,1.0,122.0,0.0,2.0,0.0,0
646511,368.4410000000001,2.120919999999999,1.0,7.0,88.56,5.0,3.0,0.0,3.0,1.0,8.0,4.0,27.0,1.0,0.0,1.0,142.0,0.0,4.0,1.0,0
2973294,489.9600000000004,2.924640000000001,1.0,8.0,107.28,7.0,2.0,1.0,1.0,1.0,11.0,4.0,34.0,2.0,0.0,2.0,182.0,0.0,3.0,2.0,0
5742496,448.5450000000003,1.7994800000000002,1.0,8.0,133.8,9.0,1.0,1.0,0.0,1.0,10.0,2.0,31.0,1.0,0.0,1.0,168.0,0.0,1.0,0.0,0
663262,260.32199999999995,2.2834000000000003,0.0,6.0,52.3,2.0,2.0,1.0,1.0,0.0,6.0,3.0,18.0,1.0,0.0,1.0,92.0,0.0,2.0,0.0,0
661924,324.384,3.165500000000001,1.0,6.0,83.03,5.0,3.0,1.0,2.0,0.0,6.0,3.0,24.0,0.0,0.0,0.0,124.0,0.0,2.0,0.0,0
2868572,258.277,1.4469,0.0,5.0,61.19,2.0,2.0,1.0,1.0,0.0,5.0,3.0,19.0,1.0,0.0,1.0,98.0,0.0,2.0,0.0,0
651729,394.5220000000001,2.281,1.0,6.0,92.26,6.0,2.0,1.0,1.0,1.0,9.0,3.0,26.0,1.0,0.0,1.0,140.0,0.0,2.0,1.0,0
81990,246.69300000000004,3.2536000000000014,1.0,1.0,37.3,3.0,2.0,2.0,0.0,0.0,3.0,2.0,17.0,0.0,0.0,0.0,86.0,0.0,0.0,0.0,0
117876725,560.033,6.253220000000007,0.0,7.0,89.27,4.0,5.0,2.0,3.0,1.0,11.0,6.0,40.0,1.0,0.0,1.0,204.0,0.0,4.0,2.0,1
2998245,450.5320000000004,2.2143,1.0,8.0,111.24,8.0,0.0,0.0,0.0,1.0,9.0,2.0,32.0,2.0,0.0,2.0,178.0,0.0,2.0,1.0,0
5309505,302.374,2.2157000000000004,2.0,3.0,69.64,4.0,1.0,1.0,0.0,1.0,5.0,3.0,22.0,2.0,1.0,1.0,118.0,0.0,1.0,2.0,0
3232746,252.277,2.3378999999999994,0.0,5.0,52.83,3.0,3.0,1.0,2.0,0.0,5.0,3.0,19.0,0.0,0.0,0.0,94.0,0.0,2.0,0.0,0
644582,415.5150000000001,3.2010000000000014,2.0,4.0,87.74000000000001,5.0,2.0,2.0,0.0,2.0,8.0,4.0,29.0,2.0,0.0,2.0,154.0,0.0,2.0,2.0,0
2855564,316.357,2.0367,2.0,4.0,76.66,4.0,1.0,1.0,0.0,1.0,6.0,3.0,23.0,2.0,0.0,2.0,122.0,0.0,2.0,2.0,0
3237020,481.53000000000026,2.7822000000000013,3.0,6.0,122.83,8.0,3.0,3.0,0.0,0.0,10.0,4.0,34.0,1.0,0.0,1.0,176.0,0.0,1.0,2.0,0
2872630,296.326,3.076400000000001,3.0,4.0,72.80000000000001,3.0,2.0,2.0,0.0,0.0,5.0,3.0,22.0,1.0,0.0,1.0,112.0,0.0,1.0,1.0,0
6370962,281.35599999999994,1.2886999999999995,2.0,5.0,82.13,1.0,0.0,0.0,0.0,2.0,6.0,3.0,20.0,3.0,1.0,2.0,112.0,0.0,2.0,0.0,0
3240079,334.344,0.8426999999999998,2.0,4.0,92.34,6.0,1.0,1.0,0.0,0.0,9.0,1.0,22.0,0.0,0.0,0.0,122.0,0.0,0.0,2.0,0
648334,314.36400000000003,2.7792200000000014,1.0,4.0,58.120000000000005,3.0,2.0,1.0,1.0,1.0,6.0,3.0,23.0,1.0,0.0,1.0,120.0,0.0,2.0,1.0,0
664051,255.233,3.011380000000001,1.0,6.0,88.13,4.0,3.0,0.0,3.0,0.0,6.0,3.0,19.0,0.0,0.0,0.0,94.0,0.0,3.0,0.0,0
648552,403.5040000000001,2.3375200000000005,1.0,5.0,78.95,5.0,2.0,2.0,0.0,1.0,8.0,3.0,28.0,1.0,0.0,1.0,150.0,0.0,1.0,1.0,0
2734373,141.988,-0.2636799999999999,2.0,3.0,40.46,1.0,1.0,0.0,1.0,0.0,4.0,1.0,9.0,0.0,0.0,0.0,48.0,0.0,1.0,0.0,0
5308343,310.353,2.1351000000000004,2.0,3.0,67.42999999999999,5.0,2.0,2.0,0.0,0.0,5.0,3.0,23.0,1.0,0.0,1.0,118.0,0.0,1.0,2.0,0
658852,291.56500000000005,3.4620000000000006,1.0,3.0,38.05,2.0,2.0,1.0,1.0,0.0,6.0,2.0,17.0,0.0,0.0,0.0,90.0,0.0,1.0,0.0,0
3234674,290.248,3.3481000000000023,0.0,4.0,43.6,2.0,3.0,1.0,2.0,0.0,7.0,3.0,21.0,0.0,0.0,0.0,106.0,0.0,2.0,0.0,0
751479,342.4200000000001,3.197140000000001,2.0,3.0,79.03,4.0,3.0,2.0,1.0,0.0,6.0,3.0,24.0,0.0,0.0,0.0,124.0,0.0,1.0,1.0,0
6894608,388.47500000000014,4.213260000000004,0.0,7.0,70.12,6.0,4.0,2.0,2.0,0.0,7.0,4.0,29.0,0.0,0.0,0.0,148.0,0.0,2.0,0.0,0
3235063,415.4530000000001,2.687900000000001,0.0,8.0,82.37,4.0,4.0,2.0,2.0,1.0,8.0,5.0,31.0,1.0,0.0,1.0,156.0,0.0,3.0,0.0,0
5375199,264.321,2.2499,2.0,3.0,74.6,3.0,0.0,0.0,0.0,0.0,4.0,1.0,19.0,1.0,1.0,0.0,104.0,0.0,0.0,0.0,0
1294737,374.282,3.4532000000000016,1.0,3.0,35.58,3.0,2.0,2.0,0.0,1.0,5.0,3.0,23.0,1.0,0.0,1.0,120.0,0.0,1.0,1.0,0
666993,375.4320000000001,2.8920000000000003,2.0,6.0,81.07,5.0,3.0,2.0,1.0,0.0,7.0,4.0,28.0,1.0,0.0,1.0,142.0,0.0,2.0,1.0,0
2968596,261.39,3.326900000000002,1.0,2.0,29.1,3.0,1.0,1.0,0.0,2.0,3.0,3.0,18.0,2.0,2.0,0.0,96.0,0.0,0.0,1.0,0
8128,108.144,1.59396,0.0,2.0,47.58,3.0,0.0,0.0,0.0,0.0,2.0,0.0,8.0,0.0,0.0,0.0,42.0,0.0,0.0,0.0,0
658442,319.32000000000005,2.2837000000000005,0.0,3.0,90.85,5.0,2.0,2.0,0.0,0.0,6.0,3.0,24.0,1.0,0.0,1.0,118.0,0.0,1.0,2.0,0
135463949,317.38900000000007,3.151200000000001,2.0,4.0,79.79,6.0,1.0,1.0,0.0,1.0,6.0,2.0,23.0,1.0,0.0,1.0,124.0,0.0,1.0,3.0,0
3246278,552.0680000000002,6.358800000000002,2.0,2.0,66.4,3.0,2.0,2.0,0.0,1.0,10.0,5.0,32.0,3.0,3.0,0.0,166.0,0.0,0.0,1.0,0
658605,296.374,2.3637000000000006,1.0,4.0,53.92,3.0,3.0,1.0,2.0,1.0,5.0,4.0,22.0,1.0,0.0,1.0,114.0,0.0,3.0,0.0,0
3243729,330.4530000000001,3.814040000000003,0.0,4.0,46.34,5.0,2.0,1.0,1.0,1.0,5.0,3.0,23.0,1.0,0.0,1.0,122.0,0.0,2.0,1.0,0
677140,215.256,2.1244999999999994,1.0,4.0,61.03,3.0,2.0,1.0,1.0,0.0,4.0,2.0,16.0,0.0,0.0,0.0,82.0,0.0,1.0,0.0,0
9568669,308.38900000000007,1.7102799999999998,0.0,5.0,60.45,4.0,2.0,1.0,1.0,1.0,6.0,3.0,23.0,1.0,0.0,1.0,118.0,0.0,2.0,0.0,0
3237741,450.4240000000004,2.2658000000000005,1.0,5.0,69.72,5.0,1.0,0.0,1.0,2.0,9.0,3.0,25.0,2.0,0.0,2.0,140.0,0.0,3.0,1.0,0
3240770,420.4880000000001,3.872600000000003,1.0,5.0,57.7,6.0,3.0,2.0,1.0,1.0,7.0,4.0,31.0,1.0,0.0,1.0,160.0,0.0,2.0,1.0,0
662403,385.8940000000002,3.1818000000000017,1.0,5.0,64.63000000000001,6.0,2.0,2.0,0.0,0.0,8.0,3.0,24.0,1.0,0.0,1.0,128.0,0.0,1.0,0.0,0
73099,277.305,0.7048999999999994,2.0,4.0,88.16000000000001,4.0,2.0,1.0,1.0,0.0,7.0,2.0,19.0,0.0,0.0,0.0,98.0,0.0,1.0,1.0,0
2962523,347.37400000000014,2.9431800000000017,2.0,4.0,91.22,5.0,2.0,2.0,0.0,0.0,6.0,3.0,26.0,1.0,0.0,1.0,130.0,0.0,1.0,2.0,0
662491,280.41200000000003,2.681000000000001,2.0,2.0,50.36,6.0,0.0,0.0,0.0,4.0,4.0,4.0,20.0,4.0,4.0,0.0,114.0,0.0,0.0,2.0,0
2869367,243.69,1.4813999999999994,1.0,3.0,47.56,6.0,1.0,1.0,0.0,0.0,5.0,1.0,16.0,0.0,0.0,0.0,88.0,0.0,0.0,1.0,0
2998682,492.5800000000003,1.3508000000000009,2.0,8.0,116.89999999999998,8.0,3.0,2.0,1.0,1.0,10.0,4.0,36.0,1.0,0.0,1.0,190.0,0.0,2.0,1.0,0
3473222,339.8300000000001,3.968420000000002,2.0,5.0,68.75999999999999,2.0,3.0,2.0,1.0,0.0,6.0,4.0,24.0,1.0,0.0,1.0,122.0,0.0,2.0,0.0,0
5171033,326.3960000000001,2.4544000000000006,2.0,3.0,64.01,4.0,2.0,2.0,0.0,1.0,5.0,3.0,24.0,1.0,0.0,1.0,126.0,0.0,1.0,2.0,0
444972,116.072,-0.2881999999999998,2.0,2.0,74.6,2.0,0.0,0.0,0.0,0.0,4.0,0.0,8.0,0.0,0.0,0.0,44.0,0.0,0.0,0.0,0
92044842,428.49600000000027,4.370120000000003,3.0,5.0,104.82,5.0,4.0,1.0,3.0,1.0,8.0,5.0,32.0,1.0,0.0,1.0,162.0,0.0,4.0,2.0,1
135449580,355.3980000000001,2.2248,3.0,6.0,112.89999999999998,9.0,3.0,1.0,2.0,0.0,8.0,3.0,26.0,0.0,0.0,0.0,136.0,0.0,2.0,0.0,0
664624,489.32500000000016,4.440400000000003,0.0,5.0,70.83,3.0,3.0,2.0,1.0,2.0,7.0,6.0,32.0,3.0,0.0,3.0,158.0,0.0,4.0,2.0,0
117876838,576.028,5.187820000000006,2.0,8.0,113.6,6.0,5.0,2.0,3.0,1.0,11.0,6.0,41.0,1.0,0.0,1.0,210.0,0.0,4.0,1.0,1
3000205,410.8900000000001,3.6392000000000015,0.0,8.0,78.49,6.0,4.0,2.0,2.0,0.0,9.0,4.0,28.0,0.0,0.0,0.0,140.0,0.0,2.0,0.0,0
3243184,496.6330000000004,3.2490200000000025,1.0,7.0,84.0,9.0,3.0,2.0,1.0,1.0,9.0,4.0,35.0,1.0,0.0,1.0,186.0,0.0,2.0,0.0,0
2998472,279.321,0.5958199999999998,2.0,5.0,92.5,4.0,1.0,1.0,0.0,1.0,7.0,2.0,19.0,1.0,0.0,1.0,100.0,0.0,1.0,3.0,0
2432784,319.3380000000001,1.95,1.0,6.0,73.86000000000001,5.0,2.0,1.0,1.0,0.0,7.0,3.0,22.0,1.0,0.0,1.0,114.0,0.0,2.0,1.0,0
892017,267.244,2.5273000000000003,0.0,6.0,70.27000000000001,2.0,3.0,1.0,2.0,0.0,6.0,4.0,20.0,1.0,0.0,1.0,98.0,0.0,3.0,0.0,0
2201505,275.333,2.15472,1.0,5.0,78.10000000000001,5.0,2.0,1.0,1.0,0.0,6.0,2.0,19.0,0.0,0.0,0.0,98.0,0.0,1.0,1.0,0
121416677,457.5380000000002,3.318920000000002,2.0,7.0,97.2,6.0,4.0,1.0,3.0,1.0,9.0,5.0,34.0,1.0,0.0,1.0,174.0,0.0,4.0,2.0,1
2058779,298.144,1.4167,1.0,5.0,72.18,4.0,2.0,0.0,2.0,0.0,7.0,2.0,17.0,0.0,0.0,0.0,90.0,0.0,2.0,1.0,0
3000174,299.374,2.242,1.0,4.0,63.99,2.0,2.0,1.0,1.0,1.0,5.0,3.0,22.0,1.0,1.0,0.0,116.0,0.0,1.0,1.0,0
644680,282.3,0.2465999999999999,0.0,4.0,81.24000000000001,2.0,0.0,0.0,0.0,2.0,8.0,2.0,20.0,2.0,0.0,2.0,110.0,0.0,2.0,6.0,0
666547,415.52300000000014,1.3147199999999997,0.0,10.0,90.84000000000002,5.0,3.0,0.0,3.0,1.0,10.0,4.0,29.0,1.0,0.0,1.0,154.0,0.0,4.0,0.0,0
673467,275.30400000000003,1.2901999999999996,2.0,5.0,71.81,3.0,2.0,1.0,1.0,0.0,5.0,3.0,20.0,1.0,0.0,1.0,106.0,0.0,2.0,0.0,0
2618685,348.4320000000001,1.6878999999999995,2.0,7.0,101.8,7.0,2.0,0.0,2.0,0.0,9.0,2.0,24.0,0.0,0.0,0.0,128.0,0.0,2.0,3.0,0
3246439,285.368,2.9015000000000004,2.0,3.0,63.32000000000001,4.0,2.0,2.0,0.0,0.0,4.0,3.0,20.0,1.0,1.0,0.0,102.0,0.0,0.0,0.0,0
2204323,415.931,4.545420000000003,1.0,7.0,72.18,5.0,4.0,2.0,2.0,0.0,9.0,4.0,27.0,0.0,0.0,0.0,136.0,0.0,2.0,1.0,0
3234919,357.4170000000001,4.015920000000002,1.0,6.0,72.82000000000001,5.0,4.0,2.0,2.0,0.0,6.0,4.0,27.0,0.0,0.0,0.0,134.0,0.0,2.0,0.0,1
663859,381.3920000000002,2.48822,1.0,9.0,100.39,6.0,3.0,1.0,2.0,0.0,9.0,4.0,28.0,1.0,0.0,1.0,144.0,0.0,3.0,0.0,0
3000132,338.36700000000013,1.8411,2.0,4.0,95.16,3.0,2.0,1.0,1.0,1.0,7.0,4.0,25.0,2.0,1.0,1.0,128.0,0.0,2.0,3.0,0
3244912,431.4700000000002,3.361740000000002,2.0,7.0,119.76,7.0,3.0,2.0,1.0,0.0,10.0,3.0,30.0,0.0,0.0,0.0,158.0,0.0,1.0,1.0,0
3237633,411.9110000000002,3.292660000000001,1.0,5.0,92.51,4.0,2.0,1.0,1.0,1.0,9.0,3.0,27.0,1.0,0.0,1.0,146.0,0.0,2.0,1.0,0
1305960,411.4470000000001,0.5146999999999993,1.0,10.0,116.7,5.0,4.0,1.0,3.0,0.0,11.0,4.0,29.0,0.0,0.0,0.0,148.0,0.0,3.0,1.0,0
4086,211.261,1.1291999999999998,4.0,4.0,72.72,4.0,1.0,1.0,0.0,0.0,4.0,1.0,15.0,0.0,0.0,0.0,84.0,0.0,0.0,0.0,0
656236,335.38900000000007,1.6005,1.0,8.0,99.0,7.0,2.0,1.0,1.0,0.0,9.0,2.0,23.0,0.0,0.0,0.0,122.0,0.0,1.0,1.0,0
92044882,436.4970000000002,3.0535200000000016,3.0,6.0,129.73,5.0,4.0,1.0,3.0,0.0,10.0,4.0,31.0,0.0,0.0,0.0,158.0,0.0,3.0,2.0,1
2997793,306.36200000000014,2.454940000000001,1.0,5.0,81.43,6.0,1.0,0.0,1.0,0.0,6.0,2.0,22.0,1.0,1.0,0.0,120.0,0.0,1.0,1.0,0
5504709,239.325,1.892,0.0,5.0,45.56,3.0,1.0,0.0,1.0,1.0,6.0,2.0,15.0,1.0,0.0,1.0,78.0,0.0,2.0,1.0,0
2999002,312.753,1.3742,2.0,5.0,90.65000000000002,5.0,1.0,1.0,0.0,1.0,7.0,2.0,21.0,1.0,0.0,1.0,114.0,0.0,1.0,1.0,0
744447,270.284,2.723200000000001,2.0,2.0,74.6,5.0,2.0,2.0,0.0,0.0,4.0,2.0,20.0,0.0,0.0,0.0,102.0,0.0,0.0,0.0,0
5309239,283.37499999999994,2.1208,1.0,3.0,46.92,5.0,2.0,1.0,1.0,0.0,4.0,3.0,21.0,1.0,1.0,0.0,110.0,0.0,1.0,1.0,0
3244405,336.45700000000005,4.020140000000003,0.0,4.0,63.41,6.0,2.0,1.0,1.0,0.0,6.0,2.0,23.0,0.0,0.0,0.0,126.0,0.0,1.0,0.0,0
3237225,305.381,0.0210000000000001,2.0,6.0,105.23,6.0,1.0,0.0,1.0,0.0,9.0,1.0,19.0,0.0,0.0,0.0,106.0,0.0,1.0,2.0,0
663647,360.4650000000001,3.077440000000001,2.0,6.0,65.44,4.0,3.0,2.0,1.0,0.0,6.0,4.0,27.0,1.0,0.0,1.0,138.0,0.0,2.0,0.0,0
799618,276.384,1.25637,2.0,5.0,57.18000000000001,7.0,2.0,1.0,1.0,0.0,5.0,2.0,20.0,0.0,0.0,0.0,110.0,0.0,1.0,0.0,0
663003,373.40500000000026,3.020220000000002,1.0,6.0,94.84,3.0,2.0,1.0,1.0,0.0,7.0,3.0,27.0,1.0,1.0,0.0,144.0,0.0,1.0,1.0,0
727946,263.72799999999995,2.985800000000001,0.0,4.0,42.16,3.0,2.0,1.0,1.0,1.0,5.0,3.0,18.0,1.0,0.0,1.0,94.0,0.0,2.0,0.0,0
1091863,399.4470000000002,4.311720000000004,0.0,8.0,88.73000000000002,9.0,3.0,1.0,2.0,0.0,8.0,3.0,29.0,0.0,0.0,0.0,154.0,0.0,2.0,0.0,0
2243436,286.41900000000004,3.2239200000000023,0.0,2.0,23.55,2.0,1.0,1.0,0.0,2.0,3.0,3.0,21.0,2.0,1.0,1.0,114.0,0.0,1.0,1.0,0
1357470,350.3960000000001,2.2748,1.0,7.0,86.75,8.0,2.0,1.0,1.0,0.0,8.0,2.0,24.0,0.0,0.0,0.0,128.0,0.0,1.0,1.0,0
3235117,339.4430000000001,2.3379000000000003,0.0,5.0,54.260000000000005,2.0,2.0,0.0,2.0,2.0,6.0,4.0,25.0,2.0,0.0,2.0,132.0,1.0,4.0,1.0,0
3237693,335.38500000000016,1.11999,1.0,7.0,68.72000000000001,3.0,2.0,1.0,1.0,1.0,8.0,4.0,23.0,2.0,0.0,2.0,122.0,0.0,3.0,0.0,0
3240147,382.5140000000001,4.241200000000004,0.0,7.0,41.49,3.0,4.0,2.0,2.0,1.0,7.0,5.0,26.0,1.0,0.0,1.0,132.0,0.0,3.0,0.0,0
3237162,457.5960000000002,3.166000000000002,2.0,4.0,95.58,8.0,2.0,2.0,0.0,0.0,8.0,3.0,32.0,1.0,0.0,1.0,172.0,0.0,1.0,2.0,0
2238616,324.4250000000001,1.0522000000000007,0.0,3.0,56.33000000000001,0.0,0.0,0.0,0.0,3.0,7.0,3.0,23.0,3.0,0.0,3.0,130.0,0.0,3.0,4.0,0
663288,447.47600000000017,3.2848200000000016,2.0,8.0,133.11,4.0,5.0,2.0,3.0,0.0,10.0,5.0,32.0,0.0,0.0,0.0,160.0,0.0,3.0,1.0,0
665790,359.42600000000016,3.1353000000000018,1.0,6.0,86.48,7.0,2.0,1.0,1.0,1.0,7.0,3.0,26.0,1.0,1.0,0.0,140.0,0.0,1.0,1.0,0
3242310,296.71,2.5330000000000004,1.0,4.0,54.86,1.0,3.0,1.0,2.0,0.0,7.0,3.0,19.0,0.0,0.0,0.0,96.0,0.0,2.0,0.0,0
2978857,400.332,3.177500000000001,2.0,6.0,85.25,5.0,2.0,1.0,1.0,0.0,11.0,3.0,28.0,1.0,0.0,1.0,150.0,0.0,2.0,1.0,0
3246414,483.4580000000003,2.7753000000000005,3.0,9.0,167.15,5.0,3.0,3.0,0.0,0.0,12.0,4.0,34.0,1.0,1.0,0.0,174.0,0.0,0.0,0.0,0
1249773,392.4110000000001,2.7127000000000008,0.0,5.0,83.97000000000001,4.0,3.0,1.0,2.0,1.0,7.0,4.0,29.0,1.0,0.0,1.0,148.0,0.0,3.0,2.0,0
667117,365.4580000000001,3.4930800000000017,0.0,5.0,56.57,2.0,2.0,2.0,0.0,1.0,6.0,4.0,26.0,2.0,0.0,2.0,132.0,0.0,2.0,1.0,0
664611,349.3900000000001,3.885080000000002,1.0,6.0,80.31,7.0,3.0,2.0,1.0,0.0,6.0,3.0,26.0,0.0,0.0,0.0,132.0,0.0,1.0,0.0,1
117876252,560.5610000000003,4.3937200000000045,1.0,9.0,115.49000000000002,6.0,5.0,2.0,3.0,1.0,12.0,6.0,41.0,1.0,0.0,1.0,210.0,0.0,4.0,1.0,1
3239116,418.45300000000015,4.164320000000003,1.0,7.0,91.41,7.0,4.0,2.0,2.0,0.0,8.0,4.0,31.0,0.0,0.0,0.0,158.0,0.0,2.0,1.0,0
974624,279.34,2.896440000000001,2.0,3.0,57.78,4.0,2.0,1.0,1.0,0.0,6.0,2.0,19.0,0.0,0.0,0.0,100.0,0.0,1.0,1.0,0
663902,402.48400000000015,-0.242599999999999,1.0,10.0,104.94,5.0,3.0,0.0,3.0,1.0,11.0,4.0,28.0,1.0,0.0,1.0,148.0,0.0,4.0,0.0,0
2981740,292.423,2.3691000000000004,2.0,2.0,52.57000000000001,2.0,0.0,0.0,0.0,5.0,4.0,5.0,21.0,5.0,4.0,1.0,118.0,0.0,1.0,2.0,0
3236473,473.58000000000027,2.652990000000001,2.0,7.0,109.32,7.0,3.0,2.0,1.0,1.0,11.0,4.0,32.0,1.0,0.0,1.0,168.0,0.0,2.0,1.0,0
662984,363.39400000000006,3.780700000000003,1.0,5.0,59.00000000000001,7.0,2.0,2.0,0.0,0.0,6.0,2.0,25.0,0.0,0.0,0.0,136.0,0.0,0.0,0.0,0
667737,321.35400000000004,2.2319000000000004,2.0,4.0,92.7,7.0,2.0,2.0,0.0,0.0,7.0,2.0,22.0,0.0,0.0,0.0,116.0,0.0,0.0,0.0,0
5730,389.4550000000001,4.271220000000004,3.0,4.0,81.67,5.0,3.0,3.0,0.0,0.0,6.0,3.0,29.0,0.0,0.0,0.0,148.0,0.0,0.0,2.0,0
651822,494.5670000000002,4.607300000000004,2.0,5.0,104.54,11.0,3.0,1.0,2.0,0.0,9.0,3.0,36.0,0.0,0.0,0.0,190.0,0.0,2.0,3.0,0
539513,249.294,4.238180000000003,0.0,2.0,40.86,4.0,1.0,1.0,0.0,0.0,3.0,1.0,17.0,0.0,0.0,0.0,92.0,0.0,0.0,0.0,0
3240107,431.4700000000002,0.9139199999999996,0.0,8.0,107.68,5.0,3.0,2.0,1.0,0.0,10.0,3.0,30.0,0.0,0.0,0.0,158.0,0.0,1.0,0.0,0
646291,407.5620000000002,3.2754800000000017,0.0,5.0,52.57,3.0,2.0,1.0,1.0,2.0,6.0,4.0,30.0,2.0,0.0,2.0,160.0,0.0,3.0,1.0,0
5459460,424.54100000000017,3.337500000000002,1.0,5.0,71.77,6.0,2.0,1.0,1.0,1.0,6.0,4.0,31.0,2.0,1.0,1.0,166.0,0.0,2.0,1.0,0
2997764,432.4980000000002,1.9529,1.0,6.0,102.00999999999998,8.0,2.0,2.0,0.0,1.0,9.0,3.0,30.0,1.0,0.0,1.0,160.0,0.0,1.0,1.0,0
896752,214.228,0.8015999999999999,1.0,4.0,67.77000000000001,3.0,2.0,0.0,2.0,0.0,5.0,2.0,16.0,0.0,0.0,0.0,80.0,0.0,2.0,1.0,0
5771821,466.0050000000001,7.506300000000007,1.0,1.0,29.1,10.0,3.0,3.0,0.0,1.0,4.0,4.0,32.0,1.0,1.0,0.0,168.0,0.0,0.0,0.0,0
892637,294.3980000000001,3.2658400000000016,0.0,2.0,23.55,2.0,2.0,2.0,0.0,1.0,3.0,3.0,22.0,1.0,0.0,1.0,114.0,0.0,1.0,1.0,0
135450610,448.5710000000004,3.4660400000000022,1.0,6.0,96.77,4.0,3.0,1.0,2.0,2.0,8.0,5.0,33.0,2.0,1.0,1.0,174.0,0.0,3.0,1.0,0
6604832,1255.4379999999994,0.7256400000000032,5.0,18.0,359.98,8.0,1.0,1.0,0.0,4.0,28.0,7.0,90.0,6.0,1.0,5.0,490.0,0.0,5.0,10.0,0
646872,287.319,0.56372,0.0,5.0,64.43,2.0,2.0,1.0,1.0,1.0,6.0,3.0,21.0,1.0,0.0,1.0,110.0,0.0,2.0,1.0,0
1247929,239.662,0.5280999999999997,0.0,5.0,48.93,1.0,2.0,1.0,1.0,0.0,6.0,2.0,16.0,0.0,0.0,0.0,84.0,0.0,1.0,0.0,0
665247,197.218,2.297,1.0,2.0,43.09,3.0,1.0,1.0,0.0,0.0,3.0,1.0,13.0,0.0,0.0,0.0,72.0,0.0,0.0,0.0,0
76072402,355.3980000000001,2.784120000000001,3.0,5.0,101.16,6.0,3.0,1.0,2.0,0.0,8.0,3.0,26.0,0.0,0.0,0.0,136.0,0.0,2.0,2.0,1
135513634,289.682,1.3232999999999997,2.0,5.0,92.15,2.0,3.0,1.0,2.0,0.0,8.0,3.0,20.0,0.0,0.0,0.0,100.0,0.0,2.0,1.0,0
2128137,339.4170000000001,1.8322,2.0,6.0,97.39,7.0,1.0,0.0,1.0,0.0,8.0,1.0,23.0,0.0,0.0,0.0,126.0,0.0,1.0,3.0,0
664758,358.4380000000001,2.5169200000000007,0.0,6.0,52.93,4.0,2.0,1.0,1.0,2.0,6.0,4.0,26.0,2.0,0.0,2.0,140.0,1.0,3.0,0.0,0
2998190,442.42400000000026,0.9391999999999998,1.0,9.0,128.30999999999997,6.0,1.0,1.0,0.0,0.0,10.0,3.0,32.0,2.0,0.0,2.0,168.0,0.0,2.0,2.0,0
651146,337.41900000000004,3.880600000000003,0.0,4.0,46.61,2.0,1.0,1.0,0.0,0.0,4.0,4.0,25.0,3.0,2.0,1.0,130.0,0.0,1.0,0.0,0
5308573,323.3490000000001,-0.6022999999999987,0.0,7.0,79.39,3.0,1.0,1.0,0.0,2.0,8.0,3.0,23.0,2.0,0.0,2.0,126.0,0.0,2.0,1.0,0
135449566,271.342,0.4926999999999997,2.0,6.0,84.22,3.0,1.0,0.0,1.0,0.0,7.0,1.0,18.0,0.0,0.0,0.0,100.0,0.0,1.0,1.0,0
2235676,302.305,2.2028,2.0,3.0,67.43,5.0,2.0,2.0,0.0,0.0,6.0,2.0,22.0,0.0,0.0,0.0,114.0,0.0,0.0,2.0,0
649280,437.5690000000001,4.784000000000004,0.0,8.0,69.21000000000001,10.0,4.0,1.0,3.0,0.0,8.0,4.0,31.0,0.0,0.0,0.0,162.0,0.0,3.0,0.0,0
2998735,335.3120000000001,1.2332,1.0,7.0,100.16,6.0,1.0,1.0,0.0,0.0,8.0,2.0,24.0,1.0,0.0,1.0,128.0,0.0,1.0,1.0,0
713701,249.339,2.0221,1.0,4.0,60.91,4.0,2.0,1.0,1.0,0.0,5.0,2.0,17.0,0.0,0.0,0.0,90.0,0.0,1.0,1.0,0
3233912,428.5000000000003,2.01068,0.0,9.0,95.87,4.0,4.0,1.0,3.0,1.0,9.0,5.0,32.0,1.0,0.0,1.0,162.0,0.0,4.0,0.0,0
657873,264.22700000000003,2.758700000000001,1.0,3.0,46.53,1.0,2.0,2.0,0.0,0.0,5.0,3.0,19.0,1.0,0.0,1.0,98.0,0.0,1.0,0.0,0
653310,370.503,3.615100000000002,0.0,6.0,51.02,4.0,3.0,1.0,2.0,0.0,7.0,4.0,25.0,1.0,0.0,1.0,128.0,0.0,3.0,1.0,0
2999206,346.39400000000006,2.23718,2.0,7.0,114.08,2.0,3.0,1.0,2.0,0.0,7.0,4.0,26.0,1.0,0.0,1.0,130.0,0.0,3.0,0.0,0
755693,275.31499999999994,2.4505,1.0,5.0,69.1,2.0,4.0,2.0,2.0,0.0,5.0,4.0,21.0,0.0,0.0,0.0,102.0,0.0,2.0,0.0,0
5309111,375.2410000000001,4.098000000000003,0.0,2.0,23.550000000000004,2.0,2.0,2.0,0.0,2.0,5.0,4.0,23.0,2.0,0.0,2.0,118.0,0.0,2.0,1.0,0
2998109,386.5400000000004,2.570999999999999,3.0,3.0,87.46,7.0,1.0,1.0,0.0,2.0,6.0,3.0,28.0,2.0,1.0,1.0,154.0,0.0,1.0,3.0,0
2965121,287.315,2.516000000000001,1.0,4.0,60.7,5.0,2.0,1.0,1.0,0.0,5.0,3.0,21.0,1.0,0.0,1.0,110.0,0.0,2.0,1.0,0
2998170,391.42400000000015,1.3959999999999997,2.0,6.0,114.04000000000002,5.0,1.0,1.0,0.0,1.0,9.0,2.0,28.0,1.0,0.0,1.0,152.0,0.0,1.0,3.0,0
597837,352.4750000000002,2.4043,2.0,4.0,76.66,4.0,0.0,0.0,0.0,3.0,6.0,3.0,25.0,3.0,2.0,1.0,142.0,0.0,1.0,2.0,0
1250898,302.2050000000001,2.1793,1.0,3.0,35.58,3.0,1.0,1.0,0.0,1.0,6.0,2.0,19.0,1.0,0.0,1.0,104.0,0.0,1.0,1.0,0
180933,258.276,3.928200000000002,0.0,2.0,34.14,0.0,3.0,3.0,0.0,0.0,2.0,4.0,20.0,1.0,1.0,0.0,94.0,0.0,0.0,0.0,1
2942270,340.47100000000006,2.882000000000001,1.0,3.0,48.470000000000006,2.0,1.0,0.0,1.0,5.0,5.0,6.0,25.0,5.0,4.0,1.0,134.0,0.0,2.0,2.0,0
689978,241.29,3.012520000000001,1.0,2.0,38.33,4.0,2.0,2.0,0.0,0.0,3.0,2.0,18.0,0.0,0.0,0.0,92.0,0.0,0.0,1.0,0
117876832,561.0170000000002,5.479020000000006,1.0,8.0,106.26,5.0,5.0,2.0,3.0,1.0,11.0,6.0,40.0,1.0,0.0,1.0,204.0,0.0,4.0,1.0,1
2416166,380.429,3.877500000000002,0.0,8.0,83.03999999999999,6.0,4.0,2.0,2.0,0.0,8.0,4.0,27.0,0.0,0.0,0.0,136.0,0.0,2.0,0.0,0
2976060,464.5400000000003,1.4624000000000008,1.0,7.0,103.4,10.0,2.0,2.0,0.0,1.0,10.0,3.0,32.0,1.0,0.0,1.0,174.0,0.0,1.0,1.0,0
3233046,383.4110000000001,3.3430000000000017,0.0,7.0,74.83000000000001,3.0,5.0,2.0,3.0,0.0,7.0,5.0,29.0,0.0,0.0,0.0,142.0,0.0,3.0,0.0,0
4620191,426.5020000000003,1.3392999999999993,2.0,7.0,116.74,6.0,3.0,1.0,2.0,1.0,10.0,4.0,30.0,1.0,0.0,1.0,156.0,0.0,3.0,1.0,0
3241288,292.342,3.0840000000000014,1.0,3.0,50.16,1.0,3.0,2.0,1.0,0.0,5.0,4.0,22.0,1.0,0.0,1.0,110.0,0.0,2.0,2.0,0
1819219,394.50100000000015,1.70934,3.0,8.0,118.13,10.0,2.0,1.0,1.0,0.0,10.0,2.0,27.0,0.0,0.0,0.0,148.0,0.0,1.0,0.0,0
6604777,344.45800000000014,3.9287000000000014,1.0,3.0,36.36,1.0,3.0,2.0,1.0,1.0,3.0,5.0,26.0,2.0,1.0,1.0,132.0,0.0,2.0,0.0,0
3236013,339.4170000000001,1.7280999999999995,2.0,5.0,93.31,9.0,2.0,1.0,1.0,0.0,8.0,2.0,23.0,0.0,0.0,0.0,126.0,0.0,1.0,0.0,0
873004,295.294,2.5592000000000006,0.0,4.0,63.68,3.0,2.0,2.0,0.0,1.0,5.0,3.0,22.0,1.0,0.0,1.0,110.0,0.0,1.0,2.0,0
1306797,451.5040000000003,2.459600000000001,1.0,5.0,96.02,5.0,3.0,3.0,0.0,1.0,9.0,5.0,32.0,2.0,0.0,2.0,164.0,0.0,2.0,2.0,0
135399549,325.3240000000001,2.1926,2.0,5.0,93.31,4.0,3.0,2.0,1.0,0.0,7.0,3.0,24.0,0.0,0.0,0.0,122.0,0.0,1.0,1.0,0
5309799,370.456,1.7873399999999997,1.0,7.0,105.4,4.0,2.0,0.0,2.0,1.0,10.0,3.0,24.0,1.0,0.0,1.0,130.0,0.0,3.0,1.0,0
5784,191.013,2.691600000000001,1.0,1.0,37.3,1.0,1.0,1.0,0.0,0.0,4.0,1.0,11.0,0.0,0.0,0.0,58.0,0.0,0.0,0.0,0
648556,415.4460000000001,2.8222000000000005,1.0,6.0,80.23,4.0,2.0,2.0,0.0,1.0,9.0,4.0,29.0,2.0,0.0,2.0,150.0,0.0,2.0,2.0,0
1259968,355.44100000000014,2.6031200000000005,1.0,8.0,82.57000000000001,7.0,2.0,1.0,1.0,0.0,9.0,2.0,23.0,0.0,0.0,0.0,124.0,0.0,1.0,1.0,0
661104,233.267,2.676420000000001,1.0,3.0,51.46000000000001,3.0,2.0,1.0,1.0,0.0,4.0,2.0,17.0,0.0,0.0,0.0,90.0,0.0,1.0,0.0,0
1242767,454.4820000000002,5.763380000000005,1.0,6.0,93.72,7.0,4.0,3.0,1.0,0.0,7.0,4.0,34.0,0.0,0.0,0.0,170.0,0.0,1.0,1.0,0
5771810,470.63800000000015,6.747700000000007,1.0,3.0,59.06,9.0,4.0,3.0,1.0,1.0,5.0,5.0,34.0,1.0,1.0,0.0,174.0,0.0,1.0,0.0,0
6997825,418.90900000000016,5.152300000000004,0.0,6.0,52.18,3.0,5.0,2.0,3.0,0.0,7.0,5.0,29.0,0.0,0.0,0.0,142.0,0.0,3.0,0.0,0
2884552,396.48400000000026,-0.1695999999999971,2.0,8.0,83.86,10.0,1.0,1.0,0.0,2.0,8.0,3.0,28.0,2.0,0.0,2.0,158.0,0.0,2.0,0.0,0
648202,400.4850000000001,3.649400000000002,1.0,8.0,86.09,8.0,4.0,0.0,4.0,0.0,9.0,4.0,27.0,0.0,0.0,0.0,138.0,0.0,4.0,1.0,0
649662,466.5150000000003,3.591820000000001,1.0,6.0,101.84,6.0,4.0,2.0,2.0,0.0,9.0,5.0,33.0,1.0,0.0,1.0,170.0,0.0,3.0,0.0,1
2984762,330.4720000000001,3.1940000000000017,0.0,2.0,40.620000000000005,10.0,0.0,0.0,0.0,1.0,4.0,1.0,24.0,1.0,1.0,0.0,132.0,0.0,0.0,2.0,0
3234377,276.343,3.4591200000000013,1.0,4.0,50.7,4.0,3.0,1.0,2.0,0.0,4.0,3.0,21.0,0.0,0.0,0.0,104.0,0.0,2.0,0.0,0
6605075,410.5410000000003,4.638720000000004,1.0,6.0,58.870000000000005,9.0,3.0,1.0,2.0,1.0,7.0,4.0,30.0,1.0,0.0,1.0,160.0,0.0,3.0,0.0,0
1040306,404.4950000000002,3.9783000000000026,1.0,6.0,72.95,8.0,4.0,2.0,2.0,0.0,7.0,4.0,29.0,0.0,0.0,0.0,146.0,0.0,2.0,1.0,0
650974,325.43699999999995,4.608100000000004,1.0,3.0,44.7,2.0,2.0,2.0,0.0,0.0,5.0,3.0,23.0,1.0,0.0,1.0,118.0,0.0,1.0,2.0,0
3240993,376.815,3.714400000000003,0.0,3.0,49.85,5.0,2.0,2.0,0.0,1.0,7.0,3.0,26.0,1.0,0.0,1.0,136.0,0.0,1.0,2.0,0
2974961,489.5940000000004,2.13362,1.0,7.0,97.41,8.0,2.0,2.0,0.0,1.0,10.0,4.0,34.0,2.0,0.0,2.0,184.0,0.0,2.0,1.0,0
135415401,181.235,2.0307,1.0,3.0,49.66,2.0,0.0,0.0,0.0,0.0,3.0,1.0,13.0,1.0,1.0,0.0,72.0,0.0,0.0,0.0,0
650328,432.4590000000002,2.0701,0.0,7.0,76.25999999999999,4.0,4.0,2.0,2.0,1.0,9.0,5.0,32.0,1.0,0.0,1.0,162.0,0.0,3.0,1.0,0
2109943,496.6330000000005,3.151600000000002,2.0,5.0,94.74,7.0,3.0,2.0,1.0,2.0,9.0,5.0,35.0,2.0,0.0,2.0,186.0,0.0,3.0,1.0,0
3235497,315.298,4.906000000000002,1.0,3.0,37.81,3.0,3.0,2.0,1.0,0.0,6.0,3.0,23.0,0.0,0.0,0.0,116.0,0.0,1.0,0.0,0
3236505,334.3970000000001,2.3214200000000007,0.0,6.0,69.88999999999999,4.0,2.0,1.0,1.0,0.0,7.0,2.0,23.0,0.0,0.0,0.0,122.0,0.0,1.0,1.0,0
5307203,452.5550000000002,2.42172,2.0,6.0,83.14000000000001,8.0,2.0,2.0,0.0,1.0,8.0,4.0,33.0,2.0,0.0,2.0,176.0,0.0,2.0,2.0,0
5095,260.3809999999999,2.845700000000001,1.0,2.0,32.34,7.0,1.0,1.0,0.0,0.0,3.0,2.0,19.0,1.0,0.0,1.0,104.0,0.0,1.0,1.0,0
894605,257.289,3.443900000000002,1.0,3.0,47.56,4.0,2.0,2.0,0.0,0.0,4.0,2.0,19.0,0.0,0.0,0.0,98.0,0.0,0.0,1.0,0
646250,416.5280000000001,3.635100000000002,1.0,7.0,88.33,7.0,3.0,0.0,3.0,1.0,9.0,4.0,28.0,1.0,1.0,0.0,146.0,0.0,3.0,2.0,0
1799331,256.261,2.1870000000000003,2.0,4.0,85.33,5.0,2.0,1.0,1.0,0.0,5.0,2.0,19.0,0.0,0.0,0.0,96.0,0.0,1.0,1.0,0
1534922,412.873,3.9482000000000026,0.0,6.0,60.89,5.0,3.0,2.0,1.0,1.0,7.0,4.0,29.0,1.0,0.0,1.0,150.0,0.0,2.0,0.0,0
6604749,380.2310000000001,4.125000000000002,4.0,3.0,90.46,3.0,2.0,2.0,0.0,0.0,8.0,3.0,25.0,1.0,0.0,1.0,130.0,0.0,1.0,2.0,0
8124,162.66,3.112300000000002,0.0,1.0,17.07,6.0,0.0,0.0,0.0,0.0,2.0,0.0,10.0,0.0,0.0,0.0,60.0,0.0,0.0,0.0,0
650848,240.266,1.7014399999999998,1.0,4.0,63.05,1.0,3.0,1.0,2.0,0.0,5.0,3.0,18.0,0.0,0.0,0.0,90.0,0.0,2.0,0.0,0
5309790,344.3710000000001,-0.0207999999999992,1.0,8.0,91.84,6.0,2.0,1.0,1.0,1.0,8.0,3.0,25.0,1.0,0.0,1.0,132.0,0.0,2.0,0.0,0
662084,318.38,3.6511200000000015,1.0,5.0,51.97,3.0,3.0,2.0,1.0,0.0,5.0,4.0,24.0,1.0,0.0,1.0,120.0,0.0,2.0,0.0,0
11883,182.135,1.81142,0.0,4.0,86.28,2.0,1.0,1.0,0.0,0.0,6.0,1.0,13.0,0.0,0.0,0.0,68.0,0.0,0.0,0.0,0
647649,438.4150000000002,2.4177,2.0,7.0,111.55,5.0,3.0,2.0,1.0,0.0,10.0,4.0,32.0,1.0,0.0,1.0,164.0,0.0,2.0,2.0,0
645190,483.6480000000002,4.462160000000003,1.0,10.0,98.48,8.0,4.0,1.0,3.0,0.0,11.0,4.0,32.0,0.0,0.0,0.0,164.0,0.0,3.0,1.0,0
2997930,452.5360000000002,2.778500000000001,0.0,7.0,84.74000000000001,5.0,3.0,2.0,1.0,1.0,9.0,4.0,32.0,1.0,0.0,1.0,166.0,0.0,2.0,2.0,0
2078480,316.309,2.4491000000000005,1.0,6.0,82.06,6.0,2.0,2.0,0.0,0.0,6.0,2.0,23.0,0.0,0.0,0.0,120.0,0.0,0.0,0.0,0
664811,347.4590000000001,2.1478,2.0,4.0,70.66999999999999,6.0,1.0,1.0,0.0,1.0,6.0,2.0,25.0,1.0,0.0,1.0,138.0,0.0,1.0,2.0,0
720660,321.2220000000001,2.5342,0.0,4.0,32.260000000000005,2.0,2.0,1.0,1.0,1.0,5.0,3.0,19.0,1.0,0.0,1.0,100.0,0.0,2.0,0.0,0
145995626,475.91900000000015,4.207700000000003,2.0,9.0,97.85,5.0,5.0,1.0,4.0,0.0,11.0,6.0,34.0,1.0,0.0,1.0,170.0,0.0,5.0,0.0,1
831076,309.32500000000005,2.0965,1.0,4.0,79.37,5.0,2.0,1.0,1.0,0.0,6.0,3.0,23.0,1.0,0.0,1.0,116.0,0.0,2.0,3.0,0
3238330,381.43900000000014,2.967040000000001,1.0,5.0,117.7,2.0,1.0,1.0,0.0,0.0,6.0,4.0,29.0,3.0,2.0,1.0,142.0,1.0,1.0,1.0,0
667267,415.4970000000002,2.4752,0.0,6.0,62.85,4.0,4.0,1.0,3.0,1.0,7.0,5.0,31.0,1.0,0.0,1.0,158.0,0.0,4.0,1.0,0
1069562,410.43300000000016,2.9278200000000014,0.0,6.0,85.16,4.0,4.0,2.0,2.0,0.0,7.0,5.0,31.0,1.0,0.0,1.0,152.0,0.0,3.0,2.0,0
712009,272.333,2.856020000000001,0.0,6.0,56.74,4.0,3.0,1.0,2.0,0.0,6.0,3.0,19.0,0.0,0.0,0.0,96.0,0.0,2.0,0.0,0
2385273,386.44000000000017,3.353400000000001,1.0,7.0,89.35000000000001,4.0,5.0,2.0,3.0,0.0,8.0,5.0,28.0,0.0,0.0,0.0,136.0,0.0,3.0,0.0,0
93911,256.143,2.0201,2.0,2.0,32.26,1.0,1.0,1.0,0.0,1.0,3.0,2.0,14.0,1.0,0.0,1.0,76.0,0.0,1.0,0.0,0
3245424,384.52300000000014,2.8915200000000008,1.0,6.0,81.43,10.0,2.0,0.0,2.0,0.0,8.0,2.0,25.0,0.0,0.0,0.0,138.0,0.0,2.0,1.0,0
33032,147.13,-0.7368999999999997,3.0,3.0,100.62000000000002,4.0,0.0,0.0,0.0,0.0,5.0,0.0,10.0,0.0,0.0,0.0,58.0,0.0,0.0,0.0,0
135449262,290.32200000000006,4.377520000000002,1.0,4.0,69.52000000000001,2.0,3.0,2.0,1.0,0.0,4.0,3.0,22.0,0.0,0.0,0.0,108.0,0.0,1.0,0.0,0
2143534,397.4560000000002,3.146200000000001,0.0,8.0,78.86,7.0,4.0,1.0,3.0,0.0,8.0,4.0,28.0,0.0,0.0,0.0,144.0,0.0,3.0,0.0,0
3115287,285.29900000000004,2.0934,1.0,5.0,68.53999999999999,1.0,2.0,1.0,1.0,0.0,5.0,3.0,21.0,1.0,0.0,1.0,108.0,0.0,2.0,0.0,0
705661,314.29300000000006,3.060020000000001,0.0,6.0,78.88000000000001,4.0,3.0,1.0,2.0,0.0,6.0,3.0,23.0,0.0,0.0,0.0,118.0,0.0,2.0,0.0,0
674174,303.3140000000001,1.4957999999999998,1.0,6.0,73.86,4.0,1.0,1.0,0.0,0.0,6.0,2.0,22.0,1.0,0.0,1.0,116.0,0.0,1.0,0.0,0
2998835,430.5550000000002,3.053700000000002,0.0,7.0,75.63000000000001,4.0,3.0,1.0,2.0,2.0,9.0,5.0,29.0,2.0,0.0,2.0,152.0,0.0,4.0,0.0,0
828796,272.39199999999994,2.3159,0.0,2.0,23.550000000000004,3.0,1.0,1.0,0.0,2.0,3.0,3.0,20.0,2.0,1.0,1.0,108.0,0.0,1.0,1.0,0
3238201,260.249,2.00652,1.0,5.0,73.59,2.0,2.0,1.0,1.0,0.0,6.0,3.0,19.0,1.0,0.0,1.0,98.0,0.0,2.0,1.0,0
654543,406.46000000000015,2.0383,2.0,6.0,102.96,9.0,2.0,2.0,0.0,0.0,9.0,2.0,28.0,0.0,0.0,0.0,150.0,0.0,0.0,2.0,0
135444279,346.456,2.655320000000001,2.0,5.0,78.09,7.0,2.0,1.0,1.0,0.0,7.0,2.0,24.0,0.0,0.0,0.0,128.0,0.0,1.0,1.0,0
2531869,253.73300000000003,1.1836999999999998,2.0,3.0,44.370000000000005,3.0,1.0,1.0,0.0,1.0,5.0,2.0,17.0,1.0,0.0,1.0,92.0,0.0,1.0,1.0,0
5308116,342.826,3.858400000000003,0.0,3.0,32.78,3.0,2.0,2.0,0.0,2.0,5.0,4.0,24.0,2.0,0.0,2.0,124.0,0.0,2.0,1.0,0
3239556,390.4760000000002,2.833800000000001,0.0,6.0,102.42,7.0,0.0,0.0,0.0,2.0,6.0,2.0,28.0,2.0,2.0,0.0,154.0,0.0,0.0,0.0,0
118380772,382.4680000000001,3.3133000000000017,3.0,5.0,95.17,8.0,3.0,1.0,2.0,0.0,8.0,3.0,28.0,0.0,0.0,0.0,148.0,0.0,2.0,2.0,1
3235013,296.37,3.0222000000000016,0.0,3.0,36.690000000000005,2.0,2.0,1.0,1.0,2.0,4.0,4.0,22.0,2.0,0.0,2.0,114.0,1.0,3.0,1.0,0
651002,302.333,3.7048000000000014,0.0,4.0,48.03,3.0,4.0,2.0,2.0,0.0,4.0,4.0,23.0,0.0,0.0,0.0,112.0,0.0,2.0,0.0,0
648961,312.3260000000001,-0.9918999999999992,3.0,5.0,119.05,4.0,0.0,0.0,0.0,2.0,9.0,2.0,22.0,2.0,0.0,2.0,122.0,0.0,2.0,6.0,0
652698,441.59700000000026,2.771440000000001,2.0,4.0,78.50999999999999,8.0,2.0,2.0,0.0,1.0,7.0,3.0,31.0,1.0,0.0,1.0,166.0,0.0,1.0,2.0,0
2056026,342.37600000000003,2.442,1.0,5.0,77.52000000000001,4.0,3.0,2.0,1.0,0.0,7.0,4.0,24.0,1.0,0.0,1.0,122.0,0.0,2.0,0.0,0
952078,341.319,2.6548000000000007,1.0,6.0,98.6,5.0,3.0,1.0,2.0,0.0,7.0,3.0,25.0,0.0,0.0,0.0,128.0,0.0,2.0,0.0,0
3236258,370.40500000000014,2.5441000000000003,1.0,6.0,82.55,7.0,3.0,2.0,1.0,0.0,7.0,3.0,27.0,0.0,0.0,0.0,142.0,0.0,1.0,0.0,0
2999807,289.379,1.0611000000000006,2.0,3.0,75.43,5.0,1.0,1.0,0.0,1.0,5.0,2.0,21.0,1.0,0.0,1.0,114.0,0.0,1.0,2.0,0
6518409,249.354,3.496100000000003,0.0,3.0,30.82,7.0,1.0,1.0,0.0,0.0,3.0,1.0,18.0,0.0,0.0,0.0,100.0,0.0,0.0,0.0,0
666173,339.84800000000007,3.369500000000002,1.0,6.0,82.01,9.0,2.0,1.0,1.0,0.0,7.0,2.0,22.0,0.0,0.0,0.0,118.0,0.0,1.0,0.0,0
659843,393.48700000000014,3.5785000000000027,1.0,5.0,57.8,6.0,3.0,2.0,1.0,1.0,6.0,4.0,29.0,1.0,0.0,1.0,152.0,0.0,2.0,0.0,0
661381,394.88400000000007,1.6099,1.0,8.0,82.05000000000001,6.0,3.0,1.0,2.0,0.0,9.0,3.0,26.0,0.0,0.0,0.0,138.0,0.0,2.0,0.0,0
662818,394.4750000000002,3.835200000000003,1.0,7.0,92.26,4.0,3.0,1.0,2.0,2.0,7.0,5.0,29.0,2.0,1.0,1.0,152.0,0.0,3.0,0.0,0
2966480,299.2820000000001,0.9139,1.0,4.0,76.07000000000001,1.0,1.0,1.0,0.0,2.0,6.0,5.0,22.0,4.0,0.0,4.0,112.0,1.0,4.0,1.0,0
3937,405.4950000000002,1.2352000000000007,4.0,5.0,132.95999999999998,12.0,1.0,1.0,0.0,1.0,8.0,2.0,29.0,1.0,0.0,1.0,160.0,0.0,1.0,1.0,0
3244925,372.38400000000007,4.059500000000002,1.0,6.0,90.14,5.0,4.0,2.0,2.0,0.0,7.0,4.0,28.0,0.0,0.0,0.0,138.0,0.0,2.0,1.0,0
646973,466.56300000000033,3.2948000000000013,2.0,6.0,104.54,9.0,3.0,0.0,3.0,1.0,9.0,4.0,33.0,1.0,1.0,0.0,172.0,0.0,3.0,3.0,0
666502,430.5550000000002,3.8644000000000025,1.0,8.0,78.27000000000001,10.0,3.0,1.0,2.0,0.0,9.0,3.0,29.0,0.0,0.0,0.0,152.0,0.0,2.0,1.0,0
664279,346.41500000000013,4.8530200000000026,1.0,5.0,67.6,3.0,5.0,2.0,3.0,0.0,6.0,5.0,25.0,0.0,0.0,0.0,122.0,0.0,3.0,0.0,0
3240798,456.5430000000003,2.233299999999999,2.0,6.0,113.5,5.0,2.0,1.0,1.0,2.0,9.0,4.0,33.0,2.0,1.0,1.0,178.0,0.0,2.0,2.0,0
3244215,324.40500000000014,3.630200000000003,0.0,5.0,34.59,1.0,3.0,2.0,1.0,0.0,5.0,5.0,23.0,2.0,0.0,2.0,116.0,0.0,3.0,0.0,0
2963151,351.40600000000006,2.9450200000000013,2.0,3.0,78.51,4.0,2.0,2.0,0.0,1.0,6.0,3.0,26.0,1.0,0.0,1.0,134.0,0.0,1.0,3.0,0
2213323,285.3910000000001,4.595600000000004,0.0,4.0,51.81,5.0,2.0,0.0,2.0,1.0,4.0,3.0,21.0,1.0,1.0,0.0,112.0,0.0,2.0,0.0,0
653461,388.4740000000001,2.510220000000001,1.0,7.0,101.91,6.0,3.0,1.0,2.0,0.0,9.0,3.0,26.0,0.0,0.0,0.0,134.0,0.0,2.0,1.0,0
285247,277.32,2.5562000000000005,2.0,3.0,75.63000000000001,4.0,1.0,1.0,0.0,1.0,5.0,2.0,20.0,1.0,1.0,0.0,108.0,0.0,0.0,1.0,0
1102162,385.89800000000025,3.2234000000000016,1.0,5.0,79.36999999999999,4.0,2.0,1.0,1.0,1.0,9.0,3.0,24.0,1.0,0.0,1.0,128.0,0.0,2.0,1.0,0
2425419,317.35200000000003,3.16082,2.0,5.0,75.6,3.0,4.0,2.0,2.0,0.0,6.0,4.0,24.0,0.0,0.0,0.0,118.0,0.0,2.0,0.0,0
654866,294.35400000000004,2.7669000000000006,0.0,4.0,34.47,2.0,3.0,2.0,1.0,1.0,4.0,4.0,22.0,1.0,0.0,1.0,112.0,0.0,2.0,0.0,0
5365543,120.19499999999996,2.5287000000000006,0.0,0.0,0.0,0.0,0.0,0.0,0.0,1.0,0.0,2.0,9.0,2.0,2.0,0.0,48.0,0.0,0.0,0.0,0
265699,298.294,3.182800000000001,1.0,5.0,68.9,3.0,3.0,2.0,1.0,0.0,5.0,3.0,22.0,0.0,0.0,0.0,112.0,0.0,1.0,0.0,0
654605,458.5550000000004,3.965700000000002,1.0,6.0,90.24,12.0,2.0,1.0,1.0,1.0,8.0,3.0,33.0,1.0,1.0,0.0,180.0,0.0,1.0,2.0,0
1295615,499.6110000000003,2.139,1.0,7.0,122.32,11.0,2.0,2.0,0.0,0.0,12.0,2.0,33.0,0.0,0.0,0.0,182.0,0.0,0.0,1.0,0
870960,204.273,1.6674999999999998,0.0,2.0,29.31,1.0,1.0,1.0,0.0,0.0,3.0,2.0,15.0,1.0,0.0,1.0,80.0,0.0,1.0,0.0,0
703111,278.31100000000004,3.5177000000000023,1.0,3.0,55.13,4.0,3.0,1.0,2.0,0.0,4.0,3.0,21.0,0.0,0.0,0.0,104.0,0.0,2.0,1.0,0
6605108,412.5380000000002,2.4625200000000005,0.0,8.0,68.54,11.0,3.0,1.0,2.0,0.0,8.0,3.0,30.0,0.0,0.0,0.0,162.0,0.0,2.0,0.0,0
3746404,319.41200000000003,3.62344,2.0,5.0,68.76,2.0,3.0,2.0,1.0,0.0,5.0,4.0,24.0,1.0,0.0,1.0,122.0,0.0,2.0,0.0,0
3456010,300.38300000000004,2.7798000000000007,0.0,4.0,41.900000000000006,3.0,2.0,2.0,0.0,0.0,5.0,3.0,21.0,1.0,0.0,1.0,108.0,0.0,1.0,1.0,0
2997709,388.48900000000015,2.3272000000000004,2.0,4.0,86.71,6.0,2.0,2.0,0.0,0.0,7.0,3.0,27.0,1.0,0.0,1.0,144.0,0.0,1.0,1.0,0
1303654,419.55300000000005,3.908400000000003,1.0,6.0,79.36999999999999,5.0,3.0,1.0,2.0,1.0,9.0,4.0,27.0,1.0,0.0,1.0,140.0,0.0,3.0,1.0,1
5459504,373.4520000000001,3.343100000000001,1.0,4.0,55.400000000000006,4.0,2.0,2.0,0.0,0.0,4.0,4.0,28.0,2.0,1.0,1.0,142.0,0.0,1.0,0.0,0
1259406,334.2350000000002,2.5506200000000003,0.0,3.0,46.61000000000001,3.0,1.0,1.0,0.0,1.0,6.0,2.0,18.0,1.0,0.0,1.0,100.0,0.0,1.0,0.0,0
3237212,322.32400000000007,1.5586,1.0,6.0,81.53999999999999,4.0,4.0,1.0,3.0,0.0,7.0,4.0,24.0,0.0,0.0,0.0,120.0,0.0,3.0,1.0,0
92044789,380.43700000000007,2.68872,4.0,7.0,134.5,4.0,4.0,0.0,4.0,0.0,10.0,4.0,27.0,0.0,0.0,0.0,136.0,0.0,4.0,2.0,1
648227,346.4080000000002,2.4290000000000003,2.0,4.0,86.71,4.0,2.0,2.0,0.0,1.0,7.0,3.0,24.0,1.0,0.0,1.0,126.0,0.0,1.0,1.0,0
581744,273.33199999999994,1.6263999999999996,0.0,4.0,38.77,3.0,1.0,1.0,0.0,1.0,4.0,2.0,20.0,1.0,0.0,1.0,106.0,0.0,1.0,0.0,0
4457488,322.44500000000005,3.8663000000000034,0.0,4.0,52.6,2.0,0.0,0.0,0.0,3.0,4.0,3.0,23.0,3.0,3.0,0.0,130.0,1.0,0.0,0.0,0
342587,358.81400000000014,2.504600000000001,2.0,7.0,98.2,3.0,4.0,1.0,3.0,0.0,9.0,4.0,24.0,0.0,0.0,0.0,120.0,0.0,3.0,1.0,0
2188596,248.351,3.9372200000000026,0.0,4.0,38.92,5.0,2.0,1.0,1.0,0.0,4.0,2.0,17.0,0.0,0.0,0.0,90.0,0.0,1.0,0.0,0
5309906,323.35200000000015,2.905400000000001,2.0,4.0,76.24000000000001,4.0,3.0,2.0,1.0,0.0,6.0,4.0,24.0,1.0,0.0,1.0,122.0,0.0,2.0,1.0,0
10541888,295.29100000000005,1.0458999999999998,1.0,6.0,90.93,5.0,1.0,1.0,0.0,0.0,7.0,1.0,21.0,0.0,0.0,0.0,114.0,0.0,0.0,1.0,0
667110,361.4530000000001,2.738360000000001,2.0,7.0,78.33,3.0,3.0,1.0,2.0,0.0,7.0,4.0,27.0,1.0,0.0,1.0,138.0,0.0,3.0,0.0,0
2242390,384.4620000000002,-0.4543999999999981,1.0,10.0,109.78,8.0,1.0,0.0,1.0,1.0,11.0,2.0,26.0,1.0,0.0,1.0,144.0,0.0,2.0,1.0,0
3236154,353.3960000000001,4.018500000000003,0.0,6.0,73.31,5.0,3.0,1.0,2.0,0.0,8.0,3.0,23.0,0.0,0.0,0.0,120.0,0.0,2.0,0.0,0
1084754,265.29,1.8143,1.0,5.0,68.54,5.0,2.0,0.0,2.0,0.0,6.0,2.0,18.0,0.0,0.0,0.0,94.0,0.0,2.0,1.0,0
808077,338.3630000000001,3.919520000000002,1.0,5.0,73.59,5.0,3.0,2.0,1.0,0.0,6.0,3.0,25.0,0.0,0.0,0.0,128.0,0.0,1.0,1.0,0
848268,284.81200000000007,1.6254,1.0,3.0,26.71,3.0,1.0,1.0,0.0,1.0,5.0,2.0,18.0,1.0,0.0,1.0,98.0,0.0,1.0,0.0,0
92044554,455.4820000000001,3.041900000000001,5.0,6.0,153.37,6.0,5.0,1.0,4.0,0.0,11.0,5.0,34.0,0.0,0.0,0.0,170.0,0.0,4.0,3.0,1
6604406,363.3950000000001,0.150500000000001,4.0,6.0,132.96,4.0,1.0,1.0,0.0,1.0,9.0,3.0,25.0,2.0,0.0,2.0,132.0,0.0,2.0,2.0,0
22880,147.13,-0.8662999999999996,3.0,3.0,86.63000000000001,4.0,0.0,0.0,0.0,0.0,5.0,0.0,10.0,0.0,0.0,0.0,58.0,0.0,0.0,0.0,0
647045,309.325,1.8197,1.0,5.0,77.13,5.0,3.0,2.0,1.0,0.0,6.0,3.0,23.0,0.0,0.0,0.0,116.0,0.0,1.0,1.0,0
870631,250.411,3.8396000000000026,1.0,3.0,24.39,0.0,0.0,0.0,0.0,1.0,3.0,3.0,17.0,3.0,2.0,1.0,94.0,1.0,1.0,0.0,0
2155849,365.4110000000002,1.7047,0.0,8.0,86.92,6.0,2.0,1.0,1.0,1.0,9.0,3.0,25.0,1.0,0.0,1.0,134.0,0.0,2.0,1.0,0
663986,317.39200000000017,4.6027800000000045,0.0,4.0,53.06,2.0,3.0,2.0,1.0,1.0,4.0,4.0,24.0,1.0,0.0,1.0,120.0,0.0,2.0,0.0,0
648000,403.46000000000015,2.263699999999999,1.0,6.0,101.62,7.0,3.0,2.0,1.0,0.0,9.0,3.0,28.0,0.0,0.0,0.0,148.0,0.0,1.0,1.0,0
3236732,362.451,2.101,1.0,5.0,67.87,2.0,1.0,1.0,0.0,2.0,7.0,4.0,25.0,3.0,0.0,3.0,134.0,1.0,3.0,2.0,0
651554,496.67800000000034,1.709800000000001,3.0,8.0,143.88000000000002,14.0,1.0,0.0,1.0,1.0,11.0,2.0,34.0,1.0,0.0,1.0,192.0,0.0,2.0,3.0,0
5308305,409.51100000000014,3.582620000000003,1.0,4.0,79.37,4.0,3.0,2.0,1.0,1.0,7.0,4.0,29.0,1.0,0.0,1.0,150.0,0.0,2.0,1.0,0
5309682,455.49200000000025,3.6092200000000014,1.0,9.0,126.65,6.0,4.0,2.0,2.0,0.0,10.0,4.0,32.0,0.0,0.0,0.0,166.0,0.0,2.0,0.0,0
231992,192.258,2.7107400000000004,1.0,1.0,37.3,4.0,1.0,1.0,0.0,0.0,2.0,1.0,14.0,0.0,0.0,0.0,76.0,0.0,0.0,0.0,0
3242964,333.38400000000007,2.1044,1.0,5.0,73.86000000000001,5.0,1.0,1.0,0.0,1.0,6.0,3.0,24.0,2.0,0.0,2.0,130.0,0.0,2.0,1.0,0
648409,329.3810000000001,1.935,1.0,6.0,77.13,5.0,3.0,1.0,2.0,0.0,7.0,3.0,23.0,0.0,0.0,0.0,118.0,0.0,2.0,1.0,0
3247269,325.364,3.3748000000000014,2.0,3.0,75.63000000000001,6.0,2.0,2.0,0.0,1.0,5.0,3.0,24.0,1.0,1.0,0.0,124.0,0.0,0.0,1.0,0
993245,419.4280000000002,4.826900000000003,0.0,5.0,59.23,4.0,3.0,1.0,2.0,0.0,9.0,4.0,29.0,1.0,0.0,1.0,150.0,0.0,3.0,1.0,0
2925814,249.266,2.0089,1.0,4.0,64.63000000000001,3.0,1.0,1.0,0.0,0.0,5.0,2.0,18.0,1.0,0.0,1.0,96.0,0.0,1.0,1.0,0
655560,274.30499999999995,1.7044,1.0,6.0,84.84,2.0,2.0,0.0,2.0,0.0,7.0,3.0,19.0,1.0,1.0,0.0,96.0,0.0,2.0,1.0,0
5307857,378.51900000000006,3.026200000000001,1.0,4.0,66.48,5.0,2.0,1.0,1.0,1.0,7.0,3.0,25.0,1.0,0.0,1.0,134.0,0.0,2.0,1.0,0
5429720,357.83700000000005,4.112820000000003,1.0,4.0,53.68000000000001,4.0,3.0,2.0,1.0,0.0,5.0,3.0,25.0,0.0,0.0,0.0,130.0,0.0,1.0,0.0,0
2942101,361.4860000000002,1.9879999999999995,1.0,3.0,61.88000000000001,2.0,0.0,0.0,0.0,6.0,6.0,6.0,26.0,6.0,4.0,2.0,144.0,0.0,2.0,3.0,0
652779,351.4020000000001,4.452220000000003,0.0,4.0,51.91,6.0,3.0,2.0,1.0,0.0,5.0,3.0,26.0,0.0,0.0,0.0,134.0,0.0,1.0,1.0,0
807523,269.38800000000003,3.5283000000000024,0.0,2.0,12.47,6.0,2.0,2.0,0.0,0.0,2.0,2.0,20.0,0.0,0.0,0.0,106.0,0.0,0.0,0.0,0
9595213,284.276,-1.1579999999999993,2.0,9.0,128.21,5.0,1.0,0.0,1.0,1.0,10.0,2.0,20.0,1.0,0.0,1.0,110.0,0.0,2.0,0.0,0
3243554,378.8370000000001,3.7901000000000016,1.0,6.0,69.56,5.0,3.0,1.0,2.0,0.0,8.0,3.0,25.0,0.0,0.0,0.0,130.0,0.0,2.0,1.0,0
3241615,307.415,2.36012,1.0,3.0,63.24,4.0,1.0,1.0,0.0,2.0,5.0,3.0,21.0,2.0,2.0,0.0,114.0,0.0,0.0,1.0,0
135483375,478.5520000000003,0.176000000000001,2.0,7.0,134.23999999999998,6.0,2.0,2.0,0.0,1.0,12.0,4.0,32.0,2.0,0.0,2.0,170.0,0.0,2.0,1.0,0
661111,296.374,2.6229000000000013,1.0,4.0,72.11000000000001,3.0,2.0,1.0,1.0,1.0,5.0,3.0,22.0,1.0,0.0,1.0,114.0,0.0,2.0,1.0,0
73506495,384.4150000000001,2.9894000000000016,4.0,5.0,103.96,5.0,3.0,1.0,2.0,1.0,9.0,4.0,28.0,1.0,0.0,1.0,146.0,0.0,3.0,2.0,1
652876,313.35300000000007,3.0233000000000017,0.0,4.0,59.75,4.0,2.0,1.0,1.0,1.0,5.0,3.0,23.0,1.0,0.0,1.0,120.0,0.0,2.0,1.0,0
2998542,348.4320000000002,1.1659999999999997,1.0,8.0,85.17,5.0,2.0,1.0,1.0,1.0,9.0,3.0,24.0,1.0,0.0,1.0,128.0,0.0,2.0,1.0,0
121432310,469.54900000000026,3.112220000000001,2.0,7.0,97.2,4.0,4.0,1.0,3.0,2.0,9.0,6.0,35.0,2.0,0.0,2.0,178.0,1.0,5.0,2.0,1
646816,331.82800000000003,4.627400000000002,1.0,5.0,50.95,6.0,3.0,2.0,1.0,0.0,6.0,3.0,22.0,0.0,0.0,0.0,112.0,0.0,1.0,0.0,0
3155818,368.433,3.351420000000002,1.0,6.0,73.58000000000001,8.0,3.0,2.0,1.0,0.0,6.0,3.0,27.0,0.0,0.0,0.0,142.0,0.0,1.0,0.0,1
2088777,364.44500000000016,2.8084000000000007,0.0,4.0,42.010000000000005,4.0,2.0,2.0,0.0,1.0,5.0,4.0,27.0,2.0,0.0,2.0,140.0,0.0,2.0,1.0,0
2167108,284.425,1.7445999999999997,0.0,3.0,40.620000000000005,6.0,0.0,0.0,0.0,2.0,5.0,2.0,19.0,2.0,0.0,2.0,108.0,0.0,2.0,2.0,0
5771818,505.6240000000003,8.378900000000005,1.0,1.0,29.1,7.0,3.0,3.0,0.0,2.0,5.0,5.0,37.0,2.0,2.0,0.0,194.0,0.0,0.0,1.0,0
708756,330.434,4.280500000000003,1.0,5.0,55.13,5.0,3.0,2.0,1.0,0.0,6.0,3.0,22.0,0.0,0.0,0.0,112.0,0.0,1.0,1.0,0
3232689,396.4910000000001,3.193900000000002,1.0,4.0,66.81,3.0,2.0,1.0,1.0,2.0,7.0,4.0,29.0,2.0,0.0,2.0,154.0,1.0,3.0,3.0,0
664446,403.4860000000001,3.0052000000000003,1.0,6.0,75.91999999999999,3.0,4.0,2.0,2.0,1.0,7.0,5.0,30.0,1.0,0.0,1.0,154.0,0.0,3.0,0.0,0
639431,262.31600000000003,3.0862000000000007,0.0,4.0,35.64,3.0,4.0,2.0,2.0,0.0,4.0,4.0,20.0,0.0,0.0,0.0,98.0,0.0,2.0,0.0,0
666175,396.4030000000002,1.7763999999999989,3.0,5.0,109.0,4.0,2.0,2.0,0.0,1.0,9.0,4.0,29.0,2.0,0.0,2.0,150.0,0.0,2.0,4.0,0
715689,348.42800000000005,2.6328400000000007,2.0,5.0,101.05,6.0,2.0,1.0,1.0,0.0,8.0,2.0,24.0,0.0,0.0,0.0,128.0,0.0,1.0,1.0,0
3245657,467.9090000000003,3.7995000000000014,1.0,6.0,84.25000000000001,5.0,3.0,2.0,1.0,1.0,9.0,5.0,33.0,2.0,0.0,2.0,170.0,0.0,3.0,2.0,0
828739,317.75500000000005,3.254100000000002,2.0,5.0,68.75999999999999,4.0,3.0,2.0,1.0,0.0,7.0,3.0,22.0,0.0,0.0,0.0,112.0,0.0,1.0,0.0,0
655754,497.5550000000002,4.054720000000003,1.0,7.0,106.4,10.0,5.0,2.0,3.0,0.0,9.0,5.0,37.0,0.0,0.0,0.0,188.0,0.0,3.0,2.0,0
6604334,843.0649999999999,2.3251000000000093,4.0,16.0,195.38,11.0,0.0,0.0,0.0,3.0,16.0,4.0,59.0,4.0,0.0,4.0,340.0,0.0,4.0,0.0,0
9581543,249.29100000000005,2.3958200000000005,0.0,3.0,59.64,3.0,2.0,1.0,1.0,0.0,5.0,2.0,17.0,0.0,0.0,0.0,88.0,0.0,1.0,0.0,0
3234549,392.4590000000001,3.7015800000000025,1.0,4.0,89.58,2.0,2.0,1.0,1.0,2.0,7.0,4.0,29.0,2.0,0.0,2.0,150.0,1.0,3.0,3.0,0
2202984,429.47600000000017,4.992100000000003,1.0,6.0,86.48,8.0,4.0,3.0,1.0,0.0,7.0,4.0,32.0,0.0,0.0,0.0,162.0,0.0,1.0,1.0,0
135413071,252.299,1.3704599999999998,1.0,6.0,84.66999999999999,3.0,2.0,0.0,2.0,0.0,7.0,2.0,17.0,0.0,0.0,0.0,90.0,0.0,2.0,0.0,0
118365092,453.5430000000002,4.193600000000004,3.0,6.0,110.39,8.0,3.0,1.0,2.0,1.0,9.0,4.0,33.0,1.0,1.0,0.0,176.0,0.0,2.0,2.0,1
656115,312.37300000000005,2.3403,1.0,5.0,67.35,4.0,2.0,1.0,1.0,1.0,6.0,3.0,23.0,1.0,0.0,1.0,120.0,0.0,2.0,1.0,0
92577,459.4610000000002,4.0024000000000015,3.0,8.0,166.57999999999996,4.0,4.0,3.0,1.0,0.0,12.0,4.0,31.0,0.0,0.0,0.0,158.0,0.0,1.0,0.0,0
145995666,457.4200000000001,3.0659,1.0,9.0,106.13,4.0,4.0,0.0,4.0,0.0,13.0,5.0,33.0,1.0,0.0,1.0,170.0,0.0,5.0,1.0,1
533557,308.25800000000004,-1.0382000000000005,4.0,10.0,188.3,3.0,2.0,0.0,2.0,1.0,12.0,3.0,22.0,1.0,0.0,1.0,116.0,0.0,3.0,0.0,0
667062,346.5000000000002,2.5684700000000005,1.0,6.0,54.14,4.0,2.0,0.0,2.0,1.0,6.0,4.0,24.0,2.0,1.0,1.0,130.0,0.0,3.0,0.0,0
135427528,304.35300000000007,3.717970000000001,3.0,3.0,76.0,2.0,3.0,2.0,1.0,0.0,5.0,4.0,23.0,1.0,0.0,1.0,114.0,0.0,2.0,0.0,0
2091540,398.89000000000016,4.085620000000003,0.0,5.0,45.92,4.0,3.0,2.0,1.0,1.0,6.0,4.0,28.0,1.0,0.0,1.0,146.0,0.0,2.0,0.0,0
652477,358.872,2.774320000000001,0.0,6.0,59.5,3.0,2.0,1.0,1.0,1.0,8.0,3.0,22.0,1.0,0.0,1.0,118.0,0.0,2.0,0.0,0
667196,322.368,3.4014200000000008,1.0,5.0,80.91000000000001,6.0,3.0,1.0,2.0,0.0,6.0,3.0,24.0,0.0,0.0,0.0,122.0,0.0,2.0,1.0,0
1245179,366.3770000000001,1.5539999999999998,0.0,7.0,88.77,3.0,3.0,1.0,2.0,1.0,8.0,4.0,27.0,1.0,0.0,1.0,138.0,0.0,3.0,1.0,0
650173,321.406,1.5193,1.0,6.0,89.77,4.0,2.0,1.0,1.0,1.0,8.0,3.0,22.0,1.0,1.0,0.0,118.0,0.0,1.0,0.0,0
2117624,353.422,3.720220000000001,2.0,4.0,82.53,5.0,2.0,1.0,1.0,0.0,6.0,3.0,26.0,1.0,0.0,1.0,136.0,0.0,2.0,2.0,0
645331,242.238,1.5293,2.0,5.0,100.86,1.0,2.0,0.0,2.0,0.0,6.0,3.0,18.0,1.0,0.0,1.0,90.0,0.0,3.0,0.0,0
2866685,403.46000000000015,1.1544,2.0,6.0,118.79999999999998,7.0,2.0,2.0,0.0,1.0,9.0,3.0,28.0,1.0,0.0,1.0,148.0,0.0,1.0,2.0,0
666606,494.9350000000002,2.04152,3.0,6.0,138.67,5.0,2.0,2.0,0.0,2.0,10.0,5.0,35.0,3.0,0.0,3.0,180.0,1.0,3.0,4.0,0
3235516,458.406,4.252400000000003,0.0,4.0,49.330000000000005,3.0,2.0,1.0,1.0,2.0,11.0,4.0,32.0,2.0,0.0,2.0,172.0,1.0,3.0,1.0,0
616884,279.295,3.622200000000002,1.0,3.0,59.31,3.0,3.0,2.0,1.0,0.0,4.0,3.0,21.0,0.0,0.0,0.0,104.0,0.0,1.0,1.0,0
2218975,485.61600000000016,3.2978000000000014,2.0,8.0,119.97,8.0,4.0,2.0,2.0,0.0,11.0,4.0,32.0,0.0,0.0,0.0,164.0,0.0,2.0,1.0,0
6605094,422.5330000000004,2.36062,0.0,8.0,68.54,6.0,3.0,1.0,2.0,2.0,8.0,5.0,31.0,2.0,0.0,2.0,164.0,0.0,4.0,0.0,0
31272,116.15999999999998,1.3496,0.0,2.0,26.3,3.0,0.0,0.0,0.0,0.0,2.0,0.0,8.0,0.0,0.0,0.0,48.0,0.0,0.0,0.0,0
3245628,397.54100000000017,2.688200000000001,1.0,5.0,52.650000000000006,6.0,2.0,1.0,1.0,1.0,8.0,3.0,26.0,1.0,0.0,1.0,142.0,0.0,2.0,0.0,0
2128817,451.47500000000025,3.9064400000000026,0.0,8.0,96.97,9.0,3.0,1.0,2.0,0.0,8.0,4.0,33.0,1.0,0.0,1.0,172.0,0.0,3.0,0.0,0
3242178,441.44000000000017,0.5231000000000009,2.0,8.0,151.25,7.0,1.0,1.0,0.0,0.0,10.0,3.0,32.0,2.0,0.0,2.0,168.0,1.0,2.0,2.0,0
3235924,287.31500000000005,2.72482,1.0,4.0,68.53,5.0,2.0,1.0,1.0,0.0,5.0,2.0,21.0,0.0,0.0,0.0,110.0,0.0,1.0,0.0,0
778140,329.38100000000003,3.3740200000000016,1.0,6.0,81.15,5.0,3.0,1.0,2.0,0.0,7.0,3.0,23.0,0.0,0.0,0.0,118.0,0.0,2.0,0.0,0
6604228,392.5800000000002,4.477900000000004,3.0,3.0,77.76,4.0,0.0,0.0,0.0,4.0,4.0,4.0,28.0,4.0,4.0,0.0,160.0,0.0,0.0,0.0,0
3239388,324.4240000000002,3.4301200000000023,0.0,3.0,42.31,4.0,2.0,1.0,1.0,1.0,4.0,3.0,24.0,1.0,0.0,1.0,126.0,0.0,2.0,1.0,0
654707,480.5460000000004,3.9350000000000014,0.0,10.0,101.5,8.0,4.0,2.0,2.0,1.0,10.0,5.0,34.0,1.0,0.0,1.0,176.0,0.0,3.0,0.0,0
9851505,179.26299999999998,1.6701,1.0,2.0,23.47,3.0,1.0,1.0,0.0,0.0,2.0,1.0,13.0,0.0,0.0,0.0,72.0,0.0,0.0,0.0,0
9549917,215.252,1.91062,1.0,3.0,42.23,2.0,2.0,1.0,1.0,0.0,3.0,2.0,16.0,0.0,0.0,0.0,82.0,0.0,1.0,0.0,0
3240361,463.49400000000026,1.6097,0.0,9.0,109.07999999999998,4.0,3.0,1.0,2.0,1.0,10.0,5.0,34.0,2.0,0.0,2.0,176.0,0.0,4.0,1.0,0
662599,314.42900000000014,2.9414000000000016,0.0,2.0,40.620000000000005,2.0,1.0,1.0,0.0,2.0,4.0,3.0,23.0,2.0,0.0,2.0,124.0,0.0,2.0,2.0,0
7381,166.21999999999997,2.395300000000001,2.0,2.0,40.46,0.0,1.0,1.0,0.0,0.0,2.0,1.0,12.0,0.0,0.0,0.0,66.0,0.0,0.0,0.0,0
5389999,396.4430000000001,2.856820000000001,1.0,6.0,88.96000000000001,7.0,2.0,1.0,1.0,1.0,7.0,3.0,29.0,1.0,0.0,1.0,152.0,0.0,2.0,1.0,0
3240268,273.288,2.33472,1.0,4.0,68.53,4.0,2.0,1.0,1.0,0.0,5.0,2.0,20.0,0.0,0.0,0.0,104.0,0.0,1.0,0.0,0
156600508,646.8,2.6752800000000017,2.0,10.0,135.31,6.0,3.0,1.0,2.0,4.0,12.0,8.0,48.0,5.0,1.0,4.0,248.0,1.0,6.0,2.0,1
667493,142.18300000000002,0.74091,2.0,2.0,48.65,0.0,1.0,0.0,1.0,0.0,4.0,1.0,9.0,0.0,0.0,0.0,48.0,0.0,1.0,0.0,0
2832751,224.329,2.4446000000000003,2.0,2.0,41.13,1.0,1.0,0.0,1.0,0.0,4.0,2.0,15.0,1.0,1.0,0.0,82.0,0.0,1.0,2.0,0
307181,212.252,2.3582,0.0,2.0,33.2,2.0,2.0,1.0,1.0,0.0,3.0,2.0,16.0,0.0,0.0,0.0,80.0,0.0,1.0,1.0,0
848725,286.379,1.5567199999999997,1.0,4.0,50.16,5.0,2.0,1.0,1.0,1.0,5.0,3.0,21.0,1.0,0.0,1.0,112.0,0.0,2.0,1.0,0
531782,225.313,1.5858,1.0,3.0,38.33,4.0,1.0,0.0,1.0,1.0,4.0,2.0,15.0,1.0,0.0,1.0,82.0,0.0,2.0,1.0,0
659191,276.407,4.769100000000002,0.0,4.0,17.07,3.0,3.0,0.0,3.0,0.0,4.0,3.0,17.0,0.0,0.0,0.0,84.0,0.0,3.0,0.0,0
698135,293.37000000000006,3.1285200000000017,0.0,4.0,39.82,2.0,3.0,1.0,2.0,0.0,4.0,4.0,22.0,1.0,1.0,0.0,112.0,0.0,2.0,0.0,0
2214115,458.4740000000003,3.993140000000003,2.0,7.0,107.62000000000002,6.0,4.0,2.0,2.0,0.0,9.0,5.0,34.0,1.0,0.0,1.0,172.0,0.0,3.0,2.0,0
2960502,431.5210000000004,3.861760000000002,2.0,6.0,118.67,4.0,2.0,1.0,1.0,1.0,8.0,4.0,31.0,2.0,1.0,1.0,156.0,1.0,2.0,2.0,0
3242514,450.5130000000003,2.0634,1.0,7.0,107.31,7.0,2.0,1.0,1.0,2.0,10.0,4.0,31.0,2.0,0.0,2.0,168.0,1.0,3.0,1.0,0
2086442,326.337,2.6872800000000003,1.0,7.0,101.04,5.0,3.0,1.0,2.0,0.0,8.0,3.0,23.0,0.0,0.0,0.0,114.0,0.0,2.0,1.0,0
655432,352.4560000000002,1.7182999999999995,0.0,4.0,66.92,4.0,1.0,1.0,0.0,2.0,7.0,3.0,24.0,2.0,0.0,2.0,132.0,0.0,2.0,1.0,0
3236669,322.408,4.694120000000004,0.0,3.0,46.34,2.0,3.0,1.0,2.0,1.0,4.0,4.0,24.0,1.0,1.0,0.0,124.0,0.0,2.0,1.0,0
892383,222.635,1.2021999999999995,1.0,5.0,73.8,1.0,2.0,1.0,1.0,0.0,6.0,2.0,15.0,0.0,0.0,0.0,76.0,0.0,1.0,0.0,0
647557,444.5390000000003,3.536900000000002,1.0,7.0,88.93,6.0,4.0,2.0,2.0,1.0,8.0,5.0,33.0,1.0,0.0,1.0,170.0,0.0,3.0,0.0,0
273730,450.5310000000003,4.824000000000004,0.0,6.0,55.38000000000001,6.0,3.0,3.0,0.0,0.0,6.0,4.0,33.0,1.0,1.0,0.0,174.0,0.0,0.0,0.0,0
90273,165.24,1.0551,1.0,3.0,28.16,4.0,1.0,0.0,1.0,0.0,3.0,1.0,12.0,0.0,0.0,0.0,66.0,0.0,1.0,0.0,0
2999235,445.4760000000002,2.8933,2.0,8.0,111.28,10.0,3.0,1.0,2.0,0.0,11.0,3.0,31.0,0.0,0.0,0.0,162.0,0.0,2.0,3.0,0
649195,474.5650000000003,3.142800000000001,1.0,8.0,98.16,10.0,4.0,2.0,2.0,1.0,9.0,5.0,35.0,1.0,0.0,1.0,182.0,0.0,3.0,0.0,0
2369459,244.246,2.942300000000001,1.0,3.0,55.760000000000005,5.0,2.0,2.0,0.0,0.0,4.0,2.0,18.0,0.0,0.0,0.0,92.0,0.0,0.0,0.0,0
3244034,442.49300000000017,3.727220000000002,0.0,8.0,96.72,4.0,3.0,2.0,1.0,0.0,9.0,4.0,31.0,1.0,0.0,1.0,162.0,0.0,2.0,0.0,0
659902,304.39700000000005,4.070600000000003,0.0,4.0,41.91,2.0,3.0,1.0,2.0,1.0,4.0,4.0,23.0,1.0,0.0,1.0,116.0,0.0,3.0,0.0,1
3234948,316.44500000000005,2.919700000000001,0.0,3.0,32.78,3.0,1.0,1.0,0.0,2.0,4.0,3.0,23.0,2.0,0.0,2.0,126.0,1.0,2.0,1.0,0
3234918,378.5160000000002,4.720400000000004,0.0,3.0,32.78,3.0,2.0,2.0,0.0,2.0,4.0,4.0,28.0,2.0,0.0,2.0,148.0,1.0,2.0,1.0,0
3233474,513.4820000000001,6.274500000000005,1.0,2.0,52.650000000000006,2.0,2.0,2.0,0.0,2.0,11.0,4.0,36.0,2.0,0.0,2.0,194.0,1.0,2.0,3.0,0
3243157,449.5510000000003,2.7047,0.0,5.0,62.32000000000001,4.0,2.0,2.0,0.0,1.0,7.0,5.0,33.0,3.0,0.0,3.0,174.0,0.0,3.0,2.0,0
651536,304.39,2.3529,1.0,3.0,58.64,6.0,1.0,1.0,0.0,1.0,5.0,2.0,22.0,1.0,0.0,1.0,120.0,0.0,1.0,2.0,0
2999845,287.3880000000001,3.3716800000000022,0.0,5.0,58.68,4.0,2.0,1.0,1.0,0.0,5.0,2.0,20.0,0.0,0.0,0.0,104.0,0.0,1.0,0.0,0
3236462,438.9370000000003,2.959200000000001,2.0,7.0,106.35,9.0,2.0,1.0,1.0,1.0,10.0,3.0,29.0,1.0,1.0,0.0,156.0,0.0,1.0,2.0,0
2779469,298.278,3.284600000000002,1.0,3.0,50.44,4.0,3.0,2.0,1.0,0.0,4.0,3.0,21.0,0.0,0.0,0.0,106.0,0.0,1.0,0.0,0
2948108,389.4520000000003,1.7184,2.0,6.0,89.13,6.0,1.0,1.0,0.0,1.0,8.0,3.0,28.0,2.0,0.0,2.0,152.0,0.0,2.0,2.0,0
3242780,312.391,2.5688000000000004,0.0,5.0,51.43,3.0,2.0,1.0,1.0,0.0,7.0,2.0,20.0,0.0,0.0,0.0,106.0,0.0,1.0,1.0,0
871726,293.371,0.9366999999999996,0.0,3.0,50.34000000000001,1.0,0.0,0.0,0.0,4.0,7.0,4.0,21.0,4.0,1.0,3.0,116.0,0.0,3.0,4.0,0
796632,315.353,2.868900000000001,0.0,2.0,37.38,6.0,2.0,2.0,0.0,0.0,4.0,2.0,22.0,0.0,0.0,0.0,116.0,0.0,0.0,1.0,0
750392,294.148,3.014600000000001,1.0,2.0,42.24,4.0,2.0,1.0,1.0,0.0,4.0,2.0,17.0,0.0,0.0,0.0,88.0,0.0,1.0,1.0,0
1075138,422.8720000000001,4.353540000000003,1.0,6.0,82.06,4.0,4.0,2.0,2.0,0.0,8.0,4.0,30.0,0.0,0.0,0.0,152.0,0.0,2.0,1.0,0
647347,326.41,2.9593000000000016,0.0,8.0,69.38,4.0,4.0,2.0,2.0,0.0,8.0,4.0,22.0,0.0,0.0,0.0,108.0,0.0,2.0,0.0,0
889524,298.408,1.4288999999999998,2.0,3.0,89.25999999999999,7.0,1.0,1.0,0.0,0.0,6.0,1.0,20.0,0.0,0.0,0.0,112.0,0.0,0.0,1.0,0
345824,203.197,1.9416,1.0,3.0,59.42,2.0,2.0,1.0,1.0,0.0,4.0,2.0,15.0,0.0,0.0,0.0,76.0,0.0,1.0,0.0,0
779882,329.2380000000001,1.5675999999999997,1.0,4.0,35.94,5.0,1.0,1.0,0.0,1.0,5.0,2.0,19.0,1.0,0.0,1.0,106.0,0.0,1.0,0.0,0
2830491,208.261,1.3308999999999995,2.0,2.0,58.2,2.0,0.0,0.0,0.0,2.0,4.0,2.0,15.0,2.0,1.0,1.0,82.0,1.0,1.0,3.0,0
5307839,394.29400000000015,3.102380000000001,0.0,5.0,56.57,2.0,1.0,1.0,0.0,1.0,7.0,3.0,23.0,2.0,0.0,2.0,120.0,0.0,2.0,1.0,0
655538,376.5070000000001,4.458760000000003,1.0,7.0,80.91000000000001,5.0,3.0,0.0,3.0,0.0,8.0,3.0,25.0,0.0,0.0,0.0,132.0,0.0,3.0,1.0,0
7904,86.08999999999999,0.693,0.0,2.0,26.3,1.0,0.0,0.0,0.0,0.0,2.0,0.0,6.0,0.0,0.0,0.0,34.0,0.0,0.0,0.0,0
3794549,337.40200000000004,3.708100000000001,2.0,5.0,68.75999999999999,3.0,3.0,2.0,1.0,0.0,6.0,4.0,25.0,1.0,0.0,1.0,128.0,0.0,2.0,0.0,0
2931707,204.273,1.9537,0.0,2.0,33.2,1.0,1.0,0.0,1.0,1.0,3.0,2.0,15.0,1.0,0.0,1.0,80.0,0.0,2.0,1.0,0
657674,472.4940000000003,3.2102000000000013,2.0,6.0,133.67999999999998,11.0,2.0,2.0,0.0,0.0,10.0,2.0,34.0,0.0,0.0,0.0,182.0,0.0,0.0,2.0,0
3244832,420.9000000000002,3.635600000000002,1.0,4.0,61.34,2.0,4.0,2.0,2.0,1.0,7.0,5.0,30.0,1.0,0.0,1.0,152.0,0.0,3.0,1.0,0
2940918,301.37100000000004,2.21172,3.0,4.0,98.21,2.0,2.0,1.0,1.0,0.0,6.0,3.0,21.0,1.0,0.0,1.0,108.0,0.0,2.0,2.0,0
2879271,442.4970000000001,2.0125,2.0,7.0,124.82999999999998,7.0,3.0,2.0,1.0,0.0,10.0,3.0,31.0,0.0,0.0,0.0,162.0,0.0,1.0,0.0,0
5307294,441.4910000000002,3.2617800000000017,0.0,7.0,93.15,3.0,4.0,2.0,2.0,1.0,8.0,5.0,33.0,1.0,0.0,1.0,166.0,0.0,3.0,1.0,0
2998126,384.4320000000001,2.942840000000001,1.0,5.0,88.7,5.0,2.0,1.0,1.0,0.0,7.0,3.0,28.0,1.0,0.0,1.0,148.0,0.0,2.0,1.0,0
6537490,292.375,3.331500000000002,1.0,3.0,63.60000000000001,3.0,0.0,0.0,0.0,1.0,4.0,2.0,21.0,2.0,2.0,0.0,116.0,0.0,0.0,0.0,0
2997557,457.5810000000002,1.8891,1.0,7.0,101.53,6.0,3.0,2.0,1.0,1.0,10.0,4.0,31.0,1.0,0.0,1.0,162.0,0.0,2.0,1.0,0
787198,312.3880000000001,3.0921200000000013,0.0,2.0,23.55,3.0,2.0,2.0,0.0,1.0,4.0,3.0,23.0,1.0,0.0,1.0,120.0,0.0,1.0,1.0,0
118365177,372.35100000000006,2.1147,3.0,5.0,95.17,5.0,2.0,0.0,2.0,1.0,11.0,3.0,26.0,1.0,0.0,1.0,142.0,0.0,3.0,2.0,1
3243872,371.5470000000004,2.2681,1.0,3.0,69.72,4.0,0.0,0.0,0.0,3.0,7.0,3.0,25.0,3.0,1.0,2.0,144.0,0.0,2.0,1.0,0
3235429,302.33700000000005,3.896900000000002,1.0,5.0,63.84,4.0,4.0,1.0,3.0,0.0,5.0,4.0,23.0,0.0,0.0,0.0,112.0,0.0,3.0,0.0,0
2952938,435.8890000000002,2.8137000000000008,1.0,8.0,111.24,5.0,2.0,1.0,1.0,2.0,10.0,4.0,29.0,2.0,0.0,2.0,152.0,1.0,3.0,0.0,0
1040497,388.5330000000001,3.3305200000000026,1.0,4.0,60.85000000000001,5.0,2.0,2.0,0.0,1.0,6.0,3.0,27.0,1.0,0.0,1.0,146.0,0.0,1.0,0.0,0
666562,386.24900000000014,3.157300000000001,1.0,5.0,81.04,2.0,2.0,1.0,1.0,0.0,6.0,3.0,24.0,1.0,0.0,1.0,122.0,0.0,2.0,0.0,0
662915,399.47600000000017,2.71532,2.0,8.0,104.29,7.0,3.0,2.0,1.0,0.0,9.0,3.0,28.0,0.0,0.0,0.0,146.0,0.0,1.0,1.0,0
121416575,452.5220000000002,3.391600000000002,2.0,7.0,111.76,5.0,4.0,1.0,3.0,1.0,9.0,5.0,34.0,1.0,0.0,1.0,170.0,0.0,4.0,2.0,1
2087463,342.3110000000001,1.3386999999999996,3.0,6.0,126.32,5.0,3.0,1.0,2.0,0.0,9.0,3.0,25.0,0.0,0.0,0.0,128.0,0.0,2.0,3.0,0
652237,466.58200000000033,3.383820000000001,2.0,5.0,100.63,11.0,2.0,1.0,1.0,1.0,8.0,3.0,34.0,1.0,1.0,0.0,182.0,0.0,1.0,3.0,0
3712,147.17699999999996,1.6602,2.0,1.0,36.02,1.0,2.0,1.0,1.0,0.0,2.0,2.0,11.0,0.0,0.0,0.0,56.0,0.0,1.0,0.0,0
2483721,422.4660000000001,3.664520000000002,2.0,7.0,106.35,6.0,4.0,1.0,3.0,0.0,9.0,4.0,30.0,0.0,0.0,0.0,152.0,0.0,3.0,3.0,0
16757861,482.5730000000003,4.560700000000004,0.0,7.0,95.34,2.0,1.0,0.0,1.0,4.0,7.0,6.0,35.0,5.0,3.0,2.0,188.0,1.0,3.0,0.0,0
16757678,288.38699999999994,2.5800000000000005,3.0,3.0,60.69,0.0,1.0,1.0,0.0,2.0,3.0,4.0,21.0,3.0,3.0,0.0,114.0,0.0,0.0,0.0,0
647802,242.307,2.5672200000000007,0.0,5.0,43.07,1.0,2.0,1.0,1.0,0.0,5.0,3.0,17.0,1.0,0.0,1.0,84.0,0.0,2.0,0.0,0
5309326,338.40700000000004,3.3580000000000028,2.0,3.0,69.64,5.0,2.0,2.0,0.0,0.0,5.0,3.0,25.0,1.0,0.0,1.0,130.0,0.0,1.0,2.0,0
3233087,350.3780000000001,2.5735,2.0,6.0,85.37,5.0,3.0,2.0,1.0,0.0,7.0,4.0,26.0,1.0,0.0,1.0,132.0,0.0,2.0,1.0,0
5308761,362.45100000000014,2.529720000000001,0.0,5.0,72.64,6.0,2.0,1.0,1.0,1.0,7.0,3.0,25.0,1.0,0.0,1.0,134.0,0.0,2.0,1.0,0
2999717,452.4880000000003,4.074800000000002,0.0,9.0,92.79,7.0,4.0,2.0,2.0,0.0,9.0,4.0,32.0,0.0,0.0,0.0,164.0,0.0,2.0,0.0,0
3236015,284.3150000000001,1.9126,0.0,4.0,55.57000000000001,1.0,2.0,1.0,1.0,1.0,5.0,4.0,21.0,2.0,1.0,1.0,108.0,0.0,2.0,1.0,0
3240222,313.35700000000014,1.1592,0.0,5.0,64.43,4.0,2.0,1.0,1.0,1.0,6.0,3.0,23.0,1.0,0.0,1.0,120.0,0.0,2.0,1.0,0
650771,364.44500000000016,4.096740000000003,1.0,3.0,62.4,5.0,3.0,2.0,1.0,0.0,5.0,3.0,27.0,0.0,0.0,0.0,140.0,0.0,1.0,1.0,0
2532324,274.324,1.1610999999999996,2.0,3.0,78.09,5.0,2.0,1.0,1.0,0.0,6.0,2.0,20.0,0.0,0.0,0.0,106.0,0.0,1.0,2.0,0
1302605,241.63,1.68368,1.0,4.0,79.55,4.0,1.0,1.0,0.0,0.0,6.0,1.0,16.0,0.0,0.0,0.0,84.0,0.0,0.0,0.0,0
3232613,323.3560000000001,2.58202,1.0,7.0,81.92999999999999,4.0,3.0,1.0,2.0,1.0,7.0,4.0,24.0,1.0,1.0,0.0,122.0,0.0,2.0,0.0,0
2091495,361.43,3.951520000000002,1.0,6.0,72.7,4.0,4.0,2.0,2.0,0.0,7.0,4.0,26.0,0.0,0.0,0.0,128.0,0.0,2.0,1.0,0
2208079,358.35700000000014,3.401500000000002,1.0,6.0,78.27000000000001,3.0,4.0,3.0,1.0,0.0,7.0,5.0,27.0,1.0,0.0,1.0,132.0,0.0,2.0,1.0,0
160555,148.162,-1.6263999999999983,3.0,4.0,98.57,5.0,0.0,0.0,0.0,0.0,5.0,0.0,10.0,0.0,0.0,0.0,60.0,0.0,0.0,0.0,0
2936205,377.51000000000016,3.5339000000000027,1.0,5.0,71.0,9.0,1.0,1.0,0.0,1.0,7.0,2.0,26.0,1.0,0.0,1.0,142.0,0.0,1.0,2.0,0
94280,294.442,4.415700000000004,0.0,2.0,6.48,4.0,2.0,2.0,0.0,0.0,2.0,3.0,22.0,1.0,0.0,1.0,116.0,0.0,1.0,0.0,0
2971985,330.40900000000005,2.3993200000000003,2.0,3.0,75.27000000000001,4.0,2.0,2.0,0.0,1.0,6.0,3.0,23.0,1.0,0.0,1.0,120.0,0.0,1.0,1.0,0
2962699,305.38200000000006,0.4530000000000003,0.0,7.0,65.06,1.0,2.0,0.0,2.0,1.0,7.0,3.0,22.0,1.0,0.0,1.0,120.0,0.0,3.0,0.0,0
658628,202.206,0.5733999999999997,1.0,4.0,72.83,5.0,0.0,0.0,0.0,1.0,5.0,1.0,14.0,1.0,0.0,1.0,80.0,0.0,1.0,0.0,0
3237181,226.66299999999995,1.0353999999999997,0.0,4.0,44.0,4.0,1.0,0.0,1.0,0.0,5.0,1.0,15.0,0.0,0.0,0.0,80.0,0.0,1.0,0.0,0
2956983,414.4470000000001,1.0807999999999995,1.0,10.0,113.04,5.0,4.0,1.0,3.0,0.0,11.0,4.0,29.0,0.0,0.0,0.0,150.0,0.0,3.0,1.0,0
3239030,411.4830000000002,3.178440000000002,1.0,6.0,90.29,4.0,3.0,2.0,1.0,0.0,8.0,4.0,29.0,1.0,0.0,1.0,150.0,0.0,2.0,1.0,0
1253429,400.9280000000002,2.950600000000001,1.0,4.0,75.71000000000001,7.0,1.0,1.0,0.0,2.0,8.0,3.0,26.0,2.0,2.0,0.0,144.0,0.0,0.0,1.0,0
829037,244.294,2.788220000000001,1.0,3.0,55.13,3.0,2.0,1.0,1.0,0.0,4.0,2.0,18.0,0.0,0.0,0.0,94.0,0.0,1.0,1.0,0
644526,271.34099999999995,3.142000000000001,0.0,4.0,31.23,4.0,3.0,2.0,1.0,0.0,4.0,3.0,19.0,0.0,0.0,0.0,96.0,0.0,1.0,0.0,0
118045388,533.3730000000002,4.123900000000003,3.0,6.0,110.36,6.0,3.0,2.0,1.0,1.0,10.0,4.0,34.0,1.0,0.0,1.0,178.0,0.0,2.0,1.0,1
649454,329.425,3.0608000000000013,2.0,3.0,61.440000000000005,4.0,2.0,1.0,1.0,1.0,6.0,3.0,23.0,1.0,0.0,1.0,120.0,0.0,2.0,3.0,0
3236833,282.384,1.3202999999999998,1.0,3.0,58.64,7.0,0.0,0.0,0.0,2.0,5.0,2.0,20.0,2.0,1.0,1.0,114.0,0.0,1.0,2.0,0
2215727,421.5290000000001,2.9631000000000016,1.0,10.0,99.0,7.0,3.0,1.0,2.0,0.0,11.0,3.0,27.0,0.0,0.0,0.0,140.0,0.0,2.0,1.0,0
975667,312.77800000000013,2.432100000000001,0.0,5.0,55.57000000000001,3.0,2.0,1.0,1.0,1.0,7.0,3.0,20.0,1.0,0.0,1.0,106.0,0.0,2.0,1.0,0
647220,451.42600000000016,4.9951000000000025,1.0,7.0,86.48,7.0,3.0,1.0,2.0,0.0,11.0,4.0,31.0,1.0,0.0,1.0,162.0,0.0,3.0,1.0,0
665619,342.3800000000002,2.4599,2.0,6.0,89.13000000000001,4.0,3.0,1.0,2.0,0.0,8.0,4.0,24.0,1.0,0.0,1.0,122.0,0.0,3.0,1.0,0
413484,222.35199999999995,2.895900000000002,1.0,1.0,20.23,2.0,1.0,1.0,0.0,0.0,2.0,1.0,16.0,0.0,0.0,0.0,90.0,0.0,0.0,0.0,0
3235394,301.34900000000005,4.501900000000003,1.0,4.0,50.95,4.0,4.0,2.0,2.0,0.0,4.0,4.0,23.0,0.0,0.0,0.0,112.0,0.0,2.0,0.0,0
5307785,414.5500000000004,2.2327999999999992,2.0,5.0,73.90999999999998,7.0,1.0,1.0,0.0,2.0,7.0,4.0,30.0,3.0,1.0,2.0,164.0,0.0,2.0,2.0,0
3246682,347.41400000000016,3.1206000000000014,2.0,2.0,66.39999999999999,4.0,2.0,2.0,0.0,1.0,4.0,6.0,26.0,4.0,4.0,0.0,132.0,0.0,0.0,1.0,0
2842811,373.301,3.8198000000000025,1.0,3.0,46.53,8.0,2.0,2.0,0.0,0.0,6.0,2.0,23.0,0.0,0.0,0.0,124.0,0.0,0.0,0.0,0
1891182,388.2460000000001,3.0296200000000013,0.0,6.0,60.400000000000006,2.0,4.0,1.0,3.0,0.0,7.0,4.0,23.0,0.0,0.0,0.0,114.0,0.0,3.0,0.0,0
2056854,249.3789999999999,2.800200000000001,0.0,3.0,12.47,5.0,1.0,1.0,0.0,1.0,3.0,2.0,17.0,1.0,0.0,1.0,92.0,0.0,1.0,0.0,0
2792920,360.41700000000014,3.735000000000002,1.0,6.0,69.04,5.0,3.0,2.0,1.0,0.0,6.0,4.0,27.0,1.0,0.0,1.0,136.0,0.0,2.0,0.0,0
769329,261.281,3.0257200000000006,2.0,4.0,76.39,4.0,2.0,1.0,1.0,0.0,6.0,2.0,19.0,0.0,0.0,0.0,100.0,0.0,1.0,2.0,0
2939594,325.43000000000006,1.6662,1.0,4.0,72.47,4.0,1.0,1.0,0.0,1.0,6.0,2.0,22.0,1.0,0.0,1.0,122.0,0.0,1.0,1.0,0
670282,338.43500000000006,3.013600000000001,1.0,6.0,76.13,3.0,3.0,1.0,2.0,0.0,8.0,3.0,21.0,0.0,0.0,0.0,108.0,0.0,2.0,1.0,0
4248069,313.401,2.3149999999999995,1.0,4.0,63.99,3.0,2.0,1.0,1.0,1.0,5.0,3.0,23.0,1.0,1.0,0.0,122.0,0.0,1.0,1.0,0
49830549,321.3190000000001,3.3742,3.0,6.0,91.41,4.0,4.0,2.0,2.0,0.0,8.0,4.0,24.0,0.0,0.0,0.0,118.0,0.0,2.0,0.0,1
3237177,464.6100000000004,2.7495000000000003,1.0,5.0,65.12,8.0,2.0,2.0,0.0,1.0,7.0,4.0,34.0,2.0,0.0,2.0,182.0,0.0,2.0,2.0,0
3238202,230.267,2.797720000000001,1.0,3.0,55.13,3.0,2.0,1.0,1.0,0.0,4.0,2.0,17.0,0.0,0.0,0.0,88.0,0.0,1.0,1.0,0
3245615,376.4530000000001,3.6735000000000015,0.0,5.0,58.97,4.0,1.0,1.0,0.0,1.0,7.0,3.0,26.0,2.0,0.0,2.0,138.0,0.0,2.0,1.0,0
16758195,488.7090000000003,5.032700000000008,4.0,4.0,97.99,2.0,0.0,0.0,0.0,4.0,5.0,5.0,35.0,5.0,5.0,0.0,198.0,0.0,0.0,0.0,0
3236613,422.4850000000003,2.5883000000000003,1.0,5.0,91.84,5.0,2.0,1.0,1.0,1.0,8.0,4.0,31.0,2.0,0.0,2.0,162.0,0.0,3.0,3.0,0
3244434,292.741,3.494200000000003,0.0,3.0,26.52,3.0,2.0,1.0,1.0,0.0,5.0,3.0,20.0,1.0,0.0,1.0,104.0,0.0,2.0,0.0,0
1281397,417.5120000000001,2.854900000000001,0.0,8.0,77.57,6.0,3.0,0.0,3.0,1.0,9.0,4.0,28.0,1.0,0.0,1.0,146.0,0.0,4.0,1.0,1
3246119,500.1140000000002,4.4250000000000025,2.0,2.0,57.53,4.0,1.0,1.0,0.0,1.0,5.0,2.0,20.0,1.0,1.0,0.0,110.0,0.0,0.0,0.0,0
3233588,413.48100000000017,4.058800000000002,1.0,7.0,81.92999999999999,7.0,4.0,2.0,2.0,1.0,7.0,5.0,31.0,1.0,1.0,0.0,156.0,0.0,2.0,0.0,0
653529,333.41700000000003,1.4901999999999993,1.0,6.0,88.08,5.0,2.0,0.0,2.0,0.0,8.0,2.0,23.0,0.0,0.0,0.0,122.0,0.0,2.0,2.0,0
16758976,390.47600000000017,4.464600000000004,0.0,6.0,71.06,10.0,1.0,1.0,0.0,0.0,6.0,2.0,28.0,1.0,0.0,1.0,154.0,0.0,1.0,0.0,0
3242985,384.794,4.256000000000003,1.0,3.0,62.55,2.0,3.0,2.0,1.0,0.0,7.0,4.0,27.0,1.0,0.0,1.0,136.0,0.0,2.0,2.0,0
648644,213.19600000000003,2.3916000000000004,0.0,5.0,64.95,2.0,3.0,0.0,3.0,0.0,5.0,3.0,16.0,0.0,0.0,0.0,78.0,0.0,3.0,0.0,0
3238271,329.19400000000013,2.220800000000001,2.0,3.0,71.34,5.0,1.0,0.0,1.0,1.0,6.0,2.0,19.0,1.0,1.0,0.0,104.0,0.0,1.0,2.0,0
655621,346.452,3.384400000000002,0.0,6.0,61.190000000000005,5.0,2.0,1.0,1.0,1.0,6.0,3.0,24.0,1.0,1.0,0.0,128.0,0.0,1.0,0.0,0
649061,469.5670000000004,2.680640000000001,0.0,8.0,93.70000000000002,7.0,3.0,1.0,2.0,1.0,10.0,4.0,33.0,1.0,0.0,1.0,174.0,0.0,3.0,2.0,0
3246034,205.221,0.56017,3.0,4.0,117.68,4.0,1.0,1.0,0.0,0.0,6.0,1.0,15.0,0.0,0.0,0.0,78.0,0.0,0.0,1.0,0
2979389,416.49900000000014,2.9372000000000016,1.0,5.0,92.78,6.0,2.0,2.0,0.0,1.0,8.0,3.0,29.0,1.0,0.0,1.0,154.0,0.0,1.0,1.0,0
5771403,341.3920000000001,3.398100000000002,1.0,6.0,81.16000000000001,7.0,3.0,1.0,2.0,0.0,7.0,3.0,24.0,0.0,0.0,0.0,122.0,0.0,2.0,1.0,0
3234436,356.4910000000001,3.2154000000000016,0.0,3.0,40.620000000000005,3.0,2.0,2.0,0.0,2.0,5.0,4.0,25.0,2.0,0.0,2.0,132.0,1.0,2.0,0.0,0
646018,424.4230000000002,3.4608000000000017,2.0,6.0,77.41000000000001,5.0,2.0,1.0,1.0,1.0,10.0,4.0,30.0,2.0,0.0,2.0,162.0,0.0,3.0,1.0,0
2997617,261.375,3.1841800000000013,0.0,5.0,49.57,2.0,2.0,0.0,2.0,0.0,5.0,3.0,17.0,1.0,1.0,0.0,86.0,0.0,2.0,0.0,0
2998819,294.314,2.506,0.0,6.0,69.9,4.0,3.0,0.0,3.0,0.0,6.0,3.0,22.0,0.0,0.0,0.0,110.0,0.0,3.0,0.0,0
666145,365.3890000000001,2.4576,0.0,7.0,75.47,5.0,3.0,1.0,2.0,0.0,7.0,4.0,27.0,1.0,0.0,1.0,138.0,0.0,3.0,0.0,1
3241555,336.141,2.8499000000000008,0.0,5.0,65.49000000000001,3.0,2.0,1.0,1.0,0.0,6.0,2.0,20.0,0.0,0.0,0.0,102.0,0.0,1.0,0.0,0
54676860,176.124,-1.4073999999999995,4.0,6.0,107.22,2.0,0.0,0.0,0.0,0.0,6.0,1.0,12.0,1.0,0.0,1.0,68.0,0.0,1.0,0.0,0
659981,291.303,2.2172,1.0,6.0,73.86000000000001,4.0,1.0,1.0,0.0,1.0,6.0,2.0,21.0,1.0,0.0,1.0,112.0,0.0,1.0,0.0,0
650243,390.46200000000016,4.446220000000003,1.0,4.0,58.120000000000005,4.0,3.0,2.0,1.0,1.0,6.0,4.0,29.0,1.0,0.0,1.0,148.0,0.0,2.0,1.0,0
649379,341.40700000000004,2.3103,0.0,4.0,55.84,5.0,1.0,1.0,0.0,2.0,5.0,4.0,25.0,3.0,0.0,3.0,132.0,1.0,3.0,1.0,0
655153,348.4760000000001,1.92792,1.0,7.0,89.41,4.0,2.0,0.0,2.0,1.0,8.0,3.0,24.0,1.0,0.0,1.0,130.0,0.0,3.0,1.0,0
3244263,499.99900000000025,2.0704,2.0,7.0,99.67,9.0,3.0,2.0,1.0,1.0,10.0,4.0,35.0,1.0,0.0,1.0,186.0,0.0,2.0,1.0,0
2926725,470.5950000000004,3.8638900000000014,1.0,6.0,87.63999999999999,5.0,2.0,1.0,1.0,1.0,9.0,4.0,33.0,2.0,1.0,1.0,176.0,0.0,2.0,2.0,0
702932,296.373,2.562500000000001,1.0,6.0,68.28999999999999,5.0,2.0,0.0,2.0,0.0,7.0,2.0,19.0,0.0,0.0,0.0,100.0,0.0,2.0,1.0,0
893319,318.3980000000001,2.2636000000000003,1.0,3.0,66.48,5.0,2.0,2.0,0.0,0.0,6.0,2.0,22.0,0.0,0.0,0.0,116.0,0.0,0.0,1.0,0
3232912,245.36999999999995,2.0472,1.0,3.0,28.16,2.0,1.0,0.0,1.0,2.0,3.0,3.0,18.0,2.0,0.0,2.0,98.0,1.0,3.0,0.0,0
3238729,455.43600000000015,4.970800000000004,0.0,5.0,58.81000000000001,3.0,4.0,2.0,2.0,1.0,9.0,5.0,33.0,1.0,0.0,1.0,170.0,0.0,3.0,1.0,0
969966,300.35800000000006,4.046320000000002,2.0,3.0,59.59,5.0,2.0,2.0,0.0,0.0,5.0,2.0,22.0,0.0,0.0,0.0,116.0,0.0,0.0,2.0,0
5771702,182.139,-0.6160000000000005,3.0,4.0,107.97,3.0,1.0,0.0,1.0,0.0,7.0,1.0,13.0,0.0,0.0,0.0,68.0,0.0,1.0,1.0,0
5841521,434.5460000000001,4.603080000000003,0.0,6.0,88.11,6.0,4.0,2.0,2.0,0.0,8.0,4.0,30.0,0.0,0.0,0.0,150.0,0.0,2.0,0.0,0
118046051,580.373,3.700400000000003,4.0,6.0,121.36,6.0,3.0,2.0,1.0,1.0,10.0,4.0,34.0,1.0,1.0,0.0,178.0,0.0,1.0,1.0,1
645432,281.333,1.4657,1.0,5.0,64.63,4.0,1.0,1.0,0.0,1.0,6.0,2.0,19.0,1.0,0.0,1.0,102.0,0.0,1.0,1.0,0
3237400,291.44100000000003,4.036500000000003,1.0,4.0,29.1,2.0,2.0,0.0,2.0,1.0,4.0,3.0,19.0,1.0,0.0,1.0,100.0,0.0,3.0,0.0,0
16757689,404.5030000000002,2.3524000000000003,2.0,6.0,100.90000000000002,3.0,0.0,0.0,0.0,3.0,6.0,4.0,29.0,4.0,4.0,0.0,160.0,0.0,0.0,0.0,0
669166,304.371,2.4701000000000004,1.0,3.0,66.48,4.0,2.0,2.0,0.0,0.0,6.0,2.0,21.0,0.0,0.0,0.0,110.0,0.0,0.0,1.0,0
136915,209.201,0.6621999999999999,2.0,3.0,77.84,5.0,1.0,1.0,0.0,0.0,5.0,1.0,15.0,0.0,0.0,0.0,80.0,0.0,0.0,0.0,0
1644659,368.4770000000002,3.9377400000000033,1.0,4.0,50.8,7.0,2.0,2.0,0.0,1.0,5.0,3.0,27.0,1.0,0.0,1.0,144.0,0.0,1.0,1.0,0
644968,324.344,1.0600999999999996,1.0,7.0,94.82,6.0,3.0,1.0,2.0,0.0,8.0,3.0,24.0,0.0,0.0,0.0,122.0,0.0,2.0,1.0,0
5309041,407.5360000000002,2.1343,2.0,4.0,95.58,6.0,1.0,1.0,0.0,1.0,8.0,3.0,28.0,2.0,0.0,2.0,154.0,0.0,2.0,2.0,0
3233365,327.4280000000001,3.0026800000000016,0.0,4.0,56.57,2.0,1.0,1.0,0.0,2.0,5.0,3.0,24.0,2.0,0.0,2.0,128.0,1.0,2.0,1.0,0
584263,290.36300000000006,2.2666200000000005,1.0,3.0,58.64,5.0,1.0,1.0,0.0,1.0,5.0,2.0,21.0,1.0,0.0,1.0,114.0,0.0,1.0,3.0,0
135449276,297.76300000000003,3.4920000000000018,1.0,5.0,58.89,3.0,1.0,1.0,0.0,0.0,6.0,2.0,19.0,1.0,0.0,1.0,100.0,0.0,1.0,0.0,0
790157,280.28700000000003,1.9279999999999995,2.0,4.0,81.85,3.0,3.0,2.0,1.0,0.0,6.0,3.0,21.0,0.0,0.0,0.0,104.0,0.0,1.0,0.0,0
145995688,430.3940000000002,3.4819000000000013,1.0,9.0,95.05,4.0,4.0,0.0,4.0,0.0,12.0,5.0,31.0,1.0,0.0,1.0,160.0,0.0,5.0,0.0,1
5307668,432.5900000000003,2.7499,1.0,7.0,66.93,8.0,2.0,1.0,1.0,2.0,8.0,4.0,30.0,2.0,0.0,2.0,164.0,0.0,3.0,1.0,0
3236646,405.3690000000001,3.781300000000003,1.0,4.0,68.54,8.0,3.0,2.0,1.0,0.0,10.0,3.0,27.0,0.0,0.0,0.0,146.0,0.0,1.0,0.0,0
971861,258.237,1.8493,2.0,5.0,85.37,2.0,2.0,1.0,1.0,0.0,7.0,3.0,19.0,1.0,0.0,1.0,96.0,0.0,2.0,2.0,0
5307881,487.35000000000025,4.494900000000004,1.0,3.0,66.48,4.0,3.0,3.0,0.0,0.0,8.0,4.0,30.0,1.0,0.0,1.0,152.0,0.0,1.0,2.0,0
610514,209.252,2.5108999999999995,1.0,3.0,62.7,1.0,2.0,1.0,1.0,0.0,3.0,2.0,16.0,0.0,0.0,0.0,78.0,0.0,1.0,0.0,0
972599,293.355,2.8386000000000005,0.0,6.0,55.97,3.0,4.0,1.0,3.0,0.0,6.0,4.0,21.0,0.0,0.0,0.0,102.0,0.0,3.0,0.0,0
666448,379.4120000000001,3.307040000000001,1.0,5.0,79.98,4.0,3.0,2.0,1.0,0.0,6.0,4.0,28.0,1.0,0.0,1.0,144.0,0.0,2.0,1.0,0
3239608,483.92700000000025,4.083700000000003,1.0,6.0,86.24,9.0,4.0,2.0,2.0,0.0,9.0,4.0,34.0,0.0,0.0,0.0,176.0,0.0,2.0,1.0,0
3241616,457.4830000000003,1.4732,2.0,8.0,120.88,10.0,3.0,2.0,1.0,0.0,10.0,3.0,33.0,0.0,0.0,0.0,176.0,0.0,1.0,1.0,0
759610,262.34899999999993,3.309800000000002,0.0,3.0,47.28,3.0,1.0,0.0,1.0,0.0,3.0,2.0,19.0,1.0,1.0,0.0,104.0,0.0,1.0,0.0,0
2050900,361.46700000000016,3.017900000000002,1.0,5.0,73.22,6.0,2.0,1.0,1.0,0.0,7.0,3.0,25.0,1.0,0.0,1.0,134.0,0.0,2.0,1.0,0
663484,451.96200000000016,2.8705000000000007,2.0,8.0,77.91000000000001,5.0,3.0,2.0,1.0,1.0,9.0,5.0,32.0,2.0,0.0,2.0,166.0,0.0,3.0,0.0,0
646785,355.42300000000006,2.3983,2.0,7.0,95.06,6.0,3.0,2.0,1.0,0.0,8.0,3.0,25.0,0.0,0.0,0.0,128.0,0.0,1.0,1.0,0
655663,353.4660000000002,3.8934200000000025,2.0,3.0,71.09,4.0,1.0,0.0,1.0,5.0,5.0,6.0,26.0,5.0,5.0,0.0,138.0,0.0,1.0,2.0,0
6604319,359.5100000000001,1.7917999999999998,3.0,4.0,63.93000000000001,1.0,0.0,0.0,0.0,6.0,4.0,6.0,26.0,6.0,5.0,1.0,144.0,2.0,1.0,0.0,0
6604412,454.47700000000015,-6.6523,10.0,14.0,262.38000000000005,6.0,0.0,0.0,0.0,3.0,14.0,3.0,31.0,3.0,1.0,2.0,182.0,0.0,2.0,0.0,0
1124495,401.5140000000002,2.830580000000001,0.0,5.0,55.51,5.0,3.0,2.0,1.0,1.0,6.0,4.0,30.0,1.0,0.0,1.0,154.0,0.0,2.0,1.0,0
645480,358.41900000000004,2.9677000000000016,1.0,5.0,67.87,3.0,2.0,1.0,1.0,1.0,7.0,4.0,25.0,2.0,0.0,2.0,130.0,0.0,3.0,2.0,0
676149,330.36500000000007,3.6216200000000014,0.0,7.0,78.36,6.0,3.0,1.0,2.0,0.0,7.0,3.0,23.0,0.0,0.0,0.0,118.0,0.0,2.0,0.0,0
6869728,449.51700000000017,3.648800000000002,2.0,9.0,123.46,4.0,5.0,2.0,3.0,0.0,10.0,5.0,31.0,0.0,0.0,0.0,154.0,0.0,3.0,0.0,0
1973768,323.37700000000007,3.0099800000000005,0.0,6.0,67.91,4.0,3.0,2.0,1.0,0.0,6.0,3.0,23.0,0.0,0.0,0.0,114.0,0.0,1.0,0.0,0
3239809,482.5620000000004,2.3921900000000003,1.0,8.0,89.03,6.0,3.0,2.0,1.0,1.0,10.0,5.0,34.0,2.0,0.0,2.0,178.0,0.0,3.0,1.0,0
664831,288.35400000000004,4.056500000000003,0.0,4.0,43.6,3.0,4.0,2.0,2.0,0.0,4.0,4.0,22.0,0.0,0.0,0.0,108.0,0.0,2.0,0.0,0
196,146.14200000000002,0.716,2.0,2.0,74.6,5.0,0.0,0.0,0.0,0.0,4.0,0.0,10.0,0.0,0.0,0.0,58.0,0.0,0.0,0.0,0
3243654,410.5210000000001,1.387199999999999,1.0,7.0,101.49,5.0,2.0,1.0,1.0,2.0,10.0,4.0,27.0,2.0,0.0,2.0,146.0,0.0,3.0,1.0,0
2998818,244.338,3.594800000000002,1.0,3.0,38.05,2.0,2.0,1.0,1.0,1.0,3.0,3.0,18.0,1.0,1.0,0.0,96.0,0.0,1.0,0.0,0
2906215,239.296,1.4178,1.0,4.0,55.4,3.0,1.0,1.0,0.0,0.0,5.0,2.0,16.0,1.0,0.0,1.0,86.0,0.0,1.0,0.0,0
3234428,414.5710000000001,3.762100000000003,0.0,4.0,49.85,5.0,2.0,2.0,0.0,2.0,6.0,4.0,29.0,2.0,0.0,2.0,156.0,1.0,2.0,0.0,0
969629,327.365,3.2375900000000017,1.0,6.0,61.3,4.0,3.0,2.0,1.0,0.0,7.0,4.0,23.0,1.0,0.0,1.0,116.0,0.0,2.0,0.0,0
647039,289.36000000000007,1.2584999999999995,1.0,4.0,61.77,2.0,1.0,1.0,0.0,1.0,6.0,3.0,20.0,2.0,0.0,2.0,104.0,0.0,2.0,2.0,0
6605181,344.507,3.5295400000000026,1.0,6.0,58.870000000000005,7.0,2.0,0.0,2.0,1.0,6.0,3.0,25.0,1.0,0.0,1.0,138.0,0.0,3.0,0.0,0
884355,321.3730000000001,1.6578999999999997,0.0,5.0,65.07000000000001,5.0,1.0,1.0,0.0,1.0,6.0,2.0,23.0,1.0,0.0,1.0,126.0,0.0,1.0,1.0,0
2228298,386.51700000000017,2.3359000000000005,0.0,4.0,57.690000000000005,7.0,2.0,2.0,0.0,1.0,6.0,3.0,27.0,1.0,0.0,1.0,144.0,0.0,1.0,1.0,0
1225794,350.40700000000004,3.3130200000000007,0.0,8.0,82.52,5.0,4.0,2.0,2.0,0.0,8.0,4.0,25.0,0.0,0.0,0.0,124.0,0.0,2.0,0.0,0
660572,212.248,3.159300000000001,2.0,2.0,40.46,2.0,2.0,2.0,0.0,0.0,2.0,2.0,16.0,0.0,0.0,0.0,80.0,0.0,0.0,0.0,0
71250378,508.5290000000003,3.7604000000000015,2.0,8.0,103.19,7.0,4.0,2.0,2.0,1.0,11.0,5.0,37.0,1.0,0.0,1.0,192.0,0.0,3.0,1.0,1
1247392,375.269,3.325000000000002,1.0,6.0,68.28999999999999,5.0,2.0,0.0,2.0,0.0,8.0,2.0,20.0,0.0,0.0,0.0,106.0,0.0,2.0,1.0,0
15277,258.277,3.629500000000002,0.0,4.0,56.89,4.0,2.0,2.0,0.0,0.0,5.0,2.0,19.0,0.0,0.0,0.0,98.0,0.0,0.0,0.0,0
3235024,268.364,2.2038199999999994,0.0,4.0,32.260000000000005,2.0,2.0,1.0,1.0,1.0,4.0,3.0,20.0,1.0,0.0,1.0,104.0,0.0,2.0,0.0,0
649589,415.87700000000007,3.629000000000002,2.0,4.0,79.9,4.0,2.0,2.0,0.0,1.0,8.0,4.0,29.0,2.0,0.0,2.0,152.0,0.0,2.0,3.0,0
649613,218.26,1.1065,1.0,4.0,59.81,2.0,2.0,1.0,1.0,0.0,5.0,2.0,16.0,0.0,0.0,0.0,84.0,0.0,1.0,1.0,0
3240265,490.5550000000004,3.9128000000000034,0.0,7.0,57.50000000000001,4.0,3.0,1.0,2.0,2.0,11.0,5.0,34.0,2.0,0.0,2.0,180.0,0.0,4.0,1.0,0
3237470,446.3730000000001,3.345720000000001,2.0,6.0,88.16,5.0,3.0,1.0,2.0,0.0,10.0,3.0,24.0,0.0,0.0,0.0,126.0,0.0,2.0,1.0,0
3238868,479.88300000000015,3.4429000000000016,1.0,4.0,69.72,5.0,2.0,2.0,0.0,1.0,12.0,3.0,31.0,1.0,0.0,1.0,168.0,0.0,1.0,1.0,0
3245186,269.35099999999994,1.4758,0.0,5.0,63.16,2.0,2.0,1.0,1.0,1.0,7.0,3.0,17.0,1.0,0.0,1.0,90.0,0.0,2.0,0.0,0
972301,340.3490000000003,2.2671,1.0,4.0,50.16,5.0,2.0,1.0,1.0,1.0,8.0,3.0,24.0,1.0,0.0,1.0,130.0,0.0,2.0,1.0,0
3246206,215.249,0.5499999999999997,3.0,3.0,86.63000000000001,4.0,0.0,0.0,0.0,1.0,5.0,1.0,15.0,1.0,0.0,1.0,86.0,0.0,1.0,0.0,0
663094,402.5010000000001,3.5439000000000016,1.0,8.0,86.11,7.0,3.0,1.0,2.0,0.0,9.0,3.0,27.0,0.0,0.0,0.0,140.0,0.0,2.0,1.0,0
2059313,390.3960000000001,2.1945,1.0,8.0,99.25,7.0,3.0,1.0,2.0,0.0,10.0,3.0,27.0,0.0,0.0,0.0,140.0,0.0,2.0,1.0,0
3234031,427.8920000000004,2.5225,0.0,8.0,82.37000000000002,4.0,3.0,1.0,2.0,2.0,9.0,5.0,30.0,2.0,0.0,2.0,156.0,0.0,4.0,0.0,0
1490450,251.307,1.9318,0.0,4.0,46.61,2.0,1.0,1.0,0.0,0.0,5.0,2.0,17.0,1.0,0.0,1.0,90.0,0.0,1.0,1.0,0
1084671,304.309,3.470200000000001,2.0,4.0,83.81,3.0,4.0,1.0,3.0,0.0,6.0,4.0,23.0,0.0,0.0,0.0,112.0,0.0,3.0,1.0,0
117876637,561.017,5.744620000000006,0.0,8.0,95.26,6.0,5.0,2.0,3.0,1.0,11.0,6.0,40.0,1.0,0.0,1.0,204.0,0.0,4.0,1.0,1
1078655,392.452,3.261200000000001,1.0,4.0,75.71000000000001,5.0,2.0,2.0,0.0,1.0,8.0,3.0,27.0,1.0,0.0,1.0,144.0,0.0,1.0,1.0,0
1247101,316.451,4.510900000000003,1.0,4.0,52.89,2.0,2.0,0.0,2.0,0.0,5.0,3.0,21.0,1.0,1.0,0.0,108.0,0.0,2.0,1.0,0
3242905,321.40600000000006,0.9324399999999996,1.0,5.0,82.19,3.0,2.0,0.0,2.0,1.0,8.0,3.0,22.0,1.0,0.0,1.0,118.0,0.0,3.0,0.0,0
653822,450.56400000000025,2.9650000000000007,0.0,6.0,67.67,5.0,3.0,2.0,1.0,1.0,8.0,5.0,32.0,2.0,0.0,2.0,166.0,0.0,3.0,2.0,0
660037,237.73399999999995,2.8568000000000007,0.0,3.0,30.71,1.0,1.0,0.0,1.0,4.0,4.0,5.0,16.0,4.0,4.0,0.0,86.0,0.0,1.0,0.0,0
2112599,346.82800000000003,3.4716000000000005,0.0,8.0,69.38,3.0,4.0,1.0,3.0,0.0,9.0,4.0,22.0,0.0,0.0,0.0,108.0,0.0,3.0,0.0,0
648599,492.6520000000004,3.326900000000002,1.0,9.0,110.08,8.0,3.0,1.0,2.0,1.0,12.0,4.0,32.0,1.0,0.0,1.0,170.0,0.0,3.0,1.0,0
656210,310.78100000000006,2.16182,1.0,3.0,60.85000000000001,4.0,1.0,1.0,0.0,1.0,6.0,2.0,21.0,1.0,0.0,1.0,114.0,0.0,1.0,1.0,0
654224,334.39700000000005,0.9648000000000004,2.0,5.0,88.41,5.0,2.0,1.0,1.0,1.0,7.0,3.0,23.0,1.0,0.0,1.0,122.0,0.0,2.0,1.0,0
447407,228.248,0.2197999999999996,3.0,4.0,109.32,3.0,1.0,0.0,1.0,0.0,6.0,1.0,16.0,0.0,0.0,0.0,90.0,0.0,1.0,0.0,0
648089,351.49700000000024,2.2269000000000005,1.0,6.0,54.46000000000001,7.0,2.0,1.0,1.0,1.0,7.0,3.0,23.0,1.0,0.0,1.0,124.0,0.0,2.0,1.0,0
2487241,373.3690000000001,0.4027999999999996,1.0,8.0,123.49,6.0,2.0,1.0,1.0,1.0,10.0,3.0,27.0,1.0,0.0,1.0,142.0,0.0,2.0,3.0,0
2968952,336.3950000000001,2.59854,3.0,4.0,82.59,3.0,2.0,2.0,0.0,0.0,6.0,3.0,25.0,1.0,0.0,1.0,128.0,0.0,1.0,2.0,0
2363621,433.4240000000002,1.5312199999999998,2.0,8.0,128.22,5.0,4.0,2.0,2.0,0.0,10.0,4.0,32.0,0.0,0.0,0.0,162.0,0.0,2.0,1.0,0
3238609,485.5370000000004,2.799100000000001,3.0,7.0,126.43000000000002,8.0,2.0,2.0,0.0,1.0,10.0,3.0,35.0,1.0,0.0,1.0,188.0,0.0,1.0,3.0,0
3239574,475.5930000000003,3.969440000000003,2.0,6.0,86.79999999999998,7.0,3.0,2.0,1.0,1.0,8.0,4.0,35.0,1.0,0.0,1.0,184.0,0.0,2.0,2.0,0
652871,305.403,2.4496,0.0,6.0,57.01,6.0,2.0,1.0,1.0,0.0,6.0,2.0,21.0,0.0,0.0,0.0,112.0,0.0,1.0,0.0,0
664838,325.4120000000001,3.962180000000002,1.0,5.0,71.08,5.0,2.0,0.0,2.0,0.0,5.0,3.0,24.0,1.0,0.0,1.0,126.0,0.0,3.0,0.0,0
135515088,442.5230000000002,2.8200200000000013,1.0,6.0,96.77,5.0,4.0,2.0,2.0,1.0,8.0,5.0,33.0,1.0,0.0,1.0,168.0,0.0,3.0,1.0,0
645897,442.5450000000004,1.6917999999999995,1.0,9.0,94.16,5.0,3.0,1.0,2.0,1.0,10.0,4.0,31.0,1.0,0.0,1.0,164.0,0.0,3.0,1.0,0
73507372,366.4250000000002,3.041400000000001,4.0,5.0,103.96,5.0,3.0,1.0,2.0,1.0,8.0,4.0,27.0,1.0,0.0,1.0,140.0,0.0,3.0,2.0,1
118365149,392.4230000000001,2.489,3.0,7.0,122.64,6.0,4.0,1.0,3.0,0.0,10.0,4.0,29.0,0.0,0.0,0.0,148.0,0.0,3.0,2.0,1
2315991,270.335,1.3067,0.0,5.0,58.97,1.0,1.0,1.0,0.0,0.0,7.0,3.0,17.0,2.0,0.0,2.0,90.0,0.0,2.0,0.0,0
3241146,272.26000000000005,1.7058000000000002,0.0,6.0,74.33000000000001,3.0,3.0,1.0,2.0,0.0,6.0,3.0,20.0,0.0,0.0,0.0,102.0,0.0,2.0,0.0,0
650584,355.41900000000004,2.5128200000000005,1.0,5.0,83.71000000000001,5.0,2.0,2.0,0.0,1.0,7.0,3.0,25.0,1.0,0.0,1.0,128.0,0.0,1.0,3.0,0
644606,256.305,2.877700000000001,1.0,3.0,51.22,5.0,2.0,1.0,1.0,0.0,4.0,2.0,19.0,0.0,0.0,0.0,98.0,0.0,1.0,1.0,0
1071871,350.51300000000003,3.5675000000000026,1.0,6.0,59.81,6.0,2.0,0.0,2.0,1.0,7.0,3.0,23.0,1.0,1.0,0.0,124.0,0.0,2.0,1.0,0
5392452,293.33400000000006,2.2712000000000003,2.0,7.0,94.01,4.0,3.0,2.0,1.0,0.0,7.0,3.0,22.0,0.0,0.0,0.0,110.0,0.0,1.0,0.0,0
627403,344.4360000000001,3.2314000000000025,1.0,3.0,66.48,3.0,2.0,2.0,0.0,0.0,6.0,3.0,24.0,1.0,0.0,1.0,126.0,0.0,1.0,1.0,0
3244507,393.5310000000002,3.752920000000002,0.0,4.0,45.55,5.0,2.0,1.0,1.0,2.0,5.0,4.0,29.0,2.0,1.0,1.0,154.0,0.0,2.0,1.0,0
762972,272.279,3.0364000000000004,2.0,2.0,58.2,3.0,2.0,2.0,0.0,0.0,5.0,2.0,20.0,0.0,0.0,0.0,102.0,0.0,0.0,2.0,0
2999797,302.305,2.7872000000000003,2.0,3.0,59.59,3.0,2.0,2.0,0.0,0.0,6.0,3.0,22.0,1.0,0.0,1.0,114.0,0.0,1.0,2.0,0
3241332,450.5640000000002,3.878800000000002,1.0,5.0,82.61,8.0,3.0,2.0,1.0,0.0,8.0,4.0,32.0,1.0,0.0,1.0,166.0,0.0,2.0,1.0,0
5309913,451.5960000000002,3.318700000000001,0.0,6.0,61.68000000000001,4.0,3.0,0.0,3.0,2.0,8.0,5.0,32.0,2.0,0.0,2.0,168.0,0.0,5.0,2.0,0
645197,354.45000000000005,3.557120000000003,1.0,5.0,68.28999999999999,3.0,1.0,0.0,1.0,0.0,5.0,3.0,26.0,2.0,1.0,1.0,138.0,0.0,2.0,0.0,0
1255215,368.4870000000001,4.482800000000003,1.0,6.0,63.57,6.0,4.0,1.0,3.0,0.0,7.0,4.0,25.0,0.0,0.0,0.0,126.0,0.0,3.0,0.0,0
649675,401.4920000000001,0.8959000000000001,1.0,8.0,85.15,6.0,3.0,1.0,2.0,1.0,9.0,4.0,28.0,1.0,0.0,1.0,148.0,0.0,3.0,0.0,0
2226217,305.35900000000004,1.3831,2.0,4.0,88.16,5.0,2.0,1.0,1.0,0.0,7.0,2.0,21.0,0.0,0.0,0.0,110.0,0.0,1.0,1.0,0
646280,434.50300000000016,2.4250000000000007,1.0,11.0,121.12,9.0,3.0,1.0,2.0,0.0,12.0,3.0,29.0,0.0,0.0,0.0,152.0,0.0,2.0,1.0,0
875360,222.671,2.745700000000001,0.0,2.0,34.14,1.0,1.0,1.0,0.0,1.0,3.0,2.0,15.0,1.0,1.0,0.0,78.0,0.0,0.0,0.0,0
268248,274.345,2.01087,2.0,3.0,70.02000000000001,4.0,2.0,2.0,0.0,0.0,5.0,2.0,19.0,0.0,0.0,0.0,98.0,0.0,0.0,0.0,0
768563,198.225,2.3425,0.0,2.0,38.96,2.0,2.0,1.0,1.0,0.0,3.0,2.0,15.0,0.0,0.0,0.0,74.0,0.0,1.0,0.0,0
3243929,409.4670000000002,3.653600000000002,0.0,7.0,77.69,4.0,3.0,2.0,1.0,0.0,8.0,5.0,29.0,2.0,0.0,2.0,148.0,0.0,3.0,1.0,0
3233984,332.46300000000014,3.7999000000000014,0.0,2.0,23.55,3.0,1.0,1.0,0.0,2.0,4.0,3.0,24.0,2.0,0.0,2.0,132.0,1.0,2.0,1.0,0
2999518,363.48600000000016,5.176140000000004,0.0,5.0,43.85,6.0,4.0,2.0,2.0,0.0,5.0,4.0,26.0,0.0,0.0,0.0,132.0,0.0,2.0,0.0,0
649936,391.85800000000006,5.148420000000004,0.0,5.0,52.43,4.0,4.0,2.0,2.0,0.0,6.0,4.0,28.0,0.0,0.0,0.0,140.0,0.0,2.0,0.0,0
891602,273.26300000000003,3.115120000000001,1.0,3.0,47.56,2.0,2.0,2.0,0.0,0.0,5.0,3.0,20.0,1.0,0.0,1.0,102.0,0.0,1.0,1.0,0
2094003,396.4650000000002,0.9230999999999996,1.0,6.0,102.01,6.0,1.0,1.0,0.0,2.0,9.0,3.0,27.0,2.0,1.0,1.0,148.0,0.0,1.0,1.0,0
3245347,269.348,2.9201000000000006,1.0,3.0,54.88,5.0,2.0,1.0,1.0,0.0,4.0,2.0,20.0,0.0,0.0,0.0,104.0,0.0,1.0,1.0,0
890213,340.33500000000004,3.4234000000000018,1.0,5.0,98.54,6.0,2.0,2.0,0.0,0.0,7.0,2.0,25.0,0.0,0.0,0.0,128.0,0.0,0.0,1.0,1
118046363,480.59000000000026,3.341800000000002,2.0,7.0,124.26999999999998,6.0,3.0,2.0,1.0,1.0,9.0,4.0,34.0,1.0,0.0,1.0,178.0,0.0,2.0,1.0,1
2215193,444.3290000000002,4.623520000000004,0.0,5.0,68.46000000000001,7.0,3.0,2.0,1.0,0.0,7.0,3.0,28.0,0.0,0.0,0.0,146.0,0.0,1.0,1.0,0
3239346,290.775,3.513600000000003,0.0,3.0,33.2,2.0,2.0,1.0,1.0,1.0,5.0,3.0,19.0,1.0,0.0,1.0,96.0,0.0,2.0,1.0,0
3236110,307.394,2.4452200000000013,1.0,5.0,67.59,4.0,1.0,0.0,1.0,2.0,6.0,3.0,22.0,2.0,1.0,1.0,122.0,1.0,2.0,1.0,0
1752,220.356,4.685300000000005,1.0,1.0,20.23,8.0,1.0,1.0,0.0,0.0,1.0,1.0,16.0,0.0,0.0,0.0,90.0,0.0,0.0,0.0,0
5307814,362.4770000000001,3.461140000000002,1.0,3.0,52.23,4.0,3.0,2.0,1.0,1.0,5.0,4.0,27.0,1.0,0.0,1.0,140.0,0.0,2.0,1.0,0
2999681,254.245,1.7574999999999998,0.0,5.0,65.1,2.0,3.0,1.0,2.0,0.0,5.0,3.0,19.0,0.0,0.0,0.0,94.0,0.0,2.0,0.0,0
5389043,400.88800000000015,2.0013,1.0,8.0,98.98000000000002,8.0,2.0,0.0,2.0,0.0,10.0,2.0,26.0,0.0,0.0,0.0,142.0,0.0,2.0,0.0,0
3244370,404.5140000000002,3.7584200000000014,1.0,5.0,71.26,7.0,3.0,2.0,1.0,1.0,6.0,4.0,30.0,1.0,0.0,1.0,156.0,0.0,2.0,1.0,0
689101,207.25800000000004,2.1428899999999995,2.0,3.0,53.7,2.0,2.0,1.0,1.0,0.0,5.0,2.0,14.0,0.0,0.0,0.0,72.0,0.0,1.0,0.0,0
1548053,286.28700000000003,2.6012000000000004,1.0,6.0,91.49,3.0,3.0,1.0,2.0,0.0,6.0,3.0,21.0,0.0,0.0,0.0,108.0,0.0,2.0,0.0,0
2856705,400.4750000000002,3.3241000000000023,1.0,6.0,69.26,8.0,2.0,2.0,0.0,1.0,7.0,3.0,29.0,1.0,0.0,1.0,156.0,0.0,1.0,1.0,0
644615,370.47800000000007,4.101100000000003,1.0,5.0,75.02000000000001,5.0,3.0,1.0,2.0,1.0,7.0,4.0,26.0,1.0,0.0,1.0,136.0,0.0,3.0,1.0,0
3244267,415.799,3.348300000000001,1.0,4.0,65.79,4.0,2.0,1.0,1.0,1.0,10.0,3.0,28.0,1.0,0.0,1.0,150.0,0.0,2.0,2.0,0
2997858,364.4230000000002,0.947,2.0,5.0,105.32999999999998,6.0,2.0,1.0,1.0,1.0,8.0,3.0,25.0,1.0,0.0,1.0,134.0,0.0,2.0,1.0,0
135449251,255.277,1.8197,2.0,4.0,74.58,4.0,2.0,1.0,1.0,0.0,5.0,2.0,19.0,0.0,0.0,0.0,96.0,0.0,1.0,1.0,0
645153,336.40300000000013,1.39574,0.0,8.0,75.86000000000001,3.0,3.0,1.0,2.0,1.0,8.0,4.0,25.0,1.0,0.0,1.0,128.0,0.0,3.0,0.0,0
649087,369.85600000000017,2.874000000000001,0.0,6.0,56.07000000000001,5.0,3.0,2.0,1.0,1.0,7.0,4.0,26.0,1.0,0.0,1.0,134.0,0.0,2.0,0.0,0
3238973,281.318,2.15119,3.0,5.0,95.07999999999998,3.0,2.0,1.0,1.0,0.0,8.0,2.0,18.0,0.0,0.0,0.0,92.0,0.0,1.0,1.0,0
644711,445.47200000000015,3.572700000000003,0.0,8.0,94.76,9.0,3.0,2.0,1.0,0.0,10.0,3.0,31.0,0.0,0.0,0.0,162.0,0.0,1.0,1.0,0
118045398,522.9870000000001,4.490500000000004,2.0,6.0,89.07000000000001,5.0,4.0,2.0,2.0,1.0,10.0,5.0,37.0,1.0,0.0,1.0,190.0,0.0,3.0,1.0,1
2945804,376.4600000000002,2.2276,0.0,5.0,58.440000000000005,4.0,3.0,2.0,1.0,1.0,6.0,4.0,28.0,1.0,0.0,1.0,144.0,0.0,2.0,1.0,0
649035,322.408,3.602680000000002,1.0,4.0,76.11,3.0,1.0,1.0,0.0,0.0,4.0,3.0,24.0,2.0,1.0,1.0,124.0,0.0,1.0,0.0,0
655062,401.5100000000001,4.479620000000003,1.0,5.0,58.48,4.0,3.0,2.0,1.0,2.0,5.0,5.0,30.0,2.0,0.0,2.0,154.0,0.0,3.0,0.0,0
6603808,345.39500000000004,2.512200000000001,1.0,6.0,58.18000000000001,8.0,2.0,2.0,0.0,0.0,6.0,3.0,25.0,1.0,0.0,1.0,134.0,0.0,1.0,0.0,0
3236875,396.4470000000002,1.9445,0.0,6.0,76.78,2.0,3.0,1.0,2.0,1.0,8.0,4.0,29.0,1.0,0.0,1.0,152.0,0.0,3.0,2.0,0
650825,310.397,3.937800000000003,1.0,3.0,41.57,5.0,2.0,2.0,0.0,1.0,4.0,3.0,23.0,1.0,0.0,1.0,120.0,0.0,1.0,1.0,0
653392,273.34,2.2428,1.0,5.0,72.7,3.0,2.0,1.0,1.0,0.0,6.0,2.0,20.0,0.0,0.0,0.0,106.0,0.0,1.0,1.0,0
2953771,381.28100000000006,2.1525,1.0,4.0,75.71000000000001,5.0,1.0,1.0,0.0,1.0,9.0,2.0,23.0,1.0,0.0,1.0,128.0,0.0,1.0,1.0,0
241231,484.68400000000025,6.985800000000008,0.0,4.0,24.940000000000005,4.0,3.0,3.0,0.0,0.0,4.0,5.0,36.0,2.0,0.0,2.0,190.0,0.0,2.0,0.0,0
2498753,333.41300000000007,1.0907199999999997,1.0,7.0,87.09,5.0,2.0,1.0,1.0,0.0,7.0,2.0,23.0,0.0,0.0,0.0,122.0,0.0,1.0,0.0,0
654921,481.5960000000002,1.4150000000000005,1.0,6.0,113.09,8.0,2.0,2.0,0.0,1.0,11.0,3.0,32.0,1.0,0.0,1.0,174.0,0.0,1.0,1.0,0
2126621,443.4520000000002,2.968440000000001,1.0,8.0,120.99,9.0,2.0,1.0,1.0,0.0,9.0,3.0,32.0,1.0,0.0,1.0,170.0,0.0,2.0,0.0,0
648796,490.61100000000033,2.725500000000001,1.0,8.0,127.14999999999998,7.0,3.0,2.0,1.0,1.0,12.0,4.0,33.0,1.0,0.0,1.0,176.0,0.0,2.0,0.0,0
118380805,394.4790000000002,3.455800000000002,3.0,5.0,95.17,5.0,3.0,1.0,2.0,1.0,8.0,4.0,29.0,1.0,0.0,1.0,152.0,0.0,3.0,2.0,1
2428713,413.8610000000001,2.862220000000001,1.0,6.0,82.33000000000001,6.0,3.0,2.0,1.0,0.0,8.0,3.0,29.0,0.0,0.0,0.0,150.0,0.0,1.0,1.0,0
3243490,338.3190000000001,2.008,2.0,4.0,103.78,4.0,2.0,2.0,0.0,0.0,7.0,3.0,25.0,1.0,0.0,1.0,126.0,0.0,1.0,3.0,0
662709,390.4680000000001,4.472900000000003,1.0,6.0,72.95,6.0,4.0,2.0,2.0,0.0,7.0,4.0,28.0,0.0,0.0,0.0,140.0,0.0,2.0,1.0,0
663016,433.4850000000001,4.713600000000004,1.0,6.0,68.23,8.0,2.0,2.0,0.0,1.0,7.0,3.0,30.0,1.0,1.0,0.0,164.0,0.0,0.0,0.0,0
2998248,340.40800000000013,2.1434999999999995,1.0,7.0,83.03,4.0,3.0,2.0,1.0,1.0,7.0,4.0,24.0,1.0,0.0,1.0,122.0,0.0,2.0,0.0,0
3234252,261.32800000000003,4.195620000000002,1.0,3.0,37.81,3.0,3.0,2.0,1.0,0.0,3.0,3.0,20.0,0.0,0.0,0.0,98.0,0.0,1.0,0.0,0
54677783,454.4780000000002,5.614200000000007,2.0,6.0,100.88,4.0,5.0,3.0,2.0,0.0,6.0,5.0,34.0,0.0,0.0,0.0,170.0,0.0,2.0,0.0,0
16758668,443.5000000000002,1.6025999999999996,3.0,7.0,128.53,4.0,1.0,1.0,0.0,3.0,9.0,4.0,32.0,3.0,2.0,1.0,172.0,0.0,1.0,3.0,0
5541,218.205,0.0442999999999997,0.0,6.0,78.9,5.0,0.0,0.0,0.0,0.0,6.0,0.0,15.0,0.0,0.0,0.0,86.0,0.0,0.0,0.0,0
652067,378.4760000000002,2.9410200000000017,0.0,5.0,69.46000000000001,2.0,2.0,1.0,1.0,2.0,6.0,4.0,28.0,2.0,0.0,2.0,146.0,0.0,3.0,1.0,0
3233587,344.4440000000001,1.8509,0.0,7.0,75.11000000000001,2.0,2.0,0.0,2.0,2.0,8.0,4.0,24.0,2.0,0.0,2.0,126.0,1.0,4.0,1.0,0
2881368,304.4090000000001,3.162200000000002,0.0,2.0,23.55,2.0,1.0,1.0,0.0,2.0,4.0,3.0,22.0,2.0,1.0,1.0,120.0,0.0,1.0,1.0,0
691776,268.297,2.3379000000000003,1.0,3.0,53.43,5.0,1.0,0.0,1.0,1.0,5.0,2.0,18.0,1.0,0.0,1.0,100.0,0.0,2.0,0.0,0
5739885,281.739,2.830440000000001,1.0,4.0,53.68,2.0,2.0,1.0,1.0,0.0,5.0,2.0,19.0,0.0,0.0,0.0,102.0,0.0,1.0,0.0,0
118046101,578.4330000000002,4.423500000000002,4.0,6.0,113.16,7.0,3.0,2.0,1.0,1.0,11.0,4.0,37.0,1.0,1.0,0.0,196.0,0.0,1.0,1.0,1
2095722,214.265,-0.2531999999999994,1.0,4.0,72.63,4.0,0.0,0.0,0.0,1.0,5.0,1.0,15.0,1.0,0.0,1.0,86.0,0.0,1.0,1.0,0
1249,306.27000000000004,1.2517,6.0,7.0,130.61,1.0,2.0,2.0,0.0,0.0,7.0,3.0,22.0,1.0,0.0,1.0,116.0,0.0,1.0,0.0,0
246977,326.4800000000001,5.976640000000006,2.0,2.0,40.46,1.0,2.0,2.0,0.0,0.0,2.0,2.0,24.0,0.0,0.0,0.0,130.0,0.0,0.0,0.0,0
1037128,408.5010000000003,3.753200000000003,1.0,7.0,84.94000000000001,5.0,2.0,0.0,2.0,0.0,9.0,3.0,27.0,1.0,0.0,1.0,144.0,0.0,3.0,2.0,0
5307410,360.4350000000002,3.921300000000003,1.0,6.0,81.42999999999999,5.0,2.0,0.0,2.0,1.0,7.0,4.0,25.0,2.0,2.0,0.0,132.0,0.0,2.0,1.0,0
666619,309.32899999999995,1.8522,2.0,5.0,88.59,4.0,4.0,1.0,3.0,0.0,7.0,4.0,23.0,0.0,0.0,0.0,116.0,0.0,3.0,0.0,0
973585,237.255,1.89402,3.0,3.0,86.63000000000001,5.0,1.0,1.0,0.0,0.0,5.0,1.0,17.0,0.0,0.0,0.0,92.0,0.0,0.0,1.0,0
669409,229.279,3.655300000000002,1.0,2.0,42.24,3.0,2.0,1.0,1.0,0.0,3.0,2.0,17.0,0.0,0.0,0.0,88.0,0.0,1.0,1.0,0
3154007,390.436,2.820100000000001,1.0,4.0,83.55000000000001,5.0,2.0,2.0,0.0,1.0,8.0,3.0,27.0,1.0,0.0,1.0,142.0,0.0,1.0,1.0,0
649355,383.40700000000015,4.243020000000002,1.0,5.0,77.13,3.0,5.0,3.0,2.0,0.0,6.0,5.0,29.0,0.0,0.0,0.0,142.0,0.0,2.0,1.0,0
118045775,380.42300000000006,2.7182000000000013,3.0,5.0,101.13,6.0,3.0,2.0,1.0,0.0,7.0,3.0,28.0,0.0,0.0,0.0,144.0,0.0,1.0,1.0,1
3245094,367.4710000000002,0.5917999999999997,1.0,4.0,78.95,5.0,1.0,1.0,0.0,2.0,8.0,3.0,25.0,2.0,0.0,2.0,138.0,0.0,2.0,1.0,0
1014082,478.9140000000002,2.9655000000000014,2.0,8.0,128.74,9.0,3.0,2.0,1.0,0.0,12.0,3.0,32.0,0.0,0.0,0.0,168.0,0.0,1.0,1.0,0
3238292,258.321,3.612700000000002,1.0,3.0,55.13,4.0,2.0,1.0,1.0,0.0,4.0,2.0,19.0,0.0,0.0,0.0,100.0,0.0,1.0,1.0,0
1459738,253.305,2.526020000000001,1.0,3.0,54.88,2.0,2.0,1.0,1.0,0.0,4.0,3.0,19.0,1.0,1.0,0.0,96.0,0.0,1.0,1.0,0
1145408,404.47000000000014,3.200300000000002,1.0,5.0,86.63000000000001,6.0,3.0,2.0,1.0,1.0,7.0,4.0,30.0,1.0,0.0,1.0,154.0,0.0,2.0,1.0,0
2558669,378.4330000000001,1.658499999999999,3.0,7.0,114.93,5.0,2.0,1.0,1.0,1.0,10.0,3.0,26.0,1.0,1.0,0.0,138.0,0.0,1.0,3.0,0
645693,344.4400000000001,2.961520000000001,1.0,5.0,75.19,4.0,2.0,1.0,1.0,1.0,7.0,3.0,24.0,1.0,0.0,1.0,126.0,0.0,2.0,2.0,0
666593,310.361,2.01292,1.0,7.0,67.58,3.0,3.0,1.0,2.0,1.0,7.0,4.0,23.0,1.0,0.0,1.0,118.0,0.0,3.0,0.0,0
737752,227.061,1.62592,1.0,2.0,56.65,0.0,1.0,0.0,1.0,0.0,4.0,1.0,12.0,0.0,0.0,0.0,62.0,0.0,1.0,0.0,0
137495836,582.984,1.8008999999999995,3.0,12.0,173.16999999999996,9.0,4.0,0.0,4.0,0.0,16.0,5.0,41.0,1.0,0.0,1.0,212.0,0.0,5.0,2.0,1
135485471,447.4830000000001,1.2131999999999998,2.0,6.0,112.39,5.0,1.0,0.0,1.0,2.0,12.0,3.0,30.0,2.0,0.0,2.0,166.0,0.0,3.0,2.0,0
3235321,309.4350000000001,1.7236000000000002,0.0,4.0,53.510000000000005,2.0,1.0,0.0,1.0,2.0,6.0,3.0,21.0,2.0,0.0,2.0,116.0,1.0,3.0,0.0,0
654297,420.5610000000002,3.639400000000003,0.0,7.0,59.31,8.0,3.0,2.0,1.0,1.0,7.0,4.0,31.0,1.0,0.0,1.0,164.0,0.0,2.0,0.0,0
1300699,435.51300000000015,2.25002,1.0,9.0,99.63000000000002,7.0,4.0,2.0,2.0,0.0,10.0,4.0,31.0,0.0,0.0,0.0,158.0,0.0,2.0,1.0,0
644702,323.444,3.3767400000000016,1.0,5.0,45.46000000000001,6.0,3.0,1.0,2.0,0.0,5.0,3.0,24.0,0.0,0.0,0.0,126.0,0.0,2.0,0.0,0
202779,250.30500000000004,2.7037000000000013,2.0,4.0,69.86,2.0,3.0,2.0,1.0,0.0,4.0,3.0,19.0,0.0,0.0,0.0,94.0,0.0,1.0,0.0,0
1178160,365.45500000000015,2.2000199999999994,0.0,7.0,81.5,6.0,2.0,0.0,2.0,0.0,8.0,2.0,25.0,0.0,0.0,0.0,136.0,0.0,2.0,1.0,0
2520806,346.5000000000001,3.396300000000002,1.0,5.0,59.81,5.0,2.0,1.0,1.0,0.0,6.0,2.0,24.0,0.0,0.0,0.0,130.0,0.0,1.0,1.0,0
2116892,494.5770000000003,2.2901000000000007,2.0,9.0,132.44,6.0,4.0,2.0,2.0,1.0,11.0,5.0,35.0,1.0,0.0,1.0,182.0,0.0,3.0,1.0,0
3238425,338.407,3.2303200000000016,0.0,3.0,49.85,5.0,2.0,2.0,0.0,1.0,5.0,3.0,25.0,1.0,0.0,1.0,130.0,0.0,1.0,2.0,0
72843,332.4070000000001,2.263,0.0,4.0,46.31,2.0,3.0,2.0,1.0,1.0,5.0,5.0,25.0,2.0,1.0,1.0,126.0,0.0,2.0,0.0,0
3000160,307.73299999999995,2.794700000000001,1.0,4.0,68.54,5.0,2.0,1.0,1.0,0.0,6.0,2.0,21.0,0.0,0.0,0.0,110.0,0.0,1.0,1.0,0
2965077,323.27100000000013,1.4854999999999998,2.0,4.0,87.74000000000001,2.0,0.0,0.0,0.0,2.0,10.0,2.0,22.0,2.0,1.0,1.0,124.0,0.0,1.0,4.0,0
939179,272.333,2.01832,1.0,5.0,63.05,3.0,3.0,1.0,2.0,0.0,6.0,3.0,19.0,0.0,0.0,0.0,96.0,0.0,2.0,0.0,0
5308098,350.41800000000006,3.197140000000002,0.0,4.0,51.54,4.0,3.0,2.0,1.0,0.0,5.0,3.0,26.0,0.0,0.0,0.0,134.0,0.0,1.0,1.0,0
666516,426.46900000000016,2.211919999999999,1.0,8.0,102.01,5.0,2.0,1.0,1.0,1.0,8.0,4.0,31.0,2.0,0.0,2.0,164.0,0.0,3.0,0.0,0
648730,414.51300000000026,4.568000000000003,0.0,7.0,72.87,8.0,4.0,1.0,3.0,1.0,7.0,5.0,31.0,1.0,1.0,0.0,158.0,0.0,3.0,0.0,0
3235462,438.4120000000001,5.168600000000005,0.0,3.0,32.78,2.0,1.0,1.0,0.0,2.0,10.0,3.0,30.0,2.0,0.0,2.0,168.0,1.0,2.0,1.0,0
3237888,208.221,-0.0160000000000004,1.0,6.0,90.99,4.0,1.0,0.0,1.0,1.0,6.0,2.0,15.0,1.0,1.0,0.0,80.0,0.0,1.0,0.0,0
3238119,405.5020000000002,3.368120000000002,1.0,6.0,74.5,6.0,3.0,2.0,1.0,1.0,7.0,4.0,30.0,1.0,0.0,1.0,156.0,0.0,2.0,1.0,0
135665265,376.16700000000014,-1.2700999999999996,4.0,9.0,148.51,3.0,2.0,0.0,2.0,1.0,11.0,3.0,22.0,1.0,0.0,1.0,120.0,0.0,3.0,0.0,0
659108,337.4160000000001,2.630000000000001,0.0,6.0,57.23,7.0,1.0,1.0,0.0,1.0,6.0,2.0,24.0,1.0,0.0,1.0,134.0,0.0,1.0,0.0,0
2402789,230.35799999999995,1.4448,0.0,4.0,32.67,2.0,0.0,0.0,0.0,1.0,5.0,2.0,14.0,2.0,0.0,2.0,78.0,0.0,2.0,1.0,0
664184,294.336,1.4746199999999996,2.0,6.0,97.12,6.0,2.0,0.0,2.0,0.0,8.0,2.0,20.0,0.0,0.0,0.0,106.0,0.0,2.0,2.0,0
653473,472.5920000000002,3.448500000000003,0.0,7.0,96.61,8.0,3.0,2.0,1.0,0.0,10.0,4.0,32.0,1.0,0.0,1.0,168.0,0.0,2.0,1.0,0
659810,331.331,4.248900000000003,1.0,5.0,81.16000000000001,4.0,4.0,2.0,2.0,0.0,6.0,4.0,25.0,0.0,0.0,0.0,122.0,0.0,2.0,1.0,0
3243843,427.5260000000002,1.8806,0.0,6.0,81.38,4.0,3.0,2.0,1.0,1.0,8.0,4.0,30.0,1.0,0.0,1.0,158.0,0.0,2.0,0.0,0
935459,219.16600000000005,1.7654,2.0,2.0,54.02,2.0,1.0,0.0,1.0,0.0,7.0,1.0,15.0,0.0,0.0,0.0,82.0,0.0,1.0,2.0,0
2882787,229.279,1.8341,1.0,3.0,32.7,0.0,1.0,1.0,0.0,3.0,3.0,5.0,17.0,4.0,0.0,4.0,88.0,0.0,4.0,0.0,0
3239541,360.7970000000002,4.006600000000004,0.0,6.0,66.61000000000001,6.0,3.0,2.0,1.0,0.0,7.0,3.0,25.0,0.0,0.0,0.0,130.0,0.0,1.0,0.0,0
795328,312.20699999999994,3.148820000000001,0.0,2.0,29.54,3.0,1.0,1.0,0.0,1.0,4.0,2.0,18.0,1.0,0.0,1.0,98.0,0.0,1.0,1.0,0
3235605,307.39700000000005,3.4761000000000024,1.0,3.0,46.92,5.0,3.0,2.0,1.0,0.0,4.0,3.0,23.0,0.0,0.0,0.0,118.0,0.0,1.0,1.0,0
2999886,362.51700000000017,1.0007,2.0,6.0,76.66000000000001,10.0,0.0,0.0,0.0,2.0,8.0,2.0,23.0,2.0,0.0,2.0,132.0,0.0,2.0,2.0,0
9641225,299.33000000000004,3.828000000000003,1.0,5.0,76.75999999999999,6.0,2.0,2.0,0.0,0.0,6.0,2.0,22.0,0.0,0.0,0.0,114.0,0.0,0.0,0.0,1
1108556,360.41300000000007,3.377320000000002,1.0,4.0,60.85,4.0,3.0,3.0,0.0,0.0,5.0,4.0,27.0,1.0,0.0,1.0,136.0,0.0,1.0,2.0,0
658106,435.4880000000003,0.9294,2.0,8.0,112.01999999999998,5.0,4.0,1.0,3.0,1.0,10.0,5.0,32.0,1.0,0.0,1.0,166.0,0.0,4.0,0.0,0
2997893,248.238,0.5559,2.0,4.0,76.66,2.0,1.0,1.0,0.0,1.0,6.0,3.0,18.0,2.0,0.0,2.0,94.0,0.0,2.0,3.0,0
652997,469.58200000000033,3.373120000000002,2.0,5.0,100.88,12.0,2.0,1.0,1.0,1.0,8.0,3.0,34.0,1.0,1.0,0.0,184.0,0.0,1.0,3.0,0
650806,230.654,3.543200000000001,0.0,3.0,38.92,1.0,3.0,1.0,2.0,0.0,4.0,3.0,16.0,0.0,0.0,0.0,78.0,0.0,2.0,0.0,0
5459724,411.54600000000016,2.6086,1.0,4.0,61.88000000000001,5.0,1.0,1.0,0.0,2.0,6.0,4.0,30.0,3.0,1.0,2.0,162.0,1.0,2.0,2.0,0
3238179,410.47000000000025,2.8439000000000005,0.0,7.0,79.53,6.0,3.0,2.0,1.0,0.0,7.0,3.0,30.0,0.0,0.0,0.0,158.0,0.0,1.0,0.0,0
846778,348.42400000000004,1.99264,1.0,4.0,89.69999999999999,6.0,2.0,2.0,0.0,0.0,7.0,2.0,24.0,0.0,0.0,0.0,128.0,0.0,0.0,1.0,0
148214410,692.8939999999999,4.083570000000004,3.0,9.0,170.24999999999994,10.0,3.0,1.0,2.0,2.0,13.0,6.0,50.0,3.0,0.0,3.0,260.0,1.0,5.0,2.0,1
2999589,332.425,2.912720000000001,0.0,4.0,53.760000000000005,4.0,2.0,0.0,2.0,1.0,6.0,3.0,23.0,1.0,0.0,1.0,122.0,0.0,3.0,2.0,0
1946956,363.439,1.5679899999999998,1.0,7.0,76.56,5.0,2.0,1.0,1.0,1.0,8.0,3.0,25.0,1.0,0.0,1.0,134.0,0.0,2.0,0.0,0
757063,256.758,2.920700000000001,1.0,2.0,32.34,1.0,1.0,1.0,0.0,1.0,5.0,2.0,16.0,1.0,0.0,1.0,86.0,0.0,1.0,2.0,0
726748,239.702,3.3247000000000018,0.0,2.0,29.54,1.0,1.0,1.0,0.0,1.0,4.0,2.0,16.0,1.0,0.0,1.0,86.0,0.0,1.0,1.0,0
245396,226.316,2.557500000000001,1.0,3.0,46.53,3.0,0.0,0.0,0.0,2.0,3.0,2.0,16.0,2.0,2.0,0.0,92.0,0.0,0.0,0.0,0
650589,302.33000000000004,3.1350000000000016,2.0,4.0,80.57000000000001,5.0,2.0,1.0,1.0,0.0,6.0,2.0,22.0,0.0,0.0,0.0,116.0,0.0,1.0,2.0,0
666034,430.3270000000001,4.570000000000004,0.0,5.0,60.48,2.0,2.0,1.0,1.0,1.0,7.0,4.0,26.0,2.0,0.0,2.0,132.0,0.0,3.0,1.0,0
2841540,362.42900000000014,4.637200000000003,2.0,5.0,59.59,1.0,2.0,2.0,0.0,0.0,5.0,5.0,27.0,3.0,1.0,2.0,138.0,0.0,2.0,0.0,0
2292764,395.4150000000002,2.0224,0.0,6.0,89.04000000000002,5.0,2.0,1.0,1.0,1.0,8.0,4.0,29.0,2.0,0.0,2.0,150.0,0.0,3.0,4.0,0
310557,273.263,2.864600000000001,1.0,3.0,55.4,3.0,2.0,2.0,0.0,0.0,5.0,2.0,20.0,0.0,0.0,0.0,102.0,0.0,0.0,1.0,0
795044,276.288,2.5368000000000004,1.0,4.0,72.83000000000001,4.0,1.0,1.0,0.0,0.0,5.0,2.0,20.0,1.0,0.0,1.0,106.0,0.0,1.0,0.0,0
2376140,399.23,3.347800000000001,1.0,6.0,86.75,8.0,2.0,1.0,1.0,0.0,9.0,2.0,26.0,0.0,0.0,0.0,138.0,0.0,1.0,1.0,0
135399045,280.3090000000001,0.4748200000000001,2.0,6.0,100.88,5.0,2.0,0.0,2.0,0.0,8.0,2.0,19.0,0.0,0.0,0.0,100.0,0.0,2.0,1.0,0
1246541,374.281,4.173400000000002,1.0,5.0,55.400000000000006,4.0,2.0,0.0,2.0,0.0,7.0,2.0,20.0,0.0,0.0,0.0,106.0,0.0,2.0,1.0,0
666317,302.2860000000001,3.022400000000001,0.0,7.0,79.75000000000001,5.0,3.0,1.0,2.0,0.0,7.0,3.0,22.0,0.0,0.0,0.0,114.0,0.0,2.0,0.0,0
5308789,308.381,3.205000000000002,0.0,3.0,32.78,3.0,2.0,2.0,0.0,2.0,4.0,4.0,23.0,2.0,0.0,2.0,118.0,0.0,2.0,1.0,0
1258149,444.5790000000004,1.0721000000000007,1.0,5.0,107.09999999999998,5.0,1.0,1.0,0.0,2.0,11.0,3.0,29.0,2.0,0.0,2.0,162.0,0.0,2.0,1.0,0
684868,248.398,2.466,1.0,5.0,55.98,5.0,1.0,0.0,1.0,0.0,6.0,1.0,14.0,0.0,0.0,0.0,78.0,0.0,1.0,1.0,0
5307300,394.51900000000006,3.0261000000000013,1.0,5.0,59.27,5.0,3.0,1.0,2.0,1.0,6.0,4.0,29.0,1.0,0.0,1.0,154.0,0.0,3.0,1.0,0
658409,252.295,2.18502,0.0,6.0,61.31,3.0,2.0,0.0,2.0,0.0,6.0,2.0,17.0,0.0,0.0,0.0,90.0,0.0,2.0,0.0,0
651086,330.338,3.8923400000000026,0.0,5.0,52.83,4.0,3.0,1.0,2.0,0.0,7.0,3.0,24.0,0.0,0.0,0.0,124.0,0.0,2.0,0.0,0
5307812,361.43800000000016,3.366820000000001,1.0,5.0,85.46000000000001,3.0,1.0,0.0,1.0,1.0,6.0,3.0,26.0,2.0,2.0,0.0,142.0,0.0,1.0,0.0,0
3238547,308.451,2.5374000000000008,1.0,5.0,67.77000000000001,6.0,1.0,0.0,1.0,1.0,6.0,2.0,21.0,1.0,1.0,0.0,116.0,0.0,1.0,1.0,0
3240587,338.3710000000001,0.9080199999999992,0.0,7.0,85.91,3.0,3.0,1.0,2.0,1.0,8.0,4.0,25.0,1.0,0.0,1.0,128.0,0.0,3.0,1.0,0
768370,240.35,3.0645200000000017,0.0,2.0,16.130000000000003,5.0,2.0,1.0,1.0,0.0,2.0,2.0,18.0,0.0,0.0,0.0,94.0,0.0,1.0,0.0,0
5309591,435.5240000000003,3.5017200000000024,1.0,4.0,78.95,5.0,2.0,2.0,0.0,1.0,7.0,4.0,32.0,2.0,0.0,2.0,168.0,0.0,2.0,3.0,0
1125223,356.38500000000005,3.097200000000001,1.0,5.0,76.88,4.0,4.0,2.0,2.0,0.0,6.0,4.0,27.0,0.0,0.0,0.0,132.0,0.0,2.0,1.0,0
3126463,288.372,3.025540000000001,0.0,5.0,44.24,3.0,2.0,1.0,1.0,0.0,5.0,3.0,20.0,1.0,0.0,1.0,104.0,0.0,2.0,0.0,0
3245622,363.3960000000001,2.8405400000000007,0.0,6.0,65.6,4.0,4.0,2.0,2.0,0.0,7.0,4.0,27.0,0.0,0.0,0.0,136.0,0.0,2.0,0.0,0
6604213,414.7180000000003,8.02480000000001,1.0,1.0,20.23,6.0,0.0,0.0,0.0,3.0,1.0,4.0,30.0,4.0,4.0,0.0,172.0,0.0,0.0,0.0,0
3238985,394.4790000000001,1.6967999999999992,0.0,7.0,76.26,3.0,3.0,1.0,2.0,1.0,8.0,4.0,29.0,1.0,0.0,1.0,152.0,0.0,3.0,1.0,0
2610946,378.3840000000001,3.7586600000000026,0.0,7.0,87.47,5.0,4.0,1.0,3.0,0.0,7.0,4.0,28.0,0.0,0.0,0.0,142.0,0.0,3.0,0.0,0
3236746,344.4110000000001,3.883840000000002,2.0,4.0,80.42,7.0,2.0,1.0,1.0,0.0,6.0,2.0,25.0,0.0,0.0,0.0,134.0,0.0,1.0,1.0,0
3236199,385.3950000000001,3.141900000000001,1.0,6.0,86.48,8.0,3.0,2.0,1.0,0.0,8.0,3.0,28.0,0.0,0.0,0.0,146.0,0.0,1.0,1.0,0
3802688,399.4470000000002,2.8754,2.0,7.0,105.91,5.0,2.0,1.0,1.0,1.0,8.0,4.0,29.0,2.0,1.0,1.0,154.0,0.0,2.0,0.0,0
256325,222.248,1.1891999999999998,4.0,2.0,82.26,2.0,1.0,1.0,0.0,0.0,6.0,1.0,16.0,0.0,0.0,0.0,86.0,0.0,0.0,4.0,0
118404601,473.5990000000002,2.992500000000001,2.0,7.0,113.52,5.0,2.0,1.0,1.0,1.0,10.0,4.0,33.0,2.0,0.0,2.0,178.0,0.0,3.0,2.0,1
2909886,255.318,-0.2264999999999999,2.0,4.0,72.88000000000001,4.0,0.0,0.0,0.0,2.0,6.0,2.0,18.0,2.0,0.0,2.0,102.0,0.0,2.0,3.0,0
658217,340.45200000000017,4.309920000000004,1.0,4.0,57.59,2.0,2.0,1.0,1.0,0.0,6.0,3.0,24.0,1.0,0.0,1.0,124.0,0.0,2.0,2.0,0
1112833,354.45000000000016,2.590700000000001,0.0,4.0,42.010000000000005,6.0,2.0,2.0,0.0,1.0,5.0,3.0,26.0,1.0,0.0,1.0,138.0,0.0,1.0,1.0,0
5459422,275.35100000000006,4.3991000000000025,0.0,2.0,22.12,2.0,3.0,2.0,1.0,0.0,2.0,4.0,21.0,1.0,1.0,0.0,104.0,0.0,1.0,0.0,0
3869509,346.3680000000001,1.3239199999999998,1.0,7.0,105.25,4.0,2.0,1.0,1.0,1.0,9.0,3.0,24.0,1.0,0.0,1.0,124.0,0.0,2.0,2.0,0
3236715,463.6260000000003,3.365700000000001,1.0,6.0,62.51,6.0,3.0,1.0,2.0,2.0,7.0,5.0,34.0,2.0,1.0,1.0,182.0,0.0,3.0,1.0,0
71771,354.1890000000001,3.907300000000002,2.0,4.0,75.63,6.0,2.0,2.0,0.0,0.0,7.0,2.0,23.0,0.0,0.0,0.0,120.0,0.0,0.0,0.0,0
644506,428.5390000000002,3.270500000000002,1.0,7.0,84.42,8.0,3.0,1.0,2.0,1.0,9.0,4.0,29.0,1.0,1.0,0.0,150.0,0.0,2.0,2.0,0
648570,433.5600000000003,2.56032,0.0,7.0,69.86999999999999,4.0,3.0,1.0,2.0,2.0,8.0,5.0,32.0,2.0,0.0,2.0,168.0,0.0,4.0,1.0,0
656247,401.5320000000002,3.0298200000000017,1.0,4.0,79.37,7.0,2.0,1.0,1.0,1.0,7.0,3.0,28.0,1.0,1.0,0.0,150.0,0.0,1.0,1.0,0
647419,479.5840000000003,2.03944,1.0,11.0,117.22,7.0,3.0,0.0,3.0,0.0,12.0,3.0,32.0,0.0,0.0,0.0,172.0,0.0,3.0,1.0,0
667038,323.39700000000005,-1.0086999999999964,1.0,8.0,71.74000000000001,4.0,1.0,0.0,1.0,1.0,8.0,3.0,23.0,2.0,0.0,2.0,128.0,0.0,3.0,0.0,0
751269,279.3430000000001,2.5458000000000007,1.0,3.0,46.92,4.0,3.0,2.0,1.0,0.0,4.0,3.0,21.0,0.0,0.0,0.0,106.0,0.0,1.0,1.0,0
4273754,327.4270000000001,5.743920000000005,0.0,2.0,22.0,4.0,4.0,3.0,1.0,0.0,2.0,4.0,25.0,0.0,0.0,0.0,124.0,0.0,1.0,0.0,0
663898,409.91600000000017,3.977200000000004,0.0,5.0,67.59,4.0,3.0,1.0,2.0,1.0,8.0,4.0,26.0,1.0,0.0,1.0,136.0,0.0,3.0,1.0,0
3243065,480.59000000000026,3.5336300000000014,1.0,7.0,79.8,5.0,3.0,2.0,1.0,1.0,9.0,5.0,34.0,2.0,0.0,2.0,178.0,0.0,3.0,1.0,0
7847,56.064,0.3712999999999999,0.0,1.0,17.07,1.0,0.0,0.0,0.0,0.0,1.0,0.0,4.0,0.0,0.0,0.0,22.0,0.0,0.0,0.0,0
121416574,383.45200000000017,3.093500000000001,3.0,6.0,101.3,6.0,3.0,1.0,2.0,0.0,8.0,3.0,28.0,0.0,0.0,0.0,148.0,0.0,2.0,2.0,1
658621,293.37000000000006,3.768300000000002,1.0,3.0,50.68,3.0,3.0,1.0,2.0,0.0,4.0,4.0,22.0,1.0,1.0,0.0,112.0,0.0,2.0,0.0,0
974714,283.35600000000005,3.7323200000000014,0.0,5.0,51.81,4.0,3.0,1.0,2.0,0.0,5.0,3.0,20.0,0.0,0.0,0.0,100.0,0.0,2.0,0.0,0
646965,463.57100000000025,2.796600000000001,1.0,10.0,106.65,9.0,4.0,2.0,2.0,0.0,11.0,4.0,33.0,0.0,0.0,0.0,170.0,0.0,2.0,1.0,0
3241491,306.42800000000005,0.5909000000000004,1.0,4.0,75.71000000000001,8.0,0.0,0.0,0.0,1.0,7.0,1.0,20.0,1.0,0.0,1.0,118.0,0.0,1.0,1.0,0
3242901,351.4320000000001,0.4384199999999991,1.0,8.0,88.83,5.0,2.0,0.0,2.0,1.0,9.0,3.0,24.0,1.0,0.0,1.0,130.0,0.0,3.0,1.0,0
118045806,465.9160000000001,3.9872000000000014,3.0,6.0,106.06,6.0,4.0,2.0,2.0,0.0,9.0,4.0,33.0,0.0,0.0,0.0,168.0,0.0,2.0,1.0,1
5292846,291.347,2.2291,2.0,5.0,67.79,3.0,1.0,1.0,0.0,0.0,5.0,2.0,21.0,1.0,0.0,1.0,114.0,0.0,1.0,0.0,0
829823,210.236,3.198220000000001,0.0,3.0,38.92,1.0,3.0,1.0,2.0,0.0,3.0,3.0,16.0,0.0,0.0,0.0,78.0,0.0,2.0,0.0,0
666594,335.35900000000004,2.1356,1.0,4.0,66.84,5.0,2.0,2.0,0.0,0.0,5.0,3.0,25.0,1.0,0.0,1.0,126.0,0.0,1.0,1.0,0
2981691,349.38700000000017,1.0049999999999994,1.0,5.0,88.18,8.0,1.0,1.0,0.0,1.0,8.0,2.0,25.0,1.0,0.0,1.0,136.0,0.0,1.0,4.0,0
2998656,474.5610000000002,3.935800000000003,2.0,5.0,97.13,8.0,3.0,3.0,0.0,1.0,8.0,4.0,35.0,1.0,0.0,1.0,182.0,0.0,1.0,3.0,0
2997773,417.5160000000002,3.2346000000000004,1.0,9.0,99.0,7.0,3.0,1.0,2.0,0.0,10.0,3.0,28.0,0.0,0.0,0.0,146.0,0.0,2.0,1.0,0
2101672,313.3570000000001,2.0582000000000003,2.0,4.0,74.58000000000001,4.0,2.0,1.0,1.0,0.0,6.0,3.0,23.0,1.0,0.0,1.0,120.0,0.0,2.0,3.0,0
3239968,270.33199999999994,3.3099000000000007,2.0,3.0,64.35,5.0,2.0,2.0,0.0,0.0,4.0,2.0,20.0,0.0,0.0,0.0,104.0,0.0,0.0,1.0,0
3243628,415.62500000000017,2.935100000000001,1.0,4.0,69.72,9.0,1.0,0.0,1.0,1.0,8.0,2.0,27.0,1.0,0.0,1.0,154.0,0.0,2.0,1.0,0
655889,450.5430000000002,3.028600000000001,1.0,8.0,98.31,8.0,3.0,1.0,2.0,2.0,9.0,5.0,33.0,2.0,0.0,2.0,174.0,0.0,4.0,1.0,0
660850,220.316,2.9074000000000018,1.0,2.0,45.75,3.0,1.0,0.0,1.0,0.0,3.0,2.0,16.0,1.0,1.0,0.0,88.0,0.0,1.0,0.0,0
5308425,360.4790000000002,3.2659400000000014,1.0,4.0,72.2,6.0,2.0,1.0,1.0,1.0,6.0,3.0,25.0,1.0,1.0,0.0,134.0,0.0,1.0,1.0,0
646237,299.348,2.2905,2.0,5.0,92.7,7.0,1.0,0.0,1.0,0.0,7.0,1.0,20.0,0.0,0.0,0.0,110.0,0.0,1.0,1.0,0
5308109,487.57800000000026,4.266040000000004,1.0,7.0,110.97,9.0,3.0,2.0,1.0,0.0,10.0,3.0,34.0,0.0,0.0,0.0,182.0,0.0,1.0,1.0,0
2157573,414.4830000000001,3.250300000000002,1.0,6.0,94.47,7.0,3.0,2.0,1.0,0.0,8.0,3.0,29.0,0.0,0.0,0.0,152.0,0.0,1.0,1.0,0
1110091,357.4180000000002,0.5518999999999998,1.0,9.0,88.53,5.0,2.0,0.0,2.0,2.0,9.0,4.0,26.0,2.0,0.0,2.0,138.0,0.0,4.0,0.0,0
3235391,360.3730000000001,3.285020000000001,0.0,7.0,79.13000000000001,4.0,4.0,2.0,2.0,0.0,7.0,4.0,27.0,0.0,0.0,0.0,134.0,0.0,2.0,0.0,0
118395362,422.4890000000002,2.5691,4.0,6.0,115.4,5.0,3.0,1.0,2.0,2.0,9.0,5.0,31.0,2.0,0.0,2.0,162.0,0.0,4.0,2.0,1
2529468,402.5450000000001,3.764940000000002,1.0,8.0,83.03,8.0,3.0,1.0,2.0,0.0,8.0,3.0,27.0,0.0,0.0,0.0,142.0,0.0,2.0,0.0,1
135476760,321.3620000000001,-0.0191799999999992,2.0,5.0,113.52,3.0,2.0,1.0,1.0,0.0,9.0,2.0,22.0,0.0,0.0,0.0,116.0,0.0,1.0,0.0,0
803077,249.31,2.746100000000001,1.0,2.0,29.1,4.0,2.0,1.0,1.0,0.0,4.0,2.0,17.0,0.0,0.0,0.0,88.0,0.0,1.0,1.0,0
888314,324.38000000000005,3.8648400000000014,0.0,5.0,57.38000000000001,6.0,3.0,2.0,1.0,0.0,5.0,3.0,24.0,0.0,0.0,0.0,124.0,0.0,1.0,0.0,0
16758419,577.6310000000003,2.31674,0.0,13.0,152.15,10.0,1.0,0.0,1.0,1.0,13.0,3.0,41.0,2.0,0.0,2.0,226.0,0.0,3.0,0.0,0
2068297,478.55200000000025,2.7122400000000004,2.0,8.0,136.57999999999998,8.0,3.0,2.0,1.0,0.0,12.0,3.0,32.0,0.0,0.0,0.0,170.0,0.0,1.0,0.0,0
3234970,359.33600000000024,1.5053,0.0,7.0,73.14,2.0,3.0,1.0,2.0,1.0,9.0,4.0,26.0,1.0,0.0,1.0,134.0,0.0,3.0,0.0,0
2437659,339.80000000000007,3.1281000000000017,1.0,5.0,68.54,6.0,2.0,1.0,1.0,0.0,7.0,2.0,22.0,0.0,0.0,0.0,116.0,0.0,1.0,1.0,0
3241032,366.39200000000017,4.952900000000002,2.0,3.0,71.34,4.0,3.0,2.0,1.0,1.0,6.0,4.0,27.0,1.0,1.0,0.0,138.0,0.0,1.0,2.0,0
674163,345.58000000000004,2.0314999999999994,1.0,4.0,64.09,4.0,2.0,1.0,1.0,0.0,7.0,2.0,19.0,0.0,0.0,0.0,100.0,0.0,1.0,0.0,0
2419803,374.3700000000001,3.0077000000000007,0.0,6.0,50.080000000000005,3.0,3.0,2.0,1.0,1.0,9.0,4.0,27.0,1.0,0.0,1.0,140.0,0.0,2.0,0.0,0
644477,402.54900000000026,4.081200000000004,1.0,8.0,85.59,6.0,3.0,0.0,3.0,1.0,9.0,4.0,27.0,1.0,1.0,0.0,142.0,0.0,3.0,1.0,0
1046667,397.37800000000016,2.916100000000001,0.0,7.0,63.9,2.0,2.0,1.0,1.0,1.0,10.0,4.0,27.0,2.0,0.0,2.0,142.0,0.0,3.0,0.0,0
650624,485.5180000000003,1.6787,2.0,7.0,127.18000000000002,9.0,3.0,2.0,1.0,0.0,11.0,4.0,34.0,1.0,0.0,1.0,178.0,0.0,2.0,2.0,0
5771833,369.93600000000015,6.4176000000000055,1.0,1.0,29.1,8.0,2.0,2.0,0.0,1.0,3.0,3.0,26.0,1.0,1.0,0.0,138.0,0.0,0.0,1.0,0
710737,249.30999999999992,2.75082,2.0,2.0,66.4,6.0,1.0,1.0,0.0,0.0,4.0,1.0,18.0,0.0,0.0,0.0,98.0,0.0,0.0,1.0,0
654954,337.4040000000001,3.416400000000001,1.0,5.0,78.92,5.0,3.0,1.0,2.0,0.0,6.0,3.0,24.0,0.0,0.0,0.0,120.0,0.0,2.0,1.0,0
839142,344.4360000000001,2.4974000000000007,0.0,4.0,53.760000000000005,5.0,2.0,1.0,1.0,1.0,6.0,3.0,24.0,1.0,0.0,1.0,126.0,0.0,2.0,2.0,0
3233332,283.37500000000006,2.00258,0.0,3.0,47.34,2.0,1.0,1.0,0.0,2.0,4.0,3.0,21.0,2.0,0.0,2.0,110.0,1.0,2.0,1.0,0
2309345,267.288,2.1854,1.0,4.0,56.15,4.0,3.0,2.0,1.0,0.0,5.0,3.0,20.0,0.0,0.0,0.0,100.0,0.0,1.0,1.0,0
3245730,385.4200000000002,1.5002,2.0,7.0,104.80999999999996,8.0,2.0,2.0,0.0,1.0,8.0,3.0,28.0,1.0,0.0,1.0,148.0,0.0,1.0,1.0,0
653708,451.5960000000002,5.273100000000005,0.0,8.0,69.21000000000001,9.0,4.0,1.0,3.0,0.0,8.0,4.0,32.0,0.0,0.0,0.0,168.0,0.0,3.0,0.0,0
662195,369.4860000000001,4.920400000000004,0.0,4.0,42.68,8.0,3.0,1.0,2.0,0.0,5.0,3.0,26.0,0.0,0.0,0.0,136.0,0.0,2.0,1.0,0
3239487,391.51200000000017,3.740300000000003,1.0,4.0,71.11,8.0,1.0,1.0,0.0,1.0,7.0,2.0,28.0,1.0,0.0,1.0,156.0,0.0,1.0,3.0,0
649536,409.4710000000002,2.503400000000001,0.0,8.0,82.37,4.0,3.0,2.0,1.0,0.0,9.0,5.0,29.0,2.0,0.0,2.0,148.0,0.0,3.0,1.0,0
13521,221.373,1.3835999999999995,1.0,4.0,53.71000000000001,9.0,0.0,0.0,0.0,0.0,5.0,0.0,14.0,0.0,0.0,0.0,86.0,0.0,0.0,0.0,0
16759134,421.49300000000017,4.048400000000004,0.0,6.0,57.23000000000001,6.0,2.0,2.0,0.0,0.0,6.0,3.0,31.0,1.0,0.0,1.0,162.0,0.0,1.0,0.0,0
2198180,321.398,2.9600000000000017,1.0,5.0,60.7,8.0,2.0,1.0,1.0,0.0,6.0,2.0,22.0,0.0,0.0,0.0,118.0,0.0,1.0,1.0,0
3245247,392.5020000000002,2.9330000000000007,0.0,8.0,70.42,6.0,2.0,1.0,1.0,0.0,8.0,3.0,26.0,1.0,0.0,1.0,138.0,0.0,2.0,0.0,0
11972592,793.9480000000001,1.6072000000000026,5.0,15.0,218.82,8.0,0.0,0.0,0.0,7.0,15.0,7.0,56.0,7.0,4.0,3.0,316.0,1.0,3.0,0.0,0
5358385,422.3420000000001,-0.7165000000000005,8.0,11.0,201.28,2.0,3.0,2.0,1.0,1.0,11.0,4.0,30.0,1.0,0.0,1.0,160.0,0.0,2.0,0.0,0
5307421,399.4720000000001,2.544900000000001,1.0,5.0,92.51,5.0,3.0,1.0,2.0,1.0,8.0,4.0,28.0,1.0,0.0,1.0,146.0,0.0,3.0,1.0,0
3238791,401.46300000000014,3.8145000000000016,1.0,5.0,71.0,5.0,2.0,2.0,0.0,1.0,8.0,3.0,28.0,1.0,0.0,1.0,146.0,0.0,1.0,2.0,0
3233159,215.256,2.1939,1.0,4.0,47.040000000000006,3.0,2.0,1.0,1.0,0.0,4.0,2.0,16.0,0.0,0.0,0.0,82.0,0.0,1.0,0.0,0
3239385,255.362,1.2947000000000002,1.0,2.0,52.650000000000006,3.0,0.0,0.0,0.0,1.0,5.0,1.0,18.0,1.0,0.0,1.0,104.0,0.0,1.0,3.0,0
574469,309.41200000000003,3.2032000000000025,1.0,4.0,57.61,7.0,2.0,0.0,2.0,0.0,6.0,2.0,20.0,0.0,0.0,0.0,106.0,0.0,2.0,1.0,0
2740713,225.26900000000003,1.4373,1.0,3.0,57.61,2.0,1.0,0.0,1.0,1.0,5.0,2.0,15.0,1.0,0.0,1.0,80.0,0.0,2.0,1.0,0
852234,264.306,1.891,1.0,4.0,68.29,4.0,2.0,1.0,1.0,0.0,6.0,2.0,18.0,0.0,0.0,0.0,94.0,0.0,1.0,0.0,0
3235638,332.3520000000001,3.203000000000002,0.0,6.0,67.13000000000001,7.0,2.0,1.0,1.0,1.0,6.0,3.0,24.0,1.0,0.0,1.0,128.0,0.0,2.0,0.0,0
665732,295.34200000000004,3.382600000000002,1.0,4.0,56.150000000000006,4.0,3.0,2.0,1.0,0.0,5.0,3.0,22.0,0.0,0.0,0.0,112.0,0.0,1.0,1.0,0
649503,329.3810000000001,2.724,1.0,6.0,77.24,6.0,3.0,2.0,1.0,0.0,7.0,3.0,23.0,0.0,0.0,0.0,118.0,0.0,1.0,0.0,0
2999020,323.39200000000005,3.1670000000000016,0.0,3.0,46.61,3.0,2.0,2.0,0.0,1.0,4.0,3.0,24.0,1.0,0.0,1.0,124.0,0.0,1.0,1.0,0
135515095,444.52000000000015,4.337800000000002,2.0,8.0,93.96,5.0,4.0,1.0,3.0,0.0,9.0,5.0,32.0,1.0,0.0,1.0,160.0,0.0,4.0,1.0,0
5389731,361.4630000000001,2.7635000000000014,0.0,5.0,55.84,7.0,1.0,0.0,1.0,2.0,6.0,4.0,25.0,3.0,0.0,3.0,134.0,1.0,4.0,1.0,0
654574,381.4610000000001,3.8349800000000025,1.0,7.0,85.32000000000001,4.0,4.0,1.0,3.0,0.0,8.0,4.0,27.0,0.0,0.0,0.0,138.0,0.0,3.0,1.0,0
727520,285.324,3.1329000000000007,2.0,5.0,70.42,3.0,3.0,2.0,1.0,0.0,5.0,3.0,20.0,0.0,0.0,0.0,100.0,0.0,1.0,0.0,0
662042,286.40000000000003,3.716800000000002,0.0,4.0,35.010000000000005,2.0,2.0,1.0,1.0,0.0,4.0,3.0,20.0,1.0,0.0,1.0,104.0,0.0,2.0,0.0,0
663988,464.5280000000003,3.8380000000000014,1.0,9.0,109.33,4.0,5.0,2.0,3.0,0.0,10.0,6.0,32.0,1.0,0.0,1.0,160.0,0.0,4.0,0.0,0
232155,246.266,2.13,2.0,4.0,71.45,5.0,2.0,1.0,1.0,0.0,5.0,2.0,18.0,0.0,0.0,0.0,94.0,0.0,1.0,0.0,0
655378,222.244,1.7053999999999998,1.0,3.0,58.64,2.0,1.0,1.0,0.0,0.0,5.0,1.0,16.0,0.0,0.0,0.0,86.0,0.0,0.0,2.0,0
16758349,618.7740000000001,3.562240000000002,2.0,8.0,144.94,6.0,2.0,2.0,0.0,0.0,12.0,3.0,42.0,1.0,0.0,1.0,228.0,0.0,1.0,0.0,0
3238670,408.55200000000025,4.962320000000004,1.0,7.0,59.81,4.0,3.0,1.0,2.0,0.0,7.0,5.0,28.0,2.0,1.0,1.0,142.0,0.0,3.0,0.0,0
3238504,296.37000000000006,3.570120000000003,0.0,4.0,36.28,6.0,3.0,2.0,1.0,0.0,4.0,3.0,22.0,0.0,0.0,0.0,114.0,0.0,1.0,0.0,0
5368397,596.8520000000003,8.905400000000004,2.0,4.0,74.6,10.0,0.0,0.0,0.0,0.0,4.0,2.0,44.0,2.0,2.0,0.0,236.0,0.0,0.0,0.0,0
340766,272.356,0.7755999999999994,2.0,4.0,63.84,1.0,2.0,0.0,2.0,0.0,6.0,4.0,20.0,2.0,0.0,2.0,106.0,0.0,4.0,0.0,0
992741,473.9860000000002,3.614900000000002,1.0,8.0,81.50999999999999,8.0,3.0,2.0,1.0,1.0,10.0,4.0,32.0,1.0,0.0,1.0,168.0,0.0,2.0,1.0,0
4168898,369.46800000000025,0.8822999999999999,0.0,6.0,79.28,3.0,1.0,1.0,0.0,1.0,9.0,3.0,24.0,2.0,0.0,2.0,130.0,0.0,2.0,1.0,0
2957415,304.37100000000004,2.4998200000000006,0.0,5.0,67.34,2.0,1.0,0.0,1.0,1.0,6.0,3.0,21.0,2.0,1.0,1.0,110.0,0.0,2.0,2.0,0
663154,367.4250000000002,3.0486000000000013,2.0,6.0,85.83,5.0,2.0,1.0,1.0,1.0,9.0,3.0,25.0,1.0,1.0,0.0,134.0,0.0,1.0,1.0,0
654426,477.5500000000001,2.5540000000000003,1.0,8.0,115.01,7.0,4.0,2.0,2.0,1.0,11.0,5.0,34.0,1.0,0.0,1.0,174.0,0.0,3.0,1.0,0
645007,317.38899999999995,1.333,1.0,3.0,61.88000000000001,2.0,1.0,1.0,0.0,2.0,6.0,3.0,23.0,2.0,0.0,2.0,124.0,0.0,2.0,3.0,0
5321398,432.38100000000014,0.049899999999999,6.0,10.0,170.05,4.0,3.0,2.0,1.0,1.0,10.0,4.0,31.0,1.0,0.0,1.0,164.0,0.0,2.0,0.0,0
3235851,373.42800000000017,3.4799200000000017,2.0,3.0,74.43,4.0,2.0,1.0,1.0,1.0,7.0,3.0,27.0,1.0,0.0,1.0,144.0,0.0,2.0,2.0,0
2877659,311.34100000000007,1.5118999999999998,1.0,5.0,71.53,5.0,2.0,1.0,1.0,1.0,6.0,3.0,23.0,1.0,0.0,1.0,118.0,0.0,2.0,2.0,0
659285,197.665,2.577500000000001,2.0,2.0,32.26,0.0,1.0,1.0,0.0,0.0,3.0,2.0,13.0,1.0,0.0,1.0,70.0,0.0,1.0,0.0,0
781537,286.38100000000003,4.123900000000002,1.0,4.0,41.99,3.0,3.0,1.0,2.0,0.0,5.0,3.0,19.0,0.0,0.0,0.0,94.0,0.0,2.0,1.0,1
16758005,394.4230000000002,4.693300000000004,0.0,6.0,67.13000000000001,3.0,3.0,2.0,1.0,0.0,6.0,5.0,29.0,2.0,0.0,2.0,150.0,0.0,3.0,0.0,0
3234459,248.286,1.80674,1.0,6.0,73.07,5.0,2.0,0.0,2.0,0.0,6.0,2.0,18.0,0.0,0.0,0.0,96.0,0.0,2.0,0.0,0
663021,280.324,1.5813,2.0,5.0,92.16,8.0,1.0,0.0,1.0,0.0,6.0,1.0,20.0,0.0,0.0,0.0,110.0,0.0,1.0,0.0,0
3238216,447.5390000000002,2.6622000000000003,1.0,7.0,85.15,10.0,4.0,2.0,2.0,0.0,8.0,4.0,33.0,0.0,0.0,0.0,172.0,0.0,2.0,0.0,0
649644,285.10100000000006,0.3717999999999998,1.0,5.0,72.68,2.0,2.0,0.0,2.0,0.0,7.0,2.0,16.0,0.0,0.0,0.0,84.0,0.0,2.0,0.0,0
6604785,171.15200000000002,-1.0103999999999995,3.0,3.0,86.63000000000001,2.0,0.0,0.0,0.0,2.0,5.0,2.0,12.0,2.0,1.0,1.0,66.0,0.0,1.0,0.0,0
3237426,419.26800000000026,4.599600000000003,0.0,7.0,69.60000000000001,5.0,3.0,2.0,1.0,1.0,9.0,4.0,28.0,1.0,0.0,1.0,144.0,0.0,2.0,0.0,0
54692916,396.4430000000001,3.064300000000001,2.0,6.0,89.79,7.0,3.0,2.0,1.0,0.0,7.0,3.0,29.0,0.0,0.0,0.0,152.0,0.0,1.0,1.0,0
114337,310.4220000000001,3.9117000000000033,0.0,3.0,23.550000000000004,2.0,2.0,2.0,0.0,1.0,4.0,4.0,22.0,2.0,0.0,2.0,112.0,0.0,2.0,1.0,0
7250,121.183,1.88564,1.0,1.0,26.02,0.0,1.0,1.0,0.0,0.0,1.0,1.0,9.0,0.0,0.0,0.0,48.0,0.0,0.0,0.0,0
3245321,483.5720000000002,3.9201000000000032,1.0,7.0,73.55000000000001,7.0,4.0,2.0,2.0,1.0,8.0,6.0,36.0,2.0,0.0,2.0,184.0,0.0,4.0,1.0,0
652025,307.35300000000007,3.175200000000002,0.0,5.0,57.010000000000005,5.0,3.0,2.0,1.0,0.0,5.0,3.0,23.0,0.0,0.0,0.0,116.0,0.0,1.0,0.0,0
659611,417.56000000000006,3.377200000000002,0.0,8.0,80.46,5.0,3.0,1.0,2.0,0.0,9.0,3.0,28.0,0.0,0.0,0.0,148.0,0.0,2.0,1.0,0
975410,318.35000000000014,2.1144,0.0,5.0,69.67,4.0,2.0,2.0,0.0,0.0,6.0,3.0,22.0,1.0,0.0,1.0,114.0,0.0,1.0,0.0,0
663474,347.3710000000002,1.2337999999999998,2.0,6.0,92.89,5.0,2.0,1.0,1.0,1.0,8.0,3.0,25.0,1.0,0.0,1.0,134.0,0.0,2.0,1.0,0
3245134,314.4290000000001,2.44482,1.0,2.0,49.41,5.0,1.0,1.0,0.0,2.0,4.0,3.0,23.0,2.0,1.0,1.0,124.0,0.0,1.0,2.0,0
2967098,348.321,1.6554,1.0,4.0,75.71000000000001,3.0,0.0,0.0,0.0,1.0,9.0,2.0,24.0,2.0,1.0,1.0,134.0,0.0,1.0,2.0,0
702831,294.314,1.7386199999999998,1.0,5.0,76.88,3.0,3.0,1.0,2.0,0.0,6.0,3.0,22.0,0.0,0.0,0.0,110.0,0.0,2.0,1.0,0
2282389,216.288,2.3965000000000005,2.0,3.0,67.59,4.0,2.0,1.0,1.0,0.0,4.0,2.0,16.0,0.0,0.0,0.0,84.0,0.0,1.0,0.0,0
5307629,404.5360000000001,2.31504,1.0,5.0,84.30000000000001,5.0,2.0,1.0,1.0,1.0,8.0,3.0,28.0,1.0,0.0,1.0,152.0,0.0,2.0,1.0,0
782365,290.31700000000006,2.077,0.0,4.0,32.260000000000005,3.0,2.0,1.0,1.0,1.0,6.0,3.0,21.0,1.0,0.0,1.0,110.0,0.0,2.0,0.0,0
664082,442.4470000000003,2.4732000000000003,2.0,6.0,107.87999999999998,6.0,3.0,1.0,2.0,1.0,10.0,4.0,32.0,1.0,0.0,1.0,168.0,0.0,3.0,2.0,0
4987134,227.329,1.9596,1.0,4.0,42.35,6.0,1.0,0.0,1.0,0.0,4.0,1.0,15.0,0.0,0.0,0.0,84.0,0.0,1.0,0.0,0
2791626,212.205,0.60034,2.0,4.0,92.42,4.0,1.0,0.0,1.0,0.0,6.0,1.0,15.0,0.0,0.0,0.0,82.0,0.0,1.0,0.0,0
655876,331.41600000000017,2.613200000000001,2.0,3.0,70.67,3.0,1.0,1.0,0.0,2.0,6.0,3.0,24.0,2.0,1.0,1.0,130.0,0.0,1.0,3.0,0
127053718,431.3240000000002,1.4477,6.0,6.0,115.55,4.0,1.0,1.0,0.0,2.0,11.0,3.0,28.0,2.0,0.0,2.0,154.0,0.0,2.0,3.0,1
2367151,298.39200000000005,4.729800000000002,0.0,5.0,38.92,3.0,4.0,2.0,2.0,0.0,5.0,4.0,20.0,0.0,0.0,0.0,98.0,0.0,2.0,0.0,0
16758614,451.4260000000002,1.3241999999999996,3.0,7.0,128.53,3.0,1.0,1.0,0.0,3.0,11.0,4.0,32.0,3.0,2.0,1.0,172.0,0.0,1.0,3.0,0
5865,358.43400000000014,1.7658,2.0,5.0,91.67,2.0,0.0,0.0,0.0,3.0,5.0,4.0,26.0,4.0,4.0,0.0,140.0,0.0,0.0,0.0,0
3243225,435.47700000000026,1.5418999999999994,1.0,6.0,88.18,5.0,2.0,2.0,0.0,1.0,10.0,4.0,30.0,2.0,0.0,2.0,160.0,0.0,2.0,1.0,0
3239741,453.4950000000003,2.9770800000000017,1.0,8.0,124.11,3.0,1.0,1.0,0.0,1.0,9.0,4.0,33.0,3.0,1.0,2.0,174.0,0.0,2.0,1.0,0
1633306,215.208,2.0038,0.0,4.0,63.23,2.0,2.0,1.0,1.0,0.0,4.0,2.0,16.0,0.0,0.0,0.0,80.0,0.0,1.0,0.0,0
1923620,422.47000000000014,1.7191,3.0,7.0,145.99,5.0,4.0,2.0,2.0,0.0,10.0,4.0,30.0,0.0,0.0,0.0,152.0,0.0,2.0,1.0,0
650889,417.4870000000002,4.270800000000004,0.0,8.0,86.92000000000002,9.0,3.0,1.0,2.0,0.0,9.0,3.0,29.0,0.0,0.0,0.0,154.0,0.0,2.0,1.0,0
11972589,361.402,0.0382999999999994,4.0,9.0,125.55,4.0,2.0,0.0,2.0,3.0,9.0,5.0,26.0,3.0,2.0,1.0,140.0,0.0,3.0,0.0,0
1589729,408.46100000000007,2.4795,3.0,8.0,126.43,7.0,3.0,2.0,1.0,0.0,11.0,3.0,27.0,0.0,0.0,0.0,142.0,0.0,1.0,0.0,0
667130,280.31600000000003,2.3098,0.0,7.0,68.86,2.0,4.0,0.0,4.0,0.0,7.0,4.0,20.0,0.0,0.0,0.0,96.0,0.0,4.0,0.0,0
257095,313.3310000000001,0.6266999999999998,2.0,4.0,111.98,4.0,1.0,1.0,0.0,1.0,8.0,2.0,21.0,1.0,0.0,1.0,114.0,0.0,1.0,0.0,0
3240426,409.4420000000002,2.1636999999999995,2.0,6.0,98.66,8.0,3.0,2.0,1.0,0.0,8.0,3.0,30.0,0.0,0.0,0.0,156.0,0.0,1.0,2.0,0
3240384,365.45100000000014,2.4693200000000006,1.0,5.0,85.61,9.0,2.0,1.0,1.0,0.0,7.0,2.0,25.0,0.0,0.0,0.0,136.0,0.0,1.0,1.0,0
2564837,333.3910000000001,2.6149000000000004,0.0,4.0,55.2,2.0,3.0,2.0,1.0,0.0,5.0,4.0,25.0,1.0,0.0,1.0,126.0,0.0,2.0,1.0,0
7261,122.17100000000002,1.15942,2.0,2.0,52.04,0.0,1.0,1.0,0.0,0.0,2.0,1.0,9.0,0.0,0.0,0.0,48.0,0.0,0.0,0.0,0
666408,377.4440000000002,2.873560000000001,1.0,4.0,69.72,1.0,2.0,2.0,0.0,1.0,6.0,4.0,28.0,2.0,0.0,2.0,144.0,1.0,2.0,4.0,0
2967430,263.29299999999995,2.2549,1.0,4.0,64.63000000000001,3.0,1.0,1.0,0.0,0.0,5.0,2.0,19.0,1.0,0.0,1.0,102.0,0.0,1.0,1.0,0
3241083,349.48100000000005,3.107980000000002,1.0,5.0,63.47,4.0,3.0,1.0,2.0,0.0,7.0,3.0,23.0,0.0,0.0,0.0,122.0,0.0,2.0,0.0,0
766535,307.327,2.1941999999999995,2.0,4.0,92.7,5.0,2.0,2.0,0.0,0.0,7.0,2.0,21.0,0.0,0.0,0.0,110.0,0.0,0.0,0.0,0
54690401,324.34000000000003,2.1594,2.0,6.0,97.11,4.0,3.0,1.0,2.0,0.0,7.0,3.0,24.0,0.0,0.0,0.0,122.0,0.0,2.0,1.0,0
655053,367.87700000000007,3.1267000000000023,2.0,3.0,70.67,7.0,1.0,1.0,0.0,1.0,7.0,2.0,25.0,1.0,0.0,1.0,138.0,0.0,1.0,3.0,0
89536104,456.55400000000026,4.072020000000003,3.0,6.0,111.72,7.0,4.0,0.0,4.0,1.0,9.0,5.0,34.0,1.0,0.0,1.0,174.0,0.0,5.0,2.0,1
9158,252.316,5.640400000000003,0.0,0.0,0.0,0.0,4.0,4.0,0.0,0.0,0.0,5.0,20.0,1.0,1.0,0.0,92.0,0.0,0.0,0.0,0
652873,434.4960000000002,3.3597400000000013,2.0,5.0,104.54,9.0,3.0,1.0,2.0,0.0,8.0,3.0,32.0,0.0,0.0,0.0,166.0,0.0,2.0,3.0,0
3240033,253.302,1.34732,2.0,3.0,78.19,2.0,1.0,0.0,1.0,1.0,6.0,2.0,18.0,1.0,0.0,1.0,100.0,0.0,2.0,1.0,0
135454601,139.154,1.20107,2.0,3.0,61.15,1.0,0.0,0.0,0.0,0.0,3.0,1.0,10.0,1.0,1.0,0.0,54.0,0.0,0.0,0.0,0
1830536,368.4410000000001,1.9583,1.0,8.0,77.33,7.0,3.0,1.0,2.0,1.0,8.0,4.0,27.0,1.0,0.0,1.0,142.0,0.0,3.0,0.0,0
3245529,300.336,0.4847999999999995,2.0,5.0,101.57,5.0,1.0,1.0,0.0,0.0,8.0,1.0,20.0,0.0,0.0,0.0,110.0,0.0,0.0,1.0,0
866866,345.83300000000025,2.402400000000001,0.0,7.0,68.46000000000001,4.0,2.0,0.0,2.0,1.0,9.0,3.0,21.0,1.0,0.0,1.0,112.0,0.0,3.0,1.0,0
3245079,357.43900000000014,1.96354,2.0,6.0,96.43,5.0,3.0,1.0,2.0,0.0,8.0,3.0,25.0,0.0,0.0,0.0,130.0,0.0,2.0,0.0,0
652444,475.5490000000003,3.9300200000000025,2.0,6.0,117.43,9.0,3.0,1.0,2.0,1.0,9.0,4.0,35.0,1.0,1.0,0.0,182.0,0.0,2.0,3.0,0
2961970,332.3630000000001,3.5047200000000016,2.0,5.0,100.86,2.0,3.0,1.0,2.0,0.0,6.0,4.0,25.0,1.0,0.0,1.0,124.0,0.0,3.0,0.0,0
16758155,358.39000000000004,2.5327000000000006,1.0,6.0,85.97000000000001,1.0,1.0,0.0,1.0,3.0,6.0,6.0,26.0,5.0,2.0,3.0,138.0,0.0,4.0,0.0,0
3239002,371.43300000000016,3.818220000000003,1.0,5.0,77.62,5.0,2.0,1.0,1.0,0.0,6.0,3.0,27.0,1.0,1.0,0.0,144.0,0.0,1.0,0.0,0
